RunDate,ForecastDate,LeadDays,Window,GFS,ECE,GEFS,BLEND,Actual
2024-07-01,2024-07-02,1,1-5d,9.785,8.497,9.461,9.671,9.798
2024-07-01,2024-07-03,2,1-5d,10.103,9.075,9.742,10.031,9.966
2024-07-01,2024-07-04,3,1-5d,10.302,9.175,9.838,10.047,10.133
2024-07-01,2024-07-05,4,1-5d,10.676,9.179,10.131,10.107,9.933
2024-07-01,2024-07-06,5,1-5d,10.604,8.903,9.960,9.951,9.499
2024-07-01,2024-07-07,6,6-10d,10.784,9.306,10.029,10.055,9.656
2024-07-01,2024-07-08,7,6-10d,10.289,9.365,10.359,10.156,9.301
2024-07-01,2024-07-09,8,6-10d,9.373,9.079,10.758,9.863,9.473
2024-07-01,2024-07-10,9,6-10d,9.686,9.215,10.822,10.056,9.383
2024-07-01,2024-07-11,10,6-10d,9.634,9.680,10.531,10.344,9.169
2024-07-01,2024-07-12,11,11-15d,10.340,9.835,10.253,10.420,9.207
2024-07-01,2024-07-13,12,11-15d,11.428,9.777,10.564,10.702,10.412
2024-07-01,2024-07-14,13,11-15d,11.529,9.900,10.772,10.858,11.261
2024-07-01,2024-07-15,14,11-15d,11.851,9.935,11.001,10.972,11.896
2024-07-01,2024-07-16,15,11-15d,11.633,,10.933,11.244,11.338
2024-07-02,2024-07-03,1,1-5d,9.802,9.157,9.316,10.065,9.966
2024-07-02,2024-07-04,2,1-5d,9.828,9.305,9.540,10.070,10.133
2024-07-02,2024-07-05,3,1-5d,9.870,9.059,9.555,9.834,9.933
2024-07-02,2024-07-06,4,1-5d,9.473,8.524,9.153,9.285,9.499
2024-07-02,2024-07-07,5,1-5d,9.133,8.695,9.410,9.376,9.656
2024-07-02,2024-07-08,6,6-10d,8.046,8.716,9.369,9.333,9.301
2024-07-02,2024-07-09,7,6-10d,8.291,8.459,9.441,9.084,9.473
2024-07-02,2024-07-10,8,6-10d,8.824,8.495,9.557,9.192,9.383
2024-07-02,2024-07-11,9,6-10d,9.031,8.562,9.832,9.352,9.169
2024-07-02,2024-07-12,10,6-10d,9.537,8.793,10.151,9.702,9.207
2024-07-02,2024-07-13,11,11-15d,10.210,9.013,10.375,10.080,10.412
2024-07-02,2024-07-14,12,11-15d,10.361,9.172,10.528,10.204,11.261
2024-07-02,2024-07-15,13,11-15d,11.277,9.479,10.699,10.575,11.896
2024-07-02,2024-07-16,14,11-15d,11.898,9.679,10.466,10.649,11.338
2024-07-02,2024-07-17,15,11-15d,11.623,,10.371,10.709,9.486
2024-07-03,2024-07-04,1,1-5d,10.136,9.155,9.684,10.199,10.133
2024-07-03,2024-07-05,2,1-5d,9.687,8.883,9.586,9.788,9.933
2024-07-03,2024-07-06,3,1-5d,9.140,8.433,9.243,9.250,9.499
2024-07-03,2024-07-07,4,1-5d,8.942,8.651,9.353,9.371,9.656
2024-07-03,2024-07-08,5,1-5d,8.758,9.006,9.445,9.474,9.301
2024-07-03,2024-07-09,6,6-10d,8.297,8.517,9.227,9.177,9.473
2024-07-03,2024-07-10,7,6-10d,7.771,8.176,9.141,8.762,9.383
2024-07-03,2024-07-11,8,6-10d,8.702,7.953,9.353,8.764,9.169
2024-07-03,2024-07-12,9,6-10d,9.252,8.227,9.757,9.084,9.207
2024-07-03,2024-07-13,10,6-10d,10.579,8.366,10.197,9.614,10.412
2024-07-03,2024-07-14,11,11-15d,11.483,8.822,10.402,10.196,11.261
2024-07-03,2024-07-15,12,11-15d,10.747,9.356,10.640,10.403,11.896
2024-07-03,2024-07-16,13,11-15d,9.304,9.632,10.795,10.286,11.338
2024-07-03,2024-07-17,14,11-15d,9.368,9.572,10.807,10.456,9.486
2024-07-03,2024-07-18,15,11-15d,9.832,,10.846,11.071,8.082
2024-07-04,2024-07-05,1,1-5d,9.860,8.739,9.631,9.851,9.933
2024-07-04,2024-07-06,2,1-5d,8.804,8.331,9.186,9.176,9.499
2024-07-04,2024-07-07,3,1-5d,8.537,8.571,8.942,9.152,9.656
2024-07-04,2024-07-08,4,1-5d,8.627,8.754,8.907,9.240,9.301
2024-07-04,2024-07-09,5,1-5d,8.856,8.135,9.000,8.909,9.473
2024-07-04,2024-07-10,6,6-10d,8.013,8.009,8.940,8.757,9.383
2024-07-04,2024-07-11,7,6-10d,8.372,8.072,8.977,8.752,9.169
2024-07-04,2024-07-12,8,6-10d,8.539,8.201,9.157,8.883,9.207
2024-07-04,2024-07-13,9,6-10d,9.789,8.484,9.532,9.283,10.412
2024-07-04,2024-07-14,10,6-10d,11.408,8.820,10.006,9.963,11.261
2024-07-04,2024-07-15,11,11-15d,12.063,9.414,10.356,10.531,11.896
2024-07-04,2024-07-16,12,11-15d,12.143,9.653,10.616,10.807,11.338
2024-07-04,2024-07-17,13,11-15d,11.061,9.582,10.633,10.564,9.486
2024-07-04,2024-07-18,14,11-15d,9.974,9.589,10.514,10.424,8.082
2024-07-04,2024-07-19,15,11-15d,9.980,,10.502,10.751,7.744
2024-07-05,2024-07-06,1,1-5d,8.970,8.290,9.124,9.244,9.499
2024-07-05,2024-07-07,2,1-5d,9.435,8.477,9.050,9.401,9.656
2024-07-05,2024-07-08,3,1-5d,8.782,8.532,8.784,9.146,9.301
2024-07-05,2024-07-09,4,1-5d,8.088,8.065,8.442,8.645,9.473
2024-07-05,2024-07-10,5,1-5d,8.999,7.877,8.607,8.731,9.383
2024-07-05,2024-07-11,6,6-10d,9.267,7.783,9.142,8.755,9.169
2024-07-05,2024-07-12,7,6-10d,10.456,8.066,9.398,9.145,9.207
2024-07-05,2024-07-13,8,6-10d,11.290,8.729,9.949,9.784,10.412
2024-07-05,2024-07-14,9,6-10d,12.256,9.447,10.554,10.330,11.261
2024-07-05,2024-07-15,10,6-10d,12.364,9.951,10.755,10.972,11.896
2024-07-05,2024-07-16,11,11-15d,12.014,10.208,10.910,11.102,11.338
2024-07-05,2024-07-17,12,11-15d,12.271,10.216,10.886,11.181,9.486
2024-07-05,2024-07-18,13,11-15d,11.856,9.920,10.940,10.984,8.082
2024-07-05,2024-07-19,14,11-15d,11.124,9.822,10.940,10.816,7.744
2024-07-05,2024-07-20,15,11-15d,11.559,,11.015,11.318,8.400
2024-07-06,2024-07-07,1,1-5d,9.809,8.496,9.453,9.678,9.656
2024-07-06,2024-07-08,2,1-5d,9.114,8.464,9.139,9.327,9.301
2024-07-06,2024-07-09,3,1-5d,7.911,8.011,8.412,8.585,9.473
2024-07-06,2024-07-10,4,1-5d,8.467,7.747,8.579,8.556,9.383
2024-07-06,2024-07-11,5,1-5d,8.057,7.759,8.968,8.479,9.169
2024-07-06,2024-07-12,6,6-10d,9.535,8.207,9.824,9.261,9.207
2024-07-06,2024-07-13,7,6-10d,11.245,9.021,10.746,10.153,10.412
2024-07-06,2024-07-14,8,6-10d,11.956,9.804,11.365,10.849,11.261
2024-07-06,2024-07-15,9,6-10d,12.671,10.281,11.424,11.148,11.896
2024-07-06,2024-07-16,10,6-10d,12.504,10.262,11.359,11.331,11.338
2024-07-06,2024-07-17,11,11-15d,9.771,9.709,11.309,10.701,9.486
2024-07-06,2024-07-18,12,11-15d,8.932,9.363,11.112,10.208,8.082
2024-07-06,2024-07-19,13,11-15d,9.426,9.292,10.990,10.199,7.744
2024-07-06,2024-07-20,14,11-15d,10.089,9.360,11.062,10.501,8.400
2024-07-06,2024-07-21,15,11-15d,10.878,,11.256,11.513,7.840
2024-07-07,2024-07-08,1,1-5d,8.857,8.138,8.888,9.102,9.301
2024-07-07,2024-07-09,2,1-5d,9.517,8.387,8.918,9.348,9.473
2024-07-07,2024-07-10,3,1-5d,9.258,8.082,8.972,9.009,9.383
2024-07-07,2024-07-11,4,1-5d,9.338,8.362,9.186,9.194,9.169
2024-07-07,2024-07-12,5,1-5d,9.805,8.806,9.873,9.680,9.207
2024-07-07,2024-07-13,6,6-10d,11.550,9.700,10.749,10.582,10.412
2024-07-07,2024-07-14,7,6-10d,12.124,10.506,11.365,11.374,11.261
2024-07-07,2024-07-15,8,6-10d,12.766,10.754,11.835,11.706,11.896
2024-07-07,2024-07-16,9,6-10d,13.333,10.188,11.857,11.172,11.338
2024-07-07,2024-07-17,10,6-10d,11.162,9.513,11.199,10.640,9.486
2024-07-07,2024-07-18,11,11-15d,9.937,8.973,10.636,10.125,8.082
2024-07-07,2024-07-19,12,11-15d,9.051,8.819,10.495,9.771,7.744
2024-07-07,2024-07-20,13,11-15d,10.129,9.020,10.691,10.114,8.400
2024-07-07,2024-07-21,14,11-15d,10.378,9.199,11.149,10.472,7.840
2024-07-07,2024-07-22,15,11-15d,10.831,,11.122,11.383,7.073
2024-07-08,2024-07-09,1,1-5d,9.401,8.203,8.908,9.332,9.473
2024-07-08,2024-07-10,2,1-5d,9.069,7.955,8.807,8.960,9.383
2024-07-08,2024-07-11,3,1-5d,9.478,8.218,9.321,9.204,9.169
2024-07-08,2024-07-12,4,1-5d,10.398,8.542,10.070,9.708,9.207
2024-07-08,2024-07-13,5,1-5d,10.876,9.325,10.925,10.417,10.412
2024-07-08,2024-07-14,6,6-10d,12.268,10.198,11.614,11.219,11.261
2024-07-08,2024-07-15,7,6-10d,12.762,10.609,11.730,11.610,11.896
2024-07-08,2024-07-16,8,6-10d,12.376,10.044,11.361,11.080,11.338
2024-07-08,2024-07-17,9,6-10d,11.673,9.032,10.595,9.975,9.486
2024-07-08,2024-07-18,10,6-10d,11.778,8.473,10.445,9.920,8.082
2024-07-08,2024-07-19,11,11-15d,11.924,8.371,10.668,10.165,7.744
2024-07-08,2024-07-20,12,11-15d,11.318,8.492,11.112,10.294,8.400
2024-07-08,2024-07-21,13,11-15d,10.296,8.826,11.267,10.223,7.840
2024-07-08,2024-07-22,14,11-15d,9.858,9.234,11.184,10.452,7.073
2024-07-08,2024-07-23,15,11-15d,9.904,,11.122,11.337,7.720
2024-07-09,2024-07-10,1,1-5d,9.591,8.438,9.282,9.558,9.383
2024-07-09,2024-07-11,2,1-5d,9.667,8.307,9.377,9.406,9.169
2024-07-09,2024-07-12,3,1-5d,9.850,8.477,9.782,9.526,9.207
2024-07-09,2024-07-13,4,1-5d,11.622,9.531,10.701,10.595,10.412
2024-07-09,2024-07-14,5,1-5d,12.611,10.544,11.662,11.692,11.261
2024-07-09,2024-07-15,6,6-10d,12.568,11.031,11.784,11.793,11.896
2024-07-09,2024-07-16,7,6-10d,11.464,10.697,11.278,11.382,11.338
2024-07-09,2024-07-17,8,6-10d,12.262,9.675,10.773,10.716,9.486
2024-07-09,2024-07-18,9,6-10d,11.546,8.786,10.432,9.747,8.082
2024-07-09,2024-07-19,10,6-10d,9.814,8.482,10.797,9.719,7.744
2024-07-09,2024-07-20,11,11-15d,10.101,8.880,11.016,10.260,8.400
2024-07-09,2024-07-21,12,11-15d,10.446,9.284,11.266,10.530,7.840
2024-07-09,2024-07-22,13,11-15d,12.245,9.708,11.229,11.043,7.073
2024-07-09,2024-07-23,14,11-15d,12.443,10.015,11.330,11.191,7.720
2024-07-09,2024-07-24,15,11-15d,12.468,,11.508,11.832,7.787
2024-07-10,2024-07-11,1,1-5d,9.268,8.178,8.883,9.269,9.169
2024-07-10,2024-07-12,2,1-5d,9.870,8.267,9.039,9.383,9.207
2024-07-10,2024-07-13,3,1-5d,11.254,9.299,10.543,10.452,10.412
2024-07-10,2024-07-14,4,1-5d,12.023,10.413,11.156,11.280,11.261
2024-07-10,2024-07-15,5,1-5d,12.754,10.974,11.569,11.972,11.896
2024-07-10,2024-07-16,6,6-10d,12.365,10.878,11.267,11.511,11.338
2024-07-10,2024-07-17,7,6-10d,10.819,9.704,10.402,10.465,9.486
2024-07-10,2024-07-18,8,6-10d,9.959,8.388,9.738,9.314,8.082
2024-07-10,2024-07-19,9,6-10d,8.884,7.678,9.617,8.605,7.744
2024-07-10,2024-07-20,10,6-10d,8.738,7.676,9.931,8.857,8.400
2024-07-10,2024-07-21,11,11-15d,8.771,8.064,10.321,9.415,7.840
2024-07-10,2024-07-22,12,11-15d,10.010,8.630,10.710,9.953,7.073
2024-07-10,2024-07-23,13,11-15d,11.673,9.122,11.072,10.588,7.720
2024-07-10,2024-07-24,14,11-15d,12.669,9.444,11.423,10.932,7.787
2024-07-10,2024-07-25,15,11-15d,12.968,,11.507,11.856,7.546
2024-07-11,2024-07-12,1,1-5d,9.471,8.231,9.124,9.384,9.207
2024-07-11,2024-07-13,2,1-5d,11.375,9.268,10.611,10.595,10.412
2024-07-11,2024-07-14,3,1-5d,12.229,10.596,11.352,11.587,11.261
2024-07-11,2024-07-15,4,1-5d,12.653,11.100,11.718,11.917,11.896
2024-07-11,2024-07-16,5,1-5d,12.617,11.053,11.383,11.957,11.338
2024-07-11,2024-07-17,6,6-10d,9.986,9.776,10.274,10.383,9.486
2024-07-11,2024-07-18,7,6-10d,9.671,8.157,9.418,9.090,8.082
2024-07-11,2024-07-19,8,6-10d,10.132,7.300,9.203,8.498,7.744
2024-07-11,2024-07-20,9,6-10d,9.988,7.308,9.207,8.303,8.400
2024-07-11,2024-07-21,10,6-10d,10.195,7.842,9.498,9.067,7.840
2024-07-11,2024-07-22,11,11-15d,11.491,8.361,9.927,9.799,7.073
2024-07-11,2024-07-23,12,11-15d,12.771,8.974,10.273,10.507,7.720
2024-07-11,2024-07-24,13,11-15d,13.653,9.383,10.368,10.903,7.787
2024-07-11,2024-07-25,14,11-15d,12.313,9.690,10.633,10.755,7.546
2024-07-11,2024-07-26,15,11-15d,11.504,,11.061,11.359,7.522
2024-07-12,2024-07-13,1,1-5d,10.925,9.039,10.398,10.442,10.412
2024-07-12,2024-07-14,2,1-5d,12.100,10.154,11.197,11.396,11.261
2024-07-12,2024-07-15,3,1-5d,12.787,10.774,11.596,11.855,11.896
2024-07-12,2024-07-16,4,1-5d,11.757,10.613,11.021,11.316,11.338
2024-07-12,2024-07-17,5,1-5d,9.564,9.072,9.371,9.704,9.486
2024-07-12,2024-07-18,6,6-10d,8.505,7.374,8.564,8.269,8.082
2024-07-12,2024-07-19,7,6-10d,9.012,6.793,8.606,7.942,7.744
2024-07-12,2024-07-20,8,6-10d,10.596,6.949,8.700,8.247,8.400
2024-07-12,2024-07-21,9,6-10d,10.600,7.278,9.081,8.291,7.840
2024-07-12,2024-07-22,10,6-10d,10.272,7.712,9.297,8.950,7.073
2024-07-12,2024-07-23,11,11-15d,8.890,8.234,9.541,9.198,7.720
2024-07-12,2024-07-24,12,11-15d,9.755,8.734,9.608,9.564,7.787
2024-07-12,2024-07-25,13,11-15d,10.982,8.863,9.635,9.889,7.546
2024-07-12,2024-07-26,14,11-15d,11.276,8.992,9.865,9.999,7.522
2024-07-12,2024-07-27,15,11-15d,10.717,,10.145,10.449,7.908
2024-07-13,2024-07-14,1,1-5d,11.724,10.075,10.971,11.372,11.261
2024-07-13,2024-07-15,2,1-5d,12.459,10.521,11.665,11.776,11.896
2024-07-13,2024-07-16,3,1-5d,12.193,10.399,11.154,11.422,11.338
2024-07-13,2024-07-17,4,1-5d,10.476,9.094,9.827,9.934,9.486
2024-07-13,2024-07-18,5,1-5d,8.644,7.219,8.193,8.185,8.082
2024-07-13,2024-07-19,6,6-10d,7.133,6.563,7.779,7.439,7.744
2024-07-13,2024-07-20,7,6-10d,8.105,6.746,7.837,7.622,8.400
2024-07-13,2024-07-21,8,6-10d,8.475,7.112,8.091,7.952,7.840
2024-07-13,2024-07-22,9,6-10d,9.671,7.600,8.502,8.415,7.073
2024-07-13,2024-07-23,10,6-10d,9.350,8.028,8.870,8.895,7.720
2024-07-13,2024-07-24,11,11-15d,8.828,8.381,9.172,9.107,7.787
2024-07-13,2024-07-25,12,11-15d,10.335,8.409,9.476,9.487,7.546
2024-07-13,2024-07-26,13,11-15d,11.129,8.410,9.611,9.685,7.522
2024-07-13,2024-07-27,14,11-15d,11.746,8.715,9.555,9.785,7.908
2024-07-13,2024-07-28,15,11-15d,12.758,,9.887,10.306,8.320
2024-07-14,2024-07-15,1,1-5d,12.271,10.615,11.865,11.932,11.896
2024-07-14,2024-07-16,2,1-5d,11.720,10.133,11.237,11.294,11.338
2024-07-14,2024-07-17,3,1-5d,10.114,9.075,9.947,9.971,9.486
2024-07-14,2024-07-18,4,1-5d,8.543,7.116,8.406,8.156,8.082
2024-07-14,2024-07-19,5,1-5d,8.016,6.547,7.742,7.557,7.744
2024-07-14,2024-07-20,6,6-10d,8.156,6.657,7.924,7.597,8.400
2024-07-14,2024-07-21,7,6-10d,7.643,6.825,8.077,7.652,7.840
2024-07-14,2024-07-22,8,6-10d,8.440,7.255,8.355,8.086,7.073
2024-07-14,2024-07-23,9,6-10d,9.174,7.644,8.996,8.500,7.720
2024-07-14,2024-07-24,10,6-10d,9.162,7.772,9.263,8.811,7.787
2024-07-14,2024-07-25,11,11-15d,9.839,7.799,9.328,9.059,7.546
2024-07-14,2024-07-26,12,11-15d,8.942,8.184,9.614,9.156,7.522
2024-07-14,2024-07-27,13,11-15d,9.012,8.635,9.835,9.441,7.908
2024-07-14,2024-07-28,14,11-15d,8.745,8.838,9.991,9.705,8.320
2024-07-14,2024-07-29,15,11-15d,9.232,,10.400,10.617,8.926
2024-07-15,2024-07-16,1,1-5d,11.753,10.200,11.441,11.480,11.338
2024-07-15,2024-07-17,2,1-5d,10.151,9.054,9.940,10.060,9.486
2024-07-15,2024-07-18,3,1-5d,8.265,7.150,8.276,8.112,8.082
2024-07-15,2024-07-19,4,1-5d,7.703,6.684,8.017,7.698,7.744
2024-07-15,2024-07-20,5,1-5d,8.353,6.762,8.051,7.817,8.400
2024-07-15,2024-07-21,6,6-10d,7.910,6.710,7.867,7.597,7.840
2024-07-15,2024-07-22,7,6-10d,7.548,6.666,7.530,7.425,7.073
2024-07-15,2024-07-23,8,6-10d,8.215,7.156,8.163,7.954,7.720
2024-07-15,2024-07-24,9,6-10d,7.503,7.357,8.407,8.098,7.787
2024-07-15,2024-07-25,10,6-10d,7.007,7.364,8.394,8.026,7.546
2024-07-15,2024-07-26,11,11-15d,7.866,7.445,8.620,8.321,7.522
2024-07-15,2024-07-27,12,11-15d,8.574,7.857,9.062,8.742,7.908
2024-07-15,2024-07-28,13,11-15d,10.219,8.489,9.662,9.558,8.320
2024-07-15,2024-07-29,14,11-15d,10.712,8.934,10.358,10.083,8.926
2024-07-15,2024-07-30,15,11-15d,10.611,,10.647,10.921,10.005
2024-07-16,2024-07-17,1,1-5d,10.207,8.758,9.748,9.989,9.486
2024-07-16,2024-07-18,2,1-5d,8.253,7.090,8.443,8.183,8.082
2024-07-16,2024-07-19,3,1-5d,8.171,6.604,7.998,7.710,7.744
2024-07-16,2024-07-20,4,1-5d,8.711,6.909,8.083,7.946,8.400
2024-07-16,2024-07-21,5,1-5d,7.237,6.811,7.955,7.553,7.840
2024-07-16,2024-07-22,6,6-10d,6.421,6.524,7.761,7.374,7.073
2024-07-16,2024-07-23,7,6-10d,6.769,6.703,8.046,7.435,7.720
2024-07-16,2024-07-24,8,6-10d,7.283,6.947,8.331,7.693,7.787
2024-07-16,2024-07-25,9,6-10d,8.258,7.171,8.692,8.030,7.546
2024-07-16,2024-07-26,10,6-10d,8.759,7.479,8.806,8.461,7.522
2024-07-16,2024-07-27,11,11-15d,9.751,7.743,9.421,9.058,7.908
2024-07-16,2024-07-28,12,11-15d,10.973,8.090,9.946,9.636,8.320
2024-07-16,2024-07-29,13,11-15d,12.292,8.496,10.267,10.157,8.926
2024-07-16,2024-07-30,14,11-15d,12.248,8.812,10.700,10.289,10.005
2024-07-16,2024-07-31,15,11-15d,12.223,,10.918,11.259,10.985
2024-07-17,2024-07-18,1,1-5d,8.876,6.823,8.401,8.295,8.082
2024-07-17,2024-07-19,2,1-5d,8.113,6.586,7.950,7.771,7.744
2024-07-17,2024-07-20,3,1-5d,8.514,6.886,8.250,7.998,8.400
2024-07-17,2024-07-21,4,1-5d,8.524,6.775,7.959,7.810,7.840
2024-07-17,2024-07-22,5,1-5d,7.637,6.614,7.764,7.506,7.073
2024-07-17,2024-07-23,6,6-10d,6.948,6.922,7.872,7.678,7.720
2024-07-17,2024-07-24,7,6-10d,7.351,7.142,8.198,7.838,7.787
2024-07-17,2024-07-25,8,6-10d,7.701,7.333,8.095,7.991,7.546
2024-07-17,2024-07-26,9,6-10d,7.662,7.524,8.291,8.222,7.522
2024-07-17,2024-07-27,10,6-10d,8.708,7.850,8.755,8.663,7.908
2024-07-17,2024-07-28,11,11-15d,9.461,8.104,9.477,9.199,8.320
2024-07-17,2024-07-29,12,11-15d,11.323,8.315,10.109,9.864,8.926
2024-07-17,2024-07-30,13,11-15d,12.104,8.400,10.281,10.076,10.005
2024-07-17,2024-07-31,14,11-15d,10.777,8.579,10.181,9.832,10.985
2024-07-17,2024-08-01,15,11-15d,11.067,,10.274,10.589,12.070
2024-07-18,2024-07-19,1,1-5d,8.120,6.532,7.952,7.833,7.744
2024-07-18,2024-07-20,2,1-5d,8.611,6.794,7.983,8.026,8.400
2024-07-18,2024-07-21,3,1-5d,8.299,6.497,7.807,7.633,7.840
2024-07-18,2024-07-22,4,1-5d,7.580,6.431,7.401,7.331,7.073
2024-07-18,2024-07-23,5,1-5d,7.196,6.625,7.652,7.386,7.720
2024-07-18,2024-07-24,6,6-10d,6.685,6.707,7.964,7.568,7.787
2024-07-18,2024-07-25,7,6-10d,6.607,6.696,8.044,7.406,7.546
2024-07-18,2024-07-26,8,6-10d,6.033,6.914,8.096,7.447,7.522
2024-07-18,2024-07-27,9,6-10d,6.219,7.343,8.629,8.056,7.908
2024-07-18,2024-07-28,10,6-10d,7.091,8.141,9.190,8.704,8.320
2024-07-18,2024-07-29,11,11-15d,9.253,8.758,10.078,9.703,8.926
2024-07-18,2024-07-30,12,11-15d,10.874,8.900,10.729,10.254,10.005
2024-07-18,2024-07-31,13,11-15d,12.242,8.660,10.883,10.414,10.985
2024-07-18,2024-08-01,14,11-15d,12.327,8.512,10.916,10.208,12.070
2024-07-18,2024-08-02,15,11-15d,12.050,,10.888,11.222,10.998
2024-07-19,2024-07-20,1,1-5d,8.073,6.708,7.721,7.911,8.400
2024-07-19,2024-07-21,2,1-5d,8.415,6.861,8.038,8.025,7.840
2024-07-19,2024-07-22,3,1-5d,7.738,6.721,7.517,7.597,7.073
2024-07-19,2024-07-23,4,1-5d,7.486,6.860,7.749,7.679,7.720
2024-07-19,2024-07-24,5,1-5d,7.475,6.711,7.895,7.543,7.787
2024-07-19,2024-07-25,6,6-10d,6.944,6.796,7.963,7.634,7.546
2024-07-19,2024-07-26,7,6-10d,7.195,6.905,8.141,7.649,7.522
2024-07-19,2024-07-27,8,6-10d,7.588,7.262,8.672,8.011,7.908
2024-07-19,2024-07-28,9,6-10d,8.359,8.062,9.505,8.870,8.320
2024-07-19,2024-07-29,10,6-10d,8.951,8.796,10.278,9.648,8.926
2024-07-19,2024-07-30,11,11-15d,10.136,9.034,10.800,10.248,10.005
2024-07-19,2024-07-31,12,11-15d,10.240,8.948,10.805,10.176,10.985
2024-07-19,2024-08-01,13,11-15d,10.601,8.936,10.693,10.167,12.070
2024-07-19,2024-08-02,14,11-15d,10.591,9.204,10.515,10.274,10.998
2024-07-19,2024-08-03,15,11-15d,9.446,,10.527,10.748,10.991
2024-07-20,2024-07-21,1,1-5d,8.291,6.612,7.979,7.943,7.840
2024-07-20,2024-07-22,2,1-5d,7.240,6.457,7.553,7.416,7.073
2024-07-20,2024-07-23,3,1-5d,7.806,6.921,8.009,7.829,7.720
2024-07-20,2024-07-24,4,1-5d,7.463,6.934,7.942,7.785,7.787
2024-07-20,2024-07-25,5,1-5d,7.510,6.428,7.936,7.388,7.546
2024-07-20,2024-07-26,6,6-10d,8.545,6.548,8.425,7.727,7.522
2024-07-20,2024-07-27,7,6-10d,9.881,7.196,9.004,8.414,7.908
2024-07-20,2024-07-28,8,6-10d,11.227,8.184,9.735,9.361,8.320
2024-07-20,2024-07-29,9,6-10d,12.609,8.893,10.665,9.921,8.926
2024-07-20,2024-07-30,10,6-10d,12.275,9.286,11.190,10.668,10.005
2024-07-20,2024-07-31,11,11-15d,11.942,9.410,10.993,10.765,10.985
2024-07-20,2024-08-01,12,11-15d,12.857,9.521,11.012,11.029,12.070
2024-07-20,2024-08-02,13,11-15d,13.837,9.656,10.986,11.262,10.998
2024-07-20,2024-08-03,14,11-15d,12.854,9.774,11.094,11.017,10.991
2024-07-20,2024-08-04,15,11-15d,11.341,,11.017,11.309,9.961
2024-07-21,2024-07-22,1,1-5d,7.234,5.961,7.222,7.144,7.073
2024-07-21,2024-07-23,2,1-5d,7.297,6.764,7.467,7.602,7.720
2024-07-21,2024-07-24,3,1-5d,6.604,6.842,7.248,7.389,7.787
2024-07-21,2024-07-25,4,1-5d,6.681,6.292,7.032,7.035,7.546
2024-07-21,2024-07-26,5,1-5d,7.663,6.324,7.421,7.287,7.522
2024-07-21,2024-07-27,6,6-10d,8.519,6.837,8.191,7.817,7.908
2024-07-21,2024-07-28,7,6-10d,9.644,7.890,9.302,8.889,8.320
2024-07-21,2024-07-29,8,6-10d,11.073,8.666,10.097,9.730,8.926
2024-07-21,2024-07-30,9,6-10d,12.355,8.953,10.457,9.925,10.005
2024-07-21,2024-07-31,10,6-10d,12.944,9.075,10.274,10.413,10.985
2024-07-21,2024-08-01,11,11-15d,14.371,9.245,10.259,10.762,12.070
2024-07-21,2024-08-02,12,11-15d,15.013,9.428,10.410,11.208,10.998
2024-07-21,2024-08-03,13,11-15d,15.165,9.402,10.714,11.319,10.991
2024-07-21,2024-08-04,14,11-15d,15.626,9.450,10.855,11.032,9.961
2024-07-21,2024-08-05,15,11-15d,14.810,,11.166,11.624,10.921
2024-07-22,2024-07-23,1,1-5d,7.601,6.595,7.574,7.671,7.720
2024-07-22,2024-07-24,2,1-5d,7.647,6.829,7.519,7.736,7.787
2024-07-22,2024-07-25,3,1-5d,7.154,6.586,7.368,7.370,7.546
2024-07-22,2024-07-26,4,1-5d,7.280,6.307,7.226,7.171,7.522
2024-07-22,2024-07-27,5,1-5d,8.187,6.520,7.876,7.604,7.908
2024-07-22,2024-07-28,6,6-10d,9.515,7.394,8.811,8.418,8.320
2024-07-22,2024-07-29,7,6-10d,10.865,8.306,9.871,9.457,8.926
2024-07-22,2024-07-30,8,6-10d,12.375,8.747,10.646,10.064,10.005
2024-07-22,2024-07-31,9,6-10d,12.467,9.077,11.286,10.154,10.985
2024-07-22,2024-08-01,10,6-10d,12.656,9.426,11.756,10.951,12.070
2024-07-22,2024-08-02,11,11-15d,12.239,9.783,12.177,11.451,10.998
2024-07-22,2024-08-03,12,11-15d,11.903,9.861,12.373,11.468,10.991
2024-07-22,2024-08-04,13,11-15d,12.173,9.818,12.347,11.419,9.961
2024-07-22,2024-08-05,14,11-15d,13.183,10.001,11.889,11.453,10.921
2024-07-22,2024-08-06,15,11-15d,12.747,,11.673,12.002,10.300
2024-07-23,2024-07-24,1,1-5d,7.189,6.404,7.224,7.394,7.787
2024-07-23,2024-07-25,2,1-5d,7.135,6.418,6.933,7.273,7.546
2024-07-23,2024-07-26,3,1-5d,6.923,6.324,7.124,7.117,7.522
2024-07-23,2024-07-27,4,1-5d,7.826,6.576,7.685,7.535,7.908
2024-07-23,2024-07-28,5,1-5d,9.409,7.345,8.708,8.529,8.320
2024-07-23,2024-07-29,6,6-10d,11.155,8.271,9.813,9.377,8.926
2024-07-23,2024-07-30,7,6-10d,12.085,8.899,10.582,10.167,10.005
2024-07-23,2024-07-31,8,6-10d,12.719,9.412,11.485,10.707,10.985
2024-07-23,2024-08-01,9,6-10d,12.860,9.864,11.995,10.910,12.070
2024-07-23,2024-08-02,10,6-10d,12.582,10.088,11.929,11.380,10.998
2024-07-23,2024-08-03,11,11-15d,12.209,10.154,11.681,11.415,10.991
2024-07-23,2024-08-04,12,11-15d,12.648,10.234,11.622,11.522,9.961
2024-07-23,2024-08-05,13,11-15d,12.515,10.421,11.756,11.611,10.921
2024-07-23,2024-08-06,14,11-15d,12.044,10.579,11.751,11.608,10.300
2024-07-23,2024-08-07,15,11-15d,11.765,,11.593,11.877,9.278
2024-07-24,2024-07-25,1,1-5d,6.670,6.297,6.723,7.123,7.546
2024-07-24,2024-07-26,2,1-5d,6.676,6.156,6.623,6.955,7.522
2024-07-24,2024-07-27,3,1-5d,7.024,6.404,7.217,7.204,7.908
2024-07-24,2024-07-28,4,1-5d,8.291,7.217,7.931,8.020,8.320
2024-07-24,2024-07-29,5,1-5d,9.571,7.997,9.221,9.038,8.926
2024-07-24,2024-07-30,6,6-10d,10.774,8.486,10.285,9.652,10.005
2024-07-24,2024-07-31,7,6-10d,11.724,9.255,11.258,10.480,10.985
2024-07-24,2024-08-01,8,6-10d,12.351,10.099,12.081,11.222,12.070
2024-07-24,2024-08-02,9,6-10d,12.567,10.424,12.323,11.392,10.998
2024-07-24,2024-08-03,10,6-10d,12.910,10.451,12.011,11.668,10.991
2024-07-24,2024-08-04,11,11-15d,12.645,10.378,11.755,11.611,9.961
2024-07-24,2024-08-05,12,11-15d,13.239,10.568,11.648,11.800,10.921
2024-07-24,2024-08-06,13,11-15d,14.248,10.747,11.421,12.020,10.300
2024-07-24,2024-08-07,14,11-15d,13.715,10.718,11.408,11.732,9.278
2024-07-24,2024-08-08,15,11-15d,13.153,,11.443,11.804,9.060
2024-07-25,2024-07-26,1,1-5d,6.735,6.084,6.693,7.017,7.522
2024-07-25,2024-07-27,2,1-5d,7.079,6.377,7.297,7.289,7.908
2024-07-25,2024-07-28,3,1-5d,7.792,7.207,8.169,8.030,8.320
2024-07-25,2024-07-29,4,1-5d,9.360,7.908,9.177,8.943,8.926
2024-07-25,2024-07-30,5,1-5d,10.351,8.295,9.927,9.518,10.005
2024-07-25,2024-07-31,6,6-10d,11.185,9.277,10.972,10.388,10.985
2024-07-25,2024-08-01,7,6-10d,12.223,9.940,11.951,11.138,12.070
2024-07-25,2024-08-02,8,6-10d,12.013,10.049,12.144,11.146,10.998
2024-07-25,2024-08-03,9,6-10d,11.059,9.777,11.668,10.701,10.991
2024-07-25,2024-08-04,10,6-10d,10.249,9.590,11.134,10.533,9.961
2024-07-25,2024-08-05,11,11-15d,9.714,9.834,11.243,10.722,10.921
2024-07-25,2024-08-06,12,11-15d,10.447,10.162,11.253,10.920,10.300
2024-07-25,2024-08-07,13,11-15d,10.460,10.266,11.242,10.968,9.278
2024-07-25,2024-08-08,14,11-15d,11.747,9.978,11.199,11.055,9.060
2024-07-25,2024-08-09,15,11-15d,12.095,,11.122,11.446,8.282
2024-07-26,2024-07-27,1,1-5d,7.113,6.234,6.940,7.252,7.908
2024-07-26,2024-07-28,2,1-5d,7.820,7.103,7.914,8.003,8.320
2024-07-26,2024-07-29,3,1-5d,9.254,7.695,9.002,8.782,8.926
2024-07-26,2024-07-30,4,1-5d,9.998,8.343,9.714,9.434,10.005
2024-07-26,2024-07-31,5,1-5d,11.279,9.044,11.022,10.363,10.985
2024-07-26,2024-08-01,6,6-10d,11.935,9.809,11.686,10.994,12.070
2024-07-26,2024-08-02,7,6-10d,12.083,10.220,11.666,11.242,10.998
2024-07-26,2024-08-03,8,6-10d,11.421,10.165,11.371,11.023,10.991
2024-07-26,2024-08-04,9,6-10d,11.306,10.077,11.183,10.881,9.961
2024-07-26,2024-08-05,10,6-10d,11.758,10.129,11.001,11.049,10.921
2024-07-26,2024-08-06,11,11-15d,10.957,10.301,11.218,11.109,10.300
2024-07-26,2024-08-07,12,11-15d,9.592,10.294,10.799,10.650,9.278
2024-07-26,2024-08-08,13,11-15d,9.166,9.632,10.514,10.174,9.060
2024-07-26,2024-08-09,14,11-15d,8.586,9.073,10.447,9.978,8.282
2024-07-26,2024-08-10,15,11-15d,8.974,,10.380,10.585,8.769
2024-07-27,2024-07-28,1,1-5d,8.052,6.876,7.984,8.018,8.320
2024-07-27,2024-07-29,2,1-5d,9.404,7.607,9.012,8.866,8.926
2024-07-27,2024-07-30,3,1-5d,10.843,8.434,10.027,9.748,10.005
2024-07-27,2024-07-31,4,1-5d,11.784,9.325,11.007,10.605,10.985
2024-07-27,2024-08-01,5,1-5d,11.857,10.064,11.885,11.249,12.070
2024-07-27,2024-08-02,6,6-10d,11.494,10.237,11.896,11.303,10.998
2024-07-27,2024-08-03,7,6-10d,11.826,10.015,11.629,11.063,10.991
2024-07-27,2024-08-04,8,6-10d,12.002,9.658,11.360,10.753,9.961
2024-07-27,2024-08-05,9,6-10d,12.264,9.617,11.380,10.590,10.921
2024-07-27,2024-08-06,10,6-10d,12.224,9.767,11.473,11.020,10.300
2024-07-27,2024-08-07,11,11-15d,11.483,9.814,11.238,10.976,9.278
2024-07-27,2024-08-08,12,11-15d,10.488,9.387,10.713,10.391,9.060
2024-07-27,2024-08-09,13,11-15d,9.361,8.897,10.153,9.737,8.282
2024-07-27,2024-08-10,14,11-15d,8.993,8.725,10.132,9.717,8.769
2024-07-27,2024-08-11,15,11-15d,8.915,,10.040,10.259,8.521
2024-07-28,2024-07-29,1,1-5d,8.855,7.450,8.975,8.693,8.926
2024-07-28,2024-07-30,2,1-5d,10.351,8.425,10.170,9.767,10.005
2024-07-28,2024-07-31,3,1-5d,11.982,9.435,11.508,10.873,10.985
2024-07-28,2024-08-01,4,1-5d,12.459,9.982,12.130,11.427,12.070
2024-07-28,2024-08-02,5,1-5d,12.067,9.830,12.265,11.218,10.998
2024-07-28,2024-08-03,6,6-10d,12.136,9.717,12.068,11.083,10.991
2024-07-28,2024-08-04,7,6-10d,12.072,9.253,11.566,10.592,9.961
2024-07-28,2024-08-05,8,6-10d,11.603,9.006,11.084,10.195,10.921
2024-07-28,2024-08-06,9,6-10d,11.586,9.308,10.865,10.232,10.300
2024-07-28,2024-08-07,10,6-10d,12.148,9.641,10.593,10.713,9.278
2024-07-28,2024-08-08,11,11-15d,10.357,9.609,10.261,10.324,9.060
2024-07-28,2024-08-09,12,11-15d,9.674,9.381,9.933,9.952,8.282
2024-07-28,2024-08-10,13,11-15d,10.272,9.010,9.644,9.823,8.769
2024-07-28,2024-08-11,14,11-15d,10.107,8.810,9.465,9.642,8.521
2024-07-28,2024-08-12,15,11-15d,9.038,,9.554,9.804,8.931
2024-07-29,2024-07-30,1,1-5d,10.219,8.358,9.978,9.765,10.005
2024-07-29,2024-07-31,2,1-5d,11.527,9.524,11.564,10.930,10.985
2024-07-29,2024-08-01,3,1-5d,12.349,10.395,12.086,11.638,12.070
2024-07-29,2024-08-02,4,1-5d,12.053,9.929,12.198,11.381,10.998
2024-07-29,2024-08-03,5,1-5d,11.975,9.739,11.874,11.082,10.991
2024-07-29,2024-08-04,6,6-10d,11.285,9.587,11.278,10.686,9.961
2024-07-29,2024-08-05,7,6-10d,11.681,9.711,11.029,10.724,10.921
2024-07-29,2024-08-06,8,6-10d,12.371,10.072,11.091,11.058,10.300
2024-07-29,2024-08-07,9,6-10d,11.450,9.987,10.997,10.788,9.278
2024-07-29,2024-08-08,10,6-10d,9.678,9.335,10.686,10.182,9.060
2024-07-29,2024-08-09,11,11-15d,8.596,8.680,10.311,9.662,8.282
2024-07-29,2024-08-10,12,11-15d,8.320,8.323,10.058,9.249,8.769
2024-07-29,2024-08-11,13,11-15d,8.765,8.297,9.766,9.202,8.521
2024-07-29,2024-08-12,14,11-15d,9.258,8.397,9.867,9.470,8.931
2024-07-29,2024-08-13,15,11-15d,9.500,,10.207,10.447,9.161
2024-07-30,2024-07-31,1,1-5d,11.441,9.642,11.203,11.024,10.985
2024-07-30,2024-08-01,2,1-5d,12.231,10.244,11.764,11.568,12.070
2024-07-30,2024-08-02,3,1-5d,12.035,9.858,11.839,11.203,10.998
2024-07-30,2024-08-03,4,1-5d,12.116,9.806,11.616,11.116,10.991
2024-07-30,2024-08-04,5,1-5d,11.707,9.505,11.364,10.798,9.961
2024-07-30,2024-08-05,6,6-10d,11.435,9.611,10.795,10.539,10.921
2024-07-30,2024-08-06,7,6-10d,11.245,10.136,10.685,10.866,10.300
2024-07-30,2024-08-07,8,6-10d,11.283,9.940,10.688,10.742,9.278
2024-07-30,2024-08-08,9,6-10d,11.688,9.465,10.194,10.262,9.060
2024-07-30,2024-08-09,10,6-10d,10.857,9.111,9.635,9.962,8.282
2024-07-30,2024-08-10,11,11-15d,9.970,8.866,9.234,9.521,8.769
2024-07-30,2024-08-11,12,11-15d,10.683,8.606,9.135,9.526,8.521
2024-07-30,2024-08-12,13,11-15d,11.163,8.307,9.370,9.568,8.931
2024-07-30,2024-08-13,14,11-15d,12.716,8.261,9.597,9.647,9.161
2024-07-30,2024-08-14,15,11-15d,12.278,,9.676,10.082,9.238
2024-07-31,2024-08-15,15,11-15d,8.775,,9.205,9.459,9.656
2024-08-01,2024-08-02,1,1-5d,12.221,9.417,11.862,11.204,10.998
2024-08-01,2024-08-03,2,1-5d,11.787,9.532,11.457,10.993,10.991
2024-08-01,2024-08-04,3,1-5d,11.461,9.331,10.886,10.597,9.961
2024-08-01,2024-08-05,4,1-5d,11.398,9.491,10.713,10.570,10.921
2024-08-01,2024-08-06,5,1-5d,10.769,9.251,10.345,10.264,10.300
2024-08-01,2024-08-07,6,6-10d,11.072,8.647,10.281,9.758,9.278
2024-08-01,2024-08-08,7,6-10d,10.627,8.159,9.694,9.269,9.060
2024-08-01,2024-08-09,8,6-10d,10.310,7.951,9.386,8.927,8.282
2024-08-01,2024-08-10,9,6-10d,7.785,8.104,8.918,8.731,8.769
2024-08-01,2024-08-11,10,6-10d,7.597,8.477,8.698,8.758,8.521
2024-08-01,2024-08-12,11,11-15d,8.211,8.826,8.549,8.881,8.931
2024-08-01,2024-08-13,12,11-15d,9.077,8.984,8.795,9.099,9.161
2024-08-01,2024-08-14,13,11-15d,9.447,8.947,9.051,9.271,9.238
2024-08-01,2024-08-15,14,11-15d,10.409,9.038,9.434,9.564,9.656
2024-08-01,2024-08-16,15,11-15d,10.729,,9.613,9.670,10.082
2024-08-02,2024-08-03,1,1-5d,11.739,9.452,11.226,11.024,10.991
2024-08-02,2024-08-04,2,1-5d,11.179,9.247,10.713,10.559,9.961
2024-08-02,2024-08-05,3,1-5d,11.947,10.040,11.404,11.224,10.921
2024-08-02,2024-08-06,4,1-5d,11.703,9.713,10.994,10.821,10.300
2024-08-02,2024-08-07,5,1-5d,10.490,8.687,10.323,9.852,9.278
2024-08-02,2024-08-08,6,6-10d,9.644,8.489,9.774,9.414,9.060
2024-08-02,2024-08-09,7,6-10d,10.307,8.290,9.261,9.220,8.282
2024-08-02,2024-08-10,8,6-10d,10.470,8.432,9.182,9.291,8.769
2024-08-02,2024-08-11,9,6-10d,9.821,8.724,8.934,9.331,8.521
2024-08-02,2024-08-12,10,6-10d,9.625,8.953,8.791,9.371,8.931
2024-08-02,2024-08-13,11,11-15d,9.686,8.907,8.654,9.180,9.161
2024-08-02,2024-08-14,12,11-15d,10.377,8.776,8.952,9.320,9.238
2024-08-02,2024-08-15,13,11-15d,10.148,8.955,9.351,9.470,9.656
2024-08-02,2024-08-16,14,11-15d,10.306,9.039,9.758,9.667,10.082
2024-08-02,2024-08-17,15,11-15d,9.991,,9.756,9.769,9.054
2024-08-03,2024-08-04,1,1-5d,10.505,9.012,10.535,10.294,9.961
2024-08-03,2024-08-05,2,1-5d,11.897,9.822,11.257,11.165,10.921
2024-08-03,2024-08-06,3,1-5d,10.860,9.252,10.540,10.361,10.300
2024-08-03,2024-08-07,4,1-5d,10.693,8.314,9.859,9.553,9.278
2024-08-03,2024-08-08,5,1-5d,10.022,8.098,9.381,9.241,9.060
2024-08-03,2024-08-09,6,6-10d,8.150,8.177,8.705,8.778,8.282
2024-08-03,2024-08-10,7,6-10d,7.975,8.193,8.363,8.627,8.769
2024-08-03,2024-08-11,8,6-10d,8.090,8.012,8.274,8.529,8.521
2024-08-03,2024-08-12,9,6-10d,8.069,8.073,8.555,8.666,8.931
2024-08-03,2024-08-13,10,6-10d,8.238,8.328,8.785,8.787,9.161
2024-08-03,2024-08-14,11,11-15d,8.780,8.616,8.918,8.991,9.238
2024-08-03,2024-08-15,12,11-15d,10.301,8.881,9.350,9.491,9.656
2024-08-03,2024-08-16,13,11-15d,11.851,8.888,10.117,9.919,10.082
2024-08-03,2024-08-17,14,11-15d,11.749,8.796,10.608,9.975,9.054
2024-08-03,2024-08-18,15,11-15d,12.290,,10.864,10.937,8.916
2024-08-04,2024-08-05,1,1-5d,11.923,9.552,11.088,11.142,10.921
2024-08-04,2024-08-06,2,1-5d,10.628,9.165,10.315,10.312,10.300
2024-08-04,2024-08-07,3,1-5d,9.660,8.329,9.532,9.365,9.278
2024-08-04,2024-08-08,4,1-5d,9.946,8.236,9.240,9.219,9.060
2024-08-04,2024-08-09,5,1-5d,9.623,8.427,8.951,9.274,8.282
2024-08-04,2024-08-10,6,6-10d,8.798,8.703,8.564,9.077,8.769
2024-08-04,2024-08-11,7,6-10d,7.786,8.346,8.008,8.628,8.521
2024-08-04,2024-08-12,8,6-10d,7.622,8.124,8.277,8.543,8.931
2024-08-04,2024-08-13,9,6-10d,7.394,8.215,8.724,8.771,9.161
2024-08-04,2024-08-14,10,6-10d,8.089,8.513,9.165,8.970,9.238
2024-08-04,2024-08-15,11,11-15d,8.744,8.605,9.607,9.221,9.656
2024-08-04,2024-08-16,12,11-15d,9.086,8.645,10.003,9.371,10.082
2024-08-04,2024-08-17,13,11-15d,9.521,8.507,10.240,9.397,9.054
2024-08-04,2024-08-18,14,11-15d,10.542,8.481,10.084,9.498,8.916
2024-08-04,2024-08-19,15,11-15d,10.828,,10.219,10.251,9.183
2024-08-05,2024-08-06,1,1-5d,10.972,8.964,10.303,10.417,10.300
2024-08-05,2024-08-07,2,1-5d,9.712,8.214,9.603,9.406,9.278
2024-08-05,2024-08-08,3,1-5d,9.754,8.246,9.416,9.311,9.060
2024-08-05,2024-08-09,4,1-5d,9.997,8.393,9.173,9.287,8.282
2024-08-05,2024-08-10,5,1-5d,8.425,8.525,8.941,9.032,8.769
2024-08-05,2024-08-11,6,6-10d,7.279,8.140,8.555,8.660,8.521
2024-08-05,2024-08-12,7,6-10d,7.760,7.994,8.401,8.473,8.931
2024-08-05,2024-08-13,8,6-10d,8.833,8.222,8.620,8.832,9.161
2024-08-05,2024-08-14,9,6-10d,9.831,8.664,9.127,9.313,9.238
2024-08-05,2024-08-15,10,6-10d,10.169,8.693,9.561,9.489,9.656
2024-08-05,2024-08-16,11,11-15d,11.103,8.625,9.691,9.614,10.082
2024-08-05,2024-08-17,12,11-15d,10.261,8.834,9.961,9.676,9.054
2024-08-05,2024-08-18,13,11-15d,10.024,9.099,10.544,9.889,8.916
2024-08-05,2024-08-19,14,11-15d,10.856,9.238,10.916,10.237,9.183
2024-08-05,2024-08-20,15,11-15d,12.237,,11.071,11.131,9.275
2024-08-06,2024-08-07,1,1-5d,9.729,8.001,9.545,9.366,9.278
2024-08-06,2024-08-08,2,1-5d,9.810,8.146,9.531,9.379,9.060
2024-08-06,2024-08-09,3,1-5d,9.409,8.267,9.259,9.223,8.282
2024-08-06,2024-08-10,4,1-5d,8.775,8.317,8.836,9.005,8.769
2024-08-06,2024-08-11,5,1-5d,8.060,7.814,8.306,8.418,8.521
2024-08-06,2024-08-12,6,6-10d,8.635,7.789,8.266,8.416,8.931
2024-08-06,2024-08-13,7,6-10d,8.897,7.991,8.694,8.701,9.161
2024-08-06,2024-08-14,8,6-10d,9.643,8.337,9.083,9.086,9.238
2024-08-06,2024-08-15,9,6-10d,10.844,8.513,9.328,9.273,9.656
2024-08-06,2024-08-16,10,6-10d,12.036,8.790,9.592,9.835,10.082
2024-08-06,2024-08-17,11,11-15d,11.542,8.864,9.922,9.880,9.054
2024-08-06,2024-08-18,12,11-15d,11.918,8.913,10.179,10.119,8.916
2024-08-06,2024-08-19,13,11-15d,12.201,8.942,10.378,10.079,9.183
2024-08-06,2024-08-20,14,11-15d,12.125,8.986,10.351,10.028,9.275
2024-08-06,2024-08-21,15,11-15d,12.777,,10.385,10.506,9.345
2024-08-07,2024-08-08,1,1-5d,9.529,7.933,9.130,9.235,9.060
2024-08-07,2024-08-09,2,1-5d,9.645,8.049,9.018,9.202,8.282
2024-08-07,2024-08-10,3,1-5d,9.711,8.183,8.750,9.131,8.769
2024-08-07,2024-08-11,4,1-5d,8.102,7.869,7.984,8.393,8.521
2024-08-07,2024-08-12,5,1-5d,9.010,7.797,8.317,8.647,8.931
2024-08-07,2024-08-13,6,6-10d,9.350,8.121,8.867,8.861,9.161
2024-08-07,2024-08-14,7,6-10d,9.227,8.395,9.210,9.116,9.238
2024-08-07,2024-08-15,8,6-10d,9.671,8.646,9.401,9.354,9.656
2024-08-07,2024-08-16,9,6-10d,9.746,8.798,9.623,9.490,10.082
2024-08-07,2024-08-17,10,6-10d,10.119,8.847,9.866,9.650,9.054
2024-08-07,2024-08-18,11,11-15d,10.614,8.889,9.996,9.780,8.916
2024-08-07,2024-08-19,12,11-15d,10.996,9.026,10.229,10.003,9.183
2024-08-07,2024-08-20,13,11-15d,10.693,9.226,10.303,9.987,9.275
2024-08-07,2024-08-21,14,11-15d,10.754,9.292,10.548,10.128,9.345
2024-08-07,2024-08-22,15,11-15d,10.811,,10.334,10.359,8.785
2024-08-08,2024-08-09,1,1-5d,9.383,7.601,8.754,8.966,8.282
2024-08-08,2024-08-10,2,1-5d,9.912,7.806,8.783,9.088,8.769
2024-08-08,2024-08-11,3,1-5d,8.425,7.379,8.034,8.249,8.521
2024-08-08,2024-08-12,4,1-5d,8.376,7.329,8.284,8.228,8.931
2024-08-08,2024-08-13,5,1-5d,8.966,7.641,8.684,8.598,9.161
2024-08-08,2024-08-14,6,6-10d,9.486,8.065,8.660,8.762,9.238
2024-08-08,2024-08-15,7,6-10d,9.606,8.333,8.904,9.071,9.656
2024-08-08,2024-08-16,8,6-10d,9.605,8.351,8.828,9.065,10.082
2024-08-08,2024-08-17,9,6-10d,9.267,8.375,8.977,9.031,9.054
2024-08-08,2024-08-18,10,6-10d,8.277,8.655,9.016,9.046,8.916
2024-08-08,2024-08-19,11,11-15d,8.477,8.969,9.285,9.250,9.183
2024-08-08,2024-08-20,12,11-15d,9.934,9.291,9.615,9.695,9.275
2024-08-08,2024-08-21,13,11-15d,9.604,9.243,9.820,9.688,9.345
2024-08-08,2024-08-22,14,11-15d,10.274,9.232,9.860,9.806,8.785
2024-08-08,2024-08-23,15,11-15d,9.728,,9.842,9.838,9.132
2024-08-09,2024-08-10,1,1-5d,9.848,7.545,9.104,9.112,8.769
2024-08-09,2024-08-11,2,1-5d,9.213,7.282,8.657,8.580,8.521
2024-08-09,2024-08-12,3,1-5d,8.863,7.281,8.427,8.356,8.931
2024-08-09,2024-08-13,4,1-5d,9.169,7.683,8.628,8.623,9.161
2024-08-09,2024-08-14,5,1-5d,9.774,8.035,9.051,9.091,9.238
2024-08-09,2024-08-15,6,6-10d,9.470,8.424,9.349,9.218,9.656
2024-08-09,2024-08-16,7,6-10d,8.411,8.493,9.131,9.041,10.082
2024-08-09,2024-08-17,8,6-10d,8.801,8.322,8.975,8.938,9.054
2024-08-09,2024-08-18,9,6-10d,9.551,8.386,8.758,9.021,8.916
2024-08-09,2024-08-19,10,6-10d,9.658,8.512,9.006,9.165,9.183
2024-08-09,2024-08-20,11,11-15d,10.315,8.770,9.170,9.386,9.275
2024-08-09,2024-08-21,12,11-15d,10.844,8.842,9.578,9.662,9.345
2024-08-09,2024-08-22,13,11-15d,11.489,8.767,10.265,9.842,8.785
2024-08-09,2024-08-23,14,11-15d,12.442,8.764,10.335,9.932,9.132
2024-08-09,2024-08-24,15,11-15d,12.149,,10.102,10.206,9.197
2024-08-10,2024-08-11,1,1-5d,9.081,7.118,8.602,8.562,8.521
2024-08-10,2024-08-12,2,1-5d,9.141,7.207,8.555,8.502,8.931
2024-08-10,2024-08-13,3,1-5d,9.611,7.525,8.871,8.741,9.161
2024-08-10,2024-08-14,4,1-5d,9.539,7.846,9.083,8.908,9.238
2024-08-10,2024-08-15,5,1-5d,9.812,8.224,9.221,9.240,9.656
2024-08-10,2024-08-16,6,6-10d,10.186,8.155,9.238,9.054,10.082
2024-08-10,2024-08-17,7,6-10d,9.684,7.977,9.167,8.904,9.054
2024-08-10,2024-08-18,8,6-10d,8.058,8.177,9.222,8.742,8.916
2024-08-10,2024-08-19,9,6-10d,7.990,8.400,9.152,9.013,9.183
2024-08-10,2024-08-20,10,6-10d,8.603,8.674,9.342,9.188,9.275
2024-08-10,2024-08-21,11,11-15d,9.181,8.620,9.269,9.176,9.345
2024-08-10,2024-08-22,12,11-15d,9.101,8.469,9.364,9.071,8.785
2024-08-10,2024-08-23,13,11-15d,9.270,8.466,9.569,9.135,9.132
2024-08-10,2024-08-24,14,11-15d,9.587,8.591,9.871,9.389,9.197
2024-08-10,2024-08-25,15,11-15d,10.312,,9.984,10.002,10.177
2024-08-11,2024-08-12,1,1-5d,8.705,7.204,8.424,8.474,8.931
2024-08-11,2024-08-13,2,1-5d,9.170,7.450,8.830,8.696,9.161
2024-08-11,2024-08-14,3,1-5d,9.395,7.840,8.916,8.896,9.238
2024-08-11,2024-08-15,4,1-5d,9.651,8.138,9.123,9.094,9.656
2024-08-11,2024-08-16,5,1-5d,9.427,8.227,9.142,9.133,10.082
2024-08-11,2024-08-17,6,6-10d,9.886,8.257,9.149,9.069,9.054
2024-08-11,2024-08-18,7,6-10d,9.164,8.477,9.231,9.164,8.916
2024-08-11,2024-08-19,8,6-10d,8.670,8.666,9.141,9.193,9.183
2024-08-11,2024-08-20,9,6-10d,8.930,9.003,9.525,9.598,9.275
2024-08-11,2024-08-21,10,6-10d,10.500,9.126,9.832,9.866,9.345
2024-08-11,2024-08-22,11,11-15d,11.716,9.045,9.849,9.971,8.785
2024-08-11,2024-08-23,12,11-15d,11.702,8.987,10.052,10.065,9.132
2024-08-11,2024-08-24,13,11-15d,11.419,8.964,10.118,9.896,9.197
2024-08-11,2024-08-25,14,11-15d,11.939,8.854,9.779,9.736,10.177
2024-08-11,2024-08-26,15,11-15d,12.540,,9.934,10.066,10.642
2024-08-12,2024-08-13,1,1-5d,9.273,7.252,8.774,8.719,9.161
2024-08-12,2024-08-14,2,1-5d,9.870,7.728,9.211,9.095,9.238
2024-08-12,2024-08-15,3,1-5d,9.739,8.199,9.479,9.292,9.656
2024-08-12,2024-08-16,4,1-5d,9.792,8.478,9.623,9.470,10.082
2024-08-12,2024-08-17,5,1-5d,9.343,8.341,9.460,9.228,9.054
2024-08-12,2024-08-18,6,6-10d,9.265,8.371,9.429,9.204,8.916
2024-08-12,2024-08-19,7,6-10d,9.871,8.470,9.336,9.286,9.183
2024-08-12,2024-08-20,8,6-10d,11.242,8.637,9.502,9.593,9.275
2024-08-12,2024-08-21,9,6-10d,9.980,8.622,9.753,9.380,9.345
2024-08-12,2024-08-22,10,6-10d,7.998,8.305,9.962,9.031,8.785
2024-08-12,2024-08-23,11,11-15d,8.122,8.182,9.888,9.014,9.132
2024-08-12,2024-08-24,12,11-15d,9.075,8.441,9.930,9.251,9.197
2024-08-12,2024-08-25,13,11-15d,9.851,8.625,9.966,9.429,10.177
2024-08-12,2024-08-26,14,11-15d,10.283,8.659,10.155,9.595,10.642
2024-08-12,2024-08-27,15,11-15d,11.417,,10.363,10.417,11.097
2024-08-13,2024-08-14,1,1-5d,10.172,7.499,9.332,9.209,9.238
2024-08-13,2024-08-15,2,1-5d,10.321,8.072,9.673,9.483,9.656
2024-08-13,2024-08-16,3,1-5d,10.058,8.485,9.610,9.554,10.082
2024-08-13,2024-08-17,4,1-5d,10.040,8.109,9.395,9.212,9.054
2024-08-13,2024-08-18,5,1-5d,10.054,8.198,9.768,9.367,8.916
2024-08-13,2024-08-19,6,6-10d,10.852,8.355,10.050,9.491,9.183
2024-08-13,2024-08-20,7,6-10d,11.600,8.498,10.141,9.725,9.275
2024-08-13,2024-08-21,8,6-10d,12.118,8.619,10.349,9.795,9.345
2024-08-13,2024-08-22,9,6-10d,12.964,8.332,10.189,9.363,8.785
2024-08-13,2024-08-23,10,6-10d,12.810,8.263,10.296,9.811,9.132
2024-08-13,2024-08-24,11,11-15d,10.631,8.427,10.127,9.597,9.197
2024-08-13,2024-08-25,12,11-15d,10.303,8.703,10.401,9.780,10.177
2024-08-13,2024-08-26,13,11-15d,11.804,8.804,10.228,9.899,10.642
2024-08-13,2024-08-27,14,11-15d,12.965,8.699,10.321,9.943,11.097
2024-08-13,2024-08-28,15,11-15d,14.900,,10.218,10.453,10.682
2024-08-14,2024-08-15,1,1-5d,10.069,8.148,9.569,9.575,9.656
2024-08-14,2024-08-16,2,1-5d,10.347,8.421,9.812,9.720,10.082
2024-08-14,2024-08-17,3,1-5d,9.996,7.785,9.510,9.102,9.054
2024-08-14,2024-08-18,4,1-5d,9.937,7.893,9.655,9.174,8.916
2024-08-14,2024-08-19,5,1-5d,10.937,8.410,9.813,9.721,9.183
2024-08-14,2024-08-20,6,6-10d,11.110,8.718,10.228,9.784,9.275
2024-08-14,2024-08-21,7,6-10d,11.012,8.474,10.451,9.683,9.345
2024-08-14,2024-08-22,8,6-10d,9.941,7.953,10.414,8.976,8.785
2024-08-14,2024-08-23,9,6-10d,9.708,7.805,10.478,8.822,9.132
2024-08-14,2024-08-24,10,6-10d,9.551,7.956,10.431,9.172,9.197
2024-08-14,2024-08-25,11,11-15d,10.627,8.225,10.271,9.546,10.177
2024-08-14,2024-08-26,12,11-15d,12.453,8.399,10.385,10.067,10.642
2024-08-14,2024-08-27,13,11-15d,11.282,8.626,10.290,9.741,11.097
2024-08-14,2024-08-28,14,11-15d,10.183,8.710,10.315,9.669,10.682
2024-08-14,2024-08-29,15,11-15d,11.253,,10.288,10.338,9.639
2024-08-15,2024-08-16,1,1-5d,10.626,8.521,9.995,10.015,10.082
2024-08-15,2024-08-17,2,1-5d,10.000,7.930,9.056,9.225,9.054
2024-08-15,2024-08-18,3,1-5d,9.473,7.596,8.882,8.758,8.916
2024-08-15,2024-08-19,4,1-5d,8.927,7.789,9.074,8.813,9.183
2024-08-15,2024-08-20,5,1-5d,9.008,7.740,9.333,8.765,9.275
2024-08-15,2024-08-21,6,6-10d,9.826,7.875,9.481,8.953,9.345
2024-08-15,2024-08-22,7,6-10d,9.666,7.487,9.214,8.592,8.785
2024-08-15,2024-08-23,8,6-10d,9.743,7.405,9.134,8.407,9.132
2024-08-15,2024-08-24,9,6-10d,9.788,7.709,9.325,8.576,9.197
2024-08-15,2024-08-25,10,6-10d,10.334,8.065,9.593,9.145,10.177
2024-08-15,2024-08-26,11,11-15d,10.973,8.444,9.632,9.484,10.642
2024-08-15,2024-08-27,12,11-15d,10.010,8.700,9.778,9.502,11.097
2024-08-15,2024-08-28,13,11-15d,10.357,8.954,9.913,9.670,10.682
2024-08-15,2024-08-29,14,11-15d,9.696,9.014,9.944,9.658,9.639
2024-08-15,2024-08-30,15,11-15d,9.112,,9.812,9.778,9.149
2024-08-16,2024-08-17,1,1-5d,9.925,7.933,9.241,9.379,9.054
2024-08-16,2024-08-18,2,1-5d,9.418,7.613,8.899,8.866,8.916
2024-08-16,2024-08-19,3,1-5d,9.485,7.879,9.112,8.976,9.183
2024-08-16,2024-08-20,4,1-5d,9.541,7.762,9.050,8.851,9.275
2024-08-16,2024-08-21,5,1-5d,9.050,7.755,9.175,8.761,9.345
2024-08-16,2024-08-22,6,6-10d,8.383,7.356,8.533,8.237,8.785
2024-08-16,2024-08-23,7,6-10d,8.241,7.280,8.440,8.089,9.132
2024-08-16,2024-08-24,8,6-10d,8.911,7.646,9.145,8.464,9.197
2024-08-16,2024-08-25,9,6-10d,10.510,8.044,9.947,8.973,10.177
2024-08-16,2024-08-26,10,6-10d,12.784,8.276,10.382,9.837,10.642
2024-08-16,2024-08-27,11,11-15d,14.100,8.382,10.500,10.225,11.097
2024-08-16,2024-08-28,12,11-15d,13.116,8.552,10.392,10.271,10.682
2024-08-16,2024-08-29,13,11-15d,11.947,8.490,9.862,9.638,9.639
2024-08-16,2024-08-30,14,11-15d,10.250,8.192,9.210,9.004,9.149
2024-08-16,2024-08-31,15,11-15d,8.837,,8.782,8.786,7.425
2024-08-17,2024-08-18,1,1-5d,9.479,7.700,9.330,9.087,8.916
2024-08-17,2024-08-19,2,1-5d,9.694,7.917,9.490,9.206,9.183
2024-08-17,2024-08-20,3,1-5d,9.436,7.865,9.476,9.031,9.275
2024-08-17,2024-08-21,4,1-5d,9.144,7.770,9.227,8.878,9.345
2024-08-17,2024-08-22,5,1-5d,9.063,7.286,8.697,8.411,8.785
2024-08-17,2024-08-23,6,6-10d,8.769,7.428,8.418,8.259,9.132
2024-08-17,2024-08-24,7,6-10d,9.435,8.050,9.304,8.942,9.197
2024-08-17,2024-08-25,8,6-10d,9.696,8.608,10.099,9.399,10.177
2024-08-17,2024-08-26,9,6-10d,10.368,8.983,10.746,9.837,10.642
2024-08-17,2024-08-27,10,6-10d,10.865,9.100,10.743,10.133,11.097
2024-08-17,2024-08-28,11,11-15d,11.514,8.982,10.331,10.078,10.682
2024-08-17,2024-08-29,12,11-15d,12.052,8.594,9.971,9.930,9.639
2024-08-17,2024-08-30,13,11-15d,11.415,8.173,9.444,9.258,9.149
2024-08-17,2024-08-31,14,11-15d,10.297,7.916,9.084,8.813,7.425
2024-08-17,2024-09-01,15,11-15d,11.590,,8.744,8.888,7.220
2024-08-18,2024-08-19,1,1-5d,9.648,7.873,9.530,9.260,9.183
2024-08-18,2024-08-20,2,1-5d,9.801,7.555,9.262,8.981,9.275
2024-08-18,2024-08-21,3,1-5d,9.463,7.677,8.765,8.781,9.345
2024-08-18,2024-08-22,4,1-5d,8.252,7.250,7.912,8.042,8.785
2024-08-18,2024-08-23,5,1-5d,8.698,7.483,7.932,8.323,9.132
2024-08-18,2024-08-24,6,6-10d,9.626,8.252,8.762,8.917,9.197
2024-08-18,2024-08-25,7,6-10d,11.467,8.987,9.668,9.928,10.177
2024-08-18,2024-08-26,8,6-10d,11.889,9.435,10.357,10.374,10.642
2024-08-18,2024-08-27,9,6-10d,11.037,9.231,10.436,10.023,11.097
2024-08-18,2024-08-28,10,6-10d,11.266,8.928,9.957,9.894,10.682
2024-08-18,2024-08-29,11,11-15d,11.242,8.494,9.629,9.548,9.639
2024-08-18,2024-08-30,12,11-15d,9.626,8.209,9.202,9.002,9.149
2024-08-18,2024-08-31,13,11-15d,9.944,7.962,9.155,8.835,7.425
2024-08-18,2024-09-01,14,11-15d,10.298,7.906,9.174,8.839,7.220
2024-08-18,2024-09-02,15,11-15d,9.711,,9.002,9.039,6.784
2024-08-19,2024-08-20,1,1-5d,9.863,7.609,9.466,9.174,9.275
2024-08-19,2024-08-21,2,1-5d,9.517,7.939,9.119,9.119,9.345
2024-08-19,2024-08-22,3,1-5d,8.588,7.475,8.127,8.357,8.785
2024-08-19,2024-08-23,4,1-5d,8.905,7.647,8.285,8.456,9.132
2024-08-19,2024-08-24,5,1-5d,10.041,8.147,8.945,9.209,9.197
2024-08-19,2024-08-25,6,6-10d,10.300,8.847,10.110,9.780,10.177
2024-08-19,2024-08-26,7,6-10d,10.684,9.352,10.682,10.251,10.642
2024-08-19,2024-08-27,8,6-10d,10.347,9.371,10.541,10.113,11.097
2024-08-19,2024-08-28,9,6-10d,9.283,9.119,10.095,9.794,10.682
2024-08-19,2024-08-29,10,6-10d,9.134,8.710,9.975,9.448,9.639
2024-08-19,2024-08-30,11,11-15d,9.419,8.266,9.735,9.197,9.149
2024-08-19,2024-08-31,12,11-15d,9.732,7.832,9.531,8.969,7.425
2024-08-19,2024-09-01,13,11-15d,8.930,7.562,9.300,8.506,7.220
2024-08-19,2024-09-02,14,11-15d,8.224,7.579,9.141,8.440,6.784
2024-08-19,2024-09-03,15,11-15d,7.446,,9.044,8.965,7.678
2024-08-20,2024-08-21,1,1-5d,9.712,7.746,9.144,9.187,9.345
2024-08-20,2024-08-22,2,1-5d,8.201,7.149,8.362,8.203,8.785
2024-08-20,2024-08-23,3,1-5d,8.607,7.385,8.426,8.367,9.132
2024-08-20,2024-08-24,4,1-5d,9.280,7.967,8.881,8.878,9.197
2024-08-20,2024-08-25,5,1-5d,10.415,8.696,9.845,9.767,10.177
2024-08-20,2024-08-26,6,6-10d,10.657,9.476,10.143,10.186,10.642
2024-08-20,2024-08-27,7,6-10d,10.360,9.608,10.042,10.241,11.097
2024-08-20,2024-08-28,8,6-10d,9.646,9.182,9.911,9.803,10.682
2024-08-20,2024-08-29,9,6-10d,9.213,8.515,9.511,9.220,9.639
2024-08-20,2024-08-30,10,6-10d,8.881,8.025,8.924,8.736,9.149
2024-08-20,2024-08-31,11,11-15d,8.977,7.715,8.498,8.423,7.425
2024-08-20,2024-09-01,12,11-15d,8.959,7.653,8.557,8.393,7.220
2024-08-20,2024-09-02,13,11-15d,9.320,7.608,8.653,8.396,6.784
2024-08-20,2024-09-03,14,11-15d,8.895,7.683,8.558,8.360,7.678
2024-08-20,2024-09-04,15,11-15d,8.890,,8.462,8.485,7.495
2024-08-21,2024-08-22,1,1-5d,8.498,7.180,8.261,8.379,8.785
2024-08-21,2024-08-23,2,1-5d,8.968,7.214,8.469,8.450,9.132
2024-08-21,2024-08-24,3,1-5d,9.898,7.965,8.969,9.082,9.197
2024-08-21,2024-08-25,4,1-5d,10.234,8.719,9.403,9.570,10.177
2024-08-21,2024-08-26,5,1-5d,11.421,9.385,10.466,10.525,10.642
2024-08-21,2024-08-27,6,6-10d,11.684,9.414,10.788,10.426,11.097
2024-08-21,2024-08-28,7,6-10d,11.671,9.328,10.516,10.350,10.682
2024-08-21,2024-08-29,8,6-10d,11.456,9.037,10.514,10.026,9.639
2024-08-21,2024-08-30,9,6-10d,10.903,8.281,9.937,9.181,9.149
2024-08-21,2024-08-31,10,6-10d,10.574,7.740,9.368,8.930,7.425
2024-08-21,2024-09-01,11,11-15d,8.417,7.639,9.090,8.508,7.220
2024-08-21,2024-09-02,12,11-15d,8.034,7.600,8.789,8.265,6.784
2024-08-21,2024-09-03,13,11-15d,8.386,7.397,8.532,8.104,7.678
2024-08-21,2024-09-04,14,11-15d,8.734,7.294,8.511,8.114,7.495
2024-08-21,2024-09-05,15,11-15d,9.145,,8.640,8.667,8.360
2024-08-22,2024-08-23,1,1-5d,8.547,6.926,8.343,8.247,9.132
2024-08-22,2024-08-24,2,1-5d,9.541,7.708,9.002,8.969,9.197
2024-08-22,2024-08-25,3,1-5d,9.999,8.542,9.547,9.564,10.177
2024-08-22,2024-08-26,4,1-5d,10.987,8.932,10.198,10.041,10.642
2024-08-22,2024-08-27,5,1-5d,10.186,9.091,9.956,9.964,11.097
2024-08-22,2024-08-28,6,6-10d,9.662,9.290,9.636,9.848,10.682
2024-08-22,2024-08-29,7,6-10d,9.107,9.159,9.551,9.663,9.639
2024-08-22,2024-08-30,8,6-10d,8.370,8.237,9.697,8.882,9.149
2024-08-22,2024-08-31,9,6-10d,8.093,7.632,9.397,8.441,7.425
2024-08-22,2024-09-01,10,6-10d,7.840,7.278,9.147,8.187,7.220
2024-08-22,2024-09-02,11,11-15d,6.951,7.145,8.634,7.881,6.784
2024-08-22,2024-09-03,12,11-15d,6.989,7.137,8.346,7.693,7.678
2024-08-22,2024-09-04,13,11-15d,7.020,7.150,8.456,7.740,7.495
2024-08-22,2024-09-05,14,11-15d,8.516,6.309,8.619,7.588,8.360
2024-08-22,2024-09-06,15,11-15d,9.532,,8.593,8.641,7.308
2024-08-23,2024-08-24,1,1-5d,9.210,7.458,8.744,8.819,9.197
2024-08-23,2024-08-25,2,1-5d,9.549,8.170,9.463,9.318,10.177
2024-08-23,2024-08-26,3,1-5d,10.198,8.718,9.979,9.796,10.642
2024-08-23,2024-08-27,4,1-5d,10.893,9.143,9.786,10.003,11.097
2024-08-23,2024-08-28,5,1-5d,9.788,9.222,9.776,9.916,10.682
2024-08-23,2024-08-29,6,6-10d,9.556,9.176,9.727,9.806,9.639
2024-08-23,2024-08-30,7,6-10d,9.359,8.456,9.181,9.170,9.149
2024-08-23,2024-08-31,8,6-10d,8.529,7.524,8.676,8.269,7.425
2024-08-23,2024-09-01,9,6-10d,7.705,7.101,8.512,7.864,7.220
2024-08-23,2024-09-02,10,6-10d,7.667,6.924,8.431,7.770,6.784
2024-08-23,2024-09-03,11,11-15d,7.324,6.817,8.095,7.585,7.678
2024-08-23,2024-09-04,12,11-15d,8.024,6.759,8.526,7.793,7.495
2024-08-23,2024-09-05,13,11-15d,7.636,6.590,8.443,7.521,8.360
2024-08-23,2024-09-06,14,11-15d,8.117,6.384,8.185,7.438,7.308
2024-08-23,2024-09-07,15,11-15d,7.930,,8.206,8.194,7.944
2024-08-24,2024-08-25,1,1-5d,10.715,8.456,9.909,10.003,10.177
2024-08-24,2024-08-26,2,1-5d,11.404,8.903,10.494,10.376,10.642
2024-08-24,2024-08-27,3,1-5d,12.209,9.740,11.015,11.018,11.097
2024-08-24,2024-08-28,4,1-5d,11.744,9.982,10.568,10.823,10.682
2024-08-24,2024-08-29,5,1-5d,9.594,9.199,9.817,9.860,9.639
2024-08-24,2024-08-30,6,6-10d,10.000,8.247,9.681,9.254,9.149
2024-08-24,2024-08-31,7,6-10d,10.179,7.588,9.648,8.822,7.425
2024-08-24,2024-09-01,8,6-10d,9.004,7.230,9.186,8.170,7.220
2024-08-24,2024-09-02,9,6-10d,8.173,6.832,8.318,7.643,6.784
2024-08-24,2024-09-03,10,6-10d,7.037,6.541,7.652,7.251,7.678
2024-08-24,2024-09-04,11,11-15d,7.054,6.451,7.525,7.162,7.495
2024-08-24,2024-09-05,12,11-15d,7.626,6.370,7.572,7.204,8.360
2024-08-24,2024-09-06,13,11-15d,8.346,6.341,7.848,7.312,7.308
2024-08-24,2024-09-07,14,11-15d,8.784,6.332,7.936,7.389,7.944
2024-08-24,2024-09-08,15,11-15d,8.474,,7.978,8.004,8.599
2024-08-25,2024-08-26,1,1-5d,11.437,8.827,10.616,10.513,10.642
2024-08-25,2024-08-27,2,1-5d,12.249,9.713,11.521,11.227,11.097
2024-08-25,2024-08-28,3,1-5d,12.643,9.919,11.222,11.254,10.682
2024-08-25,2024-08-29,4,1-5d,10.769,8.943,10.009,9.959,9.639
2024-08-25,2024-08-30,5,1-5d,10.118,7.945,9.694,9.220,9.149
2024-08-25,2024-08-31,6,6-10d,9.753,7.083,9.872,8.611,7.425
2024-08-25,2024-09-01,7,6-10d,8.673,6.944,9.047,8.057,7.220
2024-08-25,2024-09-02,8,6-10d,7.593,6.629,8.088,7.398,6.784
2024-08-25,2024-09-03,9,6-10d,5.853,6.308,7.296,6.954,7.678
2024-08-25,2024-09-04,10,6-10d,5.975,6.234,7.006,6.746,7.495
2024-08-25,2024-09-05,11,11-15d,6.281,6.222,7.015,6.753,8.360
2024-08-25,2024-09-06,12,11-15d,6.366,6.220,7.194,6.752,7.308
2024-08-25,2024-09-07,13,11-15d,6.566,6.312,7.284,6.859,7.944
2024-08-25,2024-09-08,14,11-15d,6.792,6.443,7.532,7.109,8.599
2024-08-25,2024-09-09,15,11-15d,7.336,,7.636,7.622,8.399
2024-08-26,2024-08-27,1,1-5d,11.993,9.174,11.475,10.959,11.097
2024-08-26,2024-08-28,2,1-5d,11.907,9.291,11.275,10.851,10.682
2024-08-26,2024-08-29,3,1-5d,9.317,8.305,9.765,9.329,9.639
2024-08-26,2024-08-30,4,1-5d,9.487,7.315,9.294,8.685,9.149
2024-08-26,2024-08-31,5,1-5d,8.037,6.638,8.816,7.784,7.425
2024-08-26,2024-09-01,6,6-10d,8.074,6.681,8.602,7.841,7.220
2024-08-26,2024-09-02,7,6-10d,7.297,6.435,7.973,7.305,6.784
2024-08-26,2024-09-03,8,6-10d,7.519,6.162,7.712,6.999,7.678
2024-08-26,2024-09-04,9,6-10d,7.398,6.301,7.837,7.107,7.495
2024-08-26,2024-09-05,10,6-10d,7.506,6.336,7.976,7.279,8.360
2024-08-26,2024-09-06,11,11-15d,8.478,6.468,7.992,7.547,7.308
2024-08-26,2024-09-07,12,11-15d,8.510,6.480,8.024,7.589,7.944
2024-08-26,2024-09-08,13,11-15d,7.441,6.610,7.850,7.324,8.599
2024-08-26,2024-09-09,14,11-15d,8.279,6.645,7.757,7.448,8.399
2024-08-26,2024-09-10,15,11-15d,8.682,,7.565,7.622,8.149
2024-08-27,2024-08-28,1,1-5d,11.192,9.040,10.617,10.555,10.682
2024-08-27,2024-08-29,2,1-5d,9.569,7.587,9.071,8.914,9.639
2024-08-27,2024-08-30,3,1-5d,8.978,7.254,8.500,8.377,9.149
2024-08-27,2024-08-31,4,1-5d,7.549,6.421,7.711,7.445,7.425
2024-08-27,2024-09-01,5,1-5d,7.467,6.555,7.856,7.447,7.220
2024-08-27,2024-09-02,6,6-10d,7.218,6.180,7.568,7.136,6.784
2024-08-27,2024-09-03,7,6-10d,6.709,5.985,7.293,6.788,7.678
2024-08-27,2024-09-04,8,6-10d,7.000,6.097,7.281,6.829,7.495
2024-08-27,2024-09-05,9,6-10d,7.487,6.251,7.471,7.017,8.360
2024-08-27,2024-09-06,10,6-10d,7.464,6.298,7.518,7.136,7.308
2024-08-27,2024-09-07,11,11-15d,7.541,6.394,7.714,7.272,7.944
2024-08-27,2024-09-08,12,11-15d,7.505,6.481,7.842,7.324,8.599
2024-08-27,2024-09-09,13,11-15d,7.625,6.606,8.017,7.400,8.399
2024-08-27,2024-09-10,14,11-15d,7.470,6.665,8.205,7.534,8.149
2024-08-27,2024-09-11,15,11-15d,7.579,,8.277,8.243,7.514
2024-08-28,2024-08-29,1,1-5d,9.275,7.698,8.988,8.998,9.639
2024-08-28,2024-08-30,2,1-5d,8.884,7.155,8.390,8.381,9.149
2024-08-28,2024-08-31,3,1-5d,7.653,6.110,7.511,7.228,7.425
2024-08-28,2024-09-01,4,1-5d,7.683,6.324,7.745,7.417,7.220
2024-08-28,2024-09-02,5,1-5d,7.383,6.185,7.395,7.135,6.784
2024-08-28,2024-09-03,6,6-10d,7.558,6.266,7.207,7.078,7.678
2024-08-28,2024-09-04,7,6-10d,7.806,6.215,7.386,7.121,7.495
2024-08-28,2024-09-05,8,6-10d,7.818,6.387,7.742,7.216,8.360
2024-08-28,2024-09-06,9,6-10d,7.787,6.486,8.008,7.300,7.308
2024-08-28,2024-09-07,10,6-10d,7.347,6.463,7.893,7.311,7.944
2024-08-28,2024-09-08,11,11-15d,7.772,6.507,7.990,7.460,8.599
2024-08-28,2024-09-09,12,11-15d,7.767,6.584,7.922,7.451,8.399
2024-08-28,2024-09-10,13,11-15d,8.506,6.533,7.932,7.466,8.149
2024-08-28,2024-09-11,14,11-15d,8.768,6.511,7.841,7.452,7.514
2024-08-28,2024-09-12,15,11-15d,9.181,,7.723,7.797,6.956
2024-08-29,2024-08-30,1,1-5d,8.974,6.901,8.631,8.396,9.149
2024-08-29,2024-08-31,2,1-5d,7.784,5.970,7.825,7.311,7.425
2024-08-29,2024-09-01,3,1-5d,8.590,6.095,8.159,7.536,7.220
2024-08-29,2024-09-02,4,1-5d,7.283,5.907,7.420,7.034,6.784
2024-08-29,2024-09-03,5,1-5d,6.928,6.109,7.313,6.963,7.678
2024-08-29,2024-09-04,6,6-10d,7.094,6.021,7.462,6.997,7.495
2024-08-29,2024-09-05,7,6-10d,8.616,6.146,7.865,7.293,8.360
2024-08-29,2024-09-06,8,6-10d,9.444,6.205,7.949,7.344,7.308
2024-08-29,2024-09-07,9,6-10d,8.778,6.428,7.998,7.302,7.944
2024-08-29,2024-09-08,10,6-10d,9.068,6.551,8.050,7.661,8.599
2024-08-29,2024-09-09,11,11-15d,7.564,6.503,7.908,7.398,8.399
2024-08-29,2024-09-10,12,11-15d,6.790,6.403,7.725,7.105,8.149
2024-08-29,2024-09-11,13,11-15d,6.417,6.270,7.807,6.971,7.514
2024-08-29,2024-09-12,14,11-15d,5.923,6.136,7.924,6.990,6.956
2024-08-29,2024-09-13,15,11-15d,5.518,,7.882,7.765,7.104
2024-08-30,2024-08-31,1,1-5d,7.257,6.018,7.202,7.194,7.425
2024-08-30,2024-09-01,2,1-5d,7.654,6.139,7.643,7.352,7.220
2024-08-30,2024-09-02,3,1-5d,7.283,6.124,7.207,7.102,6.784
2024-08-30,2024-09-03,4,1-5d,7.597,6.186,7.305,7.179,7.678
2024-08-30,2024-09-04,5,1-5d,7.637,6.165,7.309,7.174,7.495
2024-08-30,2024-09-05,6,6-10d,7.981,6.393,7.411,7.247,8.360
2024-08-30,2024-09-06,7,6-10d,7.421,6.286,7.434,7.119,7.308
2024-08-30,2024-09-07,8,6-10d,7.258,6.374,7.555,7.103,7.944
2024-08-30,2024-09-08,9,6-10d,7.984,6.450,7.636,7.225,8.599
2024-08-30,2024-09-09,10,6-10d,8.301,6.391,7.631,7.345,8.399
2024-08-30,2024-09-10,11,11-15d,8.457,6.320,7.860,7.424,8.149
2024-08-30,2024-09-11,12,11-15d,7.871,6.420,7.982,7.419,7.514
2024-08-30,2024-09-12,13,11-15d,7.417,6.553,7.939,7.316,6.956
2024-08-30,2024-09-13,14,11-15d,6.651,6.604,7.888,7.308,7.104
2024-08-30,2024-09-14,15,11-15d,6.888,,7.935,7.884,7.603
2024-08-31,2024-09-01,1,1-5d,6.949,5.919,7.222,7.028,7.220
2024-08-31,2024-09-02,2,1-5d,7.189,5.731,7.469,6.965,6.784
2024-08-31,2024-09-03,3,1-5d,7.350,5.947,7.427,7.053,7.678
2024-08-31,2024-09-04,4,1-5d,6.689,5.936,7.098,6.878,7.495
2024-08-31,2024-09-05,5,1-5d,7.172,6.164,7.108,7.027,8.360
2024-08-31,2024-09-06,6,6-10d,6.755,6.088,6.806,6.791,7.308
2024-08-31,2024-09-07,7,6-10d,7.209,6.329,6.879,7.004,7.944
2024-08-31,2024-09-08,8,6-10d,7.070,6.402,7.040,7.045,8.599
2024-08-31,2024-09-09,9,6-10d,6.895,6.341,7.133,7.008,8.399
2024-08-31,2024-09-10,10,6-10d,6.280,6.251,6.993,6.799,8.149
2024-08-31,2024-09-11,11,11-15d,7.289,6.216,7.061,6.917,7.514
2024-08-31,2024-09-12,12,11-15d,8.311,6.173,7.288,7.153,6.956
2024-08-31,2024-09-13,13,11-15d,8.002,6.205,7.350,7.036,7.104
2024-08-31,2024-09-14,14,11-15d,7.589,6.267,7.489,7.077,7.603
2024-08-31,2024-09-15,15,11-15d,7.954,,7.658,7.674,7.167
2024-09-01,2024-09-02,1,1-5d,7.145,5.621,7.228,6.927,6.784
2024-09-01,2024-09-03,2,1-5d,7.168,5.979,7.184,7.080,7.678
2024-09-01,2024-09-04,3,1-5d,6.847,6.034,7.053,6.947,7.495
2024-09-01,2024-09-05,4,1-5d,6.669,6.186,7.002,7.002,8.360
2024-09-01,2024-09-06,5,1-5d,6.832,6.117,7.000,6.909,7.308
2024-09-01,2024-09-07,6,6-10d,6.419,6.552,7.351,7.255,7.944
2024-09-01,2024-09-08,7,6-10d,6.929,6.663,7.729,7.357,8.599
2024-09-01,2024-09-09,8,6-10d,6.588,6.562,7.868,7.219,8.399
2024-09-01,2024-09-10,9,6-10d,6.267,6.289,7.824,7.048,8.149
2024-09-01,2024-09-11,10,6-10d,6.032,6.108,7.665,6.830,7.514
2024-09-01,2024-09-12,11,11-15d,6.477,6.084,7.588,6.894,6.956
2024-09-01,2024-09-13,12,11-15d,6.757,6.152,7.727,6.950,7.104
2024-09-01,2024-09-14,13,11-15d,7.258,6.189,7.806,7.019,7.603
2024-09-01,2024-09-15,14,11-15d,8.260,6.093,8.017,7.194,7.167
2024-09-01,2024-09-16,15,11-15d,8.955,,7.967,7.924,7.375
2024-09-02,2024-09-03,1,1-5d,7.143,5.958,7.114,7.123,7.678
2024-09-02,2024-09-04,2,1-5d,7.037,6.014,6.947,7.033,7.495
2024-09-02,2024-09-05,3,1-5d,7.403,6.338,7.234,7.277,8.360
2024-09-02,2024-09-06,4,1-5d,7.065,6.061,7.057,6.993,7.308
2024-09-02,2024-09-07,5,1-5d,8.295,6.361,7.741,7.532,7.944
2024-09-02,2024-09-08,6,6-10d,9.093,6.465,8.070,7.588,8.599
2024-09-02,2024-09-09,7,6-10d,9.066,6.415,8.021,7.575,8.399
2024-09-02,2024-09-10,8,6-10d,8.639,6.228,7.726,7.271,8.149
2024-09-02,2024-09-11,9,6-10d,8.833,6.120,7.677,7.019,7.514
2024-09-02,2024-09-12,10,6-10d,8.512,6.076,7.583,7.162,6.956
2024-09-02,2024-09-13,11,11-15d,8.004,6.168,7.633,7.181,7.104
2024-09-02,2024-09-14,12,11-15d,7.835,6.252,7.781,7.230,7.603
2024-09-02,2024-09-15,13,11-15d,8.385,6.234,7.788,7.207,7.167
2024-09-02,2024-09-16,14,11-15d,8.758,6.253,7.824,7.264,7.375
2024-09-02,2024-09-17,15,11-15d,9.812,,7.919,7.921,7.295
2024-09-03,2024-09-04,1,1-5d,7.121,6.263,7.198,7.302,7.495
2024-09-03,2024-09-05,2,1-5d,7.637,6.651,7.412,7.634,8.360
2024-09-03,2024-09-06,3,1-5d,6.784,6.468,7.059,7.196,7.308
2024-09-03,2024-09-07,4,1-5d,7.837,6.574,7.714,7.582,7.944
2024-09-03,2024-09-08,5,1-5d,8.631,6.634,8.087,7.832,8.599
2024-09-03,2024-09-09,6,6-10d,7.982,6.434,7.998,7.489,8.399
2024-09-03,2024-09-10,7,6-10d,8.045,6.199,7.780,7.233,8.149
2024-09-03,2024-09-11,8,6-10d,7.727,6.041,7.736,7.005,7.514
2024-09-03,2024-09-12,9,6-10d,7.677,6.007,7.636,6.865,6.956
2024-09-03,2024-09-13,10,6-10d,8.544,6.062,7.524,7.144,7.104
2024-09-03,2024-09-14,11,11-15d,8.507,6.234,7.770,7.338,7.603
2024-09-03,2024-09-15,12,11-15d,8.806,6.363,7.715,7.451,7.167
2024-09-03,2024-09-16,13,11-15d,9.442,6.353,7.694,7.403,7.375
2024-09-03,2024-09-17,14,11-15d,10.132,6.326,7.811,7.437,7.295
2024-09-03,2024-09-18,15,11-15d,10.159,,8.030,8.044,7.613
2024-09-04,2024-09-05,1,1-5d,7.861,6.340,7.533,7.624,8.360
2024-09-04,2024-09-06,2,1-5d,7.283,5.968,7.080,7.086,7.308
2024-09-04,2024-09-07,3,1-5d,8.431,6.427,8.043,7.698,7.944
2024-09-04,2024-09-08,4,1-5d,8.878,6.724,8.352,7.992,8.599
2024-09-04,2024-09-09,5,1-5d,8.518,6.506,7.923,7.702,8.399
2024-09-04,2024-09-10,6,6-10d,9.081,6.144,7.712,7.270,8.149
2024-09-04,2024-09-11,7,6-10d,8.846,6.074,7.705,7.257,7.514
2024-09-04,2024-09-12,8,6-10d,7.930,6.005,7.807,7.021,6.956
2024-09-04,2024-09-13,9,6-10d,8.608,6.110,7.805,7.019,7.104
2024-09-04,2024-09-14,10,6-10d,8.320,6.300,7.700,7.297,7.603
2024-09-04,2024-09-15,11,11-15d,8.695,6.526,7.491,7.414,7.167
2024-09-04,2024-09-16,12,11-15d,9.233,6.649,7.775,7.686,7.375
2024-09-04,2024-09-17,13,11-15d,9.545,6.745,8.056,7.743,7.295
2024-09-04,2024-09-18,14,11-15d,9.089,6.797,8.110,7.696,7.613
2024-09-04,2024-09-19,15,11-15d,7.943,,7.940,7.847,8.442
2024-09-05,2024-09-06,1,1-5d,7.201,5.889,7.245,7.108,7.308
2024-09-05,2024-09-07,2,1-5d,8.224,6.250,8.389,7.687,7.944
2024-09-05,2024-09-08,3,1-5d,8.677,7.030,8.402,8.181,8.599
2024-09-05,2024-09-09,4,1-5d,8.638,6.484,7.920,7.685,8.399
2024-09-05,2024-09-10,5,1-5d,8.944,6.106,7.885,7.563,8.149
2024-09-05,2024-09-11,6,6-10d,8.689,6.102,7.563,7.173,7.514
2024-09-05,2024-09-12,7,6-10d,8.865,6.191,7.581,7.311,6.956
2024-09-05,2024-09-13,8,6-10d,9.340,6.374,7.472,7.441,7.104
2024-09-05,2024-09-14,9,6-10d,9.369,6.542,7.333,7.332,7.603
2024-09-05,2024-09-15,10,6-10d,9.400,6.740,7.285,7.619,7.167
2024-09-05,2024-09-16,11,11-15d,9.530,6.817,7.388,7.649,7.375
2024-09-05,2024-09-17,12,11-15d,10.627,6.846,7.593,7.989,7.295
2024-09-05,2024-09-18,13,11-15d,9.191,6.876,7.781,7.679,7.613
2024-09-05,2024-09-19,14,11-15d,8.009,6.878,7.882,7.553,8.442
2024-09-05,2024-09-20,15,11-15d,8.306,,7.564,7.508,8.709
2024-09-06,2024-09-07,1,1-5d,8.057,6.359,8.176,7.736,7.944
2024-09-06,2024-09-08,2,1-5d,8.607,7.082,8.241,8.260,8.599
2024-09-06,2024-09-09,3,1-5d,8.261,6.565,7.856,7.709,8.399
2024-09-06,2024-09-10,4,1-5d,7.847,6.045,7.447,7.198,8.149
2024-09-06,2024-09-11,5,1-5d,7.145,5.936,7.134,6.898,7.514
2024-09-06,2024-09-12,6,6-10d,6.882,6.198,7.130,6.988,6.956
2024-09-06,2024-09-13,7,6-10d,6.464,6.551,6.736,7.016,7.104
2024-09-06,2024-09-14,8,6-10d,6.310,6.722,6.522,7.087,7.603
2024-09-06,2024-09-15,9,6-10d,6.188,6.472,6.617,7.010,7.167
2024-09-06,2024-09-16,10,6-10d,6.828,6.250,7.022,6.873,7.375
2024-09-06,2024-09-17,11,11-15d,7.905,6.331,7.408,7.169,7.295
2024-09-06,2024-09-18,12,11-15d,9.567,6.490,7.617,7.626,7.613
2024-09-06,2024-09-19,13,11-15d,10.262,6.683,7.586,7.675,8.442
2024-09-06,2024-09-20,14,11-15d,9.296,6.641,7.383,7.377,8.709
2024-09-06,2024-09-21,15,11-15d,7.082,,7.027,6.937,8.558
2024-09-07,2024-09-08,1,1-5d,8.586,6.995,8.394,8.314,8.599
2024-09-07,2024-09-09,2,1-5d,8.224,6.419,7.940,7.721,8.399
2024-09-07,2024-09-10,3,1-5d,8.110,6.089,7.725,7.367,8.149
2024-09-07,2024-09-11,4,1-5d,7.566,5.997,7.223,7.066,7.514
2024-09-07,2024-09-12,5,1-5d,8.326,6.173,7.409,7.377,6.956
2024-09-07,2024-09-13,6,6-10d,8.297,6.601,7.487,7.426,7.104
2024-09-07,2024-09-14,7,6-10d,7.699,6.762,7.296,7.451,7.603
2024-09-07,2024-09-15,8,6-10d,7.096,6.680,7.354,7.301,7.167
2024-09-07,2024-09-16,9,6-10d,7.034,6.540,7.334,7.214,7.375
2024-09-07,2024-09-17,10,6-10d,6.819,6.460,7.598,7.142,7.295
2024-09-07,2024-09-18,11,11-15d,7.327,6.623,7.784,7.360,7.613
2024-09-07,2024-09-19,12,11-15d,8.254,6.674,8.010,7.583,8.442
2024-09-07,2024-09-20,13,11-15d,7.719,6.772,8.118,7.502,8.709
2024-09-07,2024-09-21,14,11-15d,7.072,6.780,8.004,7.448,8.558
2024-09-07,2024-09-22,15,11-15d,7.294,,7.572,7.465,7.720
2024-09-08,2024-09-09,1,1-5d,8.113,6.519,7.616,7.824,8.399
2024-09-08,2024-09-10,2,1-5d,7.795,6.073,7.342,7.317,8.149
2024-09-08,2024-09-11,3,1-5d,7.238,6.004,6.762,6.949,7.514
2024-09-08,2024-09-12,4,1-5d,7.708,6.095,6.843,7.001,6.956
2024-09-08,2024-09-13,5,1-5d,7.227,6.247,6.765,7.050,7.104
2024-09-08,2024-09-14,6,6-10d,7.559,6.330,6.673,6.942,7.603
2024-09-08,2024-09-15,7,6-10d,8.008,6.429,6.925,7.206,7.167
2024-09-08,2024-09-16,8,6-10d,7.749,6.362,6.946,7.115,7.375
2024-09-08,2024-09-17,9,6-10d,7.633,6.427,7.074,7.115,7.295
2024-09-08,2024-09-18,10,6-10d,8.313,6.680,7.130,7.381,7.613
2024-09-08,2024-09-19,11,11-15d,7.797,6.911,7.176,7.362,8.442
2024-09-08,2024-09-20,12,11-15d,6.929,6.733,7.309,7.100,8.709
2024-09-08,2024-09-21,13,11-15d,5.854,6.467,7.341,6.822,8.558
2024-09-08,2024-09-22,14,11-15d,6.558,6.306,7.239,6.868,7.720
2024-09-08,2024-09-23,15,11-15d,7.043,,7.150,7.052,6.847
2024-09-09,2024-09-10,1,1-5d,7.805,5.962,7.547,7.378,8.149
2024-09-09,2024-09-11,2,1-5d,7.057,5.954,7.026,7.013,7.514
2024-09-09,2024-09-12,3,1-5d,6.967,5.958,6.820,6.879,6.956
2024-09-09,2024-09-13,4,1-5d,6.791,5.884,6.551,6.691,7.104
2024-09-09,2024-09-14,5,1-5d,7.145,6.021,6.863,6.909,7.603
2024-09-09,2024-09-15,6,6-10d,7.758,5.996,6.996,6.864,7.167
2024-09-09,2024-09-16,7,6-10d,7.739,5.779,6.909,6.740,7.375
2024-09-09,2024-09-17,8,6-10d,6.738,5.843,6.932,6.598,7.295
2024-09-09,2024-09-18,9,6-10d,5.666,6.044,6.999,6.699,7.613
2024-09-09,2024-09-19,10,6-10d,6.176,6.266,7.140,6.815,8.442
2024-09-09,2024-09-20,11,11-15d,7.355,6.175,6.946,6.847,8.709
2024-09-09,2024-09-21,12,11-15d,7.234,6.084,6.870,6.715,8.558
2024-09-09,2024-09-22,13,11-15d,6.606,6.077,6.690,6.525,7.720
2024-09-09,2024-09-23,14,11-15d,6.372,6.081,6.717,6.543,6.847
2024-09-09,2024-09-24,15,11-15d,5.958,,6.527,6.406,6.558
2024-09-10,2024-09-11,1,1-5d,6.947,5.744,6.858,6.913,7.514
2024-09-10,2024-09-12,2,1-5d,6.947,5.722,6.848,6.820,6.956
2024-09-10,2024-09-13,3,1-5d,7.009,5.951,6.732,6.866,7.104
2024-09-10,2024-09-14,4,1-5d,7.553,6.060,7.134,7.068,7.603
2024-09-10,2024-09-15,5,1-5d,7.327,5.919,6.929,6.903,7.167
2024-09-10,2024-09-16,6,6-10d,6.886,5.697,6.743,6.553,7.375
2024-09-10,2024-09-17,7,6-10d,7.125,5.758,6.790,6.611,7.295
2024-09-10,2024-09-18,8,6-10d,7.832,6.018,7.017,6.897,7.613
2024-09-10,2024-09-19,9,6-10d,8.275,6.278,7.305,7.062,8.442
2024-09-10,2024-09-20,10,6-10d,7.275,6.409,7.251,7.093,8.709
2024-09-10,2024-09-21,11,11-15d,6.323,6.362,6.875,6.761,8.558
2024-09-10,2024-09-22,12,11-15d,5.741,6.393,6.654,6.480,7.720
2024-09-10,2024-09-23,13,11-15d,6.608,6.322,6.635,6.643,6.847
2024-09-10,2024-09-24,14,11-15d,7.316,6.107,6.674,6.637,6.558
2024-09-10,2024-09-25,15,11-15d,7.421,,6.488,6.442,6.120
2024-09-11,2024-09-12,1,1-5d,6.702,5.623,6.536,6.738,6.956
2024-09-11,2024-09-13,2,1-5d,6.960,5.762,6.646,6.817,7.104
2024-09-11,2024-09-14,3,1-5d,7.546,6.051,7.137,7.114,7.603
2024-09-11,2024-09-15,4,1-5d,7.656,5.890,7.063,6.960,7.167
2024-09-11,2024-09-16,5,1-5d,7.659,5.820,6.917,6.925,7.375
2024-09-11,2024-09-17,6,6-10d,7.069,6.126,6.860,6.860,7.295
2024-09-11,2024-09-18,7,6-10d,6.951,6.381,6.840,7.000,7.613
2024-09-11,2024-09-19,8,6-10d,7.468,6.765,7.060,7.372,8.442
2024-09-11,2024-09-20,9,6-10d,6.493,6.751,7.200,7.336,8.709
2024-09-11,2024-09-21,10,6-10d,5.498,6.390,7.336,6.836,8.558
2024-09-11,2024-09-22,11,11-15d,5.419,6.178,7.374,6.708,7.720
2024-09-11,2024-09-23,12,11-15d,5.706,6.013,7.131,6.469,6.847
2024-09-11,2024-09-24,13,11-15d,6.106,5.971,6.984,6.479,6.558
2024-09-11,2024-09-25,14,11-15d,6.225,5.912,6.972,6.525,6.120
2024-09-11,2024-09-26,15,11-15d,6.278,,7.087,6.954,5.631
2024-09-12,2024-09-13,1,1-5d,6.465,5.643,6.562,6.669,7.104
2024-09-12,2024-09-14,2,1-5d,7.233,5.977,7.190,7.096,7.603
2024-09-12,2024-09-15,3,1-5d,7.302,5.781,7.236,6.923,7.167
2024-09-12,2024-09-16,4,1-5d,7.177,5.790,7.184,6.899,7.375
2024-09-12,2024-09-17,5,1-5d,6.927,6.031,7.207,6.912,7.295
2024-09-12,2024-09-18,6,6-10d,6.398,6.183,7.202,6.980,7.613
2024-09-12,2024-09-19,7,6-10d,6.311,6.589,7.360,7.143,8.442
2024-09-12,2024-09-20,8,6-10d,6.729,6.672,7.216,7.219,8.709
2024-09-12,2024-09-21,9,6-10d,6.538,6.447,6.987,7.063,8.558
2024-09-12,2024-09-22,10,6-10d,6.704,6.270,6.856,6.825,7.720
2024-09-12,2024-09-23,11,11-15d,7.223,6.008,6.768,6.681,6.847
2024-09-12,2024-09-24,12,11-15d,6.946,5.900,6.482,6.439,6.558
2024-09-12,2024-09-25,13,11-15d,6.872,5.944,6.542,6.447,6.120
2024-09-12,2024-09-26,14,11-15d,6.792,5.862,6.649,6.441,5.631
2024-09-12,2024-09-27,15,11-15d,6.404,,6.560,6.459,5.561
2024-09-13,2024-09-14,1,1-5d,7.806,6.043,7.382,7.419,7.603
2024-09-13,2024-09-15,2,1-5d,7.624,5.818,7.446,7.137,7.167
2024-09-13,2024-09-16,3,1-5d,7.119,5.891,7.075,6.920,7.375
2024-09-13,2024-09-17,4,1-5d,6.657,6.111,7.063,6.981,7.295
2024-09-13,2024-09-18,5,1-5d,6.576,6.137,6.900,6.842,7.613
2024-09-13,2024-09-19,6,6-10d,6.856,6.503,7.264,7.217,8.442
2024-09-13,2024-09-20,7,6-10d,6.751,6.636,7.402,7.248,8.709
2024-09-13,2024-09-21,8,6-10d,6.787,6.438,7.218,7.064,8.558
2024-09-13,2024-09-22,9,6-10d,5.895,6.220,6.923,6.839,7.720
2024-09-13,2024-09-23,10,6-10d,5.515,6.074,6.935,6.549,6.847
2024-09-13,2024-09-24,11,11-15d,5.090,5.966,6.792,6.349,6.558
2024-09-13,2024-09-25,12,11-15d,5.551,5.903,6.846,6.288,6.120
2024-09-13,2024-09-26,13,11-15d,7.053,5.903,6.983,6.584,5.631
2024-09-13,2024-09-27,14,11-15d,7.478,5.933,6.982,6.665,5.561
2024-09-13,2024-09-28,15,11-15d,7.693,,6.902,6.849,6.005
2024-09-14,2024-09-15,1,1-5d,7.604,5.843,7.355,7.227,7.167
2024-09-14,2024-09-16,2,1-5d,7.104,5.716,6.846,6.855,7.375
2024-09-14,2024-09-17,3,1-5d,6.909,5.772,6.736,6.739,7.295
2024-09-14,2024-09-18,4,1-5d,7.056,5.744,6.660,6.678,7.613
2024-09-14,2024-09-19,5,1-5d,7.119,6.194,6.993,7.026,8.442
2024-09-14,2024-09-20,6,6-10d,7.235,6.355,6.858,7.005,8.709
2024-09-14,2024-09-21,7,6-10d,7.518,6.308,6.903,7.050,8.558
2024-09-14,2024-09-22,8,6-10d,7.108,6.326,6.636,6.947,7.720
2024-09-14,2024-09-23,9,6-10d,6.733,6.095,6.462,6.712,6.847
2024-09-14,2024-09-24,10,6-10d,6.866,5.885,6.486,6.526,6.558
2024-09-14,2024-09-25,11,11-15d,7.374,5.851,6.588,6.562,6.120
2024-09-14,2024-09-26,12,11-15d,7.847,6.099,6.811,6.824,5.631
2024-09-14,2024-09-27,13,11-15d,10.016,6.169,7.196,7.238,5.561
2024-09-14,2024-09-28,14,11-15d,8.362,6.134,7.421,7.018,6.005
2024-09-14,2024-09-29,15,11-15d,7.876,,7.323,7.258,6.188
2024-09-15,2024-09-16,1,1-5d,7.048,5.553,6.738,6.828,7.375
2024-09-15,2024-09-17,2,1-5d,6.683,5.405,6.544,6.518,7.295
2024-09-15,2024-09-18,3,1-5d,6.159,5.429,6.448,6.326,7.613
2024-09-15,2024-09-19,4,1-5d,7.101,5.887,6.821,6.818,8.442
2024-09-15,2024-09-20,5,1-5d,7.423,6.057,6.926,7.009,8.709
2024-09-15,2024-09-21,6,6-10d,7.047,6.014,6.739,6.749,8.558
2024-09-15,2024-09-22,7,6-10d,6.455,6.045,6.593,6.657,7.720
2024-09-15,2024-09-23,8,6-10d,6.579,6.160,6.478,6.728,6.847
2024-09-15,2024-09-24,9,6-10d,6.035,6.110,6.264,6.660,6.558
2024-09-15,2024-09-25,10,6-10d,5.842,6.021,6.201,6.383,6.120
2024-09-15,2024-09-26,11,11-15d,7.805,6.019,6.524,6.689,5.631
2024-09-15,2024-09-27,12,11-15d,9.164,6.207,6.878,7.159,5.561
2024-09-15,2024-09-28,13,11-15d,8.797,6.292,7.256,7.141,6.005
2024-09-15,2024-09-29,14,11-15d,8.401,6.136,7.276,6.972,6.188
2024-09-15,2024-09-30,15,11-15d,7.724,,7.167,7.102,7.252
2024-09-16,2024-09-17,1,1-5d,6.842,5.464,6.573,6.694,7.295
2024-09-16,2024-09-18,2,1-5d,6.670,5.459,6.618,6.558,7.613
2024-09-16,2024-09-19,3,1-5d,7.344,6.128,7.359,7.164,8.442
2024-09-16,2024-09-20,4,1-5d,8.148,6.542,7.767,7.614,8.709
2024-09-16,2024-09-21,5,1-5d,7.786,6.442,7.465,7.412,8.558
2024-09-16,2024-09-22,6,6-10d,7.550,6.263,7.048,7.032,7.720
2024-09-16,2024-09-23,7,6-10d,6.957,6.221,6.823,6.893,6.847
2024-09-16,2024-09-24,8,6-10d,6.685,6.191,6.675,6.795,6.558
2024-09-16,2024-09-25,9,6-10d,8.147,6.061,6.774,6.802,6.120
2024-09-16,2024-09-26,10,6-10d,10.297,6.114,7.131,7.339,5.631
2024-09-16,2024-09-27,11,11-15d,10.214,6.372,7.062,7.415,5.561
2024-09-16,2024-09-28,12,11-15d,7.775,6.505,7.103,7.094,6.005
2024-09-16,2024-09-29,13,11-15d,7.685,6.501,7.401,7.133,6.188
2024-09-16,2024-09-30,14,11-15d,8.051,6.320,7.576,7.143,7.252
2024-09-16,2024-10-01,15,11-15d,7.975,,7.251,7.194,7.149
2024-09-17,2024-09-18,1,1-5d,6.857,5.491,6.715,6.722,7.613
2024-09-17,2024-09-19,2,1-5d,7.537,6.135,7.441,7.304,8.442
2024-09-17,2024-09-20,3,1-5d,8.057,6.554,7.810,7.653,8.709
2024-09-17,2024-09-21,4,1-5d,7.675,6.514,7.412,7.427,8.558
2024-09-17,2024-09-22,5,1-5d,7.542,6.323,7.203,7.240,7.720
2024-09-17,2024-09-23,6,6-10d,7.483,6.163,6.992,6.949,6.847
2024-09-17,2024-09-24,7,6-10d,7.759,6.145,6.934,6.986,6.558
2024-09-17,2024-09-25,8,6-10d,7.106,5.827,6.785,6.620,6.120
2024-09-17,2024-09-26,9,6-10d,5.918,5.794,6.726,6.470,5.631
2024-09-17,2024-09-27,10,6-10d,5.841,5.998,6.972,6.562,5.561
2024-09-17,2024-09-28,11,11-15d,7.318,6.052,7.154,6.853,6.005
2024-09-17,2024-09-29,12,11-15d,7.745,6.069,7.241,6.940,6.188
2024-09-17,2024-09-30,13,11-15d,7.686,6.295,7.264,6.979,7.252
2024-09-17,2024-10-01,14,11-15d,7.855,6.324,7.443,7.079,7.149
2024-09-17,2024-10-02,15,11-15d,8.433,,7.322,7.285,8.302
2024-09-18,2024-09-19,1,1-5d,7.785,6.175,8.024,7.523,8.442
2024-09-18,2024-09-20,2,1-5d,8.599,6.485,8.489,7.937,8.709
2024-09-18,2024-09-21,3,1-5d,8.517,6.587,8.092,7.821,8.558
2024-09-18,2024-09-22,4,1-5d,7.498,6.507,7.596,7.470,7.720
2024-09-18,2024-09-23,5,1-5d,7.073,6.279,7.078,7.078,6.847
2024-09-18,2024-09-24,6,6-10d,6.818,6.094,6.929,6.852,6.558
2024-09-18,2024-09-25,7,6-10d,6.337,5.759,6.374,6.410,6.120
2024-09-18,2024-09-26,8,6-10d,6.501,5.561,6.310,6.271,5.631
2024-09-18,2024-09-27,9,6-10d,7.924,5.541,6.604,6.350,5.561
2024-09-18,2024-09-28,10,6-10d,8.348,5.643,6.777,6.676,6.005
2024-09-18,2024-09-29,11,11-15d,8.317,5.832,6.996,6.837,6.188
2024-09-18,2024-09-30,12,11-15d,7.458,6.064,7.023,6.804,7.252
2024-09-18,2024-10-01,13,11-15d,7.818,6.329,7.121,6.974,7.149
2024-09-18,2024-10-02,14,11-15d,7.701,6.351,7.332,7.040,8.302
2024-09-18,2024-10-03,15,11-15d,6.672,,7.328,7.202,7.929
2024-09-19,2024-09-20,1,1-5d,8.745,6.624,8.388,8.147,8.709
2024-09-19,2024-09-21,2,1-5d,8.726,6.618,8.061,7.984,8.558
2024-09-19,2024-09-22,3,1-5d,7.761,6.531,7.465,7.511,7.720
2024-09-19,2024-09-23,4,1-5d,7.005,6.166,6.783,6.948,6.847
2024-09-19,2024-09-24,5,1-5d,6.514,5.977,6.674,6.696,6.558
2024-09-19,2024-09-25,6,6-10d,5.632,5.437,5.993,6.071,6.120
2024-09-19,2024-09-26,7,6-10d,6.457,5.373,5.903,6.083,5.631
2024-09-19,2024-09-27,8,6-10d,6.272,5.459,6.297,6.164,5.561
2024-09-19,2024-09-28,9,6-10d,6.251,5.619,6.627,6.332,6.005
2024-09-19,2024-09-29,10,6-10d,7.193,5.677,6.865,6.545,6.188
2024-09-19,2024-09-30,11,11-15d,8.638,5.912,7.098,6.961,7.252
2024-09-19,2024-10-01,12,11-15d,9.628,6.170,7.336,7.395,7.149
2024-09-19,2024-10-02,13,11-15d,9.793,6.338,7.522,7.396,8.302
2024-09-19,2024-10-03,14,11-15d,8.491,6.323,7.451,7.145,7.929
2024-09-19,2024-10-04,15,11-15d,7.179,,7.357,7.255,7.292
2024-09-20,2024-09-21,1,1-5d,8.757,6.653,8.148,8.156,8.558
2024-09-20,2024-09-22,2,1-5d,7.189,6.349,7.289,7.323,7.720
2024-09-20,2024-09-23,3,1-5d,6.353,5.876,6.380,6.619,6.847
2024-09-20,2024-09-24,4,1-5d,6.603,5.813,6.328,6.555,6.558
2024-09-20,2024-09-25,5,1-5d,5.762,5.435,5.892,6.066,6.120
2024-09-20,2024-09-26,6,6-10d,5.019,5.468,5.842,6.006,5.631
2024-09-20,2024-09-27,7,6-10d,4.549,5.583,6.097,5.972,5.561
2024-09-20,2024-09-28,8,6-10d,5.075,5.706,6.226,6.146,6.005
2024-09-20,2024-09-29,9,6-10d,5.289,5.750,6.369,6.350,6.188
2024-09-20,2024-09-30,10,6-10d,5.664,5.831,6.844,6.403,7.252
2024-09-20,2024-10-01,11,11-15d,6.094,5.975,7.419,6.723,7.149
2024-09-20,2024-10-02,12,11-15d,6.270,6.383,7.757,6.967,8.302
2024-09-20,2024-10-03,13,11-15d,6.535,6.614,7.653,7.098,7.929
2024-09-20,2024-10-04,14,11-15d,6.198,6.546,7.616,7.096,7.292
2024-09-20,2024-10-05,15,11-15d,6.330,,7.325,7.182,7.122
2024-09-21,2024-09-22,1,1-5d,7.504,6.263,7.285,7.440,7.720
2024-09-21,2024-09-23,2,1-5d,6.412,5.766,6.264,6.625,6.847
2024-09-21,2024-09-24,3,1-5d,6.450,5.741,6.231,6.528,6.558
2024-09-21,2024-09-25,4,1-5d,5.777,5.166,5.803,5.933,6.120
2024-09-21,2024-09-26,5,1-5d,5.482,5.005,5.859,5.733,5.631
2024-09-21,2024-09-27,6,6-10d,4.861,5.146,5.886,5.821,5.561
2024-09-21,2024-09-28,7,6-10d,5.384,5.491,6.135,6.045,6.005
2024-09-21,2024-09-29,8,6-10d,6.065,5.665,6.290,6.276,6.188
2024-09-21,2024-09-30,9,6-10d,6.491,5.806,6.239,6.435,7.252
2024-09-21,2024-10-01,10,6-10d,7.267,6.016,6.700,6.718,7.149
2024-09-21,2024-10-02,11,11-15d,9.086,6.203,7.121,7.182,8.302
2024-09-21,2024-10-03,12,11-15d,8.929,6.229,7.188,7.230,7.929
2024-09-21,2024-10-04,13,11-15d,7.301,6.335,7.209,6.926,7.292
2024-09-21,2024-10-05,14,11-15d,6.238,6.288,7.270,6.837,7.122
2024-09-21,2024-10-06,15,11-15d,6.225,,7.142,7.003,7.322
2024-09-22,2024-09-23,1,1-5d,6.280,5.745,6.279,6.651,6.847
2024-09-22,2024-09-24,2,1-5d,6.419,5.712,6.233,6.590,6.558
2024-09-22,2024-09-25,3,1-5d,5.918,5.040,5.845,5.924,6.120
2024-09-22,2024-09-26,4,1-5d,5.351,4.585,5.518,5.471,5.631
2024-09-22,2024-09-27,5,1-5d,5.857,4.799,5.916,5.712,5.561
2024-09-22,2024-09-28,6,6-10d,6.921,5.349,6.319,6.197,6.005
2024-09-22,2024-09-29,7,6-10d,7.017,5.724,6.440,6.503,6.188
2024-09-22,2024-09-30,8,6-10d,7.187,5.873,6.582,6.634,7.252
2024-09-22,2024-10-01,9,6-10d,7.882,5.944,6.879,6.711,7.149
2024-09-22,2024-10-02,10,6-10d,7.408,6.131,6.864,6.850,8.302
2024-09-22,2024-10-03,11,11-15d,6.845,6.170,6.871,6.742,7.929
2024-09-22,2024-10-04,12,11-15d,7.520,6.447,7.097,7.015,7.292
2024-09-22,2024-10-05,13,11-15d,6.948,6.717,7.006,7.023,7.122
2024-09-22,2024-10-06,14,11-15d,7.666,6.556,7.346,7.154,7.322
2024-09-22,2024-10-07,15,11-15d,8.254,,7.375,7.326,7.608
2024-09-23,2024-09-24,1,1-5d,6.399,5.433,6.247,6.504,6.558
2024-09-23,2024-09-25,2,1-5d,5.392,4.867,5.480,5.713,6.120
2024-09-23,2024-09-26,3,1-5d,4.631,4.590,5.119,5.251,5.631
2024-09-23,2024-09-27,4,1-5d,4.842,4.693,5.320,5.410,5.561
2024-09-23,2024-09-28,5,1-5d,5.416,5.196,6.013,5.854,6.005
2024-09-23,2024-09-29,6,6-10d,6.246,5.360,6.302,6.164,6.188
2024-09-23,2024-09-30,7,6-10d,6.939,5.425,6.753,6.359,7.252
2024-09-23,2024-10-01,8,6-10d,7.227,5.771,7.430,6.695,7.149
2024-09-23,2024-10-02,9,6-10d,7.183,6.107,7.881,6.957,8.302
2024-09-23,2024-10-03,10,6-10d,6.981,6.392,7.828,7.183,7.929
2024-09-23,2024-10-04,11,11-15d,5.959,6.570,7.741,7.113,7.292
2024-09-23,2024-10-05,12,11-15d,6.269,6.696,7.508,7.021,7.122
2024-09-23,2024-10-06,13,11-15d,7.939,6.757,7.182,7.246,7.322
2024-09-23,2024-10-07,14,11-15d,9.503,6.658,7.168,7.332,7.608
2024-09-23,2024-10-08,15,11-15d,9.388,,6.997,7.024,8.154
2024-09-24,2024-09-25,1,1-5d,5.507,4.765,5.441,5.751,6.120
2024-09-24,2024-09-26,2,1-5d,4.774,4.405,4.819,5.182,5.631
2024-09-24,2024-09-27,3,1-5d,5.201,4.701,5.252,5.458,5.561
2024-09-24,2024-09-28,4,1-5d,5.662,5.091,5.866,5.902,6.005
2024-09-24,2024-09-29,5,1-5d,6.061,5.251,6.051,6.054,6.188
2024-09-24,2024-09-30,6,6-10d,6.366,5.428,6.273,6.201,7.252
2024-09-24,2024-10-01,7,6-10d,6.492,5.816,6.869,6.569,7.149
2024-09-24,2024-10-02,8,6-10d,6.779,6.348,7.337,7.018,8.302
2024-09-24,2024-10-03,9,6-10d,6.661,6.770,7.675,7.431,7.929
2024-09-24,2024-10-04,10,6-10d,6.656,6.915,7.632,7.399,7.292
2024-09-24,2024-10-05,11,11-15d,6.708,6.941,7.341,7.271,7.122
2024-09-24,2024-10-06,12,11-15d,6.949,7.239,7.242,7.308,7.322
2024-09-24,2024-10-07,13,11-15d,7.304,7.316,7.119,7.439,7.608
2024-09-24,2024-10-08,14,11-15d,7.137,7.153,7.087,7.339,8.154
2024-09-24,2024-10-09,15,11-15d,7.607,,6.956,6.896,8.413
2024-09-25,2024-09-26,1,1-5d,4.928,4.521,4.973,5.378,5.631
2024-09-25,2024-09-27,2,1-5d,5.212,4.695,5.214,5.525,5.561
2024-09-25,2024-09-28,3,1-5d,6.183,5.058,5.917,6.002,6.005
2024-09-25,2024-09-29,4,1-5d,6.047,5.304,5.983,6.099,6.188
2024-09-25,2024-09-30,5,1-5d,6.832,5.598,6.641,6.543,7.252
2024-09-25,2024-10-01,6,6-10d,7.626,6.358,7.486,7.246,7.149
2024-09-25,2024-10-02,7,6-10d,9.148,6.986,7.973,7.949,8.302
2024-09-25,2024-10-03,8,6-10d,9.023,7.231,8.005,8.073,7.929
2024-09-25,2024-10-04,9,6-10d,7.426,7.175,7.583,7.779,7.292
2024-09-25,2024-10-05,10,6-10d,6.972,7.043,7.393,7.464,7.122
2024-09-25,2024-10-06,11,11-15d,6.710,7.054,7.325,7.322,7.322
2024-09-25,2024-10-07,12,11-15d,6.379,7.105,7.498,7.223,7.608
2024-09-25,2024-10-08,13,11-15d,6.900,7.219,7.512,7.443,8.154
2024-09-25,2024-10-09,14,11-15d,7.654,7.034,7.680,7.533,8.413
2024-09-25,2024-10-10,15,11-15d,7.766,,7.537,7.456,9.309
2024-09-26,2024-09-27,1,1-5d,5.224,4.751,5.255,5.634,5.561
2024-09-26,2024-09-28,2,1-5d,6.059,5.114,6.041,6.112,6.005
2024-09-26,2024-09-29,3,1-5d,5.974,5.258,6.044,6.105,6.188
2024-09-26,2024-09-30,4,1-5d,6.867,5.733,6.661,6.654,7.252
2024-09-26,2024-10-01,5,1-5d,7.430,6.466,7.555,7.351,7.149
2024-09-26,2024-10-02,6,6-10d,8.391,7.102,8.125,7.955,8.302
2024-09-26,2024-10-03,7,6-10d,9.108,7.172,8.163,8.102,7.929
2024-09-26,2024-10-04,8,6-10d,8.594,6.908,8.058,7.791,7.292
2024-09-26,2024-10-05,9,6-10d,8.828,6.985,8.247,7.797,7.122
2024-09-26,2024-10-06,10,6-10d,8.894,7.150,8.339,8.053,7.322
2024-09-26,2024-10-07,11,11-15d,7.010,7.030,7.963,7.579,7.608
2024-09-26,2024-10-08,12,11-15d,6.488,7.003,7.759,7.290,8.154
2024-09-26,2024-10-09,13,11-15d,7.869,7.037,7.752,7.561,8.413
2024-09-26,2024-10-10,14,11-15d,8.116,6.865,7.878,7.555,9.309
2024-09-26,2024-10-11,15,11-15d,7.322,,7.923,7.800,8.826
2024-09-27,2024-09-28,1,1-5d,5.898,5.147,5.943,6.142,6.005
2024-09-27,2024-09-29,2,1-5d,6.006,5.158,6.014,6.121,6.188
2024-09-27,2024-09-30,3,1-5d,6.691,5.650,6.700,6.615,7.252
2024-09-27,2024-10-01,4,1-5d,7.402,6.282,7.513,7.307,7.149
2024-09-27,2024-10-02,5,1-5d,8.460,6.982,8.314,8.032,8.302
2024-09-27,2024-10-03,6,6-10d,8.526,7.325,8.572,8.252,7.929
2024-09-27,2024-10-04,7,6-10d,7.444,7.274,8.386,7.963,7.292
2024-09-27,2024-10-05,8,6-10d,7.297,7.542,8.459,8.100,7.122
2024-09-27,2024-10-06,9,6-10d,7.197,7.903,8.582,8.500,7.322
2024-09-27,2024-10-07,10,6-10d,5.715,7.885,8.410,8.035,7.608
2024-09-27,2024-10-08,11,11-15d,6.675,7.994,8.362,8.150,8.154
2024-09-27,2024-10-09,12,11-15d,7.731,8.118,8.364,8.252,8.413
2024-09-27,2024-10-10,13,11-15d,10.286,8.094,8.528,8.737,9.309
2024-09-27,2024-10-11,14,11-15d,10.825,7.868,8.519,8.602,8.826
2024-09-27,2024-10-12,15,11-15d,9.540,,8.161,8.137,7.801
2024-09-28,2024-09-29,1,1-5d,5.856,5.198,5.822,6.152,6.188
2024-09-28,2024-09-30,2,1-5d,6.356,5.598,6.541,6.552,7.252
2024-09-28,2024-10-01,3,1-5d,6.917,6.363,7.384,7.225,7.149
2024-09-28,2024-10-02,4,1-5d,7.785,7.093,8.010,7.966,8.302
2024-09-28,2024-10-03,5,1-5d,7.694,7.016,8.035,7.819,7.929
2024-09-28,2024-10-04,6,6-10d,6.647,6.756,7.545,7.457,7.292
2024-09-28,2024-10-05,7,6-10d,5.946,6.858,7.174,7.226,7.122
2024-09-28,2024-10-06,8,6-10d,6.043,7.032,7.051,7.344,7.322
2024-09-28,2024-10-07,9,6-10d,6.446,6.883,7.249,7.446,7.608
2024-09-28,2024-10-08,10,6-10d,6.330,6.908,7.616,7.342,8.154
2024-09-28,2024-10-09,11,11-15d,5.874,7.174,7.957,7.478,8.413
2024-09-28,2024-10-10,12,11-15d,7.130,7.497,7.809,7.659,9.309
2024-09-28,2024-10-11,13,11-15d,8.038,7.847,7.724,8.023,8.826
2024-09-28,2024-10-12,14,11-15d,8.972,7.748,8.000,8.169,7.801
2024-09-28,2024-10-13,15,11-15d,9.921,,7.954,7.959,8.868
2024-09-29,2024-09-30,1,1-5d,6.449,5.687,6.442,6.683,7.252
2024-09-29,2024-10-01,2,1-5d,6.907,6.146,7.291,7.131,7.149
2024-09-29,2024-10-02,3,1-5d,7.335,6.913,7.661,7.694,8.302
2024-09-29,2024-10-03,4,1-5d,7.146,7.023,7.461,7.671,7.929
2024-09-29,2024-10-04,5,1-5d,6.496,6.903,7.129,7.316,7.292
2024-09-29,2024-10-05,6,6-10d,6.725,7.238,7.368,7.688,7.122
2024-09-29,2024-10-06,7,6-10d,7.079,7.567,7.361,7.894,7.322
2024-09-29,2024-10-07,8,6-10d,7.214,7.635,7.302,7.979,7.608
2024-09-29,2024-10-08,9,6-10d,7.780,7.766,7.581,8.269,8.154
2024-09-29,2024-10-09,10,6-10d,7.567,7.832,7.791,8.126,8.413
2024-09-29,2024-10-10,11,11-15d,6.931,7.693,8.041,7.926,9.309
2024-09-29,2024-10-11,12,11-15d,6.556,7.653,8.375,7.812,8.826
2024-09-29,2024-10-12,13,11-15d,6.965,7.979,8.556,8.184,7.801
2024-09-29,2024-10-13,14,11-15d,6.937,7.989,8.599,8.308,8.868
2024-09-29,2024-10-14,15,11-15d,5.487,,8.337,8.102,10.646
2024-09-30,2024-10-01,1,1-5d,6.651,6.214,7.204,7.108,7.149
2024-09-30,2024-10-02,2,1-5d,7.150,6.861,7.545,7.659,8.302
2024-09-30,2024-10-03,3,1-5d,7.454,6.944,7.401,7.684,7.929
2024-09-30,2024-10-04,4,1-5d,6.674,6.558,6.856,7.156,7.292
2024-09-30,2024-10-05,5,1-5d,7.077,6.541,7.487,7.297,7.122
2024-09-30,2024-10-06,6,6-10d,7.522,6.896,7.568,7.593,7.322
2024-09-30,2024-10-07,7,6-10d,7.370,7.087,7.475,7.648,7.608
2024-09-30,2024-10-08,8,6-10d,6.587,7.162,7.342,7.560,8.154
2024-09-30,2024-10-09,9,6-10d,7.176,7.134,7.232,7.681,8.413
2024-09-30,2024-10-10,10,6-10d,7.363,7.123,7.456,7.586,9.309
2024-09-30,2024-10-11,11,11-15d,7.466,7.307,7.631,7.669,8.826
2024-09-30,2024-10-12,12,11-15d,7.984,7.715,7.951,7.977,7.801
2024-09-30,2024-10-13,13,11-15d,8.319,7.962,8.633,8.401,8.868
2024-09-30,2024-10-14,14,11-15d,8.749,7.763,8.979,8.498,10.646
2024-09-30,2024-10-15,15,11-15d,7.798,,8.564,8.433,13.299
2024-10-01,2024-10-02,1,1-5d,7.260,6.836,7.407,7.725,8.302
2024-10-01,2024-10-03,2,1-5d,7.298,6.970,7.390,7.772,7.929
2024-10-01,2024-10-04,3,1-5d,6.637,6.612,6.554,7.155,7.292
2024-10-01,2024-10-05,4,1-5d,6.247,6.495,6.614,7.040,7.122
2024-10-01,2024-10-06,5,1-5d,6.604,6.797,7.031,7.307,7.322
2024-10-01,2024-10-07,6,6-10d,8.208,7.442,8.026,8.160,7.608
2024-10-01,2024-10-08,7,6-10d,8.274,7.661,8.284,8.357,8.154
2024-10-01,2024-10-09,8,6-10d,6.783,7.346,7.391,7.761,8.413
2024-10-01,2024-10-10,9,6-10d,6.100,7.167,6.688,7.610,9.309
2024-10-01,2024-10-11,10,6-10d,5.952,7.308,6.951,7.446,8.826
2024-10-01,2024-10-12,11,11-15d,6.622,7.533,7.233,7.535,7.801
2024-10-01,2024-10-13,12,11-15d,7.520,7.603,7.340,7.633,8.868
2024-10-01,2024-10-14,13,11-15d,9.797,7.906,7.754,8.337,10.646
2024-10-01,2024-10-15,14,11-15d,9.578,8.022,8.806,8.666,13.299
2024-10-01,2024-10-16,15,11-15d,8.398,,8.971,8.814,13.218
2024-10-02,2024-10-03,1,1-5d,7.420,7.030,7.480,7.895,7.929
2024-10-02,2024-10-04,2,1-5d,6.686,6.553,6.764,7.264,7.292
2024-10-02,2024-10-05,3,1-5d,6.547,6.404,6.535,7.018,7.122
2024-10-02,2024-10-06,4,1-5d,6.947,6.790,6.821,7.344,7.322
2024-10-02,2024-10-07,5,1-5d,8.072,7.339,7.731,8.104,7.608
2024-10-02,2024-10-08,6,6-10d,7.840,7.713,7.957,8.280,8.154
2024-10-02,2024-10-09,7,6-10d,7.665,7.749,7.505,8.167,8.413
2024-10-02,2024-10-10,8,6-10d,7.463,7.619,7.443,8.062,9.309
2024-10-02,2024-10-11,9,6-10d,7.562,7.592,7.590,8.158,8.826
2024-10-02,2024-10-12,10,6-10d,7.549,7.682,7.567,8.015,7.801
2024-10-02,2024-10-13,11,11-15d,7.521,7.922,7.661,8.014,8.868
2024-10-02,2024-10-14,12,11-15d,6.607,8.196,8.021,7.955,10.646
2024-10-02,2024-10-15,13,11-15d,8.464,8.330,8.491,8.591,13.299
2024-10-02,2024-10-16,14,11-15d,11.845,8.344,8.659,9.018,13.218
2024-10-02,2024-10-17,15,11-15d,10.976,,8.502,8.497,12.753
2024-10-03,2024-10-04,1,1-5d,6.796,6.514,6.940,7.339,7.292
2024-10-03,2024-10-05,2,1-5d,6.780,6.297,6.783,7.147,7.122
2024-10-03,2024-10-06,3,1-5d,6.807,6.934,7.107,7.505,7.322
2024-10-03,2024-10-07,4,1-5d,7.587,7.380,7.838,8.089,7.608
2024-10-03,2024-10-08,5,1-5d,7.615,7.663,8.052,8.232,8.154
2024-10-03,2024-10-09,6,6-10d,7.646,8.052,8.072,8.514,8.413
2024-10-03,2024-10-10,7,6-10d,6.870,8.106,7.404,8.260,9.309
2024-10-03,2024-10-11,8,6-10d,6.083,7.629,6.909,7.782,8.826
2024-10-03,2024-10-12,9,6-10d,6.649,7.343,7.112,7.841,7.801
2024-10-03,2024-10-13,10,6-10d,8.157,7.469,7.436,7.908,8.868
2024-10-03,2024-10-14,11,11-15d,9.900,7.812,7.799,8.365,10.646
2024-10-03,2024-10-15,12,11-15d,11.840,8.249,8.500,9.193,13.299
2024-10-03,2024-10-16,13,11-15d,11.209,8.351,9.145,9.211,13.218
2024-10-03,2024-10-17,14,11-15d,9.234,7.911,8.726,8.542,12.753
2024-10-03,2024-10-18,15,11-15d,8.026,,8.131,7.997,10.830
2024-10-04,2024-10-05,1,1-5d,6.775,6.372,6.932,7.253,7.122
2024-10-04,2024-10-06,2,1-5d,6.726,6.853,7.269,7.563,7.322
2024-10-04,2024-10-07,3,1-5d,7.339,7.559,7.829,8.135,7.608
2024-10-04,2024-10-08,4,1-5d,7.398,7.831,7.761,8.291,8.154
2024-10-04,2024-10-09,5,1-5d,7.575,8.392,7.899,8.637,8.413
2024-10-04,2024-10-10,6,6-10d,7.849,8.177,7.643,8.449,9.309
2024-10-04,2024-10-11,7,6-10d,8.382,7.220,7.317,7.894,8.826
2024-10-04,2024-10-12,8,6-10d,7.172,6.942,6.999,7.478,7.801
2024-10-04,2024-10-13,9,6-10d,6.379,7.572,7.116,8.012,8.868
2024-10-04,2024-10-14,10,6-10d,6.833,8.238,7.601,8.287,10.646
2024-10-04,2024-10-15,11,11-15d,7.216,8.556,8.187,8.470,13.299
2024-10-04,2024-10-16,12,11-15d,6.789,8.727,8.184,8.288,13.218
2024-10-04,2024-10-17,13,11-15d,6.723,8.512,7.941,8.265,12.753
2024-10-04,2024-10-18,14,11-15d,6.018,8.131,8.031,8.098,10.830
2024-10-04,2024-10-19,15,11-15d,5.949,,7.758,7.539,8.984
2024-10-05,2024-10-06,1,1-5d,7.003,6.802,7.503,7.626,7.322
2024-10-05,2024-10-07,2,1-5d,7.506,7.287,7.941,8.126,7.608
2024-10-05,2024-10-08,3,1-5d,7.611,7.841,7.871,8.355,8.154
2024-10-05,2024-10-09,4,1-5d,7.838,8.135,8.070,8.610,8.413
2024-10-05,2024-10-10,5,1-5d,8.234,8.188,8.306,8.740,9.309
2024-10-05,2024-10-11,6,6-10d,7.414,7.317,7.885,7.996,8.826
2024-10-05,2024-10-12,7,6-10d,6.719,6.622,7.294,7.251,7.801
2024-10-05,2024-10-13,8,6-10d,7.555,7.099,7.370,7.701,8.868
2024-10-05,2024-10-14,9,6-10d,8.592,8.494,8.504,9.068,10.646
2024-10-05,2024-10-15,10,6-10d,9.449,9.599,9.387,9.901,13.299
2024-10-05,2024-10-16,11,11-15d,8.437,9.508,9.113,9.453,13.218
2024-10-05,2024-10-17,12,11-15d,9.224,8.513,8.699,8.859,12.753
2024-10-05,2024-10-18,13,11-15d,9.643,7.854,8.906,8.631,10.830
2024-10-05,2024-10-19,14,11-15d,8.422,7.689,9.226,8.514,8.984
2024-10-05,2024-10-20,15,11-15d,8.081,,9.022,8.846,8.641
2024-10-06,2024-10-07,1,1-5d,7.528,7.174,7.721,8.036,7.608
2024-10-06,2024-10-08,2,1-5d,7.584,7.661,7.628,8.269,8.154
2024-10-06,2024-10-09,3,1-5d,7.328,8.005,7.788,8.368,8.413
2024-10-06,2024-10-10,4,1-5d,7.900,8.239,8.008,8.652,9.309
2024-10-06,2024-10-11,5,1-5d,7.642,7.405,7.465,7.996,8.826
2024-10-06,2024-10-12,6,6-10d,6.596,6.637,6.885,7.197,7.801
2024-10-06,2024-10-13,7,6-10d,6.953,7.033,7.085,7.511,8.868
2024-10-06,2024-10-14,8,6-10d,9.410,8.105,8.545,8.860,10.646
2024-10-06,2024-10-15,9,6-10d,10.305,8.545,9.849,9.396,13.299
2024-10-06,2024-10-16,10,6-10d,9.018,8.515,9.599,9.271,13.218
2024-10-06,2024-10-17,11,11-15d,9.149,8.119,8.590,8.682,12.753
2024-10-06,2024-10-18,12,11-15d,10.250,7.564,8.313,8.502,10.830
2024-10-06,2024-10-19,13,11-15d,10.237,7.580,8.672,8.499,8.984
2024-10-06,2024-10-20,14,11-15d,9.620,7.669,9.026,8.553,8.641
2024-10-06,2024-10-21,15,11-15d,9.897,,8.742,8.671,7.488
2024-10-07,2024-10-08,1,1-5d,7.129,7.523,7.600,8.077,8.154
2024-10-07,2024-10-09,2,1-5d,7.479,7.669,7.819,8.300,8.413
2024-10-07,2024-10-10,3,1-5d,8.001,8.247,8.492,8.812,9.309
2024-10-07,2024-10-11,4,1-5d,8.162,7.880,7.921,8.450,8.826
2024-10-07,2024-10-12,5,1-5d,7.342,7.113,7.253,7.714,7.801
2024-10-07,2024-10-13,6,6-10d,8.763,7.955,8.013,8.491,8.868
2024-10-07,2024-10-14,7,6-10d,10.319,9.213,9.515,9.919,10.646
2024-10-07,2024-10-15,8,6-10d,11.445,9.757,10.430,10.604,13.299
2024-10-07,2024-10-16,9,6-10d,11.061,9.241,9.738,9.974,13.218
2024-10-07,2024-10-17,10,6-10d,10.001,8.283,8.656,8.947,12.753
2024-10-07,2024-10-18,11,11-15d,8.819,7.831,8.153,8.336,10.830
2024-10-07,2024-10-19,12,11-15d,8.200,7.845,8.287,8.209,8.984
2024-10-07,2024-10-20,13,11-15d,8.108,8.236,8.845,8.592,8.641
2024-10-07,2024-10-21,14,11-15d,9.480,8.218,9.850,9.129,7.488
2024-10-07,2024-10-22,15,11-15d,8.316,,10.003,9.790,7.464
2024-10-08,2024-10-09,1,1-5d,7.499,7.657,7.511,8.271,8.413
2024-10-08,2024-10-10,2,1-5d,8.408,8.125,8.671,8.950,9.309
2024-10-08,2024-10-11,3,1-5d,8.051,7.750,8.170,8.468,8.826
2024-10-08,2024-10-12,4,1-5d,7.377,7.168,7.542,7.848,7.801
2024-10-08,2024-10-13,5,1-5d,8.765,8.260,8.751,8.983,8.868
2024-10-08,2024-10-14,6,6-10d,10.580,9.941,11.075,10.845,10.646
2024-10-08,2024-10-15,7,6-10d,11.887,11.432,12.602,12.214,13.299
2024-10-08,2024-10-16,8,6-10d,11.173,11.593,12.300,12.129,13.218
2024-10-08,2024-10-17,9,6-10d,9.637,10.588,10.770,11.135,12.753
2024-10-08,2024-10-18,10,6-10d,8.226,9.009,9.404,9.430,10.830
2024-10-08,2024-10-19,11,11-15d,7.557,8.003,8.516,8.360,8.984
2024-10-08,2024-10-20,12,11-15d,7.183,7.799,7.962,7.871,8.641
2024-10-08,2024-10-21,13,11-15d,8.390,8.126,8.206,8.382,7.488
2024-10-08,2024-10-22,14,11-15d,9.618,8.186,8.711,8.727,7.464
2024-10-08,2024-10-23,15,11-15d,8.736,,8.836,8.702,8.381
2024-10-09,2024-10-10,1,1-5d,8.312,8.292,8.803,9.034,9.309
2024-10-09,2024-10-11,2,1-5d,8.031,7.806,8.237,8.590,8.826
2024-10-09,2024-10-12,3,1-5d,7.222,7.220,7.385,7.815,7.801
2024-10-09,2024-10-13,4,1-5d,8.421,8.367,8.682,9.011,8.868
2024-10-09,2024-10-14,5,1-5d,10.210,10.068,10.788,10.734,10.646
2024-10-09,2024-10-15,6,6-10d,12.000,11.458,12.599,12.360,13.299
2024-10-09,2024-10-16,7,6-10d,12.737,11.492,12.179,12.296,13.218
2024-10-09,2024-10-17,8,6-10d,11.641,10.547,10.732,11.232,12.753
2024-10-09,2024-10-18,9,6-10d,9.992,9.040,9.307,9.695,10.830
2024-10-09,2024-10-19,10,6-10d,7.972,7.820,8.304,8.361,8.984
2024-10-09,2024-10-20,11,11-15d,7.635,7.452,8.221,7.993,8.641
2024-10-09,2024-10-21,12,11-15d,7.136,7.707,8.824,8.122,7.488
2024-10-09,2024-10-22,13,11-15d,7.471,8.301,9.123,8.616,7.464
2024-10-09,2024-10-23,14,11-15d,7.832,8.381,9.159,8.812,8.381
2024-10-09,2024-10-24,15,11-15d,6.082,,9.011,8.736,10.130
2024-10-10,2024-10-11,1,1-5d,7.817,7.803,7.999,8.511,8.826
2024-10-10,2024-10-12,2,1-5d,6.938,6.956,7.231,7.653,7.801
2024-10-10,2024-10-13,3,1-5d,8.001,7.924,8.541,8.647,8.868
2024-10-10,2024-10-14,4,1-5d,10.388,9.886,10.781,10.777,10.646
2024-10-10,2024-10-15,5,1-5d,11.789,11.641,12.261,12.294,13.299
2024-10-10,2024-10-16,6,6-10d,10.183,11.611,10.795,11.729,13.218
2024-10-10,2024-10-17,7,6-10d,8.459,10.465,8.647,10.280,12.753
2024-10-10,2024-10-18,8,6-10d,7.640,9.267,7.742,9.287,10.830
2024-10-10,2024-10-19,9,6-10d,7.627,8.388,7.425,8.773,8.984
2024-10-10,2024-10-20,10,6-10d,7.687,7.684,7.631,8.049,8.641
2024-10-10,2024-10-21,11,11-15d,8.819,7.498,8.301,8.221,7.488
2024-10-10,2024-10-22,12,11-15d,9.477,7.793,8.678,8.578,7.464
2024-10-10,2024-10-23,13,11-15d,7.995,8.551,8.929,8.774,8.381
2024-10-10,2024-10-24,14,11-15d,7.565,8.944,9.539,9.228,10.130
2024-10-10,2024-10-25,15,11-15d,7.638,,9.520,9.297,10.393
2024-10-11,2024-10-12,1,1-5d,6.933,6.854,7.199,7.600,7.801
2024-10-11,2024-10-13,2,1-5d,8.302,7.741,8.698,8.724,8.868
2024-10-11,2024-10-14,3,1-5d,10.184,9.757,11.007,10.708,10.646
2024-10-11,2024-10-15,4,1-5d,12.017,11.616,12.564,12.516,13.299
2024-10-11,2024-10-16,5,1-5d,11.126,11.750,11.447,12.072,13.218
2024-10-11,2024-10-17,6,6-10d,9.177,11.059,9.253,10.808,12.753
2024-10-11,2024-10-18,7,6-10d,7.853,9.856,7.861,9.636,10.830
2024-10-11,2024-10-19,8,6-10d,7.746,8.860,7.587,8.995,8.984
2024-10-11,2024-10-20,9,6-10d,7.533,8.105,7.840,8.604,8.641
2024-10-11,2024-10-21,10,6-10d,7.647,8.124,8.707,8.632,7.488
2024-10-11,2024-10-22,11,11-15d,8.259,8.504,9.611,9.099,7.464
2024-10-11,2024-10-23,12,11-15d,7.864,8.767,9.892,9.119,8.381
2024-10-11,2024-10-24,13,11-15d,7.180,9.348,9.943,9.394,10.130
2024-10-11,2024-10-25,14,11-15d,8.353,9.553,10.139,9.852,10.393
2024-10-11,2024-10-26,15,11-15d,8.861,,10.135,9.943,9.970
2024-10-12,2024-10-13,1,1-5d,8.265,7.741,8.751,8.709,8.868
2024-10-12,2024-10-14,2,1-5d,10.087,9.390,11.019,10.568,10.646
2024-10-12,2024-10-15,3,1-5d,12.489,11.800,13.351,12.879,13.299
2024-10-12,2024-10-16,4,1-5d,11.762,11.922,12.551,12.654,13.218
2024-10-12,2024-10-17,5,1-5d,9.993,11.182,10.527,11.309,12.753
2024-10-12,2024-10-18,6,6-10d,8.138,9.574,8.627,9.646,10.830
2024-10-12,2024-10-19,7,6-10d,8.034,8.558,8.332,8.914,8.984
2024-10-12,2024-10-20,8,6-10d,7.328,8.018,7.813,8.377,8.641
2024-10-12,2024-10-21,9,6-10d,8.078,8.548,7.673,8.961,7.488
2024-10-12,2024-10-22,10,6-10d,8.447,9.088,7.938,9.059,7.464
2024-10-12,2024-10-23,11,11-15d,7.082,9.183,8.267,8.791,8.381
2024-10-12,2024-10-24,12,11-15d,6.733,9.800,8.712,8.944,10.130
2024-10-12,2024-10-25,13,11-15d,6.237,10.359,9.137,9.567,10.393
2024-10-12,2024-10-26,14,11-15d,6.220,9.998,9.561,9.681,9.970
2024-10-12,2024-10-27,15,11-15d,6.600,,9.555,9.279,10.966
2024-10-13,2024-10-14,1,1-5d,10.091,9.443,10.812,10.490,10.646
2024-10-13,2024-10-15,2,1-5d,12.717,12.026,13.588,13.186,13.299
2024-10-13,2024-10-16,3,1-5d,12.348,12.542,13.843,13.381,13.218
2024-10-13,2024-10-17,4,1-5d,11.248,11.828,12.265,12.451,12.753
2024-10-13,2024-10-18,5,1-5d,9.263,10.177,10.339,10.496,10.830
2024-10-13,2024-10-19,6,6-10d,8.232,8.974,9.259,9.512,8.984
2024-10-13,2024-10-20,7,6-10d,7.234,8.373,8.563,8.720,8.641
2024-10-13,2024-10-21,8,6-10d,6.272,8.469,8.487,8.635,7.488
2024-10-13,2024-10-22,9,6-10d,6.271,8.574,8.242,8.977,7.464
2024-10-13,2024-10-23,10,6-10d,7.772,8.293,7.821,8.480,8.381
2024-10-13,2024-10-24,11,11-15d,9.152,8.620,8.763,8.994,10.130
2024-10-13,2024-10-25,12,11-15d,8.668,9.077,9.877,9.414,10.393
2024-10-13,2024-10-26,13,11-15d,8.648,9.403,11.144,10.005,9.970
2024-10-13,2024-10-27,14,11-15d,8.346,9.207,11.849,10.259,10.966
2024-10-13,2024-10-28,15,11-15d,8.741,,11.431,11.168,10.858
2024-10-14,2024-10-15,1,1-5d,12.993,12.190,13.640,13.300,13.299
2024-10-14,2024-10-16,2,1-5d,12.614,12.420,13.537,13.370,13.218
2024-10-14,2024-10-17,3,1-5d,10.865,11.888,11.864,12.230,12.753
2024-10-14,2024-10-18,4,1-5d,9.160,10.164,9.926,10.508,10.830
2024-10-14,2024-10-19,5,1-5d,8.281,9.080,8.994,9.390,8.984
2024-10-14,2024-10-20,6,6-10d,7.397,8.164,7.919,8.515,8.641
2024-10-14,2024-10-21,7,6-10d,6.171,7.458,7.123,7.678,7.488
2024-10-14,2024-10-22,8,6-10d,6.977,7.290,7.041,7.699,7.464
2024-10-14,2024-10-23,9,6-10d,10.055,7.607,7.448,8.273,8.381
2024-10-14,2024-10-24,10,6-10d,11.437,8.987,8.807,9.558,10.130
2024-10-14,2024-10-25,11,11-15d,9.497,9.925,10.282,10.230,10.393
2024-10-14,2024-10-26,12,11-15d,7.503,9.862,10.699,9.822,9.970
2024-10-14,2024-10-27,13,11-15d,7.951,9.640,10.697,9.897,10.966
2024-10-14,2024-10-28,14,11-15d,9.010,9.621,10.569,10.105,10.858
2024-10-14,2024-10-29,15,11-15d,9.275,,10.265,10.087,9.079
2024-10-15,2024-10-16,1,1-5d,12.212,12.443,13.417,13.143,13.218
2024-10-15,2024-10-17,2,1-5d,11.066,11.826,12.031,12.357,12.753
2024-10-15,2024-10-18,3,1-5d,8.999,9.959,10.054,10.344,10.830
2024-10-15,2024-10-19,4,1-5d,8.030,9.029,9.077,9.474,8.984
2024-10-15,2024-10-20,5,1-5d,7.036,8.245,7.955,8.422,8.641
2024-10-15,2024-10-21,6,6-10d,5.961,7.498,7.079,7.750,7.488
2024-10-15,2024-10-22,7,6-10d,6.405,7.446,6.961,7.673,7.464
2024-10-15,2024-10-23,8,6-10d,7.971,8.135,7.470,8.504,8.381
2024-10-15,2024-10-24,9,6-10d,8.876,9.334,8.657,9.777,10.130
2024-10-15,2024-10-25,10,6-10d,8.433,9.245,9.749,9.695,10.393
2024-10-15,2024-10-26,11,11-15d,7.668,8.837,9.839,9.256,9.970
2024-10-15,2024-10-27,12,11-15d,8.726,8.940,9.841,9.351,10.966
2024-10-15,2024-10-28,13,11-15d,12.335,9.732,10.308,10.488,10.858
2024-10-15,2024-10-29,14,11-15d,16.037,10.291,11.433,11.479,9.079
2024-10-15,2024-10-30,15,11-15d,16.112,,11.951,12.030,7.936
2024-10-16,2024-10-17,1,1-5d,10.862,11.907,11.794,12.214,12.753
2024-10-16,2024-10-18,2,1-5d,8.825,9.973,9.748,10.319,10.830
2024-10-16,2024-10-19,3,1-5d,7.740,9.088,8.763,9.290,8.984
2024-10-16,2024-10-20,4,1-5d,7.039,8.281,7.916,8.557,8.641
2024-10-16,2024-10-21,5,1-5d,6.367,7.611,7.081,7.743,7.488
2024-10-16,2024-10-22,6,6-10d,6.484,7.362,6.860,7.618,7.464
2024-10-16,2024-10-23,7,6-10d,7.120,7.517,7.551,7.944,8.381
2024-10-16,2024-10-24,8,6-10d,8.393,8.423,9.027,9.002,10.130
2024-10-16,2024-10-25,9,6-10d,7.717,8.866,9.577,9.483,10.393
2024-10-16,2024-10-26,10,6-10d,7.424,8.917,9.297,9.262,9.970
2024-10-16,2024-10-27,11,11-15d,8.527,9.235,9.108,9.328,10.966
2024-10-16,2024-10-28,12,11-15d,10.368,9.944,9.884,10.146,10.858
2024-10-16,2024-10-29,13,11-15d,11.822,10.683,11.390,11.259,9.079
2024-10-16,2024-10-30,14,11-15d,11.939,10.637,12.452,11.616,7.936
2024-10-16,2024-10-31,15,11-15d,12.098,,11.677,11.569,8.796
2024-10-17,2024-10-18,1,1-5d,8.921,9.888,9.540,10.198,10.830
2024-10-17,2024-10-19,2,1-5d,7.503,8.899,8.355,9.116,8.984
2024-10-17,2024-10-20,3,1-5d,6.870,8.069,7.479,8.235,8.641
2024-10-17,2024-10-21,4,1-5d,6.066,7.298,6.743,7.508,7.488
2024-10-17,2024-10-22,5,1-5d,6.298,7.175,6.809,7.424,7.464
2024-10-17,2024-10-23,6,6-10d,7.434,7.546,7.715,8.075,8.381
2024-10-17,2024-10-24,7,6-10d,8.965,8.619,9.446,9.316,10.130
2024-10-17,2024-10-25,8,6-10d,10.513,8.972,10.237,9.886,10.393
2024-10-17,2024-10-26,9,6-10d,9.082,8.459,9.465,9.209,9.970
2024-10-17,2024-10-27,10,6-10d,7.161,8.245,8.593,8.621,10.966
2024-10-17,2024-10-28,11,11-15d,7.060,8.624,8.709,8.663,10.858
2024-10-17,2024-10-29,12,11-15d,8.973,9.344,9.897,9.602,9.079
2024-10-17,2024-10-30,13,11-15d,11.862,10.126,10.871,10.803,7.936
2024-10-17,2024-10-31,14,11-15d,13.579,10.024,10.681,10.823,8.796
2024-10-17,2024-11-01,15,11-15d,11.073,,10.178,10.462,10.164
2024-10-18,2024-10-19,1,1-5d,7.402,8.882,8.121,8.972,8.984
2024-10-18,2024-10-20,2,1-5d,6.692,7.981,7.158,8.149,8.641
2024-10-18,2024-10-21,3,1-5d,5.790,7.185,6.251,7.225,7.488
2024-10-18,2024-10-22,4,1-5d,6.052,7.154,6.570,7.367,7.464
2024-10-18,2024-10-23,5,1-5d,7.455,8.046,7.523,8.343,8.381
2024-10-18,2024-10-24,6,6-10d,9.363,9.665,8.821,9.830,10.130
2024-10-18,2024-10-25,7,6-10d,9.501,9.839,8.896,10.080,10.393
2024-10-18,2024-10-26,8,6-10d,8.124,9.141,8.135,9.331,9.970
2024-10-18,2024-10-27,9,6-10d,6.805,8.678,7.653,8.998,10.966
2024-10-18,2024-10-28,10,6-10d,6.828,8.341,8.108,8.500,10.858
2024-10-18,2024-10-29,11,11-15d,7.754,8.267,8.890,8.652,9.079
2024-10-18,2024-10-30,12,11-15d,7.125,8.536,9.851,8.852,7.936
2024-10-18,2024-10-31,13,11-15d,6.134,9.277,10.348,9.320,8.796
2024-10-18,2024-11-01,14,11-15d,6.809,9.680,10.530,9.177,10.164
2024-10-18,2024-11-02,15,11-15d,8.009,,10.442,10.560,11.340
2024-10-19,2024-10-20,1,1-5d,6.546,7.903,6.877,8.009,8.641
2024-10-19,2024-10-21,2,1-5d,5.736,7.055,5.990,7.157,7.488
2024-10-19,2024-10-22,3,1-5d,5.667,6.819,5.962,6.927,7.464
2024-10-19,2024-10-23,4,1-5d,7.920,7.925,7.588,8.334,8.381
2024-10-19,2024-10-24,5,1-5d,11.427,9.446,10.114,10.564,10.130
2024-10-19,2024-10-25,6,6-10d,11.131,9.656,10.423,10.473,10.393
2024-10-19,2024-10-26,7,6-10d,8.805,9.040,8.880,9.453,9.970
2024-10-19,2024-10-27,8,6-10d,6.734,9.222,7.712,9.115,10.966
2024-10-19,2024-10-28,9,6-10d,6.295,9.116,7.756,9.339,10.858
2024-10-19,2024-10-29,10,6-10d,6.905,8.950,8.118,8.876,9.079
2024-10-19,2024-10-30,11,11-15d,8.320,9.043,8.594,9.021,7.936
2024-10-19,2024-10-31,12,11-15d,8.929,9.347,9.084,9.310,8.796
2024-10-19,2024-11-01,13,11-15d,8.073,10.174,9.255,8.901,10.164
2024-10-19,2024-11-02,14,11-15d,7.611,10.393,9.243,9.198,11.340
2024-10-19,2024-11-03,15,11-15d,9.537,,9.036,9.301,11.095
2024-10-20,2024-10-21,1,1-5d,5.795,6.906,6.074,7.118,7.488
2024-10-20,2024-10-22,2,1-5d,5.821,6.747,6.070,7.024,7.464
2024-10-20,2024-10-23,3,1-5d,7.420,8.274,7.680,8.508,8.381
2024-10-20,2024-10-24,4,1-5d,10.303,9.834,10.144,10.517,10.130
2024-10-20,2024-10-25,5,1-5d,9.654,9.766,10.563,10.381,10.393
2024-10-20,2024-10-26,6,6-10d,8.117,8.898,9.533,9.556,9.970
2024-10-20,2024-10-27,7,6-10d,7.858,8.989,9.825,9.466,10.966
2024-10-20,2024-10-28,8,6-10d,8.251,9.091,10.621,9.687,10.858
2024-10-20,2024-10-29,9,6-10d,6.985,8.447,9.856,9.153,9.079
2024-10-20,2024-10-30,10,6-10d,6.191,8.072,8.680,8.447,7.936
2024-10-20,2024-10-31,11,11-15d,6.875,8.365,8.612,8.472,8.796
2024-10-20,2024-11-01,12,11-15d,6.942,8.959,8.887,8.097,10.164
2024-10-20,2024-11-02,13,11-15d,8.187,9.439,8.939,8.419,11.340
2024-10-20,2024-11-03,14,11-15d,9.140,9.714,8.989,8.889,11.095
2024-10-20,2024-11-04,15,11-15d,9.238,,9.019,9.270,10.093
2024-10-21,2024-10-22,1,1-5d,5.898,6.709,6.122,7.050,7.464
2024-10-21,2024-10-23,2,1-5d,7.204,7.812,7.916,8.348,8.381
2024-10-21,2024-10-24,3,1-5d,8.594,9.939,9.611,10.141,10.130
2024-10-21,2024-10-25,4,1-5d,8.702,9.741,9.083,9.935,10.393
2024-10-21,2024-10-26,5,1-5d,10.170,9.759,9.632,10.366,9.970
2024-10-21,2024-10-27,6,6-10d,10.751,11.720,11.609,12.108,10.966
2024-10-21,2024-10-28,7,6-10d,9.593,10.984,10.518,11.162,10.858
2024-10-21,2024-10-29,8,6-10d,6.875,8.843,8.371,8.970,9.079
2024-10-21,2024-10-30,9,6-10d,6.329,8.340,8.097,8.771,7.936
2024-10-21,2024-10-31,10,6-10d,6.316,8.793,8.498,8.837,8.796
2024-10-21,2024-11-01,11,11-15d,6.480,9.591,8.761,8.322,10.164
2024-10-21,2024-11-02,12,11-15d,6.385,10.168,8.753,8.483,11.340
2024-10-21,2024-11-03,13,11-15d,6.672,11.381,9.038,9.290,11.095
2024-10-21,2024-11-04,14,11-15d,7.843,11.970,9.835,10.296,10.093
2024-10-21,2024-11-05,15,11-15d,8.585,,10.372,10.522,9.078
2024-10-22,2024-10-23,1,1-5d,7.051,7.803,7.872,8.230,8.381
2024-10-22,2024-10-24,2,1-5d,8.468,9.522,9.425,9.919,10.130
2024-10-22,2024-10-25,3,1-5d,7.661,9.733,8.634,9.597,10.393
2024-10-22,2024-10-26,4,1-5d,7.611,9.727,8.552,9.632,9.970
2024-10-22,2024-10-27,5,1-5d,8.920,11.082,9.952,10.895,10.966
2024-10-22,2024-10-28,6,6-10d,8.962,10.149,9.823,10.451,10.858
2024-10-22,2024-10-29,7,6-10d,7.126,8.147,8.047,8.454,9.079
2024-10-22,2024-10-30,8,6-10d,6.575,8.144,7.400,8.290,7.936
2024-10-22,2024-10-31,9,6-10d,6.768,8.685,7.560,8.988,8.796
2024-10-22,2024-11-01,10,6-10d,6.827,9.556,7.860,8.170,10.164
2024-10-22,2024-11-02,11,11-15d,7.296,10.141,8.140,8.502,11.340
2024-10-22,2024-11-03,12,11-15d,9.397,10.818,9.036,9.477,11.095
2024-10-22,2024-11-04,13,11-15d,10.871,11.738,10.207,10.467,10.093
2024-10-22,2024-11-05,14,11-15d,11.535,11.826,10.632,10.865,9.078
2024-10-22,2024-11-06,15,11-15d,10.568,,10.066,10.331,9.688
2024-10-23,2024-10-24,1,1-5d,8.721,9.212,9.430,9.746,10.130
2024-10-23,2024-10-25,2,1-5d,8.444,9.541,9.089,9.840,10.393
2024-10-23,2024-10-26,3,1-5d,8.320,9.806,9.372,9.953,9.970
2024-10-23,2024-10-27,4,1-5d,9.705,10.910,10.669,11.233,10.966
2024-10-23,2024-10-28,5,1-5d,10.140,10.049,10.393,10.646,10.858
2024-10-23,2024-10-29,6,6-10d,8.367,8.258,8.624,8.867,9.079
2024-10-23,2024-10-30,7,6-10d,7.326,7.979,7.951,8.355,7.936
2024-10-23,2024-10-31,8,6-10d,7.588,8.489,8.053,8.781,8.796
2024-10-23,2024-11-01,9,6-10d,8.552,9.500,9.004,8.537,10.164
2024-10-23,2024-11-02,10,6-10d,8.375,10.167,9.729,9.252,11.340
2024-10-23,2024-11-03,11,11-15d,8.355,10.781,10.009,9.635,11.095
2024-10-23,2024-11-04,12,11-15d,8.444,11.081,10.350,9.865,10.093
2024-10-23,2024-11-05,13,11-15d,9.031,11.078,11.225,10.133,9.078
2024-10-23,2024-11-06,14,11-15d,8.910,11.125,11.901,10.661,9.688
2024-10-23,2024-11-07,15,11-15d,9.707,,12.148,12.266,10.857
2024-10-24,2024-10-25,1,1-5d,8.665,9.332,9.201,9.769,10.393
2024-10-24,2024-10-26,2,1-5d,8.365,9.370,9.402,9.809,9.970
2024-10-24,2024-10-27,3,1-5d,9.397,11.120,10.402,11.149,10.966
2024-10-24,2024-10-28,4,1-5d,9.064,10.713,9.857,10.776,10.858
2024-10-24,2024-10-29,5,1-5d,7.347,8.970,8.002,8.942,9.079
2024-10-24,2024-10-30,6,6-10d,6.657,8.077,7.541,8.294,7.936
2024-10-24,2024-10-31,7,6-10d,7.216,8.223,8.152,8.538,8.796
2024-10-24,2024-11-01,8,6-10d,8.543,8.764,9.433,8.285,10.164
2024-10-24,2024-11-02,9,6-10d,9.141,9.736,9.930,8.894,11.340
2024-10-24,2024-11-03,10,6-10d,9.243,11.089,9.972,9.965,11.095
2024-10-24,2024-11-04,11,11-15d,8.609,11.839,10.744,10.460,10.093
2024-10-24,2024-11-05,12,11-15d,7.868,12.710,12.127,11.105,9.078
2024-10-24,2024-11-06,13,11-15d,8.947,13.481,12.718,11.890,9.688
2024-10-24,2024-11-07,14,11-15d,9.573,13.023,12.287,11.907,10.857
2024-10-24,2024-11-08,15,11-15d,8.993,,11.926,12.019,11.330
2024-10-25,2024-10-26,1,1-5d,8.543,9.311,9.555,9.750,9.970
2024-10-25,2024-10-27,2,1-5d,9.641,10.793,10.425,11.102,10.966
2024-10-25,2024-10-28,3,1-5d,8.760,10.349,9.396,10.346,10.858
2024-10-25,2024-10-29,4,1-5d,7.249,8.447,7.599,8.558,9.079
2024-10-25,2024-10-30,5,1-5d,6.967,7.724,7.304,7.995,7.936
2024-10-25,2024-10-31,6,6-10d,7.426,8.227,8.174,8.644,8.796
2024-10-25,2024-11-01,7,6-10d,9.604,9.345,9.506,9.085,10.164
2024-10-25,2024-11-02,8,6-10d,9.538,9.681,9.714,9.118,11.340
2024-10-25,2024-11-03,9,6-10d,8.559,10.046,9.470,9.044,11.095
2024-10-25,2024-11-04,10,6-10d,8.183,10.868,9.673,9.636,10.093
2024-10-25,2024-11-05,11,11-15d,9.476,11.897,10.365,10.486,9.078
2024-10-25,2024-11-06,12,11-15d,11.483,12.423,11.421,11.451,9.688
2024-10-25,2024-11-07,13,11-15d,14.122,13.191,12.466,12.431,10.857
2024-10-25,2024-11-08,14,11-15d,15.731,13.724,13.041,13.172,11.330
2024-10-25,2024-11-09,15,11-15d,16.964,,13.373,13.792,12.665
2024-10-26,2024-10-27,1,1-5d,9.671,10.732,10.215,10.993,10.966
2024-10-26,2024-10-28,2,1-5d,9.133,10.286,9.423,10.471,10.858
2024-10-26,2024-10-29,3,1-5d,7.652,8.613,7.775,8.764,9.079
2024-10-26,2024-10-30,4,1-5d,7.115,7.924,7.378,8.180,7.936
2024-10-26,2024-10-31,5,1-5d,8.245,8.966,8.480,9.236,8.796
2024-10-26,2024-11-01,6,6-10d,10.234,11.111,10.185,10.496,10.164
2024-10-26,2024-11-02,7,6-10d,11.081,10.960,10.388,10.533,11.340
2024-10-26,2024-11-03,8,6-10d,9.655,9.467,9.095,8.893,11.095
2024-10-26,2024-11-04,9,6-10d,7.131,9.529,8.560,8.423,10.093
2024-10-26,2024-11-05,10,6-10d,6.951,10.896,9.807,9.570,9.078
2024-10-26,2024-11-06,11,11-15d,8.410,11.975,11.296,10.691,9.688
2024-10-26,2024-11-07,12,11-15d,10.022,12.719,12.142,11.545,10.857
2024-10-26,2024-11-08,13,11-15d,10.089,13.787,13.208,12.377,11.330
2024-10-26,2024-11-09,14,11-15d,9.980,13.750,14.178,13.009,12.665
2024-10-26,2024-11-10,15,11-15d,10.717,,13.728,13.817,11.282
2024-10-27,2024-10-28,1,1-5d,9.024,10.091,9.427,10.335,10.858
2024-10-27,2024-10-29,2,1-5d,7.470,8.151,7.761,8.549,9.079
2024-10-27,2024-10-30,3,1-5d,7.162,7.563,7.389,7.992,7.936
2024-10-27,2024-10-31,4,1-5d,7.631,8.502,8.342,8.887,8.796
2024-10-27,2024-11-01,5,1-5d,8.894,10.415,9.872,10.088,10.164
2024-10-27,2024-11-02,6,6-10d,9.457,10.569,10.006,10.069,11.340
2024-10-27,2024-11-03,7,6-10d,8.608,8.857,8.513,8.420,11.095
2024-10-27,2024-11-04,8,6-10d,7.658,8.196,7.851,7.518,10.093
2024-10-27,2024-11-05,9,6-10d,8.553,10.335,9.949,9.347,9.078
2024-10-27,2024-11-06,10,6-10d,9.072,12.097,12.164,11.210,9.688
2024-10-27,2024-11-07,11,11-15d,13.867,13.215,13.111,12.765,10.857
2024-10-27,2024-11-08,12,11-15d,16.110,14.723,14.756,14.579,11.330
2024-10-27,2024-11-09,13,11-15d,13.419,15.004,15.410,14.206,12.665
2024-10-27,2024-11-10,14,11-15d,11.787,14.305,15.062,13.804,11.282
2024-10-27,2024-11-11,15,11-15d,11.288,,13.794,13.908,10.258
2024-10-28,2024-10-29,1,1-5d,7.497,8.206,7.652,8.586,9.079
2024-10-28,2024-10-30,2,1-5d,6.936,7.502,7.221,7.950,7.936
2024-10-28,2024-10-31,3,1-5d,7.540,8.423,8.275,8.762,8.796
2024-10-28,2024-11-01,4,1-5d,9.644,10.446,10.147,10.536,10.164
2024-10-28,2024-11-02,5,1-5d,10.448,10.823,10.540,10.822,11.340
2024-10-28,2024-11-03,6,6-10d,9.312,9.400,9.127,9.053,11.095
2024-10-28,2024-11-04,7,6-10d,7.997,8.133,7.995,7.754,10.093
2024-10-28,2024-11-05,8,6-10d,7.952,8.887,8.589,8.156,9.078
2024-10-28,2024-11-06,9,6-10d,8.808,10.501,10.342,9.551,9.688
2024-10-28,2024-11-07,10,6-10d,11.640,12.174,12.113,11.498,10.857
2024-10-28,2024-11-08,11,11-15d,13.620,13.671,13.738,13.175,11.330
2024-10-28,2024-11-09,12,11-15d,15.723,14.125,14.643,14.193,12.665
2024-10-28,2024-11-10,13,11-15d,14.428,13.914,14.325,13.433,11.282
2024-10-28,2024-11-11,14,11-15d,12.391,13.195,13.392,12.670,10.258
2024-10-28,2024-11-12,15,11-15d,10.034,,12.625,12.735,14.487
2024-10-29,2024-10-30,1,1-5d,7.059,7.590,7.520,8.081,7.936
2024-10-29,2024-10-31,2,1-5d,7.521,8.007,8.386,8.636,8.796
2024-10-29,2024-11-01,3,1-5d,9.443,10.495,10.393,10.690,10.164
2024-10-29,2024-11-02,4,1-5d,10.262,11.298,11.007,11.367,11.340
2024-10-29,2024-11-03,5,1-5d,9.143,10.075,9.635,9.911,11.095
2024-10-29,2024-11-04,6,6-10d,7.464,8.493,8.225,8.101,10.093
2024-10-29,2024-11-05,7,6-10d,7.880,8.529,8.798,8.154,9.078
2024-10-29,2024-11-06,8,6-10d,8.728,9.772,10.417,9.166,9.688
2024-10-29,2024-11-07,9,6-10d,12.356,12.419,12.501,11.587,10.857
2024-10-29,2024-11-08,10,6-10d,13.437,14.398,14.957,13.865,11.330
2024-10-29,2024-11-09,11,11-15d,12.622,13.828,15.773,13.816,12.665
2024-10-29,2024-11-10,12,11-15d,10.339,12.952,14.549,12.555,11.282
2024-10-29,2024-11-11,13,11-15d,9.237,12.803,13.199,11.705,10.258
2024-10-29,2024-11-12,14,11-15d,8.739,12.782,12.204,11.662,14.487
2024-10-29,2024-11-13,15,11-15d,8.873,,11.625,11.727,15.310
2024-10-30,2024-10-31,1,1-5d,7.558,8.013,8.341,8.570,8.796
2024-10-30,2024-11-01,2,1-5d,9.195,10.011,10.225,10.436,10.164
2024-10-30,2024-11-02,3,1-5d,9.478,11.173,10.671,11.139,11.340
2024-10-30,2024-11-03,4,1-5d,8.867,10.374,9.763,10.284,11.095
2024-10-30,2024-11-04,5,1-5d,8.387,8.894,8.413,8.830,10.093
2024-10-30,2024-11-05,6,6-10d,8.350,8.694,8.681,8.425,9.078
2024-10-30,2024-11-06,7,6-10d,9.566,9.843,10.336,9.569,9.688
2024-10-30,2024-11-07,8,6-10d,10.223,11.805,12.404,11.112,10.857
2024-10-30,2024-11-08,9,6-10d,10.966,13.222,13.729,12.344,11.330
2024-10-30,2024-11-09,10,6-10d,14.118,13.099,13.320,12.663,12.665
2024-10-30,2024-11-10,11,11-15d,16.620,12.276,12.682,12.558,11.282
2024-10-30,2024-11-11,12,11-15d,15.284,11.808,12.143,12.187,10.258
2024-10-30,2024-11-12,13,11-15d,10.427,12.290,12.481,11.386,14.487
2024-10-30,2024-11-13,14,11-15d,8.729,12.631,13.532,12.042,15.310
2024-10-30,2024-11-14,15,11-15d,8.932,,13.781,13.778,15.395
2024-10-31,2024-11-01,1,1-5d,9.330,9.944,10.505,10.426,10.164
2024-10-31,2024-11-02,2,1-5d,9.649,10.998,10.667,11.180,11.340
2024-10-31,2024-11-03,3,1-5d,9.255,10.623,9.938,10.609,11.095
2024-10-31,2024-11-04,4,1-5d,8.187,9.251,8.877,9.288,10.093
2024-10-31,2024-11-05,5,1-5d,7.296,8.916,8.179,8.535,9.078
2024-10-31,2024-11-06,6,6-10d,7.861,9.738,9.290,9.240,9.688
2024-10-31,2024-11-07,7,6-10d,9.350,11.034,11.151,10.474,10.857
2024-10-31,2024-11-08,8,6-10d,9.870,12.243,11.764,11.269,11.330
2024-10-31,2024-11-09,9,6-10d,9.573,13.387,11.986,12.145,12.665
2024-10-31,2024-11-10,10,6-10d,13.520,13.485,12.693,12.646,11.282
2024-10-31,2024-11-11,11,11-15d,15.099,12.299,11.970,12.092,10.258
2024-10-31,2024-11-12,12,11-15d,14.314,11.935,10.987,11.646,14.487
2024-10-31,2024-11-13,13,11-15d,12.732,12.401,11.300,11.438,15.310
2024-10-31,2024-11-14,14,11-15d,10.730,12.730,12.414,11.906,15.395
2024-10-31,2024-11-15,15,11-15d,9.115,,12.933,12.982,15.209
2024-11-01,2024-11-02,1,1-5d,9.750,10.897,10.865,11.095,11.340
2024-11-01,2024-11-03,2,1-5d,9.487,10.535,10.217,10.733,11.095
2024-11-01,2024-11-04,3,1-5d,8.313,9.491,8.995,9.551,10.093
2024-11-01,2024-11-05,4,1-5d,8.288,8.574,8.877,8.926,9.078
2024-11-01,2024-11-06,5,1-5d,8.990,9.556,10.063,9.646,9.688
2024-11-01,2024-11-07,6,6-10d,8.994,10.743,11.057,10.518,10.857
2024-11-01,2024-11-08,7,6-10d,9.014,11.439,11.990,10.854,11.330
2024-11-01,2024-11-09,8,6-10d,10.604,12.494,12.329,11.581,12.665
2024-11-01,2024-11-10,9,6-10d,12.404,12.675,12.812,11.841,11.282
2024-11-01,2024-11-11,10,6-10d,12.702,11.759,12.057,11.338,10.258
2024-11-01,2024-11-12,11,11-15d,12.148,11.455,11.046,10.904,14.487
2024-11-01,2024-11-13,12,11-15d,12.000,12.180,11.082,11.317,15.310
2024-11-01,2024-11-14,13,11-15d,11.517,13.052,11.895,11.793,15.395
2024-11-01,2024-11-15,14,11-15d,10.699,13.377,13.329,12.547,15.209
2024-11-01,2024-11-16,15,11-15d,11.107,,14.310,14.390,14.433
2024-11-02,2024-11-03,1,1-5d,9.819,10.886,10.548,11.078,11.095
2024-11-02,2024-11-04,2,1-5d,8.344,9.663,9.100,9.758,10.093
2024-11-02,2024-11-05,3,1-5d,7.277,9.076,8.271,8.951,9.078
2024-11-02,2024-11-06,4,1-5d,8.455,10.157,9.229,9.937,9.688
2024-11-02,2024-11-07,5,1-5d,8.591,10.942,10.158,10.417,10.857
2024-11-02,2024-11-08,6,6-10d,8.350,11.383,11.145,10.901,11.330
2024-11-02,2024-11-09,7,6-10d,8.443,12.224,11.428,11.167,12.665
2024-11-02,2024-11-10,8,6-10d,9.276,11.978,11.455,10.907,11.282
2024-11-02,2024-11-11,9,6-10d,9.525,11.392,10.887,10.382,10.258
2024-11-02,2024-11-12,10,6-10d,9.826,11.676,10.595,10.562,14.487
2024-11-02,2024-11-13,11,11-15d,10.069,12.338,10.741,10.927,15.310
2024-11-02,2024-11-14,12,11-15d,11.179,13.516,11.596,11.975,15.395
2024-11-02,2024-11-15,13,11-15d,12.108,14.878,12.509,13.070,15.209
2024-11-02,2024-11-16,14,11-15d,14.868,15.321,13.081,14.056,14.433
2024-11-02,2024-11-17,15,11-15d,14.526,,13.065,13.378,12.990
2024-11-03,2024-11-04,1,1-5d,8.302,9.512,8.884,9.632,10.093
2024-11-03,2024-11-05,2,1-5d,7.288,8.809,8.124,8.839,9.078
2024-11-03,2024-11-06,3,1-5d,7.773,9.874,9.031,9.692,9.688
2024-11-03,2024-11-07,4,1-5d,8.493,10.858,9.868,10.550,10.857
2024-11-03,2024-11-08,5,1-5d,8.721,11.235,10.649,10.717,11.330
2024-11-03,2024-11-09,6,6-10d,8.964,11.413,10.794,10.827,12.665
2024-11-03,2024-11-10,7,6-10d,9.934,10.211,10.450,9.886,11.282
2024-11-03,2024-11-11,8,6-10d,8.703,9.854,9.466,9.029,10.258
2024-11-03,2024-11-12,9,6-10d,9.128,10.734,9.027,9.557,14.487
2024-11-03,2024-11-13,10,6-10d,11.764,12.213,9.707,10.812,15.310
2024-11-03,2024-11-14,11,11-15d,13.094,14.310,11.621,12.675,15.395
2024-11-03,2024-11-15,12,11-15d,12.858,15.536,12.871,13.703,15.209
2024-11-03,2024-11-16,13,11-15d,13.504,16.048,13.632,14.260,14.433
2024-11-03,2024-11-17,14,11-15d,14.026,15.812,13.665,14.442,12.990
2024-11-03,2024-11-18,15,11-15d,13.961,,13.653,13.908,11.660
2024-11-04,2024-11-05,1,1-5d,7.716,8.708,8.154,8.900,9.078
2024-11-04,2024-11-06,2,1-5d,8.415,9.560,9.358,9.762,9.688
2024-11-04,2024-11-07,3,1-5d,8.854,11.196,10.394,10.990,10.857
2024-11-04,2024-11-08,4,1-5d,9.007,11.198,10.594,11.042,11.330
2024-11-04,2024-11-09,5,1-5d,9.533,11.422,9.911,10.844,12.665
2024-11-04,2024-11-10,6,6-10d,9.431,10.141,9.469,9.623,11.282
2024-11-04,2024-11-11,7,6-10d,8.476,9.480,9.713,9.045,10.258
2024-11-04,2024-11-12,8,6-10d,9.269,10.578,10.687,9.779,14.487
2024-11-04,2024-11-13,9,6-10d,9.547,12.032,11.739,11.023,15.310
2024-11-04,2024-11-14,10,6-10d,11.237,14.419,13.411,13.194,15.395
2024-11-04,2024-11-15,11,11-15d,11.982,16.084,14.617,14.444,15.209
2024-11-04,2024-11-16,12,11-15d,11.745,16.582,14.891,14.610,14.433
2024-11-04,2024-11-17,13,11-15d,11.467,16.442,15.306,14.673,12.990
2024-11-04,2024-11-18,14,11-15d,12.344,15.815,16.154,15.022,11.660
2024-11-04,2024-11-19,15,11-15d,13.741,,16.546,16.645,13.097
2024-11-05,2024-11-06,1,1-5d,8.456,9.371,9.128,9.618,9.688
2024-11-05,2024-11-07,2,1-5d,8.886,10.733,10.241,10.736,10.857
2024-11-05,2024-11-08,3,1-5d,9.389,11.205,10.318,11.052,11.330
2024-11-05,2024-11-09,4,1-5d,9.485,12.075,10.075,11.391,12.665
2024-11-05,2024-11-10,5,1-5d,8.730,10.528,9.470,10.059,11.282
2024-11-05,2024-11-11,6,6-10d,8.991,9.571,9.081,9.123,10.258
2024-11-05,2024-11-12,7,6-10d,11.037,10.246,9.543,9.893,14.487
2024-11-05,2024-11-13,8,6-10d,12.429,12.076,9.957,11.304,15.310
2024-11-05,2024-11-14,9,6-10d,12.955,15.149,11.399,13.636,15.395
2024-11-05,2024-11-15,10,6-10d,15.272,16.801,13.252,14.979,15.209
2024-11-05,2024-11-16,11,11-15d,15.488,16.733,14.403,15.219,14.433
2024-11-05,2024-11-17,12,11-15d,14.670,16.030,14.606,14.833,12.990
2024-11-05,2024-11-18,13,11-15d,14.334,15.783,14.833,14.599,11.660
2024-11-05,2024-11-19,14,11-15d,13.869,15.254,15.728,14.710,13.097
2024-11-05,2024-11-20,15,11-15d,13.743,,15.610,15.756,16.480
2024-11-06,2024-11-07,1,1-5d,9.531,10.635,10.423,10.828,10.857
2024-11-06,2024-11-08,2,1-5d,8.954,10.987,10.029,10.860,11.330
2024-11-06,2024-11-09,3,1-5d,9.770,12.597,10.717,11.995,12.665
2024-11-06,2024-11-10,4,1-5d,8.758,10.680,9.540,10.364,11.282
2024-11-06,2024-11-11,5,1-5d,8.128,9.761,8.819,9.348,10.258
2024-11-06,2024-11-12,6,6-10d,8.963,11.034,9.583,10.175,14.487
2024-11-06,2024-11-13,7,6-10d,9.139,11.799,10.237,10.757,15.310
2024-11-06,2024-11-14,8,6-10d,8.542,13.367,12.168,11.910,15.395
2024-11-06,2024-11-15,9,6-10d,8.525,14.149,13.476,12.926,15.209
2024-11-06,2024-11-16,10,6-10d,8.197,13.971,13.265,12.577,14.433
2024-11-06,2024-11-17,11,11-15d,8.517,13.772,13.681,12.440,12.990
2024-11-06,2024-11-18,12,11-15d,10.146,14.025,15.034,13.054,11.660
2024-11-06,2024-11-19,13,11-15d,11.986,15.328,16.453,14.482,13.097
2024-11-06,2024-11-20,14,11-15d,16.847,15.785,17.116,15.743,16.480
2024-11-06,2024-11-21,15,11-15d,19.144,,17.262,17.596,20.090
2024-11-07,2024-11-08,1,1-5d,9.480,10.865,10.412,10.950,11.330
2024-11-07,2024-11-09,2,1-5d,10.820,12.992,11.684,12.767,12.665
2024-11-07,2024-11-10,3,1-5d,9.473,11.178,9.944,10.938,11.282
2024-11-07,2024-11-11,4,1-5d,8.694,10.427,9.351,10.152,10.258
2024-11-07,2024-11-12,5,1-5d,9.999,12.517,11.378,11.888,14.487
2024-11-07,2024-11-13,6,6-10d,10.752,12.886,11.978,12.214,15.310
2024-11-07,2024-11-14,7,6-10d,11.206,13.421,13.070,12.688,15.395
2024-11-07,2024-11-15,8,6-10d,13.131,14.304,14.094,13.494,15.209
2024-11-07,2024-11-16,9,6-10d,12.704,14.402,13.671,13.366,14.433
2024-11-07,2024-11-17,10,6-10d,10.445,13.498,12.744,12.362,12.990
2024-11-07,2024-11-18,11,11-15d,9.710,13.402,12.332,11.962,11.660
2024-11-07,2024-11-19,12,11-15d,12.214,14.626,13.318,13.253,13.097
2024-11-07,2024-11-20,13,11-15d,11.934,16.253,15.198,14.607,16.480
2024-11-07,2024-11-21,14,11-15d,12.864,16.744,16.812,15.829,20.090
2024-11-07,2024-11-22,15,11-15d,13.977,,16.880,16.975,20.910
2024-11-08,2024-11-09,1,1-5d,11.172,12.961,12.011,12.875,12.665
2024-11-08,2024-11-10,2,1-5d,9.448,11.110,9.970,11.021,11.282
2024-11-08,2024-11-11,3,1-5d,8.520,10.415,8.909,10.065,10.258
2024-11-08,2024-11-12,4,1-5d,10.816,13.238,10.404,12.279,14.487
2024-11-08,2024-11-13,5,1-5d,10.925,13.207,10.779,12.367,15.310
2024-11-08,2024-11-14,6,6-10d,11.775,12.868,11.789,12.189,15.395
2024-11-08,2024-11-15,7,6-10d,13.664,13.178,13.415,12.967,15.209
2024-11-08,2024-11-16,8,6-10d,13.850,13.497,14.997,13.087,14.433
2024-11-08,2024-11-17,9,6-10d,11.998,13.063,14.531,12.389,12.990
2024-11-08,2024-11-18,10,6-10d,9.875,13.356,14.293,12.684,11.660
2024-11-08,2024-11-19,11,11-15d,11.232,14.754,15.529,13.986,13.097
2024-11-08,2024-11-20,12,11-15d,15.337,16.156,17.761,15.976,16.480
2024-11-08,2024-11-21,13,11-15d,18.274,16.980,19.745,17.322,20.090
2024-11-08,2024-11-22,14,11-15d,18.040,16.865,19.802,17.316,20.910
2024-11-08,2024-11-23,15,11-15d,15.748,,18.355,18.464,19.336
2024-11-09,2024-11-10,1,1-5d,9.207,11.090,9.901,10.952,11.282
2024-11-09,2024-11-11,2,1-5d,8.809,10.532,9.489,10.450,10.258
2024-11-09,2024-11-12,3,1-5d,12.060,14.943,12.418,14.139,14.487
2024-11-09,2024-11-13,4,1-5d,11.772,14.795,11.887,13.750,15.310
2024-11-09,2024-11-14,5,1-5d,11.537,13.808,11.146,12.923,15.395
2024-11-09,2024-11-15,6,6-10d,12.592,14.036,11.402,12.795,15.209
2024-11-09,2024-11-16,7,6-10d,12.156,14.420,11.708,13.207,14.433
2024-11-09,2024-11-17,8,6-10d,11.671,13.693,11.406,12.548,12.990
2024-11-09,2024-11-18,9,6-10d,11.424,13.206,11.697,12.049,11.660
2024-11-09,2024-11-19,10,6-10d,11.369,13.952,13.403,12.924,13.097
2024-11-09,2024-11-20,11,11-15d,14.720,15.810,15.792,15.129,16.480
2024-11-09,2024-11-21,12,11-15d,20.173,17.872,18.101,17.903,20.090
2024-11-09,2024-11-22,13,11-15d,19.176,18.961,19.443,18.456,20.910
2024-11-09,2024-11-23,14,11-15d,16.879,18.302,19.081,17.846,19.336
2024-11-09,2024-11-24,15,11-15d,17.632,,17.916,18.141,17.231
2024-11-10,2024-11-11,1,1-5d,8.864,10.496,9.973,10.500,10.258
2024-11-10,2024-11-12,2,1-5d,12.823,15.257,13.879,14.966,14.487
2024-11-10,2024-11-13,3,1-5d,13.138,15.549,13.608,14.991,15.310
2024-11-10,2024-11-14,4,1-5d,11.657,14.881,12.019,13.832,15.395
2024-11-10,2024-11-15,5,1-5d,11.046,14.724,11.813,13.508,15.209
2024-11-10,2024-11-16,6,6-10d,11.244,14.238,11.845,13.004,14.433
2024-11-10,2024-11-17,7,6-10d,10.831,13.211,11.155,12.112,12.990
2024-11-10,2024-11-18,8,6-10d,11.480,12.664,10.758,11.683,11.660
2024-11-10,2024-11-19,9,6-10d,13.804,13.909,13.362,12.981,13.097
2024-11-10,2024-11-20,10,6-10d,15.978,16.794,18.082,16.494,16.480
2024-11-10,2024-11-21,11,11-15d,18.026,19.216,20.354,18.924,20.090
2024-11-10,2024-11-22,12,11-15d,16.536,19.449,19.458,18.371,20.910
2024-11-10,2024-11-23,13,11-15d,12.945,18.541,17.990,16.854,19.336
2024-11-10,2024-11-24,14,11-15d,10.530,18.002,17.828,16.655,17.231
2024-11-10,2024-11-25,15,11-15d,12.540,,18.128,18.088,17.653
2024-11-11,2024-11-12,1,1-5d,13.201,15.091,14.279,14.988,14.487
2024-11-11,2024-11-13,2,1-5d,13.670,15.526,14.108,15.342,15.310
2024-11-11,2024-11-14,3,1-5d,12.381,15.408,13.111,14.651,15.395
2024-11-11,2024-11-15,4,1-5d,12.074,15.611,13.065,14.641,15.209
2024-11-11,2024-11-16,5,1-5d,11.760,14.856,13.109,13.989,14.433
2024-11-11,2024-11-17,6,6-10d,11.249,13.591,12.135,12.717,12.990
2024-11-11,2024-11-18,7,6-10d,11.590,13.022,11.623,12.196,11.660
2024-11-11,2024-11-19,8,6-10d,14.136,13.731,13.852,13.191,13.097
2024-11-11,2024-11-20,9,6-10d,16.067,15.272,18.467,14.950,16.480
2024-11-11,2024-11-21,10,6-10d,17.492,17.655,21.217,18.103,20.090
2024-11-11,2024-11-22,11,11-15d,18.861,19.147,21.158,19.297,20.910
2024-11-11,2024-11-23,12,11-15d,20.838,19.962,20.226,19.719,19.336
2024-11-11,2024-11-24,13,11-15d,20.144,20.735,18.977,19.437,17.231
2024-11-11,2024-11-25,14,11-15d,19.101,20.427,18.996,19.317,17.653
2024-11-11,2024-11-26,15,11-15d,19.982,,19.113,19.396,19.361
2024-11-12,2024-11-13,1,1-5d,13.905,15.443,14.516,15.434,15.310
2024-11-12,2024-11-14,2,1-5d,13.056,15.267,13.907,15.024,15.395
2024-11-12,2024-11-15,3,1-5d,12.942,15.691,14.160,15.205,15.209
2024-11-12,2024-11-16,4,1-5d,12.703,14.887,13.692,14.525,14.433
2024-11-12,2024-11-17,5,1-5d,11.680,13.528,12.199,12.995,12.990
2024-11-12,2024-11-18,6,6-10d,11.454,13.274,11.568,12.339,11.660
2024-11-12,2024-11-19,7,6-10d,13.640,13.917,12.900,13.341,13.097
2024-11-12,2024-11-20,8,6-10d,15.554,15.898,16.481,15.291,16.480
2024-11-12,2024-11-21,9,6-10d,17.648,18.086,19.876,17.491,20.090
2024-11-12,2024-11-22,10,6-10d,18.965,19.112,20.820,19.005,20.910
2024-11-12,2024-11-23,11,11-15d,21.137,19.902,20.695,19.853,19.336
2024-11-12,2024-11-24,12,11-15d,23.705,20.690,20.588,20.765,17.231
2024-11-12,2024-11-25,13,11-15d,26.653,21.641,21.287,21.605,17.653
2024-11-12,2024-11-26,14,11-15d,28.123,21.413,21.915,21.687,19.361
2024-11-12,2024-11-27,15,11-15d,24.581,,21.222,21.630,19.644
2024-11-13,2024-11-14,1,1-5d,13.221,14.820,13.837,14.787,15.395
2024-11-13,2024-11-15,2,1-5d,12.864,15.011,13.728,14.796,15.209
2024-11-13,2024-11-16,3,1-5d,12.123,14.364,12.910,13.978,14.433
2024-11-13,2024-11-17,4,1-5d,10.986,13.025,11.636,12.610,12.990
2024-11-13,2024-11-18,5,1-5d,10.564,12.211,10.747,11.691,11.660
2024-11-13,2024-11-19,6,6-10d,12.063,13.278,12.643,12.748,13.097
2024-11-13,2024-11-20,7,6-10d,16.393,16.035,17.162,15.983,16.480
2024-11-13,2024-11-21,8,6-10d,19.879,19.161,19.858,18.725,20.090
2024-11-13,2024-11-22,9,6-10d,18.051,20.583,19.129,19.397,20.910
2024-11-13,2024-11-23,10,6-10d,16.371,20.676,18.769,19.069,19.336
2024-11-13,2024-11-24,11,11-15d,16.063,20.939,18.361,18.794,17.231
2024-11-13,2024-11-25,12,11-15d,19.311,21.676,18.700,19.812,17.653
2024-11-13,2024-11-26,13,11-15d,23.310,21.838,19.601,20.706,19.361
2024-11-13,2024-11-27,14,11-15d,24.785,21.317,20.047,20.735,19.644
2024-11-13,2024-11-28,15,11-15d,23.383,,19.913,20.326,23.239
2024-11-14,2024-11-15,1,1-5d,12.957,14.660,13.816,14.610,15.209
2024-11-14,2024-11-16,2,1-5d,12.109,13.963,12.935,13.858,14.433
2024-11-14,2024-11-17,3,1-5d,10.825,12.878,11.423,12.519,12.990
2024-11-14,2024-11-18,4,1-5d,10.529,12.416,10.947,11.988,11.660
2024-11-14,2024-11-19,5,1-5d,12.538,13.481,13.054,13.309,13.097
2024-11-14,2024-11-20,6,6-10d,14.709,15.273,17.226,15.681,16.480
2024-11-14,2024-11-21,7,6-10d,18.342,18.065,20.619,18.286,20.090
2024-11-14,2024-11-22,8,6-10d,19.974,19.368,21.266,19.035,20.910
2024-11-14,2024-11-23,9,6-10d,22.568,20.298,21.506,19.752,19.336
2024-11-14,2024-11-24,10,6-10d,23.355,21.298,21.638,21.001,17.231
2024-11-14,2024-11-25,11,11-15d,21.865,21.947,21.746,21.353,17.653
2024-11-14,2024-11-26,12,11-15d,23.411,22.036,22.330,21.901,19.361
2024-11-14,2024-11-27,13,11-15d,27.284,21.503,22.947,22.121,19.644
2024-11-14,2024-11-28,14,11-15d,26.044,20.247,22.363,20.914,23.239
2024-11-14,2024-11-29,15,11-15d,21.872,,20.616,20.918,28.629
2024-11-15,2024-11-16,1,1-5d,12.288,14.213,13.233,14.083,14.433
2024-11-15,2024-11-17,2,1-5d,10.646,12.859,11.414,12.599,12.990
2024-11-15,2024-11-18,3,1-5d,10.061,12.157,10.688,11.788,11.660
2024-11-15,2024-11-19,4,1-5d,11.191,13.346,12.036,12.947,13.097
2024-11-15,2024-11-20,5,1-5d,13.952,15.890,15.235,15.473,16.480
2024-11-15,2024-11-21,6,6-10d,17.503,18.303,18.836,18.202,20.090
2024-11-15,2024-11-22,7,6-10d,17.766,18.595,19.644,18.349,20.910
2024-11-15,2024-11-23,8,6-10d,19.625,18.436,19.982,18.156,19.336
2024-11-15,2024-11-24,9,6-10d,19.157,18.073,19.942,17.566,17.231
2024-11-15,2024-11-25,10,6-10d,16.642,17.770,19.384,17.537,17.653
2024-11-15,2024-11-26,11,11-15d,15.816,18.446,19.341,17.853,19.361
2024-11-15,2024-11-27,12,11-15d,16.381,19.572,19.779,18.498,19.644
2024-11-15,2024-11-28,13,11-15d,17.393,20.382,19.276,18.920,23.239
2024-11-15,2024-11-29,14,11-15d,18.809,20.546,18.915,19.335,28.629
2024-11-15,2024-11-30,15,11-15d,19.102,,19.175,19.411,29.917
2024-11-16,2024-11-17,1,1-5d,10.788,12.888,11.653,12.680,12.990
2024-11-16,2024-11-18,2,1-5d,9.805,12.093,10.664,11.821,11.660
2024-11-16,2024-11-19,3,1-5d,11.037,13.277,12.069,12.964,13.097
2024-11-16,2024-11-20,4,1-5d,14.167,15.876,15.299,15.778,16.480
2024-11-16,2024-11-21,5,1-5d,17.019,18.235,18.654,18.178,20.090
2024-11-16,2024-11-22,6,6-10d,17.447,18.445,19.096,18.376,20.910
2024-11-16,2024-11-23,7,6-10d,17.032,18.054,18.893,17.737,19.336
2024-11-16,2024-11-24,8,6-10d,19.433,17.570,19.404,17.420,17.231
2024-11-16,2024-11-25,9,6-10d,20.042,16.754,19.506,16.490,17.653
2024-11-16,2024-11-26,10,6-10d,19.070,16.607,19.094,16.995,19.361
2024-11-16,2024-11-27,11,11-15d,18.258,17.783,18.807,17.701,19.644
2024-11-16,2024-11-28,12,11-15d,16.795,19.367,18.985,18.240,23.239
2024-11-16,2024-11-29,13,11-15d,14.789,20.619,18.956,18.564,28.629
2024-11-16,2024-11-30,14,11-15d,12.068,20.659,19.178,18.808,29.917
2024-11-16,2024-12-01,15,11-15d,10.534,,19.731,19.511,28.711
2024-11-17,2024-11-18,1,1-5d,10.107,11.815,10.765,11.743,11.660
2024-11-17,2024-11-19,2,1-5d,11.260,13.058,12.555,13.069,13.097
2024-11-17,2024-11-20,3,1-5d,12.837,15.949,14.667,15.483,16.480
2024-11-17,2024-11-21,4,1-5d,16.726,18.845,17.820,18.549,20.090
2024-11-17,2024-11-22,5,1-5d,17.166,19.486,18.673,18.961,20.910
2024-11-17,2024-11-23,6,6-10d,16.122,18.981,18.208,18.320,19.336
2024-11-17,2024-11-24,7,6-10d,14.288,17.811,16.971,16.784,17.231
2024-11-17,2024-11-25,8,6-10d,13.291,16.841,15.670,15.578,17.653
2024-11-17,2024-11-26,9,6-10d,13.403,18.023,15.929,16.637,19.361
2024-11-17,2024-11-27,10,6-10d,16.099,20.013,18.192,18.471,19.644
2024-11-17,2024-11-28,11,11-15d,20.392,21.633,20.343,20.484,23.239
2024-11-17,2024-11-29,12,11-15d,19.412,22.378,20.961,20.862,28.629
2024-11-17,2024-11-30,13,11-15d,17.327,22.835,21.689,20.983,29.917
2024-11-17,2024-12-01,14,11-15d,21.492,22.697,22.782,22.054,28.711
2024-11-17,2024-12-02,15,11-15d,27.290,,23.015,23.468,29.239
2024-11-18,2024-11-19,1,1-5d,11.269,12.975,12.109,12.922,13.097
2024-11-18,2024-11-20,2,1-5d,13.617,15.715,14.688,15.561,16.480
2024-11-18,2024-11-21,3,1-5d,18.055,19.246,18.484,19.225,20.090
2024-11-18,2024-11-22,4,1-5d,18.679,19.235,18.878,19.329,20.910
2024-11-18,2024-11-23,5,1-5d,18.312,18.592,18.184,18.556,19.336
2024-11-18,2024-11-24,6,6-10d,16.705,17.037,16.895,16.724,17.231
2024-11-18,2024-11-25,7,6-10d,17.537,15.604,16.641,15.770,17.653
2024-11-18,2024-11-26,8,6-10d,19.757,15.119,17.908,15.480,19.361
2024-11-18,2024-11-27,9,6-10d,20.240,16.267,19.342,16.086,19.644
2024-11-18,2024-11-28,10,6-10d,22.383,18.416,21.567,19.153,23.239
2024-11-18,2024-11-29,11,11-15d,20.866,20.424,22.960,20.866,28.629
2024-11-18,2024-11-30,12,11-15d,15.674,22.095,22.728,20.503,29.917
2024-11-18,2024-12-01,13,11-15d,14.948,23.883,22.492,21.444,28.711
2024-11-18,2024-12-02,14,11-15d,15.416,25.037,23.820,23.162,29.239
2024-11-18,2024-12-03,15,11-15d,22.746,,23.825,24.011,28.594
2024-11-19,2024-11-20,1,1-5d,14.283,15.571,15.272,15.700,16.480
2024-11-19,2024-11-21,2,1-5d,18.679,19.175,19.020,19.516,20.090
2024-11-19,2024-11-22,3,1-5d,19.471,19.774,19.067,19.902,20.910
2024-11-19,2024-11-23,4,1-5d,17.773,18.845,17.654,18.596,19.336
2024-11-19,2024-11-24,5,1-5d,15.334,16.536,15.717,16.234,17.231
2024-11-19,2024-11-25,6,6-10d,13.753,15.246,14.683,14.727,17.653
2024-11-19,2024-11-26,7,6-10d,15.545,15.841,15.326,15.363,19.361
2024-11-19,2024-11-27,8,6-10d,21.491,17.588,17.696,17.571,19.644
2024-11-19,2024-11-28,9,6-10d,22.563,19.977,22.096,19.583,23.239
2024-11-19,2024-11-29,10,6-10d,22.209,22.799,25.544,22.959,28.629
2024-11-19,2024-11-30,11,11-15d,21.560,24.528,25.742,23.996,29.917
2024-11-19,2024-12-01,12,11-15d,22.839,24.849,25.623,24.181,28.711
2024-11-19,2024-12-02,13,11-15d,25.915,24.703,25.732,24.512,29.239
2024-11-19,2024-12-03,14,11-15d,24.311,24.055,25.098,23.846,28.594
2024-11-19,2024-12-04,15,11-15d,23.759,,23.871,24.105,26.310
2024-11-20,2024-11-21,1,1-5d,19.056,19.579,19.462,19.956,20.090
2024-11-20,2024-11-22,2,1-5d,19.289,20.114,19.010,20.199,20.910
2024-11-20,2024-11-23,3,1-5d,16.796,18.697,17.027,18.297,19.336
2024-11-20,2024-11-24,4,1-5d,14.547,16.126,15.228,15.929,17.231
2024-11-20,2024-11-25,5,1-5d,14.259,15.943,14.684,15.456,17.653
2024-11-20,2024-11-26,6,6-10d,15.847,18.291,16.483,17.289,19.361
2024-11-20,2024-11-27,7,6-10d,19.113,19.456,19.879,19.158,19.644
2024-11-20,2024-11-28,8,6-10d,23.505,20.475,23.758,20.645,23.239
2024-11-20,2024-11-29,9,6-10d,26.784,23.091,26.336,22.921,28.629
2024-11-20,2024-11-30,10,6-10d,25.496,26.005,26.377,25.461,29.917
2024-11-20,2024-12-01,11,11-15d,22.320,27.288,26.236,25.663,28.711
2024-11-20,2024-12-02,12,11-15d,22.435,27.940,26.238,25.831,29.239
2024-11-20,2024-12-03,13,11-15d,23.000,27.440,25.624,25.547,28.594
2024-11-20,2024-12-04,14,11-15d,21.508,25.628,24.711,24.393,26.310
2024-11-20,2024-12-05,15,11-15d,19.058,,23.143,23.178,28.349
2024-11-21,2024-11-22,1,1-5d,18.975,20.305,19.715,20.392,20.910
2024-11-21,2024-11-23,2,1-5d,17.328,18.884,18.084,18.884,19.336
2024-11-21,2024-11-24,3,1-5d,15.462,16.651,16.293,16.751,17.231
2024-11-21,2024-11-25,4,1-5d,15.352,16.394,16.139,16.475,17.653
2024-11-21,2024-11-26,5,1-5d,15.283,18.434,18.617,17.942,19.361
2024-11-21,2024-11-27,6,6-10d,17.736,19.640,21.205,19.845,19.644
2024-11-21,2024-11-28,7,6-10d,21.553,20.617,23.835,21.070,23.239
2024-11-21,2024-11-29,8,6-10d,24.681,23.529,27.538,23.489,28.629
2024-11-21,2024-11-30,9,6-10d,25.412,26.945,29.218,26.368,29.917
2024-11-21,2024-12-01,10,6-10d,29.447,28.075,29.129,27.924,28.711
2024-11-21,2024-12-02,11,11-15d,30.940,29.304,29.404,29.073,29.239
2024-11-21,2024-12-03,12,11-15d,28.029,29.643,29.729,28.848,28.594
2024-11-21,2024-12-04,13,11-15d,23.130,28.598,29.080,27.241,26.310
2024-11-21,2024-12-05,14,11-15d,23.181,27.413,28.600,26.798,28.349
2024-11-21,2024-12-06,15,11-15d,30.200,,28.287,28.622,30.471
2024-11-22,2024-11-23,1,1-5d,16.985,18.353,17.776,18.430,19.336
2024-11-22,2024-11-24,2,1-5d,15.002,15.863,15.961,16.182,17.231
2024-11-22,2024-11-25,3,1-5d,14.921,15.760,15.891,16.059,17.653
2024-11-22,2024-11-26,4,1-5d,17.021,19.046,18.642,18.977,19.361
2024-11-22,2024-11-27,5,1-5d,18.423,20.415,20.886,20.213,19.644
2024-11-22,2024-11-28,6,6-10d,20.701,22.451,23.459,22.469,23.239
2024-11-22,2024-11-29,7,6-10d,24.448,26.131,26.696,25.661,28.629
2024-11-22,2024-11-30,8,6-10d,26.625,28.198,28.520,27.381,29.917
2024-11-22,2024-12-01,9,6-10d,30.410,28.630,28.915,27.921,28.711
2024-11-22,2024-12-02,10,6-10d,34.032,28.413,30.308,28.939,29.239
2024-11-22,2024-12-03,11,11-15d,30.239,26.421,30.072,27.760,28.594
2024-11-22,2024-12-04,12,11-15d,25.138,24.777,28.565,25.488,26.310
2024-11-22,2024-12-05,13,11-15d,20.634,25.383,27.563,24.643,28.349
2024-11-22,2024-12-06,14,11-15d,17.372,26.141,26.465,24.814,30.471
2024-11-22,2024-12-07,15,11-15d,16.299,,25.385,25.170,25.752
2024-11-23,2024-11-24,1,1-5d,14.747,16.245,15.716,16.288,17.231
2024-11-23,2024-11-25,2,1-5d,15.250,16.231,16.282,16.516,17.653
2024-11-23,2024-11-26,3,1-5d,18.733,18.996,19.896,19.612,19.361
2024-11-23,2024-11-27,4,1-5d,18.944,19.788,20.891,20.364,19.644
2024-11-23,2024-11-28,5,1-5d,21.119,21.445,21.840,21.561,23.239
2024-11-23,2024-11-29,6,6-10d,24.874,26.530,25.147,25.716,28.629
2024-11-23,2024-11-30,7,6-10d,24.264,29.546,27.618,28.037,29.917
2024-11-23,2024-12-01,8,6-10d,25.968,30.676,29.347,29.224,28.711
2024-11-23,2024-12-02,9,6-10d,30.728,30.474,30.976,29.721,29.239
2024-11-23,2024-12-03,10,6-10d,30.508,28.771,30.238,28.780,28.594
2024-11-23,2024-12-04,11,11-15d,28.085,26.836,28.042,26.934,26.310
2024-11-23,2024-12-05,12,11-15d,23.332,26.490,26.883,25.479,28.349
2024-11-23,2024-12-06,13,11-15d,20.072,27.577,26.883,25.561,30.471
2024-11-23,2024-12-07,14,11-15d,18.060,27.210,26.332,25.484,25.752
2024-11-23,2024-12-08,15,11-15d,18.685,,25.648,25.540,19.401
2024-11-24,2024-11-25,1,1-5d,15.362,16.829,16.175,16.869,17.653
2024-11-24,2024-11-26,2,1-5d,17.118,18.917,18.410,18.927,19.361
2024-11-24,2024-11-27,3,1-5d,17.945,19.338,19.144,19.457,19.644
2024-11-24,2024-11-28,4,1-5d,21.365,22.047,20.828,21.827,23.239
2024-11-24,2024-11-29,5,1-5d,26.011,27.006,24.722,26.452,28.629
2024-11-24,2024-11-30,6,6-10d,26.952,27.860,26.653,27.145,29.917
2024-11-24,2024-12-01,7,6-10d,28.879,29.101,28.844,28.685,28.711
2024-11-24,2024-12-02,8,6-10d,30.851,31.419,30.946,30.673,29.239
2024-11-24,2024-12-03,9,6-10d,31.689,31.027,29.732,30.025,28.594
2024-11-24,2024-12-04,10,6-10d,29.222,28.639,26.522,27.458,26.310
2024-11-24,2024-12-05,11,11-15d,26.250,27.567,23.645,25.485,28.349
2024-11-24,2024-12-06,12,11-15d,22.303,28.289,22.722,24.924,30.471
2024-11-24,2024-12-07,13,11-15d,21.117,28.844,23.011,25.253,25.752
2024-11-24,2024-12-08,14,11-15d,23.476,28.044,24.488,25.973,19.401
2024-11-24,2024-12-09,15,11-15d,21.373,,25.091,25.145,17.269
2024-11-25,2024-11-26,1,1-5d,17.000,19.398,18.029,19.087,19.361
2024-11-25,2024-11-27,2,1-5d,17.178,19.720,18.561,19.451,19.644
2024-11-25,2024-11-28,3,1-5d,20.060,22.207,21.447,22.043,23.239
2024-11-25,2024-11-29,4,1-5d,24.383,27.360,25.879,26.819,28.629
2024-11-25,2024-11-30,5,1-5d,25.049,28.484,26.695,27.541,29.917
2024-11-25,2024-12-01,6,6-10d,27.603,29.967,27.921,28.886,28.711
2024-11-25,2024-12-02,7,6-10d,27.437,30.263,29.561,29.368,29.239
2024-11-25,2024-12-03,8,6-10d,25.569,28.360,28.951,27.387,28.594
2024-11-25,2024-12-04,9,6-10d,21.812,26.297,26.581,25.274,26.310
2024-11-25,2024-12-05,10,6-10d,20.379,25.228,24.239,23.842,28.349
2024-11-25,2024-12-06,11,11-15d,18.950,25.107,23.259,23.025,30.471
2024-11-25,2024-12-07,12,11-15d,16.201,27.041,23.946,23.447,25.752
2024-11-25,2024-12-08,13,11-15d,17.228,28.382,25.156,25.059,19.401
2024-11-26,2024-11-27,1,1-5d,17.669,19.560,18.502,19.432,19.644
2024-11-26,2024-11-28,2,1-5d,20.407,22.066,20.968,21.986,23.239
2024-11-26,2024-11-29,3,1-5d,25.010,27.220,26.115,26.943,28.629
2024-11-26,2024-11-30,4,1-5d,26.333,28.506,27.672,28.272,29.917
2024-11-26,2024-12-01,5,1-5d,29.299,28.882,29.710,29.233,28.711
2024-11-26,2024-12-02,6,6-10d,29.820,29.682,30.162,29.610,29.239
2024-11-26,2024-12-03,7,6-10d,28.033,28.732,28.862,28.322,28.594
2024-11-26,2024-12-04,8,6-10d,25.399,27.355,26.707,26.384,26.310
2024-11-26,2024-12-05,9,6-10d,24.542,26.681,23.918,25.318,28.349
2024-11-26,2024-12-06,10,6-10d,26.511,25.615,22.001,24.016,30.471
2024-11-26,2024-12-07,11,11-15d,24.537,26.614,21.464,23.989,25.752
2024-11-26,2024-12-08,12,11-15d,24.225,26.572,22.382,24.348,19.401
2024-11-26,2024-12-09,13,11-15d,22.841,25.957,23.736,24.141,17.269
2024-11-27,2024-11-28,1,1-5d,20.991,22.212,21.330,22.303,23.239
2024-11-27,2024-11-29,2,1-5d,25.195,27.148,25.977,26.994,28.629
2024-11-27,2024-11-30,3,1-5d,26.620,28.340,27.460,28.204,29.917
2024-11-27,2024-12-01,4,1-5d,26.528,27.852,27.718,27.947,28.711
2024-11-27,2024-12-02,5,1-5d,26.101,27.872,28.129,27.671,29.239
2024-11-27,2024-12-03,6,6-10d,26.015,27.732,27.611,27.357,28.594
2024-11-27,2024-12-04,7,6-10d,21.503,26.773,24.878,25.272,26.310
2024-11-27,2024-12-05,8,6-10d,16.579,25.002,22.032,22.828,28.349
2024-11-27,2024-12-06,9,6-10d,16.208,23.678,20.591,22.000,30.471
2024-11-27,2024-12-07,10,6-10d,17.832,24.131,21.817,22.202,25.752
2024-11-27,2024-12-08,11,11-15d,18.823,24.872,22.326,22.562,19.401
2024-11-27,2024-12-09,12,11-15d,20.531,25.687,22.444,23.185,17.269
2024-11-27,2024-12-10,13,11-15d,23.665,25.945,24.789,24.574,20.898
2024-11-28,2024-11-29,1,1-5d,25.754,27.638,26.732,27.528,28.629
2024-11-28,2024-11-30,2,1-5d,25.925,28.391,27.281,28.147,29.917
2024-11-28,2024-12-01,3,1-5d,25.097,27.788,26.169,27.285,28.711
2024-11-28,2024-12-02,4,1-5d,26.477,28.308,27.712,28.191,29.239
2024-11-28,2024-12-03,5,1-5d,26.247,27.531,28.206,27.511,28.594
2024-11-28,2024-12-04,6,6-10d,21.817,24.641,24.581,24.232,26.310
2024-11-28,2024-12-05,7,6-10d,18.166,21.735,21.189,20.759,28.349
2024-11-28,2024-12-06,8,6-10d,19.687,23.337,21.468,21.989,30.471
2024-11-28,2024-12-07,9,6-10d,25.092,26.581,22.822,25.102,25.752
2024-11-28,2024-12-08,10,6-10d,28.501,26.820,23.238,25.309,19.401
2024-11-28,2024-12-09,11,11-15d,33.491,25.497,23.526,25.495,17.269
2024-11-28,2024-12-10,12,11-15d,31.802,24.493,24.621,25.495,20.898
2024-11-28,2024-12-11,13,11-15d,26.839,25.516,25.882,25.142,25.282
2024-11-29,2024-11-30,1,1-5d,27.089,28.870,28.088,28.803,29.917
2024-11-29,2024-12-01,2,1-5d,25.805,27.282,26.335,27.268,28.711
2024-11-29,2024-12-02,3,1-5d,26.533,28.015,27.138,27.915,29.239
2024-11-29,2024-12-03,4,1-5d,25.943,28.225,27.156,27.897,28.594
2024-11-29,2024-12-04,5,1-5d,22.853,24.760,23.696,24.268,26.310
2024-11-29,2024-12-05,6,6-10d,23.182,23.321,21.133,22.301,28.349
2024-11-29,2024-12-06,7,6-10d,28.921,27.550,23.928,26.700,30.471
2024-11-29,2024-12-07,8,6-10d,28.434,30.153,27.430,29.010,25.752
2024-11-29,2024-12-08,9,6-10d,26.319,28.329,27.569,27.273,19.401
2024-11-29,2024-12-09,10,6-10d,26.959,25.830,25.986,25.385,17.269
2024-11-29,2024-12-10,11,11-15d,27.044,25.778,26.365,25.662,20.898
2024-11-29,2024-12-11,12,11-15d,27.129,26.589,27.317,26.418,25.282
2024-11-29,2024-12-12,13,11-15d,28.075,26.262,27.048,26.088,30.055
2024-11-30,2024-12-01,1,1-5d,26.276,27.591,26.903,27.673,28.711
2024-11-30,2024-12-02,2,1-5d,26.157,28.075,27.069,27.961,29.239
2024-11-30,2024-12-03,3,1-5d,25.101,27.783,26.062,27.250,28.594
2024-11-30,2024-12-04,4,1-5d,21.291,24.441,22.362,23.673,26.310
2024-11-30,2024-12-05,5,1-5d,20.734,24.774,20.749,23.263,28.349
2024-11-30,2024-12-06,6,6-10d,23.224,28.804,24.328,26.711,30.471
2024-11-30,2024-12-07,7,6-10d,26.258,29.034,27.278,27.935,25.752
2024-11-30,2024-12-08,8,6-10d,30.739,26.389,28.837,26.673,19.401
2024-11-30,2024-12-09,9,6-10d,28.175,24.183,27.508,24.040,17.269
2024-11-30,2024-12-10,10,6-10d,24.976,23.700,25.793,23.851,20.898
2024-11-30,2024-12-11,11,11-15d,22.251,24.834,25.302,24.099,25.282
2024-11-30,2024-12-12,12,11-15d,20.886,25.624,25.054,24.008,30.055
2024-11-30,2024-12-13,13,11-15d,19.656,24.224,24.091,22.817,28.901
2024-12-01,2024-12-02,1,1-5d,26.072,28.300,26.990,28.106,29.239
2024-12-01,2024-12-03,2,1-5d,25.079,28.527,26.131,27.844,28.594
2024-12-01,2024-12-04,3,1-5d,22.158,25.255,23.092,24.616,26.310
2024-12-01,2024-12-05,4,1-5d,24.500,26.626,25.805,26.500,28.349
2024-12-01,2024-12-06,5,1-5d,26.065,28.437,27.699,28.120,30.471
2024-12-01,2024-12-07,6,6-10d,21.948,25.640,25.226,25.323,25.752
2024-12-01,2024-12-08,7,6-10d,20.629,23.775,25.198,23.663,19.401
2024-12-01,2024-12-09,8,6-10d,20.729,22.276,25.513,22.711,17.269
2024-12-01,2024-12-10,9,6-10d,24.110,23.104,26.523,23.562,20.898
2024-12-01,2024-12-11,10,6-10d,26.278,25.373,26.514,25.493,25.282
2024-12-01,2024-12-12,11,11-15d,24.374,25.852,25.541,25.214,30.055
2024-12-01,2024-12-13,12,11-15d,22.028,24.741,24.273,23.777,28.901
2024-12-01,2024-12-14,13,11-15d,20.978,24.015,23.125,22.758,24.036
2024-12-02,2024-12-03,1,1-5d,25.766,28.156,26.641,27.893,28.594
2024-12-02,2024-12-04,2,1-5d,22.767,25.500,23.505,25.060,26.310
2024-12-02,2024-12-05,3,1-5d,23.589,28.173,24.743,26.931,28.349
2024-12-02,2024-12-06,4,1-5d,24.315,29.711,25.488,28.074,30.471
2024-12-02,2024-12-07,5,1-5d,20.620,25.535,22.625,24.275,25.752
2024-12-02,2024-12-08,6,6-10d,16.800,21.637,21.987,21.530,19.401
2024-12-02,2024-12-09,7,6-10d,17.211,20.603,21.751,20.386,17.269
2024-12-02,2024-12-10,8,6-10d,20.895,22.678,24.019,22.603,20.898
2024-12-02,2024-12-11,9,6-10d,24.199,25.077,25.667,24.733,25.282
2024-12-02,2024-12-12,10,6-10d,21.854,24.954,24.703,24.186,30.055
2024-12-02,2024-12-13,11,11-15d,18.692,23.342,22.724,22.248,28.901
2024-12-02,2024-12-14,12,11-15d,18.378,22.917,21.011,21.176,24.036
2024-12-02,2024-12-15,13,11-15d,20.783,23.301,20.544,21.561,20.741
2024-12-03,2024-12-04,1,1-5d,23.656,25.531,24.584,25.479,26.310
2024-12-03,2024-12-05,2,1-5d,25.566,28.394,26.923,28.066,28.349
2024-12-03,2024-12-06,3,1-5d,26.852,30.378,28.109,29.643,30.471
2024-12-03,2024-12-07,4,1-5d,24.151,25.658,24.116,25.409,25.752
2024-12-03,2024-12-08,5,1-5d,18.236,19.920,19.288,19.762,19.401
2024-12-03,2024-12-09,6,6-10d,15.430,19.303,16.922,18.288,17.269
2024-12-03,2024-12-10,7,6-10d,16.203,22.203,19.408,20.609,20.898
2024-12-03,2024-12-11,8,6-10d,20.782,26.152,22.868,24.383,25.282
2024-12-03,2024-12-12,9,6-10d,23.357,26.761,23.728,25.385,30.055
2024-12-03,2024-12-13,10,6-10d,22.180,25.299,22.196,23.531,28.901
2024-12-03,2024-12-14,11,11-15d,23.241,23.513,20.643,21.844,24.036
2024-12-03,2024-12-15,12,11-15d,24.920,22.675,19.710,21.581,20.741
2024-12-03,2024-12-16,13,11-15d,23.092,22.622,19.682,21.276,16.638
2024-12-04,2024-12-05,1,1-5d,25.628,28.589,26.917,28.139,28.349
2024-12-04,2024-12-06,2,1-5d,27.008,30.465,28.721,29.943,30.471
2024-12-04,2024-12-07,3,1-5d,24.157,26.163,25.240,26.060,25.752
2024-12-04,2024-12-08,4,1-5d,18.485,20.257,19.394,20.172,19.401
2024-12-04,2024-12-09,5,1-5d,15.253,18.847,16.250,17.914,17.269
2024-12-04,2024-12-10,6,6-10d,17.818,22.456,19.356,21.152,20.898
2024-12-04,2024-12-11,7,6-10d,21.027,26.370,24.083,25.001,25.282
2024-12-04,2024-12-12,8,6-10d,20.523,27.124,25.307,25.537,30.055
2024-12-04,2024-12-13,9,6-10d,19.407,24.071,22.386,22.969,28.901
2024-12-04,2024-12-14,10,6-10d,21.064,21.003,20.303,20.394,24.036
2024-12-04,2024-12-15,11,11-15d,19.933,21.049,19.509,19.894,20.741
2024-12-04,2024-12-16,12,11-15d,16.325,21.974,19.769,19.962,16.638
2024-12-04,2024-12-17,13,11-15d,13.464,22.649,21.044,20.255,15.984
2024-12-05,2024-12-06,1,1-5d,28.259,30.487,29.313,30.306,30.471
2024-12-05,2024-12-07,2,1-5d,23.967,25.888,25.066,25.904,25.752
2024-12-05,2024-12-08,3,1-5d,17.676,19.796,18.796,19.652,19.401
2024-12-05,2024-12-09,4,1-5d,15.224,18.374,16.166,17.678,17.269
2024-12-05,2024-12-10,5,1-5d,17.820,22.020,19.508,20.983,20.898
2024-12-05,2024-12-11,6,6-10d,21.690,26.780,23.513,25.394,25.282
2024-12-05,2024-12-12,7,6-10d,24.403,29.942,24.833,27.838,30.055
2024-12-05,2024-12-13,8,6-10d,21.039,27.462,22.711,25.168,28.901
2024-12-05,2024-12-14,9,6-10d,18.008,23.497,21.361,22.241,24.036
2024-12-05,2024-12-15,10,6-10d,15.715,21.499,20.851,20.324,20.741
2024-12-05,2024-12-16,11,11-15d,14.830,21.358,20.042,19.763,16.638
2024-12-05,2024-12-17,12,11-15d,16.183,22.173,20.945,20.452,15.984
2024-12-05,2024-12-18,13,11-15d,15.825,22.641,22.408,21.014,19.459
2024-12-06,2024-12-07,1,1-5d,23.737,25.234,24.867,25.353,25.752
2024-12-06,2024-12-08,2,1-5d,17.333,19.263,18.572,19.310,19.401
2024-12-06,2024-12-09,3,1-5d,16.279,18.574,16.630,18.121,17.269
2024-12-06,2024-12-10,4,1-5d,19.492,21.788,20.040,21.359,20.898
2024-12-06,2024-12-11,5,1-5d,24.023,26.353,25.197,25.961,25.282
2024-12-06,2024-12-12,6,6-10d,26.678,29.286,27.184,28.432,30.055
2024-12-06,2024-12-13,7,6-10d,22.267,25.710,23.402,24.621,28.901
2024-12-06,2024-12-14,8,6-10d,18.935,22.099,20.473,21.076,24.036
2024-12-06,2024-12-15,9,6-10d,17.862,20.644,19.641,19.807,20.741
2024-12-06,2024-12-16,10,6-10d,17.069,20.365,19.667,19.421,16.638
2024-12-06,2024-12-17,11,11-15d,18.824,21.075,20.640,20.304,15.984
2024-12-06,2024-12-18,12,11-15d,18.811,21.965,21.340,20.880,19.459
2024-12-06,2024-12-19,13,11-15d,20.221,22.298,21.925,21.340,22.580
2024-12-07,2024-12-08,1,1-5d,17.396,19.041,18.391,19.088,19.401
2024-12-07,2024-12-09,2,1-5d,16.171,18.483,16.518,18.135,17.269
2024-12-07,2024-12-10,3,1-5d,19.531,21.704,19.996,21.340,20.898
2024-12-07,2024-12-11,4,1-5d,23.802,25.931,25.348,25.876,25.282
2024-12-07,2024-12-12,5,1-5d,25.495,29.687,27.608,28.738,30.055
2024-12-07,2024-12-13,6,6-10d,21.005,26.022,23.555,24.920,28.901
2024-12-07,2024-12-14,7,6-10d,16.903,21.703,20.068,20.579,24.036
2024-12-07,2024-12-15,8,6-10d,14.587,20.333,18.812,18.948,20.741
2024-12-07,2024-12-16,9,6-10d,14.333,20.883,19.453,19.751,16.638
2024-12-07,2024-12-17,10,6-10d,17.661,22.032,21.212,20.938,15.984
2024-12-07,2024-12-18,11,11-15d,19.975,23.005,22.285,22.028,19.459
2024-12-07,2024-12-19,12,11-15d,20.369,23.657,22.926,22.515,22.580
2024-12-07,2024-12-20,13,11-15d,21.700,23.884,22.237,22.527,26.456
2024-12-08,2024-12-09,1,1-5d,15.846,18.364,16.470,18.024,17.269
2024-12-08,2024-12-10,2,1-5d,19.299,21.673,20.127,21.417,20.898
2024-12-08,2024-12-11,3,1-5d,23.963,26.371,25.152,26.118,25.282
2024-12-08,2024-12-12,4,1-5d,27.613,32.421,29.003,31.114,30.055
2024-12-08,2024-12-13,5,1-5d,23.943,29.025,26.013,27.711,28.901
2024-12-08,2024-12-14,6,6-10d,20.213,24.225,22.075,23.284,24.036
2024-12-08,2024-12-15,7,6-10d,19.603,21.524,20.382,20.955,20.741
2024-12-08,2024-12-16,8,6-10d,19.315,20.367,19.966,19.967,16.638
2024-12-08,2024-12-17,9,6-10d,20.124,21.105,20.957,20.572,15.984
2024-12-08,2024-12-18,10,6-10d,20.382,22.497,21.818,21.678,19.459
2024-12-08,2024-12-19,11,11-15d,22.726,23.833,22.926,22.964,22.580
2024-12-08,2024-12-20,12,11-15d,24.410,24.602,24.461,24.131,26.456
2024-12-08,2024-12-21,13,11-15d,24.307,24.479,25.489,24.221,31.433
2024-12-09,2024-12-10,1,1-5d,19.131,21.066,19.732,20.957,20.898
2024-12-09,2024-12-11,2,1-5d,23.505,25.688,24.744,25.621,25.282
2024-12-09,2024-12-12,3,1-5d,28.598,31.834,29.875,31.235,30.055
2024-12-09,2024-12-13,4,1-5d,23.852,28.139,25.792,27.231,28.901
2024-12-09,2024-12-14,5,1-5d,20.080,23.257,21.478,22.571,24.036
2024-12-09,2024-12-15,6,6-10d,17.865,20.890,19.289,20.191,20.741
2024-12-09,2024-12-16,7,6-10d,16.836,19.748,19.119,19.159,16.638
2024-12-09,2024-12-17,8,6-10d,18.005,20.892,20.688,20.266,15.984
2024-12-09,2024-12-18,9,6-10d,18.105,23.423,21.467,22.221,19.459
2024-12-09,2024-12-19,10,6-10d,18.173,26.060,21.784,23.405,22.580
2024-12-09,2024-12-20,11,11-15d,18.762,26.596,22.109,23.443,26.456
2024-12-09,2024-12-21,12,11-15d,18.247,26.386,22.054,23.256,31.433
2024-12-09,2024-12-22,13,11-15d,15.835,26.328,21.321,22.717,31.089
2024-12-10,2024-12-11,1,1-5d,23.481,25.404,24.503,25.342,25.282
2024-12-10,2024-12-12,2,1-5d,28.131,31.656,29.805,31.094,30.055
2024-12-10,2024-12-13,3,1-5d,24.400,27.287,25.631,26.831,28.901
2024-12-10,2024-12-14,4,1-5d,20.689,22.232,21.125,22.108,24.036
2024-12-10,2024-12-15,5,1-5d,16.969,19.951,18.600,19.389,20.741
2024-12-10,2024-12-16,6,6-10d,15.397,18.910,18.538,18.617,16.638
2024-12-10,2024-12-17,7,6-10d,16.665,19.842,21.030,19.667,15.984
2024-12-10,2024-12-18,8,6-10d,17.858,22.856,22.047,21.762,19.459
2024-12-10,2024-12-19,9,6-10d,18.711,25.675,22.416,24.065,22.580
2024-12-10,2024-12-20,10,6-10d,19.280,26.380,22.849,24.064,26.456
2024-12-10,2024-12-21,11,11-15d,19.316,27.009,23.388,24.260,31.433
2024-12-10,2024-12-22,12,11-15d,18.217,26.701,23.170,23.799,31.089
2024-12-10,2024-12-23,13,11-15d,18.170,24.224,21.686,22.020,26.404
2024-12-11,2024-12-12,1,1-5d,28.316,31.090,29.640,30.718,30.055
2024-12-11,2024-12-13,2,1-5d,25.087,27.748,26.444,27.495,28.901
2024-12-11,2024-12-14,3,1-5d,20.065,22.433,20.995,22.121,24.036
2024-12-11,2024-12-15,4,1-5d,17.166,19.967,17.622,19.283,20.741
2024-12-11,2024-12-16,5,1-5d,15.356,17.617,16.098,17.166,16.638
2024-12-11,2024-12-17,6,6-10d,17.976,20.128,18.337,19.406,15.984
2024-12-11,2024-12-18,7,6-10d,19.380,23.768,20.402,22.273,19.459
2024-12-11,2024-12-19,8,6-10d,20.824,25.004,22.222,23.539,22.580
2024-12-11,2024-12-20,9,6-10d,24.387,24.777,23.200,23.916,26.456
2024-12-11,2024-12-21,10,6-10d,25.632,27.257,24.769,25.854,31.433
2024-12-11,2024-12-22,11,11-15d,23.388,28.460,25.967,26.480,31.089
2024-12-11,2024-12-23,12,11-15d,19.889,26.193,24.927,24.411,26.404
2024-12-11,2024-12-24,13,11-15d,19.918,24.402,22.632,22.663,22.970
2024-12-12,2024-12-13,1,1-5d,26.283,28.003,27.568,28.049,28.901
2024-12-12,2024-12-14,2,1-5d,20.730,22.762,21.982,22.766,24.036
2024-12-12,2024-12-15,3,1-5d,17.855,19.932,18.832,19.765,20.741
2024-12-12,2024-12-16,4,1-5d,15.201,17.318,16.568,17.215,16.638
2024-12-12,2024-12-17,5,1-5d,17.543,19.145,17.963,18.893,15.984
2024-12-12,2024-12-18,6,6-10d,19.207,22.710,21.058,21.969,19.459
2024-12-12,2024-12-19,7,6-10d,21.383,24.917,23.992,24.160,22.580
2024-12-12,2024-12-20,8,6-10d,28.383,26.408,25.496,26.334,26.456
2024-12-12,2024-12-21,9,6-10d,30.397,29.297,27.243,28.391,31.433
2024-12-12,2024-12-22,10,6-10d,27.423,29.616,28.556,28.656,31.089
2024-12-12,2024-12-23,11,11-15d,25.627,26.710,27.741,26.715,26.404
2024-12-12,2024-12-24,12,11-15d,23.885,23.935,26.209,24.330,22.970
2024-12-12,2024-12-25,13,11-15d,21.933,22.933,24.237,22.639,23.408
2024-12-13,2024-12-14,1,1-5d,21.910,23.775,22.331,23.676,24.036
2024-12-13,2024-12-15,2,1-5d,18.725,20.576,19.128,20.449,20.741
2024-12-13,2024-12-16,3,1-5d,15.924,17.412,16.730,17.459,16.638
2024-12-13,2024-12-17,4,1-5d,16.622,18.463,18.025,18.495,15.984
2024-12-13,2024-12-18,5,1-5d,20.439,22.264,21.815,22.114,19.459
2024-12-13,2024-12-19,6,6-10d,25.049,24.157,24.756,24.424,22.580
2024-12-13,2024-12-20,7,6-10d,27.298,25.419,26.392,25.949,26.456
2024-12-13,2024-12-21,8,6-10d,32.538,30.777,30.032,30.713,31.433
2024-12-13,2024-12-22,9,6-10d,33.074,32.661,31.918,32.049,31.089
2024-12-13,2024-12-23,10,6-10d,28.675,28.817,30.387,28.983,26.404
2024-12-13,2024-12-24,11,11-15d,25.468,24.655,27.369,25.607,22.970
2024-12-13,2024-12-25,12,11-15d,22.875,23.102,24.750,23.252,23.408
2024-12-13,2024-12-26,13,11-15d,23.036,23.213,22.995,22.586,21.576
2024-12-14,2024-12-15,1,1-5d,19.040,20.551,19.206,20.568,20.741
2024-12-14,2024-12-16,2,1-5d,15.445,16.893,16.126,17.017,16.638
2024-12-14,2024-12-17,3,1-5d,15.756,17.652,16.671,17.548,15.984
2024-12-14,2024-12-18,4,1-5d,18.828,21.538,19.155,20.856,19.459
2024-12-14,2024-12-19,5,1-5d,25.361,24.648,24.742,25.114,22.580
2024-12-14,2024-12-20,6,6-10d,26.992,26.723,26.935,26.823,26.456
2024-12-14,2024-12-21,7,6-10d,28.133,31.354,28.168,30.079,31.433
2024-12-14,2024-12-22,8,6-10d,30.549,33.620,28.175,31.656,31.089
2024-12-14,2024-12-23,9,6-10d,27.658,29.658,25.397,28.045,26.404
2024-12-14,2024-12-24,10,6-10d,23.543,24.239,22.053,23.035,22.970
2024-12-14,2024-12-25,11,11-15d,20.271,21.563,20.266,20.500,23.408
2024-12-14,2024-12-26,12,11-15d,15.932,20.645,19.498,19.143,21.576
2024-12-14,2024-12-27,13,11-15d,12.762,20.879,18.944,18.546,19.655
2024-12-15,2024-12-16,1,1-5d,14.891,16.800,15.641,16.717,16.638
2024-12-15,2024-12-17,2,1-5d,15.114,17.382,15.776,17.132,15.984
2024-12-15,2024-12-18,3,1-5d,17.952,21.389,19.315,20.726,19.459
2024-12-15,2024-12-19,4,1-5d,22.911,24.079,24.031,24.329,22.580
2024-12-15,2024-12-20,5,1-5d,23.964,25.671,24.956,25.492,26.456
2024-12-15,2024-12-21,6,6-10d,29.032,30.362,27.062,29.153,31.433
2024-12-15,2024-12-22,7,6-10d,33.223,34.649,28.804,32.978,31.089
2024-12-15,2024-12-23,8,6-10d,33.166,32.578,26.851,31.092,26.404
2024-12-15,2024-12-24,9,6-10d,30.333,27.150,22.846,25.786,22.970
2024-12-15,2024-12-25,10,6-10d,26.509,23.599,20.118,22.302,23.408
2024-12-15,2024-12-26,11,11-15d,22.700,21.496,18.698,20.007,21.576
2024-12-15,2024-12-27,12,11-15d,19.654,20.678,18.157,19.249,19.655
2024-12-15,2024-12-28,13,11-15d,16.753,20.034,18.601,18.577,16.184
2024-12-16,2024-12-17,1,1-5d,15.105,16.919,15.645,16.853,15.984
2024-12-16,2024-12-18,2,1-5d,17.698,20.511,18.767,20.118,19.459
2024-12-16,2024-12-19,3,1-5d,21.238,23.218,23.075,23.352,22.580
2024-12-16,2024-12-20,4,1-5d,24.475,27.166,26.996,27.151,26.456
2024-12-16,2024-12-21,5,1-5d,28.079,32.240,29.833,31.231,31.433
2024-12-16,2024-12-22,6,6-10d,29.266,33.419,29.322,31.790,31.089
2024-12-16,2024-12-23,7,6-10d,25.571,29.550,25.899,28.045,26.404
2024-12-16,2024-12-24,8,6-10d,20.483,24.957,21.646,23.316,22.970
2024-12-16,2024-12-25,9,6-10d,17.752,21.817,19.038,20.472,23.408
2024-12-16,2024-12-26,10,6-10d,14.866,19.537,17.444,17.968,21.576
2024-12-16,2024-12-27,11,11-15d,12.445,18.004,16.793,16.553,19.655
2024-12-16,2024-12-28,12,11-15d,11.690,17.393,16.619,15.874,16.184
2024-12-16,2024-12-29,13,11-15d,12.106,17.687,17.497,16.258,15.470
2024-12-17,2024-12-18,1,1-5d,18.464,20.475,19.251,20.355,19.459
2024-12-17,2024-12-19,2,1-5d,21.587,23.417,22.718,23.482,22.580
2024-12-17,2024-12-20,3,1-5d,23.430,26.530,25.188,26.137,26.456
2024-12-17,2024-12-21,4,1-5d,25.715,31.134,27.861,29.779,31.433
2024-12-17,2024-12-22,5,1-5d,25.979,32.427,28.541,30.665,31.089
2024-12-17,2024-12-23,6,6-10d,23.149,29.083,26.304,27.826,26.404
2024-12-17,2024-12-24,7,6-10d,19.083,24.352,22.574,23.122,22.970
2024-12-17,2024-12-25,8,6-10d,16.035,21.675,19.767,20.210,23.408
2024-12-17,2024-12-26,9,6-10d,12.634,19.421,17.596,18.178,21.576
2024-12-17,2024-12-27,10,6-10d,9.707,17.874,15.965,16.019,19.655
2024-12-17,2024-12-28,11,11-15d,9.426,16.943,15.355,15.126,16.184
2024-12-17,2024-12-29,12,11-15d,10.304,17.558,16.169,15.591,15.470
2024-12-17,2024-12-30,13,11-15d,12.606,19.607,18.167,17.590,17.102
2024-12-18,2024-12-19,1,1-5d,21.075,23.359,22.098,23.153,22.580
2024-12-18,2024-12-20,2,1-5d,24.028,26.430,25.276,26.266,26.456
2024-12-18,2024-12-21,3,1-5d,27.461,31.272,28.551,30.358,31.433
2024-12-18,2024-12-22,4,1-5d,27.262,31.652,28.668,30.538,31.089
2024-12-18,2024-12-23,5,1-5d,23.439,27.676,24.915,26.581,26.404
2024-12-18,2024-12-24,6,6-10d,20.585,23.474,21.058,22.496,22.970
2024-12-18,2024-12-25,7,6-10d,18.495,21.007,19.010,20.136,23.408
2024-12-18,2024-12-26,8,6-10d,16.540,19.002,17.372,18.083,21.576
2024-12-18,2024-12-27,9,6-10d,16.980,18.187,16.083,17.153,19.655
2024-12-18,2024-12-28,10,6-10d,16.830,17.514,14.967,16.184,16.184
2024-12-18,2024-12-29,11,11-15d,17.200,18.308,15.002,16.359,15.470
2024-12-18,2024-12-30,12,11-15d,18.453,20.143,16.570,18.246,17.102
2024-12-18,2024-12-31,13,11-15d,19.171,21.951,18.484,19.959,21.278
2024-12-19,2024-12-20,1,1-5d,24.475,26.917,25.452,26.643,26.456
2024-12-19,2024-12-21,2,1-5d,27.907,32.072,29.200,31.126,31.433
2024-12-19,2024-12-22,3,1-5d,27.596,31.767,28.456,30.622,31.089
2024-12-19,2024-12-23,4,1-5d,22.997,26.828,23.897,25.813,26.404
2024-12-19,2024-12-24,5,1-5d,20.251,22.819,20.294,22.105,22.970
2024-12-19,2024-12-25,6,6-10d,19.822,20.985,18.545,20.085,23.408
2024-12-19,2024-12-26,7,6-10d,17.834,19.347,16.556,18.427,21.576
2024-12-19,2024-12-27,8,6-10d,15.256,18.188,15.167,16.851,19.655
2024-12-19,2024-12-28,9,6-10d,13.933,17.220,14.300,15.878,16.184
2024-12-19,2024-12-29,10,6-10d,17.012,17.756,14.968,16.336,15.470
2024-12-19,2024-12-30,11,11-15d,19.603,19.405,17.313,18.133,17.102
2024-12-19,2024-12-31,12,11-15d,22.994,21.675,19.916,20.864,21.278
2024-12-19,2025-01-01,13,11-15d,26.111,24.300,22.744,23.570,25.802
2024-12-20,2024-12-21,1,1-5d,28.313,31.980,29.813,31.268,31.433
2024-12-20,2024-12-22,2,1-5d,27.421,31.582,28.758,30.649,31.089
2024-12-20,2024-12-23,3,1-5d,22.822,26.432,23.771,25.567,26.404
2024-12-20,2024-12-24,4,1-5d,20.387,22.621,20.852,22.195,22.970
2024-12-20,2024-12-25,5,1-5d,20.234,21.265,20.263,21.163,23.408
2024-12-20,2024-12-26,6,6-10d,18.684,19.640,18.406,19.173,21.576
2024-12-20,2024-12-27,7,6-10d,16.482,18.253,16.419,17.533,19.655
2024-12-20,2024-12-28,8,6-10d,14.203,17.004,15.103,15.966,16.184
2024-12-20,2024-12-29,9,6-10d,14.792,17.456,15.529,16.394,15.470
2024-12-20,2024-12-30,10,6-10d,15.537,18.512,16.794,17.244,17.102
2024-12-20,2024-12-31,11,11-15d,16.795,19.959,18.533,18.650,21.278
2024-12-20,2025-01-01,12,11-15d,19.705,22.888,20.643,21.232,25.802
2024-12-20,2025-01-02,13,11-15d,20.400,25.594,22.708,23.414,27.282
2024-12-21,2024-12-22,1,1-5d,28.174,31.132,29.269,30.664,31.089
2024-12-21,2024-12-23,2,1-5d,23.110,25.876,24.213,25.512,26.404
2024-12-21,2024-12-24,3,1-5d,20.076,22.510,20.997,22.165,22.970
2024-12-21,2024-12-25,4,1-5d,20.571,21.920,20.489,21.728,23.408
2024-12-21,2024-12-26,5,1-5d,17.997,20.113,18.450,19.662,21.576
2024-12-21,2024-12-27,6,6-10d,15.713,18.745,17.024,18.003,19.655
2024-12-21,2024-12-28,7,6-10d,14.086,16.955,15.534,16.174,16.184
2024-12-21,2024-12-29,8,6-10d,13.308,16.738,15.220,15.702,15.470
2024-12-21,2024-12-30,9,6-10d,15.133,17.999,16.533,17.042,17.102
2024-12-21,2024-12-31,10,6-10d,16.372,19.900,18.194,18.580,21.278
2024-12-21,2025-01-01,11,11-15d,18.789,23.885,21.034,21.742,25.802
2024-12-21,2025-01-02,12,11-15d,21.278,27.552,24.469,25.139,27.282
2024-12-21,2025-01-03,13,11-15d,22.891,29.517,26.825,27.181,28.276
2024-12-22,2024-12-23,1,1-5d,23.523,25.918,24.215,25.634,26.404
2024-12-22,2024-12-24,2,1-5d,20.411,22.610,20.850,22.336,22.970
2024-12-22,2024-12-25,3,1-5d,19.803,22.806,20.164,22.037,23.408
2024-12-22,2024-12-26,4,1-5d,17.173,20.991,17.714,19.875,21.576
2024-12-22,2024-12-27,5,1-5d,15.218,19.635,16.353,18.400,19.655
2024-12-22,2024-12-28,6,6-10d,13.987,17.832,14.890,16.622,16.184
2024-12-22,2024-12-29,7,6-10d,13.441,17.496,15.064,16.284,15.470
2024-12-22,2024-12-30,8,6-10d,13.908,18.728,16.787,17.377,17.102
2024-12-22,2024-12-31,9,6-10d,16.921,20.355,19.192,19.445,21.278
2024-12-22,2025-01-01,10,6-10d,20.364,23.435,22.421,22.403,25.802
2024-12-22,2025-01-02,11,11-15d,24.038,26.499,25.662,25.526,27.282
2024-12-22,2025-01-03,12,11-15d,27.673,28.432,28.678,28.011,28.276
2024-12-22,2025-01-04,13,11-15d,28.675,29.497,30.927,29.268,31.346
2024-12-23,2024-12-24,1,1-5d,21.119,22.391,21.734,22.549,22.970
2024-12-23,2024-12-25,2,1-5d,21.250,23.384,21.922,23.197,23.408
2024-12-23,2024-12-26,3,1-5d,19.495,21.842,20.080,21.436,21.576
2024-12-23,2024-12-27,4,1-5d,16.629,19.927,18.061,19.312,19.655
2024-12-23,2024-12-28,5,1-5d,15.236,17.223,16.279,16.942,16.184
2024-12-23,2024-12-29,6,6-10d,15.567,16.356,15.994,16.202,15.470
2024-12-23,2024-12-30,7,6-10d,17.231,18.087,16.955,17.680,17.102
2024-12-23,2024-12-31,8,6-10d,18.291,21.165,18.810,20.003,21.278
2024-12-23,2025-01-01,9,6-10d,19.563,25.229,22.156,23.730,25.802
2024-12-23,2025-01-02,10,6-10d,19.507,27.887,25.237,25.752,27.282
2024-12-23,2025-01-03,11,11-15d,20.306,29.178,28.190,27.496,28.276
2024-12-23,2025-01-04,12,11-15d,20.737,30.579,29.944,28.487,31.346
2024-12-23,2025-01-05,13,11-15d,22.075,30.938,30.680,28.996,32.775
2024-12-24,2024-12-25,1,1-5d,21.661,23.572,22.129,23.460,23.408
2024-12-24,2024-12-26,2,1-5d,19.303,21.639,19.312,21.195,21.576
2024-12-24,2024-12-27,3,1-5d,16.860,19.713,17.256,19.022,19.655
2024-12-24,2024-12-28,4,1-5d,14.647,16.534,15.077,16.253,16.184
2024-12-24,2024-12-29,5,1-5d,13.623,16.242,15.084,15.792,15.470
2024-12-24,2024-12-30,6,6-10d,14.199,18.033,16.684,17.382,17.102
2024-12-24,2024-12-31,7,6-10d,15.437,21.389,19.107,19.930,21.278
2024-12-24,2025-01-01,8,6-10d,19.035,24.517,22.786,23.120,25.802
2024-12-24,2025-01-02,9,6-10d,21.703,27.212,25.508,26.063,27.282
2024-12-24,2025-01-03,10,6-10d,25.434,28.546,27.105,27.361,28.276
2024-12-24,2025-01-04,11,11-15d,29.661,30.320,27.923,28.825,31.346
2024-12-24,2025-01-05,12,11-15d,31.388,30.513,27.814,29.306,32.775
2024-12-24,2025-01-06,13,11-15d,28.403,30.230,28.385,28.868,35.295
2024-12-25,2024-12-26,1,1-5d,19.958,21.832,20.111,21.703,21.576
2024-12-25,2024-12-27,2,1-5d,17.352,20.122,17.748,19.580,19.655
2024-12-25,2024-12-28,3,1-5d,14.379,16.599,14.828,16.209,16.184
2024-12-25,2024-12-29,4,1-5d,13.962,16.586,14.595,16.034,15.470
2024-12-25,2024-12-30,5,1-5d,14.918,18.599,16.203,17.689,17.102
2024-12-25,2024-12-31,6,6-10d,16.588,22.225,19.191,20.894,21.278
2024-12-25,2025-01-01,7,6-10d,18.338,25.352,25.040,24.226,25.802
2024-12-25,2025-01-02,8,6-10d,21.072,27.398,26.471,26.075,27.282
2024-12-25,2025-01-03,9,6-10d,22.590,28.742,28.091,27.824,28.276
2024-12-25,2025-01-04,10,6-10d,23.844,30.710,28.399,28.845,31.346
2024-12-25,2025-01-05,11,11-15d,24.975,30.224,28.429,28.541,32.775
2024-12-25,2025-01-06,12,11-15d,25.158,29.000,29.820,28.318,35.295
2024-12-25,2025-01-07,13,11-15d,27.130,30.235,32.916,30.039,37.151
2024-12-26,2024-12-27,1,1-5d,17.446,19.310,17.707,19.196,19.655
2024-12-26,2024-12-28,2,1-5d,13.893,15.348,14.290,15.398,16.184
2024-12-26,2024-12-29,3,1-5d,13.013,15.447,13.786,15.058,15.470
2024-12-26,2024-12-30,4,1-5d,14.823,18.148,15.908,17.417,17.102
2024-12-26,2024-12-31,5,1-5d,17.946,22.007,19.219,20.942,21.278
2024-12-26,2025-01-01,6,6-10d,22.142,25.688,23.000,24.582,25.802
2024-12-26,2025-01-02,7,6-10d,26.342,28.536,25.901,27.553,27.282
2024-12-26,2025-01-03,8,6-10d,28.954,30.693,28.102,29.642,28.276
2024-12-26,2025-01-04,9,6-10d,27.749,32.697,29.829,31.285,31.346
2024-12-26,2025-01-05,10,6-10d,24.275,30.448,28.820,28.891,32.775
2024-12-26,2025-01-06,11,11-15d,23.339,27.788,28.737,27.420,35.295
2024-12-26,2025-01-07,12,11-15d,24.994,28.168,30.927,28.264,37.151
2024-12-26,2025-01-08,13,11-15d,24.163,28.300,33.562,28.723,37.986
2024-12-27,2024-12-28,1,1-5d,13.886,15.150,14.022,15.263,16.184
2024-12-27,2024-12-29,2,1-5d,12.995,15.077,13.283,14.817,15.470
2024-12-27,2024-12-30,3,1-5d,15.485,17.606,15.708,17.193,17.102
2024-12-27,2024-12-31,4,1-5d,18.624,21.727,19.439,21.015,21.278
2024-12-27,2025-01-01,5,1-5d,23.003,26.349,24.334,25.582,25.802
2024-12-27,2025-01-02,6,6-10d,27.130,29.772,27.575,28.883,27.282
2024-12-27,2025-01-03,7,6-10d,29.906,31.373,29.916,30.793,28.276
2024-12-27,2025-01-04,8,6-10d,29.612,32.615,31.592,31.766,31.346
2024-12-27,2025-01-05,9,6-10d,26.847,30.431,30.338,29.781,32.775
2024-12-27,2025-01-06,10,6-10d,25.753,30.737,29.101,29.296,35.295
2024-12-27,2025-01-07,11,11-15d,28.583,33.069,30.137,30.951,37.151
2024-12-27,2025-01-08,12,11-15d,31.568,35.298,32.392,33.328,37.986
2024-12-27,2025-01-09,13,11-15d,30.323,35.729,34.530,34.023,37.624
2024-12-28,2024-12-29,1,1-5d,13.172,15.158,13.247,14.976,15.470
2024-12-28,2024-12-30,2,1-5d,15.288,17.462,15.714,17.196,17.102
2024-12-28,2024-12-31,3,1-5d,18.813,21.693,19.762,21.156,21.278
2024-12-28,2025-01-01,4,1-5d,23.667,26.436,24.258,25.807,25.802
2024-12-28,2025-01-02,5,1-5d,27.027,29.126,27.063,28.599,27.282
2024-12-28,2025-01-03,6,6-10d,28.347,30.493,28.336,29.643,28.276
2024-12-28,2025-01-04,7,6-10d,31.030,32.767,30.428,31.926,31.346
2024-12-28,2025-01-05,8,6-10d,29.613,31.431,30.302,30.734,32.775
2024-12-28,2025-01-06,9,6-10d,25.226,32.441,28.231,30.580,35.295
2024-12-28,2025-01-07,10,6-10d,27.411,34.542,29.549,31.712,37.151
2024-12-28,2025-01-08,11,11-15d,33.130,36.527,32.365,33.964,37.986
2024-12-28,2025-01-09,12,11-15d,36.774,37.969,34.519,36.189,37.624
2024-12-28,2025-01-10,13,11-15d,38.479,37.752,35.749,36.725,34.972
2024-12-29,2024-12-30,1,1-5d,15.531,17.473,15.915,17.340,17.102
2024-12-29,2024-12-31,2,1-5d,19.494,21.650,19.825,21.368,21.278
2024-12-29,2025-01-01,3,1-5d,23.981,26.431,24.702,26.019,25.802
2024-12-29,2025-01-02,4,1-5d,25.276,28.618,27.051,28.086,27.282
2024-12-29,2025-01-03,5,1-5d,25.746,29.527,28.320,28.834,28.276
2024-12-29,2025-01-04,6,6-10d,29.432,32.300,31.118,31.755,31.346
2024-12-29,2025-01-05,7,6-10d,29.306,30.954,29.875,30.442,32.775
2024-12-29,2025-01-06,8,6-10d,27.893,32.030,30.289,30.832,35.295
2024-12-29,2025-01-07,9,6-10d,31.883,34.850,33.305,33.868,37.151
2024-12-29,2025-01-08,10,6-10d,38.362,37.363,35.695,36.509,37.986
2024-12-29,2025-01-09,11,11-15d,38.588,39.608,35.596,37.350,37.624
2024-12-29,2025-01-10,12,11-15d,38.040,40.357,35.388,37.877,34.972
2024-12-29,2025-01-11,13,11-15d,40.109,38.995,35.471,37.570,32.799
2024-12-30,2024-12-31,1,1-5d,19.749,22.063,20.537,21.821,21.278
2024-12-30,2025-01-01,2,1-5d,24.382,26.884,25.389,26.615,25.802
2024-12-30,2025-01-02,3,1-5d,25.435,28.425,27.020,28.029,27.282
2024-12-30,2025-01-03,4,1-5d,26.545,29.209,27.867,28.846,28.276
2024-12-30,2025-01-04,5,1-5d,28.184,31.945,29.616,31.032,31.346
2024-12-30,2025-01-05,6,6-10d,27.439,31.704,29.016,30.562,32.775
2024-12-30,2025-01-06,7,6-10d,29.699,33.936,32.339,32.906,35.295
2024-12-30,2025-01-07,8,6-10d,34.824,36.620,37.060,36.318,37.151
2024-12-30,2025-01-08,9,6-10d,39.003,38.264,39.921,38.268,37.986
2024-12-30,2025-01-09,10,6-10d,37.878,39.485,41.314,39.595,37.624
2024-12-30,2025-01-10,11,11-15d,38.017,40.994,41.133,40.408,34.972
2024-12-30,2025-01-11,12,11-15d,37.171,41.573,40.284,40.068,32.799
2024-12-30,2025-01-12,13,11-15d,33.333,39.604,37.821,37.594,32.181
2024-12-31,2025-01-01,1,1-5d,24.258,26.041,24.880,25.995,25.802
2024-12-31,2025-01-02,2,1-5d,25.592,27.280,26.616,27.382,27.282
2024-12-31,2025-01-03,3,1-5d,29.409,28.868,29.565,29.633,28.276
2024-12-31,2025-01-04,4,1-5d,33.741,31.083,33.265,32.576,31.346
2024-12-31,2025-01-05,5,1-5d,32.339,30.174,31.656,31.208,32.775
2024-12-31,2025-01-06,6,6-10d,31.257,33.117,32.891,32.957,35.295
2024-12-31,2025-01-07,7,6-10d,33.349,36.012,35.535,35.498,37.151
2024-12-31,2025-01-08,8,6-10d,36.444,37.209,36.967,36.891,37.986
2024-12-31,2025-01-09,9,6-10d,40.049,37.281,38.287,37.224,37.624
2024-12-31,2025-01-10,10,6-10d,42.064,37.965,39.424,38.516,34.972
2024-12-31,2025-01-11,11,11-15d,38.378,38.260,39.145,38.320,32.799
2024-12-31,2025-01-12,12,11-15d,33.382,37.038,37.963,36.420,32.181
2024-12-31,2025-01-13,13,11-15d,31.108,35.500,37.193,34.814,32.931
2025-01-01,2025-01-02,1,1-5d,25.229,27.390,26.116,27.243,27.282
2025-01-01,2025-01-03,2,1-5d,26.743,28.542,27.708,28.613,28.276
2025-01-01,2025-01-04,3,1-5d,30.877,31.532,31.263,31.849,31.346
2025-01-01,2025-01-05,4,1-5d,28.897,30.728,29.375,30.538,32.775
2025-01-01,2025-01-06,5,1-5d,29.006,34.309,30.924,33.047,35.295
2025-01-01,2025-01-07,6,6-10d,33.329,37.954,34.778,36.746,37.151
2025-01-01,2025-01-08,7,6-10d,36.225,39.123,36.314,38.115,37.986
2025-01-01,2025-01-09,8,6-10d,36.852,38.640,35.642,37.568,37.624
2025-01-01,2025-01-10,9,6-10d,38.559,37.543,35.713,36.581,34.972
2025-01-01,2025-01-11,10,6-10d,38.428,36.669,35.475,36.142,32.799
2025-01-01,2025-01-12,11,11-15d,36.894,34.519,33.942,34.017,32.181
2025-01-01,2025-01-13,12,11-15d,38.524,33.060,33.003,33.219,32.931
2025-01-01,2025-01-14,13,11-15d,38.056,33.016,32.919,33.059,35.534
2025-01-02,2025-01-03,1,1-5d,26.189,28.031,27.179,28.022,28.276
2025-01-02,2025-01-04,2,1-5d,29.228,31.019,30.012,31.048,31.346
2025-01-02,2025-01-05,3,1-5d,28.648,31.159,29.235,30.774,32.775
2025-01-02,2025-01-06,4,1-5d,31.471,35.348,32.237,34.412,35.295
2025-01-02,2025-01-07,5,1-5d,35.045,37.624,35.833,37.146,37.151
2025-01-02,2025-01-08,6,6-10d,37.050,38.550,37.418,38.165,37.986
2025-01-02,2025-01-09,7,6-10d,36.091,38.379,36.706,37.690,37.624
2025-01-02,2025-01-10,8,6-10d,37.942,37.828,34.850,36.950,34.972
2025-01-02,2025-01-11,9,6-10d,38.261,38.148,33.160,36.554,32.799
2025-01-02,2025-01-12,10,6-10d,33.671,35.205,32.129,33.784,32.181
2025-01-02,2025-01-13,11,11-15d,32.240,33.513,32.738,32.749,32.931
2025-01-02,2025-01-14,12,11-15d,33.084,34.639,34.088,33.924,35.534
2025-01-02,2025-01-15,13,11-15d,33.387,35.763,34.554,34.675,34.450
2025-01-03,2025-01-04,1,1-5d,29.243,31.407,30.096,31.255,31.346
2025-01-03,2025-01-05,2,1-5d,28.972,31.503,29.827,31.217,32.775
2025-01-03,2025-01-06,3,1-5d,32.314,35.199,32.605,34.605,35.295
2025-01-03,2025-01-07,4,1-5d,36.437,37.644,36.844,37.686,37.151
2025-01-03,2025-01-08,5,1-5d,37.735,39.416,38.454,39.242,37.986
2025-01-03,2025-01-09,6,6-10d,38.361,38.421,38.389,38.455,37.624
2025-01-03,2025-01-10,7,6-10d,37.328,35.171,36.614,35.772,34.972
2025-01-03,2025-01-11,8,6-10d,36.654,33.360,34.338,33.592,32.799
2025-01-03,2025-01-12,9,6-10d,35.655,31.334,32.272,30.925,32.181
2025-01-03,2025-01-13,10,6-10d,34.924,30.360,31.302,30.754,32.931
2025-01-03,2025-01-14,11,11-15d,37.055,31.621,31.460,31.438,35.534
2025-01-03,2025-01-15,12,11-15d,38.090,32.664,30.680,32.145,34.450
2025-01-03,2025-01-16,13,11-15d,39.022,32.919,29.193,31.798,29.674
2025-01-04,2025-01-05,1,1-5d,29.303,31.496,30.048,31.322,32.775
2025-01-04,2025-01-06,2,1-5d,32.799,34.820,33.387,34.697,35.295
2025-01-04,2025-01-07,3,1-5d,35.865,37.380,36.338,37.370,37.151
2025-01-04,2025-01-08,4,1-5d,35.728,39.213,37.342,38.645,37.986
2025-01-04,2025-01-09,5,1-5d,36.000,38.467,36.509,37.986,37.624
2025-01-04,2025-01-10,6,6-10d,33.915,34.851,34.018,34.597,34.972
2025-01-04,2025-01-11,7,6-10d,32.879,33.762,32.625,33.391,32.799
2025-01-04,2025-01-12,8,6-10d,32.774,32.814,30.654,32.085,32.181
2025-01-04,2025-01-13,9,6-10d,31.812,32.076,29.552,30.975,32.931
2025-01-04,2025-01-14,10,6-10d,30.729,32.900,31.373,31.880,35.534
2025-01-04,2025-01-15,11,11-15d,28.126,32.922,32.765,32.229,34.450
2025-01-04,2025-01-16,12,11-15d,25.461,32.064,31.900,30.979,29.674
2025-01-04,2025-01-17,13,11-15d,26.051,31.566,30.227,30.118,26.687
2025-01-05,2025-01-06,1,1-5d,33.332,35.319,33.990,35.219,35.295
2025-01-05,2025-01-07,2,1-5d,35.919,38.067,36.791,37.958,37.151
2025-01-05,2025-01-08,3,1-5d,36.827,39.759,38.288,39.380,37.986
2025-01-05,2025-01-09,4,1-5d,35.347,38.939,36.527,38.220,37.624
2025-01-05,2025-01-10,5,1-5d,32.435,35.263,32.567,34.600,34.972
2025-01-05,2025-01-11,6,6-10d,31.616,33.869,32.170,33.267,32.799
2025-01-05,2025-01-12,7,6-10d,31.873,33.678,32.110,33.082,32.181
2025-01-05,2025-01-13,8,6-10d,31.038,33.058,32.525,32.456,32.931
2025-01-05,2025-01-14,9,6-10d,30.956,33.008,34.307,32.671,35.534
2025-01-05,2025-01-15,10,6-10d,29.977,32.843,34.890,32.826,34.450
2025-01-05,2025-01-16,11,11-15d,30.079,32.372,33.631,32.371,29.674
2025-01-05,2025-01-17,12,11-15d,30.168,31.792,31.691,31.227,26.687
2025-01-05,2025-01-18,13,11-15d,32.570,31.900,30.197,30.944,28.727
2025-01-06,2025-01-07,1,1-5d,35.956,38.060,36.778,37.929,37.151
2025-01-06,2025-01-08,2,1-5d,36.591,39.446,37.459,39.018,37.986
2025-01-06,2025-01-09,3,1-5d,36.407,39.260,36.540,38.647,37.624
2025-01-06,2025-01-10,4,1-5d,34.416,35.926,33.974,35.634,34.972
2025-01-06,2025-01-11,5,1-5d,33.032,33.895,32.961,33.889,32.799
2025-01-06,2025-01-12,6,6-10d,32.579,33.272,32.650,33.095,32.181
2025-01-06,2025-01-13,7,6-10d,33.029,32.973,33.062,32.988,32.931
2025-01-06,2025-01-14,8,6-10d,36.796,34.558,34.480,34.473,35.534
2025-01-06,2025-01-15,9,6-10d,37.412,35.966,33.834,34.943,34.450
2025-01-06,2025-01-16,10,6-10d,33.317,36.278,31.462,34.192,29.674
2025-01-06,2025-01-17,11,11-15d,30.617,35.911,29.745,32.790,26.687
2025-01-06,2025-01-18,12,11-15d,30.036,35.009,29.761,32.308,28.727
2025-01-06,2025-01-19,13,11-15d,31.149,33.694,30.765,31.987,39.142
2025-01-07,2025-01-08,1,1-5d,35.871,38.831,37.043,38.393,37.986
2025-01-07,2025-01-09,2,1-5d,34.696,38.356,35.465,37.541,37.624
2025-01-07,2025-01-10,3,1-5d,33.245,35.330,33.066,34.962,34.972
2025-01-07,2025-01-11,4,1-5d,32.574,33.841,32.829,33.821,32.799
2025-01-07,2025-01-12,5,1-5d,32.242,33.080,33.140,33.228,32.181
2025-01-07,2025-01-13,6,6-10d,32.689,32.753,34.008,33.108,32.931
2025-01-07,2025-01-14,7,6-10d,35.619,33.890,35.873,34.534,35.534
2025-01-07,2025-01-15,8,6-10d,35.514,34.555,35.746,34.596,34.450
2025-01-07,2025-01-16,9,6-10d,31.102,34.580,34.283,33.924,29.674
2025-01-07,2025-01-17,10,6-10d,26.020,33.748,32.965,32.395,26.687
2025-01-07,2025-01-18,11,11-15d,20.952,31.480,32.506,30.974,28.727
2025-01-07,2025-01-19,12,11-15d,25.854,30.754,32.958,30.668,39.142
2025-01-07,2025-01-20,13,11-15d,33.210,32.191,34.686,32.739,44.947
2025-01-08,2025-01-09,1,1-5d,35.381,37.725,36.053,37.483,37.624
2025-01-08,2025-01-10,2,1-5d,33.925,34.883,33.922,35.090,34.972
2025-01-08,2025-01-11,3,1-5d,33.295,33.550,33.627,34.016,32.799
2025-01-08,2025-01-12,4,1-5d,32.191,33.157,33.113,33.424,32.181
2025-01-08,2025-01-13,5,1-5d,33.262,33.848,33.932,34.050,32.931
2025-01-08,2025-01-14,6,6-10d,36.735,36.053,37.161,36.446,35.534
2025-01-08,2025-01-15,7,6-10d,34.972,37.090,35.682,36.479,34.450
2025-01-08,2025-01-16,8,6-10d,30.203,35.879,32.353,34.313,29.674
2025-01-08,2025-01-17,9,6-10d,25.081,33.244,30.272,32.053,26.687
2025-01-08,2025-01-18,10,6-10d,24.517,31.706,29.779,30.064,28.727
2025-01-08,2025-01-19,11,11-15d,28.772,33.542,33.171,32.765,39.142
2025-01-08,2025-01-20,12,11-15d,31.358,37.370,36.116,35.963,44.947
2025-01-08,2025-01-21,13,11-15d,29.777,38.651,35.994,36.406,47.477
2025-01-09,2025-01-10,1,1-5d,33.672,34.883,33.777,35.038,34.972
2025-01-09,2025-01-11,2,1-5d,32.866,33.928,32.907,34.100,32.799
2025-01-09,2025-01-12,3,1-5d,31.672,33.031,32.044,33.064,32.181
2025-01-09,2025-01-13,4,1-5d,33.063,33.884,34.013,34.216,32.931
2025-01-09,2025-01-14,5,1-5d,36.005,37.030,36.707,37.083,35.534
2025-01-09,2025-01-15,6,6-10d,33.622,37.767,34.663,36.625,34.450
2025-01-09,2025-01-16,7,6-10d,30.498,36.497,32.203,34.727,29.674
2025-01-09,2025-01-17,8,6-10d,32.138,33.188,31.312,32.414,26.687
2025-01-09,2025-01-18,9,6-10d,29.111,30.603,29.363,29.759,28.727
2025-01-09,2025-01-19,10,6-10d,28.539,31.719,30.567,30.710,39.142
2025-01-09,2025-01-20,11,11-15d,31.706,35.931,33.968,34.544,44.947
2025-01-09,2025-01-21,12,11-15d,33.623,38.465,36.194,36.819,47.477
2025-01-09,2025-01-22,13,11-15d,32.738,38.213,34.830,36.054,43.131
2025-01-10,2025-01-11,1,1-5d,33.488,33.646,33.297,34.192,32.799
2025-01-10,2025-01-12,2,1-5d,32.099,32.899,32.564,33.295,32.181
2025-01-10,2025-01-13,3,1-5d,33.402,34.599,34.418,34.825,32.931
2025-01-10,2025-01-14,4,1-5d,35.976,38.550,37.525,38.330,35.534
2025-01-10,2025-01-15,5,1-5d,35.802,38.061,36.232,37.641,34.450
2025-01-10,2025-01-16,6,6-10d,34.291,34.720,32.851,34.258,29.674
2025-01-10,2025-01-17,7,6-10d,29.090,29.741,29.551,29.594,26.687
2025-01-10,2025-01-18,8,6-10d,27.126,28.897,28.438,28.335,28.727
2025-01-10,2025-01-19,9,6-10d,32.293,32.944,31.566,32.072,39.142
2025-01-10,2025-01-20,10,6-10d,41.391,36.578,36.369,36.652,44.947
2025-01-10,2025-01-21,11,11-15d,43.531,38.643,39.056,38.662,47.477
2025-01-10,2025-01-22,12,11-15d,39.173,38.440,37.503,37.818,43.131
2025-01-10,2025-01-23,13,11-15d,33.844,37.253,35.811,35.980,38.846
2025-01-11,2025-01-12,1,1-5d,31.621,33.041,32.143,33.154,32.181
2025-01-11,2025-01-13,2,1-5d,33.012,36.037,34.408,35.664,32.931
2025-01-11,2025-01-14,3,1-5d,35.810,38.629,37.466,38.334,35.534
2025-01-11,2025-01-15,4,1-5d,33.774,37.140,35.598,36.672,34.450
2025-01-11,2025-01-16,5,1-5d,29.303,32.757,31.603,32.200,29.674
2025-01-11,2025-01-17,6,6-10d,26.277,27.775,28.113,27.758,26.687
2025-01-11,2025-01-18,7,6-10d,29.724,29.201,27.979,29.023,28.727
2025-01-11,2025-01-19,8,6-10d,36.422,35.270,33.201,34.678,39.142
2025-01-11,2025-01-20,9,6-10d,40.368,39.243,37.742,38.346,44.947
2025-01-11,2025-01-21,10,6-10d,38.526,40.847,38.165,39.465,47.477
2025-01-11,2025-01-22,11,11-15d,37.593,40.839,35.929,38.323,43.131
2025-01-11,2025-01-23,12,11-15d,38.443,39.316,33.378,36.783,38.846
2025-01-11,2025-01-24,13,11-15d,33.696,36.932,33.282,34.904,36.955
2025-01-12,2025-01-13,1,1-5d,32.643,35.517,33.830,35.115,32.931
2025-01-12,2025-01-14,2,1-5d,34.654,38.117,36.215,37.588,35.534
2025-01-12,2025-01-15,3,1-5d,32.509,36.590,33.817,35.721,34.450
2025-01-12,2025-01-16,4,1-5d,28.213,32.130,29.477,31.302,29.674
2025-01-12,2025-01-17,5,1-5d,26.305,27.648,26.541,27.520,26.687
2025-01-12,2025-01-18,6,6-10d,29.012,29.657,28.487,29.348,28.727
2025-01-12,2025-01-19,7,6-10d,37.425,37.437,36.955,37.327,39.142
2025-01-12,2025-01-20,8,6-10d,41.387,43.891,42.881,43.145,44.947
2025-01-12,2025-01-21,9,6-10d,42.866,45.296,43.772,44.395,47.477
2025-01-12,2025-01-22,10,6-10d,34.994,42.365,40.030,40.582,43.131
2025-01-12,2025-01-23,11,11-15d,28.262,38.246,36.508,36.661,38.846
2025-01-12,2025-01-24,12,11-15d,30.293,35.475,33.547,33.915,36.955
2025-01-12,2025-01-25,13,11-15d,30.702,34.665,30.935,32.536,33.290
2025-01-13,2025-01-14,1,1-5d,34.128,37.361,35.231,36.807,35.534
2025-01-13,2025-01-15,2,1-5d,32.168,36.247,33.652,35.422,34.450
2025-01-13,2025-01-16,3,1-5d,28.390,31.399,29.595,30.938,29.674
2025-01-13,2025-01-17,4,1-5d,25.490,26.840,26.031,26.858,26.687
2025-01-13,2025-01-18,5,1-5d,26.719,28.836,28.589,28.682,28.727
2025-01-13,2025-01-19,6,6-10d,32.725,38.276,37.097,37.474,39.142
2025-01-13,2025-01-20,7,6-10d,39.227,45.361,42.105,43.778,44.947
2025-01-13,2025-01-21,8,6-10d,42.460,46.488,42.220,44.938,47.477
2025-01-13,2025-01-22,9,6-10d,41.832,42.411,39.249,41.182,43.131
2025-01-13,2025-01-23,10,6-10d,37.909,38.321,35.366,37.048,38.846
2025-01-13,2025-01-24,11,11-15d,30.938,36.712,33.952,34.929,36.955
2025-01-13,2025-01-25,12,11-15d,24.745,36.482,33.529,33.908,33.290
2025-01-13,2025-01-26,13,11-15d,26.750,33.971,31.690,32.023,29.752
2025-01-14,2025-01-15,1,1-5d,32.484,35.523,33.344,35.022,34.450
2025-01-14,2025-01-16,2,1-5d,28.522,31.061,29.166,30.719,29.674
2025-01-14,2025-01-17,3,1-5d,26.052,27.565,27.061,27.663,26.687
2025-01-14,2025-01-18,4,1-5d,27.472,29.933,28.255,29.567,28.727
2025-01-14,2025-01-19,5,1-5d,36.346,39.177,36.734,38.551,39.142
2025-01-14,2025-01-20,6,6-10d,42.179,46.287,43.780,45.297,44.947
2025-01-14,2025-01-21,7,6-10d,43.914,46.264,45.693,45.786,47.477
2025-01-14,2025-01-22,8,6-10d,41.331,41.077,42.577,41.109,43.131
2025-01-14,2025-01-23,9,6-10d,35.363,35.603,38.091,35.504,38.846
2025-01-14,2025-01-24,10,6-10d,32.784,32.528,35.646,33.144,36.955
2025-01-14,2025-01-25,11,11-15d,29.519,29.932,33.266,30.855,33.290
2025-01-14,2025-01-26,12,11-15d,33.736,28.806,29.815,29.285,29.752
2025-01-14,2025-01-27,13,11-15d,35.380,30.015,27.652,29.297,29.331
2025-01-15,2025-01-16,1,1-5d,28.258,30.337,28.678,30.176,29.674
2025-01-15,2025-01-17,2,1-5d,25.816,27.783,26.549,27.720,26.687
2025-01-15,2025-01-18,3,1-5d,28.147,30.010,28.933,29.924,28.727
2025-01-15,2025-01-19,4,1-5d,37.279,40.030,38.422,39.638,39.142
2025-01-15,2025-01-20,5,1-5d,43.918,47.532,45.611,46.828,44.947
2025-01-15,2025-01-21,6,6-10d,46.336,48.254,46.679,47.716,47.477
2025-01-15,2025-01-22,7,6-10d,41.912,42.812,41.217,42.346,43.131
2025-01-15,2025-01-23,8,6-10d,37.191,37.021,36.674,36.675,38.846
2025-01-15,2025-01-24,9,6-10d,39.681,33.955,35.747,33.717,36.955
2025-01-15,2025-01-25,10,6-10d,36.642,31.369,33.350,32.146,33.290
2025-01-15,2025-01-26,11,11-15d,29.042,30.909,29.765,29.968,29.752
2025-01-15,2025-01-27,12,11-15d,27.469,32.208,27.764,29.812,29.331
2025-01-15,2025-01-28,13,11-15d,28.736,32.464,27.399,29.891,26.050
2025-01-16,2025-01-17,1,1-5d,25.710,27.433,26.528,27.454,26.687
2025-01-16,2025-01-18,2,1-5d,29.145,30.595,30.348,30.883,28.727
2025-01-16,2025-01-19,3,1-5d,38.244,41.514,40.491,41.157,39.142
2025-01-16,2025-01-20,4,1-5d,43.718,48.576,46.629,47.783,44.947
2025-01-16,2025-01-21,5,1-5d,43.293,49.102,46.004,47.782,47.477
2025-01-16,2025-01-22,6,6-10d,37.395,44.476,40.226,42.753,43.131
2025-01-16,2025-01-23,7,6-10d,31.253,36.528,33.788,35.177,38.846
2025-01-16,2025-01-24,8,6-10d,31.046,32.493,31.951,31.947,36.955
2025-01-16,2025-01-25,9,6-10d,33.747,32.016,30.509,31.118,33.290
2025-01-16,2025-01-26,10,6-10d,28.716,31.532,29.527,30.304,29.752
2025-01-16,2025-01-27,11,11-15d,27.451,30.937,29.621,29.846,29.331
2025-01-16,2025-01-28,12,11-15d,28.346,31.169,29.224,29.839,26.050
2025-01-16,2025-01-29,13,11-15d,26.919,32.107,27.163,29.430,23.002
2025-01-17,2025-01-18,1,1-5d,28.161,30.318,28.974,30.165,28.727
2025-01-17,2025-01-19,2,1-5d,37.732,41.210,39.011,40.604,39.142
2025-01-17,2025-01-20,3,1-5d,43.293,48.087,44.824,46.977,44.947
2025-01-17,2025-01-21,4,1-5d,43.535,48.234,44.326,46.975,47.477
2025-01-17,2025-01-22,5,1-5d,40.749,42.701,40.243,42.248,43.131
2025-01-17,2025-01-23,6,6-10d,33.752,36.102,33.936,35.374,38.846
2025-01-17,2025-01-24,7,6-10d,32.328,33.313,32.463,32.984,36.955
2025-01-17,2025-01-25,8,6-10d,35.458,30.792,32.214,31.250,33.290
2025-01-17,2025-01-26,9,6-10d,33.368,30.070,30.122,29.484,29.752
2025-01-17,2025-01-27,10,6-10d,32.719,31.370,28.351,30.254,29.331
2025-01-17,2025-01-28,11,11-15d,27.992,33.470,28.261,30.722,26.050
2025-01-17,2025-01-29,12,11-15d,24.497,34.586,27.355,30.679,23.002
2025-01-17,2025-01-30,13,11-15d,25.190,32.944,26.205,29.383,23.208
2025-01-18,2025-01-19,1,1-5d,37.904,40.934,38.814,40.442,39.142
2025-01-18,2025-01-20,2,1-5d,43.670,47.640,44.890,46.798,44.947
2025-01-18,2025-01-21,3,1-5d,43.077,48.694,44.184,47.170,47.477
2025-01-18,2025-01-22,4,1-5d,39.339,45.617,39.846,43.655,43.131
2025-01-18,2025-01-23,5,1-5d,34.659,39.362,35.045,38.080,38.846
2025-01-18,2025-01-24,6,6-10d,34.626,34.473,34.271,34.486,36.955
2025-01-18,2025-01-25,7,6-10d,33.856,31.014,33.619,31.950,33.290
2025-01-18,2025-01-26,8,6-10d,29.539,29.554,31.227,29.594,29.752
2025-01-18,2025-01-27,9,6-10d,28.649,29.192,29.873,28.732,29.331
2025-01-18,2025-01-28,10,6-10d,29.036,28.967,30.546,29.103,26.050
2025-01-18,2025-01-29,11,11-15d,29.845,31.265,30.926,30.668,23.002
2025-01-18,2025-01-30,12,11-15d,27.440,34.382,29.774,31.708,23.208
2025-01-18,2025-01-31,13,11-15d,23.884,33.926,28.798,30.700,21.157
2025-01-19,2025-01-20,1,1-5d,43.510,47.413,45.081,46.637,44.947
2025-01-19,2025-01-21,2,1-5d,43.746,48.851,45.368,47.599,47.477
2025-01-19,2025-01-22,3,1-5d,39.529,44.465,40.720,43.231,43.131
2025-01-19,2025-01-23,4,1-5d,34.136,38.263,35.287,37.323,38.846
2025-01-19,2025-01-24,5,1-5d,33.836,35.432,34.447,35.272,36.955
2025-01-19,2025-01-25,6,6-10d,31.636,31.392,31.785,31.563,33.290
2025-01-19,2025-01-26,7,6-10d,27.043,29.247,28.924,28.840,29.752
2025-01-19,2025-01-27,8,6-10d,27.540,28.765,27.679,28.132,29.331
2025-01-19,2025-01-28,9,6-10d,28.433,28.195,27.859,27.531,26.050
2025-01-19,2025-01-29,10,6-10d,28.002,30.512,29.900,29.732,23.002
2025-01-19,2025-01-30,11,11-15d,30.240,32.546,29.307,30.745,23.208
2025-01-19,2025-01-31,12,11-15d,29.386,31.077,26.415,28.909,21.157
2025-01-19,2025-02-01,13,11-15d,26.339,28.243,24.765,26.408,24.063
2025-01-20,2025-01-21,1,1-5d,44.319,48.357,44.957,47.434,47.477
2025-01-20,2025-01-22,2,1-5d,39.871,43.943,40.300,42.857,43.131
2025-01-20,2025-01-23,3,1-5d,34.556,37.927,35.102,37.190,38.846
2025-01-20,2025-01-24,4,1-5d,32.325,36.122,33.845,35.406,36.955
2025-01-20,2025-01-25,5,1-5d,30.885,32.924,31.708,32.640,33.290
2025-01-20,2025-01-26,6,6-10d,26.976,30.660,28.421,29.780,29.752
2025-01-20,2025-01-27,7,6-10d,26.357,30.916,27.271,29.492,29.331
2025-01-20,2025-01-28,8,6-10d,24.216,30.707,26.469,28.917,26.050
2025-01-20,2025-01-29,9,6-10d,24.679,30.818,27.824,29.623,23.002
2025-01-20,2025-01-30,10,6-10d,31.757,31.998,29.364,30.839,23.208
2025-01-20,2025-01-31,11,11-15d,28.965,31.087,26.151,28.616,21.157
2025-01-20,2025-02-01,12,11-15d,25.521,27.612,24.154,25.826,24.063
2025-01-20,2025-02-02,13,11-15d,20.271,25.847,23.320,23.978,22.841
2025-01-21,2025-01-22,1,1-5d,40.948,43.939,41.527,43.429,43.131
2025-01-21,2025-01-23,2,1-5d,35.720,39.039,36.560,38.395,38.846
2025-01-21,2025-01-24,3,1-5d,34.657,38.479,35.900,37.701,36.955
2025-01-21,2025-01-25,4,1-5d,32.811,35.398,33.833,35.042,33.290
2025-01-21,2025-01-26,5,1-5d,28.897,31.586,30.354,31.170,29.752
2025-01-21,2025-01-27,6,6-10d,29.116,31.873,30.880,31.397,29.331
2025-01-21,2025-01-28,7,6-10d,34.176,30.420,31.308,31.149,26.050
2025-01-21,2025-01-29,8,6-10d,30.685,29.126,29.631,29.090,23.002
2025-01-21,2025-01-30,9,6-10d,28.806,29.712,30.053,29.184,23.208
2025-01-21,2025-01-31,10,6-10d,29.085,30.682,28.052,29.388,21.157
2025-01-21,2025-02-01,11,11-15d,23.935,27.754,25.715,26.357,24.063
2025-01-21,2025-02-02,12,11-15d,20.141,24.185,25.143,23.749,22.841
2025-01-21,2025-02-03,13,11-15d,21.388,24.722,26.729,24.664,19.105
2025-01-22,2025-01-23,1,1-5d,37.057,39.134,37.955,39.022,38.846
2025-01-22,2025-01-24,2,1-5d,35.426,38.354,36.659,37.984,36.955
2025-01-22,2025-01-25,3,1-5d,33.428,35.135,34.511,35.171,33.290
2025-01-22,2025-01-26,4,1-5d,29.415,31.854,30.615,31.601,29.752
2025-01-22,2025-01-27,5,1-5d,27.234,30.684,29.215,30.080,29.331
2025-01-22,2025-01-28,6,6-10d,25.765,28.852,28.302,28.454,26.050
2025-01-22,2025-01-29,7,6-10d,23.363,28.955,26.550,27.624,23.002
2025-01-22,2025-01-30,8,6-10d,26.317,29.443,27.037,28.356,23.208
2025-01-22,2025-01-31,9,6-10d,31.725,30.929,27.913,29.729,21.157
2025-01-22,2025-02-01,10,6-10d,30.187,28.139,27.125,27.695,24.063
2025-01-22,2025-02-02,11,11-15d,25.917,24.871,26.165,25.051,22.841
2025-01-22,2025-02-03,12,11-15d,24.289,24.798,26.402,24.942,19.105
2025-01-22,2025-02-04,13,11-15d,22.123,26.636,27.487,26.055,21.942
2025-01-23,2025-01-24,1,1-5d,35.629,37.823,36.432,37.654,36.955
2025-01-23,2025-01-25,2,1-5d,32.959,34.289,33.827,34.547,33.290
2025-01-23,2025-01-26,3,1-5d,29.741,31.113,31.065,31.331,29.752
2025-01-23,2025-01-27,4,1-5d,26.324,29.290,28.365,29.037,29.331
2025-01-23,2025-01-28,5,1-5d,25.443,27.837,28.495,27.763,26.050
2025-01-23,2025-01-29,6,6-10d,29.034,28.278,29.131,28.615,23.002
2025-01-23,2025-01-30,7,6-10d,28.412,29.391,29.760,29.306,23.208
2025-01-23,2025-01-31,8,6-10d,32.914,29.826,29.171,29.710,21.157
2025-01-23,2025-02-01,9,6-10d,30.347,27.656,26.490,26.826,24.063
2025-01-23,2025-02-02,10,6-10d,24.382,25.623,25.134,25.007,22.841
2025-01-23,2025-02-03,11,11-15d,22.803,25.975,25.700,25.316,19.105
2025-01-23,2025-02-04,12,11-15d,24.717,27.737,27.378,26.942,21.942
2025-01-23,2025-02-05,13,11-15d,21.967,29.530,28.411,27.955,24.635
2025-01-24,2025-01-25,1,1-5d,32.203,33.600,32.949,33.744,33.290
2025-01-24,2025-01-26,2,1-5d,29.366,31.219,30.665,31.349,29.752
2025-01-24,2025-01-27,3,1-5d,27.820,29.396,28.941,29.492,29.331
2025-01-24,2025-01-28,4,1-5d,23.983,27.205,26.433,26.952,26.050
2025-01-24,2025-01-29,5,1-5d,26.468,27.264,27.714,27.479,23.002
2025-01-24,2025-01-30,6,6-10d,34.382,28.506,29.115,29.294,23.208
2025-01-24,2025-01-31,7,6-10d,35.159,29.821,29.897,30.625,21.157
2025-01-24,2025-02-01,8,6-10d,31.908,26.598,27.623,27.041,24.063
2025-01-24,2025-02-02,9,6-10d,26.385,23.960,24.540,23.480,22.841
2025-01-24,2025-02-03,10,6-10d,23.754,25.296,24.067,24.428,19.105
2025-01-24,2025-02-04,11,11-15d,24.309,28.199,24.825,26.265,21.942
2025-01-24,2025-02-05,12,11-15d,22.741,30.019,25.639,27.391,24.635
2025-01-24,2025-02-06,13,11-15d,24.009,30.362,26.081,27.801,22.270
2025-01-25,2025-01-26,1,1-5d,28.959,30.249,29.855,30.451,29.752
2025-01-25,2025-01-27,2,1-5d,26.719,29.205,27.740,28.981,29.331
2025-01-25,2025-01-28,3,1-5d,24.234,26.262,26.021,26.310,26.050
2025-01-25,2025-01-29,4,1-5d,23.017,25.535,24.782,25.392,23.002
2025-01-25,2025-01-30,5,1-5d,26.869,29.972,26.114,29.079,23.208
2025-01-25,2025-01-31,6,6-10d,29.709,27.215,25.625,27.115,21.157
2025-01-25,2025-02-01,7,6-10d,25.563,24.979,24.533,24.966,24.063
2025-01-25,2025-02-02,8,6-10d,19.363,23.328,24.003,22.773,22.841
2025-01-25,2025-02-03,9,6-10d,20.038,25.043,24.492,24.336,19.105
2025-01-25,2025-02-04,10,6-10d,24.976,27.984,26.992,27.041,21.942
2025-01-25,2025-02-05,11,11-15d,27.938,29.562,30.245,29.364,24.635
2025-01-25,2025-02-06,12,11-15d,30.184,31.300,31.642,30.941,22.270
2025-01-25,2025-02-07,13,11-15d,35.100,33.682,31.081,32.486,23.717
2025-01-26,2025-01-27,1,1-5d,27.269,29.316,27.665,29.165,29.331
2025-01-26,2025-01-28,2,1-5d,24.925,27.815,25.919,27.402,26.050
2025-01-26,2025-01-29,3,1-5d,22.827,25.356,23.971,25.075,23.002
2025-01-26,2025-01-30,4,1-5d,23.804,26.732,24.736,26.217,23.208
2025-01-26,2025-01-31,5,1-5d,21.247,24.615,22.473,23.927,21.157
2025-01-26,2025-02-01,6,6-10d,25.477,25.541,23.608,25.099,24.063
2025-01-26,2025-02-02,7,6-10d,27.947,23.452,22.831,23.990,22.841
2025-01-26,2025-02-03,8,6-10d,23.245,23.466,22.804,23.018,19.105
2025-01-26,2025-02-04,9,6-10d,19.228,27.020,24.992,26.018,21.942
2025-01-26,2025-02-05,10,6-10d,16.933,27.675,26.237,25.824,24.635
2025-01-26,2025-02-06,11,11-15d,15.561,27.762,26.907,26.420,22.270
2025-01-26,2025-02-07,12,11-15d,17.144,28.525,28.644,27.062,23.717
2025-01-26,2025-02-08,13,11-15d,22.983,30.037,29.001,28.542,24.588
2025-01-27,2025-01-28,1,1-5d,24.848,26.994,25.734,26.853,26.050
2025-01-27,2025-01-29,2,1-5d,23.217,25.061,24.086,25.088,23.002
2025-01-27,2025-01-30,3,1-5d,24.883,25.538,25.614,25.924,23.208
2025-01-27,2025-01-31,4,1-5d,21.828,22.980,22.561,23.125,21.157
2025-01-27,2025-02-01,5,1-5d,23.240,25.684,23.333,25.149,24.063
2025-01-27,2025-02-02,6,6-10d,21.943,23.466,23.486,23.367,22.841
2025-01-27,2025-02-03,7,6-10d,19.788,24.012,23.290,23.222,19.105
2025-01-27,2025-02-04,8,6-10d,23.267,27.500,25.398,26.363,21.942
2025-01-27,2025-02-05,9,6-10d,22.331,27.324,27.363,26.735,24.635
2025-01-27,2025-02-06,10,6-10d,18.809,25.980,27.577,25.397,22.270
2025-01-27,2025-02-07,11,11-15d,16.428,25.631,27.023,25.337,23.717
2025-01-27,2025-02-08,12,11-15d,20.569,26.703,27.696,26.070,24.588
2025-01-27,2025-02-09,13,11-15d,27.709,27.434,28.749,27.494,26.202
2025-01-28,2025-01-29,1,1-5d,22.386,24.141,23.318,24.161,23.002
2025-01-28,2025-01-30,2,1-5d,22.685,24.573,23.761,24.632,23.208
2025-01-28,2025-01-31,3,1-5d,19.731,22.768,21.108,22.330,21.157
2025-01-28,2025-02-01,4,1-5d,22.522,27.194,24.502,26.243,24.063
2025-01-28,2025-02-02,5,1-5d,21.248,23.351,22.660,23.133,22.841
2025-01-28,2025-02-03,6,6-10d,22.257,23.086,24.185,23.326,19.105
2025-01-28,2025-02-04,7,6-10d,29.682,28.459,28.826,28.704,21.942
2025-01-28,2025-02-05,8,6-10d,30.207,29.033,29.559,28.962,24.635
2025-01-28,2025-02-06,9,6-10d,25.818,26.437,28.178,26.189,22.270
2025-01-28,2025-02-07,10,6-10d,20.689,24.265,26.113,24.117,23.717
2025-01-28,2025-02-08,11,11-15d,21.619,25.210,24.634,24.410,24.588
2025-01-28,2025-02-09,12,11-15d,26.338,27.330,24.687,25.939,26.202
2025-01-28,2025-02-10,13,11-15d,25.249,27.185,25.105,25.836,29.341
2025-01-29,2025-01-30,1,1-5d,22.018,23.890,22.771,23.845,23.208
2025-01-29,2025-01-31,2,1-5d,19.585,21.905,19.639,21.514,21.157
2025-01-29,2025-02-01,3,1-5d,21.034,25.762,21.892,24.544,24.063
2025-01-29,2025-02-02,4,1-5d,19.423,22.573,20.373,21.973,22.841
2025-01-29,2025-02-03,5,1-5d,19.075,20.151,21.793,20.489,19.105
2025-01-29,2025-02-04,6,6-10d,23.339,24.317,27.793,25.136,21.942
2025-01-29,2025-02-05,7,6-10d,27.180,24.108,27.843,25.304,24.635
2025-01-29,2025-02-06,8,6-10d,29.339,22.154,25.914,23.331,22.270
2025-01-29,2025-02-07,9,6-10d,24.037,24.097,23.787,23.439,23.717
2025-01-29,2025-02-08,10,6-10d,22.273,26.265,24.776,25.074,24.588
2025-01-29,2025-02-09,11,11-15d,26.869,26.464,26.672,26.177,26.202
2025-01-29,2025-02-10,12,11-15d,25.557,26.803,27.104,26.417,29.341
2025-01-29,2025-02-11,13,11-15d,22.348,27.155,26.715,26.093,30.744
2025-01-30,2025-01-31,1,1-5d,19.652,21.857,19.805,21.619,21.157
2025-01-30,2025-02-01,2,1-5d,22.692,25.290,22.230,24.645,24.063
2025-01-30,2025-02-02,3,1-5d,20.941,21.875,20.629,21.941,22.841
2025-01-30,2025-02-03,4,1-5d,19.361,19.119,20.880,20.018,19.105
2025-01-30,2025-02-04,5,1-5d,22.648,21.646,24.825,22.630,21.942
2025-01-30,2025-02-05,6,6-10d,22.472,20.566,22.261,21.228,24.635
2025-01-30,2025-02-06,7,6-10d,22.141,19.826,20.515,20.299,22.270
2025-01-30,2025-02-07,8,6-10d,22.228,24.648,23.634,23.910,23.717
2025-01-30,2025-02-08,9,6-10d,26.522,27.820,28.075,27.275,24.588
2025-01-30,2025-02-09,10,6-10d,31.191,28.911,30.760,29.349,26.202
2025-01-30,2025-02-10,11,11-15d,31.967,30.439,31.249,30.449,29.341
2025-01-30,2025-02-11,12,11-15d,32.216,29.892,30.164,29.853,30.744
2025-01-30,2025-02-12,13,11-15d,32.508,27.950,27.993,27.993,32.004
2025-01-31,2025-02-01,1,1-5d,23.172,25.564,23.398,25.258,24.063
2025-01-31,2025-02-02,2,1-5d,21.019,22.694,21.435,22.684,22.841
2025-01-31,2025-02-03,3,1-5d,18.753,19.002,19.590,19.572,19.105
2025-01-31,2025-02-04,4,1-5d,21.395,21.090,22.916,22.015,21.942
2025-01-31,2025-02-05,5,1-5d,18.282,20.480,19.798,20.245,24.635
2025-01-31,2025-02-06,6,6-10d,17.314,19.830,23.169,20.461,22.270
2025-01-31,2025-02-07,7,6-10d,25.304,23.783,26.490,24.541,23.717
2025-01-31,2025-02-08,8,6-10d,31.161,26.871,28.229,27.278,24.588
2025-01-31,2025-02-09,9,6-10d,27.552,27.564,29.076,27.270,26.202
2025-01-31,2025-02-10,10,6-10d,23.620,28.892,27.843,27.705,29.341
2025-01-31,2025-02-11,11,11-15d,18.673,29.873,24.926,26.944,30.744
2025-01-31,2025-02-12,12,11-15d,15.806,28.620,22.560,24.851,32.004
2025-01-31,2025-02-13,13,11-15d,20.403,26.108,22.826,23.961,32.991
2025-02-01,2025-02-02,1,1-5d,21.378,22.944,22.297,22.991,22.841
2025-02-01,2025-02-03,2,1-5d,18.473,18.467,19.062,19.163,19.105
2025-02-01,2025-02-04,3,1-5d,22.285,21.512,23.179,22.232,21.942
2025-02-01,2025-02-05,4,1-5d,22.693,22.498,23.921,23.178,24.635
2025-02-01,2025-02-06,5,1-5d,20.344,20.651,20.675,20.792,22.270
2025-02-01,2025-02-07,6,6-10d,21.566,23.437,20.853,22.413,23.717
2025-02-01,2025-02-08,7,6-10d,23.123,24.879,22.949,24.092,24.588
2025-02-01,2025-02-09,8,6-10d,24.005,26.347,26.221,25.854,26.202
2025-02-01,2025-02-10,9,6-10d,29.324,29.482,28.978,28.862,29.341
2025-02-01,2025-02-11,10,6-10d,30.252,31.792,28.489,30.374,30.744
2025-02-01,2025-02-12,11,11-15d,28.173,32.557,26.505,29.379,32.004
2025-02-01,2025-02-13,12,11-15d,26.325,31.048,25.848,27.899,32.991
2025-02-01,2025-02-14,13,11-15d,27.397,29.942,26.249,27.512,31.806
2025-02-02,2025-02-03,1,1-5d,17.413,18.108,17.796,18.467,19.105
2025-02-02,2025-02-04,2,1-5d,21.213,22.251,21.676,22.452,21.942
2025-02-02,2025-02-05,3,1-5d,22.824,22.830,23.343,23.240,24.635
2025-02-02,2025-02-06,4,1-5d,21.481,20.344,21.589,21.177,22.270
2025-02-02,2025-02-07,5,1-5d,23.752,23.481,23.213,23.694,23.717
2025-02-02,2025-02-08,6,6-10d,24.125,23.810,23.364,23.534,24.588
2025-02-02,2025-02-09,7,6-10d,24.466,25.727,25.108,25.317,26.202
2025-02-02,2025-02-10,8,6-10d,26.809,30.350,28.919,29.471,29.341
2025-02-02,2025-02-11,9,6-10d,29.688,32.926,30.260,31.765,30.744
2025-02-02,2025-02-12,10,6-10d,33.006,33.714,29.799,32.196,32.004
2025-02-02,2025-02-13,11,11-15d,31.410,33.646,28.521,30.993,32.991
2025-02-02,2025-02-14,12,11-15d,28.548,33.055,27.386,29.693,31.806
2025-02-02,2025-02-15,13,11-15d,27.643,33.611,27.364,29.477,27.133
2025-02-03,2025-02-04,1,1-5d,21.422,22.667,21.713,22.764,21.942
2025-02-03,2025-02-05,2,1-5d,22.884,23.619,23.250,23.937,24.635
2025-02-03,2025-02-06,3,1-5d,20.437,19.749,20.205,20.327,22.270
2025-02-03,2025-02-07,4,1-5d,21.758,22.211,21.854,22.405,23.717
2025-02-03,2025-02-08,5,1-5d,21.763,22.973,22.593,22.873,24.588
2025-02-03,2025-02-09,6,6-10d,25.924,26.204,25.853,25.961,26.202
2025-02-03,2025-02-10,7,6-10d,29.222,30.260,29.142,29.747,29.341
2025-02-03,2025-02-11,8,6-10d,28.052,32.684,29.830,31.395,30.744
2025-02-03,2025-02-12,9,6-10d,25.841,34.255,29.620,32.602,32.004
2025-02-03,2025-02-13,10,6-10d,23.982,32.650,28.933,30.395,32.991
2025-02-03,2025-02-14,11,11-15d,24.575,31.282,27.799,29.144,31.806
2025-02-03,2025-02-15,12,11-15d,25.774,29.839,26.679,27.776,27.133
2025-02-03,2025-02-16,13,11-15d,26.507,30.489,26.554,27.842,29.879
2025-02-04,2025-02-05,1,1-5d,23.254,24.237,24.105,24.536,24.635
2025-02-04,2025-02-06,2,1-5d,20.775,20.459,20.395,21.101,22.270
2025-02-04,2025-02-07,3,1-5d,22.354,22.801,22.299,22.999,23.717
2025-02-04,2025-02-08,4,1-5d,23.402,23.905,23.574,24.095,24.588
2025-02-04,2025-02-09,5,1-5d,24.816,27.206,25.818,26.719,26.202
2025-02-04,2025-02-10,6,6-10d,27.259,31.858,29.287,30.838,29.341
2025-02-04,2025-02-11,7,6-10d,29.688,32.945,29.770,31.696,30.744
2025-02-04,2025-02-12,8,6-10d,36.065,32.370,29.713,31.546,32.004
2025-02-04,2025-02-13,9,6-10d,37.436,30.427,27.906,29.303,32.991
2025-02-04,2025-02-14,10,6-10d,30.454,26.829,26.216,26.735,31.806
2025-02-04,2025-02-15,11,11-15d,24.602,24.339,26.434,25.060,27.133
2025-02-04,2025-02-16,12,11-15d,23.242,26.370,27.787,26.689,29.879
2025-02-04,2025-02-17,13,11-15d,21.505,28.451,27.833,27.646,35.319
2025-02-05,2025-02-06,1,1-5d,20.408,20.654,20.133,21.116,22.270
2025-02-05,2025-02-07,2,1-5d,22.197,23.036,22.408,23.276,23.717
2025-02-05,2025-02-08,3,1-5d,23.028,23.449,22.942,23.653,24.588
2025-02-05,2025-02-09,4,1-5d,25.080,25.805,25.358,25.927,26.202
2025-02-05,2025-02-10,5,1-5d,27.812,28.681,28.487,28.677,29.341
2025-02-05,2025-02-11,6,6-10d,30.916,30.713,29.575,30.195,30.744
2025-02-05,2025-02-12,7,6-10d,32.134,33.094,31.535,32.479,32.004
2025-02-05,2025-02-13,8,6-10d,28.104,32.219,31.109,31.392,32.991
2025-02-05,2025-02-14,9,6-10d,24.813,28.594,28.631,28.109,31.806
2025-02-05,2025-02-15,10,6-10d,21.996,25.632,24.968,24.796,27.133
2025-02-05,2025-02-16,11,11-15d,21.278,26.996,24.592,25.393,29.879
2025-02-05,2025-02-17,12,11-15d,23.952,28.751,25.261,26.450,35.319
2025-02-05,2025-02-18,13,11-15d,21.358,27.793,24.532,25.427,38.041
2025-02-06,2025-02-07,1,1-5d,22.211,23.493,22.522,23.577,23.717
2025-02-06,2025-02-08,2,1-5d,23.225,24.090,23.417,24.315,24.588
2025-02-06,2025-02-09,3,1-5d,25.549,26.529,25.804,26.572,26.202
2025-02-06,2025-02-10,4,1-5d,28.707,28.663,29.325,29.161,29.341
2025-02-06,2025-02-11,5,1-5d,30.673,31.440,31.181,31.447,30.744
2025-02-06,2025-02-12,6,6-10d,31.038,34.138,31.778,33.192,32.004
2025-02-06,2025-02-13,7,6-10d,30.961,33.806,29.991,32.438,32.991
2025-02-06,2025-02-14,8,6-10d,30.664,31.248,27.708,29.990,31.806
2025-02-06,2025-02-15,9,6-10d,26.634,27.711,24.845,26.500,27.133
2025-02-06,2025-02-16,10,6-10d,25.697,29.561,25.486,27.679,29.879
2025-02-06,2025-02-17,11,11-15d,33.204,33.236,28.280,30.769,35.319
2025-02-06,2025-02-18,12,11-15d,31.722,32.482,27.304,29.741,38.041
2025-02-06,2025-02-19,13,11-15d,23.329,30.406,26.552,27.653,40.650
2025-02-07,2025-02-08,1,1-5d,22.891,24.462,23.384,24.443,24.588
2025-02-07,2025-02-09,2,1-5d,25.134,26.435,25.289,26.456,26.202
2025-02-07,2025-02-10,3,1-5d,27.998,28.878,28.790,29.009,29.341
2025-02-07,2025-02-11,4,1-5d,31.074,30.939,31.046,31.344,30.744
2025-02-07,2025-02-12,5,1-5d,32.423,33.086,31.617,32.932,32.004
2025-02-07,2025-02-13,6,6-10d,31.776,35.062,29.756,33.085,32.991
2025-02-07,2025-02-14,7,6-10d,32.351,32.599,29.443,31.656,31.806
2025-02-07,2025-02-15,8,6-10d,29.881,28.081,27.257,27.621,27.133
2025-02-07,2025-02-16,9,6-10d,32.392,32.132,28.543,30.741,29.879
2025-02-07,2025-02-17,10,6-10d,34.895,35.246,29.038,33.076,35.319
2025-02-07,2025-02-18,11,11-15d,29.468,32.449,27.002,29.614,38.041
2025-02-07,2025-02-19,12,11-15d,27.540,30.653,25.533,27.705,40.650
2025-02-07,2025-02-20,13,11-15d,27.774,30.920,25.597,27.482,40.846
2025-02-08,2025-02-09,1,1-5d,25.081,26.070,25.387,26.285,26.202
2025-02-08,2025-02-10,2,1-5d,27.674,28.526,28.689,28.921,29.341
2025-02-08,2025-02-11,3,1-5d,30.187,30.669,30.582,30.900,30.744
2025-02-08,2025-02-12,4,1-5d,30.659,31.846,30.676,31.731,32.004
2025-02-08,2025-02-13,5,1-5d,30.597,31.939,29.006,31.429,32.991
2025-02-08,2025-02-14,6,6-10d,32.155,30.681,29.326,30.087,31.806
2025-02-08,2025-02-15,7,6-10d,26.585,28.219,25.595,27.270,27.133
2025-02-08,2025-02-16,8,6-10d,28.040,33.189,27.678,31.210,29.879
2025-02-08,2025-02-17,9,6-10d,33.459,36.169,31.878,34.602,35.319
2025-02-08,2025-02-18,10,6-10d,29.352,31.843,30.672,30.970,38.041
2025-02-08,2025-02-19,11,11-15d,28.871,30.247,28.380,29.103,40.650
2025-02-08,2025-02-20,12,11-15d,33.499,31.015,27.519,29.439,40.846
2025-02-08,2025-02-21,13,11-15d,32.118,30.892,28.037,29.153,37.402
2025-02-09,2025-02-10,1,1-5d,27.913,28.905,28.451,29.153,29.341
2025-02-09,2025-02-11,2,1-5d,29.712,30.545,30.036,30.811,30.744
2025-02-09,2025-02-12,3,1-5d,31.175,31.519,30.961,31.737,32.004
2025-02-09,2025-02-13,4,1-5d,31.705,32.631,31.045,32.485,32.991
2025-02-09,2025-02-14,5,1-5d,31.864,32.193,32.288,32.340,31.806
2025-02-09,2025-02-15,6,6-10d,28.034,27.184,28.376,27.481,27.133
2025-02-09,2025-02-16,7,6-10d,34.263,31.231,30.788,31.294,29.879
2025-02-09,2025-02-17,8,6-10d,39.733,35.844,34.333,35.317,35.319
2025-02-09,2025-02-18,9,6-10d,31.793,32.762,32.378,32.172,38.041
2025-02-09,2025-02-19,10,6-10d,23.212,31.167,29.646,29.642,40.650
2025-02-09,2025-02-20,11,11-15d,20.018,32.407,29.287,30.149,40.846
2025-02-09,2025-02-21,12,11-15d,20.660,32.712,28.679,29.414,37.402
2025-02-09,2025-02-22,13,11-15d,20.658,30.526,27.117,27.900,31.944
2025-02-10,2025-02-11,1,1-5d,29.460,30.444,29.618,30.639,30.744
2025-02-10,2025-02-12,2,1-5d,30.963,30.897,30.284,31.367,32.004
2025-02-10,2025-02-13,3,1-5d,31.840,32.030,30.280,32.168,32.991
2025-02-10,2025-02-14,4,1-5d,31.365,32.616,30.659,32.331,31.806
2025-02-10,2025-02-15,5,1-5d,27.012,28.123,26.261,27.820,27.133
2025-02-10,2025-02-16,6,6-10d,32.087,33.953,31.031,32.810,29.879
2025-02-10,2025-02-17,7,6-10d,34.765,37.689,35.091,36.618,35.319
2025-02-10,2025-02-18,8,6-10d,29.339,33.091,30.604,31.938,38.041
2025-02-10,2025-02-19,9,6-10d,22.708,33.638,27.732,31.667,40.650
2025-02-10,2025-02-20,10,6-10d,26.730,35.300,28.171,32.032,40.846
2025-02-10,2025-02-21,11,11-15d,27.439,34.017,27.817,30.663,37.402
2025-02-10,2025-02-22,12,11-15d,22.491,30.080,26.459,27.434,31.944
2025-02-10,2025-02-23,13,11-15d,20.557,26.633,26.032,25.881,25.162
2025-02-11,2025-02-12,1,1-5d,29.969,30.378,29.034,30.668,32.004
2025-02-11,2025-02-13,2,1-5d,31.109,31.536,29.724,31.643,32.991
2025-02-11,2025-02-14,3,1-5d,30.997,31.542,30.824,31.694,31.806
2025-02-11,2025-02-15,4,1-5d,25.942,27.196,25.339,26.930,27.133
2025-02-11,2025-02-16,5,1-5d,32.297,33.220,29.599,32.691,29.879
2025-02-11,2025-02-17,6,6-10d,36.376,37.634,34.847,36.539,35.319
2025-02-11,2025-02-18,7,6-10d,32.333,34.897,33.656,34.201,38.041
2025-02-11,2025-02-19,8,6-10d,32.222,36.712,33.939,35.450,40.650
2025-02-11,2025-02-20,9,6-10d,36.967,37.505,34.161,36.175,40.846
2025-02-11,2025-02-21,10,6-10d,37.336,35.752,32.127,34.550,37.402
2025-02-11,2025-02-22,11,11-15d,30.902,32.575,29.145,30.713,31.944
2025-02-11,2025-02-23,12,11-15d,25.933,29.957,26.747,27.873,25.162
2025-02-11,2025-02-24,13,11-15d,23.171,27.928,25.667,26.246,19.439
2025-02-12,2025-02-13,1,1-5d,31.221,31.920,30.491,32.110,32.991
2025-02-12,2025-02-14,2,1-5d,31.422,31.676,31.380,32.129,31.806
2025-02-12,2025-02-15,3,1-5d,26.287,26.785,26.031,26.945,27.133
2025-02-12,2025-02-16,4,1-5d,29.416,32.292,29.159,31.447,29.879
2025-02-12,2025-02-17,5,1-5d,35.525,39.283,35.195,38.117,35.319
2025-02-12,2025-02-18,6,6-10d,37.167,38.288,33.038,36.331,38.041
2025-02-12,2025-02-19,7,6-10d,40.332,38.752,34.118,37.622,40.650
2025-02-12,2025-02-20,8,6-10d,40.503,38.020,36.443,37.406,40.846
2025-02-12,2025-02-21,9,6-10d,36.128,34.593,35.536,34.335,37.402
2025-02-12,2025-02-22,10,6-10d,30.098,29.591,30.733,29.712,31.944
2025-02-12,2025-02-23,11,11-15d,23.142,26.652,26.670,26.250,25.162
2025-02-12,2025-02-24,12,11-15d,19.455,25.255,24.470,24.206,19.439
2025-02-12,2025-02-25,13,11-15d,17.594,24.355,23.635,23.498,16.312
2025-02-13,2025-02-14,1,1-5d,31.172,32.068,31.687,32.356,31.806
2025-02-13,2025-02-15,2,1-5d,25.807,26.665,25.682,26.830,27.133
2025-02-13,2025-02-16,3,1-5d,29.251,30.818,28.742,30.579,29.879
2025-02-13,2025-02-17,4,1-5d,34.487,38.352,35.225,37.310,35.319
2025-02-13,2025-02-18,5,1-5d,36.363,39.810,35.137,38.618,38.041
2025-02-13,2025-02-19,6,6-10d,39.522,42.248,37.502,40.467,40.650
2025-02-13,2025-02-20,7,6-10d,39.063,42.368,38.264,40.882,40.846
2025-02-13,2025-02-21,8,6-10d,32.871,39.174,35.145,37.507,37.402
2025-02-13,2025-02-22,9,6-10d,27.841,33.275,29.784,31.908,31.944
2025-02-13,2025-02-23,10,6-10d,22.930,28.799,24.879,26.763,25.162
2025-02-13,2025-02-24,11,11-15d,21.735,25.444,22.399,23.653,19.439
2025-02-13,2025-02-25,12,11-15d,19.943,23.919,21.693,22.332,16.312
2025-02-13,2025-02-26,13,11-15d,17.471,24.368,22.748,22.964,15.874
2025-02-14,2025-02-15,1,1-5d,25.253,26.340,25.415,26.489,27.133
2025-02-14,2025-02-16,2,1-5d,27.883,29.476,27.764,29.311,29.879
2025-02-14,2025-02-17,3,1-5d,34.096,36.576,35.108,36.169,35.319
2025-02-14,2025-02-18,4,1-5d,34.935,38.737,36.936,37.973,38.041
2025-02-14,2025-02-19,5,1-5d,39.245,42.435,40.135,41.651,40.650
2025-02-14,2025-02-20,6,6-10d,41.130,43.762,41.381,42.809,40.846
2025-02-14,2025-02-21,7,6-10d,35.514,40.507,37.366,39.093,37.402
2025-02-14,2025-02-22,8,6-10d,29.678,34.554,31.546,33.214,31.944
2025-02-14,2025-02-23,9,6-10d,25.628,29.462,26.216,28.156,25.162
2025-02-14,2025-02-24,10,6-10d,22.476,25.049,23.773,24.136,19.439
2025-02-14,2025-02-25,11,11-15d,20.744,22.819,22.366,22.276,16.312
2025-02-14,2025-02-26,12,11-15d,23.254,22.299,21.671,22.004,15.874
2025-02-14,2025-02-27,13,11-15d,25.007,22.704,22.628,22.686,15.826
2025-02-15,2025-02-16,1,1-5d,28.197,29.226,28.132,29.367,29.879
2025-02-15,2025-02-17,2,1-5d,34.230,36.507,35.195,36.251,35.319
2025-02-15,2025-02-18,3,1-5d,35.699,38.781,36.946,38.187,38.041
2025-02-15,2025-02-19,4,1-5d,37.008,42.496,38.803,41.016,40.650
2025-02-15,2025-02-20,5,1-5d,38.052,43.077,38.287,41.552,40.846
2025-02-15,2025-02-21,6,6-10d,35.553,39.649,35.533,38.088,37.402
2025-02-15,2025-02-22,7,6-10d,31.058,34.605,30.910,33.197,31.944
2025-02-15,2025-02-23,8,6-10d,26.188,28.855,25.818,27.618,25.162
2025-02-15,2025-02-24,9,6-10d,20.877,23.220,22.534,22.554,19.439
2025-02-15,2025-02-25,10,6-10d,19.226,20.743,21.826,20.643,16.312
2025-02-15,2025-02-26,11,11-15d,16.273,21.264,22.900,21.516,15.874
2025-02-15,2025-02-27,12,11-15d,14.642,22.232,23.759,22.160,15.826
2025-02-15,2025-02-28,13,11-15d,17.324,21.932,22.803,22.137,17.572
2025-02-16,2025-02-17,1,1-5d,34.121,36.879,35.139,36.405,35.319
2025-02-16,2025-02-18,2,1-5d,36.021,38.690,36.791,38.219,38.041
2025-02-16,2025-02-19,3,1-5d,38.548,41.646,38.704,40.937,40.650
2025-02-16,2025-02-20,4,1-5d,38.850,41.875,39.182,41.088,40.846
2025-02-16,2025-02-21,5,1-5d,35.608,38.428,35.579,37.635,37.402
2025-02-16,2025-02-22,6,6-10d,32.092,34.641,31.744,33.507,31.944
2025-02-16,2025-02-23,7,6-10d,26.929,29.707,27.819,28.828,25.162
2025-02-16,2025-02-24,8,6-10d,21.139,23.880,23.683,23.350,19.439
2025-02-16,2025-02-25,9,6-10d,20.204,20.617,21.755,20.407,16.312
2025-02-16,2025-02-26,10,6-10d,22.015,21.251,22.765,21.509,15.874
2025-02-16,2025-02-27,11,11-15d,20.450,22.988,23.053,22.655,15.826
2025-02-16,2025-02-28,12,11-15d,18.446,22.782,22.994,22.378,17.572
2025-02-16,2025-03-01,13,11-15d,16.610,21.515,21.528,21.190,21.335
2025-02-17,2025-02-18,1,1-5d,36.987,38.849,37.951,38.770,38.041
2025-02-17,2025-02-19,2,1-5d,39.031,41.281,39.249,40.888,40.650
2025-02-17,2025-02-20,3,1-5d,39.206,42.259,40.071,41.637,40.846
2025-02-17,2025-02-21,4,1-5d,36.479,38.005,37.059,37.867,37.402
2025-02-17,2025-02-22,5,1-5d,31.879,31.776,32.619,32.122,31.944
2025-02-17,2025-02-23,6,6-10d,25.601,26.471,26.941,26.516,25.162
2025-02-17,2025-02-24,7,6-10d,22.272,21.852,22.353,21.890,19.439
2025-02-17,2025-02-25,8,6-10d,19.636,19.106,20.199,19.062,16.312
2025-02-17,2025-02-26,9,6-10d,19.041,19.563,21.008,19.430,15.874
2025-02-17,2025-02-27,10,6-10d,18.944,21.675,23.047,21.541,15.826
2025-02-17,2025-02-28,11,11-15d,23.445,22.061,23.021,22.327,17.572
2025-02-17,2025-03-01,12,11-15d,19.716,19.874,21.524,20.607,21.335
2025-02-17,2025-03-02,13,11-15d,16.040,18.625,20.840,19.738,26.066
2025-02-18,2025-02-19,1,1-5d,39.440,41.502,40.161,41.296,40.650
2025-02-18,2025-02-20,2,1-5d,39.109,42.377,40.609,41.782,40.846
2025-02-18,2025-02-21,3,1-5d,35.532,38.681,36.624,38.048,37.402
2025-02-18,2025-02-22,4,1-5d,29.706,32.457,30.298,31.831,31.944
2025-02-18,2025-02-23,5,1-5d,23.569,25.689,24.210,25.242,25.162
2025-02-18,2025-02-24,6,6-10d,19.115,21.102,20.202,20.667,19.439
2025-02-18,2025-02-25,7,6-10d,19.872,19.066,19.386,19.097,16.312
2025-02-18,2025-02-26,8,6-10d,22.638,19.487,21.149,19.716,15.874
2025-02-18,2025-02-27,9,6-10d,22.190,21.370,23.266,21.350,15.826
2025-02-18,2025-02-28,10,6-10d,26.089,22.628,24.356,23.220,17.572
2025-02-18,2025-03-01,11,11-15d,27.199,22.062,22.832,22.430,21.335
2025-02-18,2025-03-02,12,11-15d,21.575,22.580,22.132,22.179,26.066
2025-02-18,2025-03-03,13,11-15d,16.593,22.141,22.916,22.241,23.188
2025-02-19,2025-02-20,1,1-5d,39.585,42.602,40.451,41.988,40.846
2025-02-19,2025-02-21,2,1-5d,35.790,39.036,36.702,38.334,37.402
2025-02-19,2025-02-22,3,1-5d,29.926,33.292,31.190,32.600,31.944
2025-02-19,2025-02-23,4,1-5d,23.905,26.425,25.037,26.000,25.162
2025-02-19,2025-02-24,5,1-5d,18.950,21.130,20.164,20.748,19.439
2025-02-19,2025-02-25,6,6-10d,16.579,18.920,18.092,18.510,16.312
2025-02-19,2025-02-26,7,6-10d,18.166,19.450,19.259,19.145,15.874
2025-02-19,2025-02-27,8,6-10d,22.847,21.591,22.497,21.536,15.826
2025-02-19,2025-02-28,9,6-10d,26.668,22.881,25.631,23.074,17.572
2025-02-19,2025-03-01,10,6-10d,25.679,22.901,24.882,23.500,21.335
2025-02-19,2025-03-02,11,11-15d,29.617,24.673,25.185,24.916,26.066
2025-02-19,2025-03-03,12,11-15d,32.191,24.590,26.524,26.241,23.188
2025-02-19,2025-03-04,13,11-15d,32.044,23.912,27.187,26.196,18.265
2025-02-20,2025-02-21,1,1-5d,36.263,38.832,37.041,38.407,37.402
2025-02-20,2025-02-22,2,1-5d,30.172,32.834,31.027,32.383,31.944
2025-02-20,2025-02-23,3,1-5d,23.415,25.752,24.247,25.377,25.162
2025-02-20,2025-02-24,4,1-5d,18.503,20.472,19.220,20.184,19.439
2025-02-20,2025-02-25,5,1-5d,16.661,17.915,17.141,17.747,16.312
2025-02-20,2025-02-26,6,6-10d,17.555,17.955,18.005,17.853,15.874
2025-02-20,2025-02-27,7,6-10d,19.782,20.264,20.334,20.104,15.826
2025-02-20,2025-02-28,8,6-10d,21.768,23.029,24.428,22.972,17.572
2025-02-20,2025-03-01,9,6-10d,21.824,22.686,25.130,22.803,21.335
2025-02-20,2025-03-02,10,6-10d,27.014,23.832,24.104,23.959,26.066
2025-02-20,2025-03-03,11,11-15d,29.711,23.829,24.543,24.209,23.188
2025-02-20,2025-03-04,12,11-15d,25.389,22.219,24.191,23.446,18.265
2025-02-20,2025-03-05,13,11-15d,21.377,23.278,23.958,23.504,19.825
2025-02-21,2025-02-22,1,1-5d,30.534,32.558,31.333,32.381,31.944
2025-02-21,2025-02-23,2,1-5d,23.925,25.977,24.593,25.763,25.162
2025-02-21,2025-02-24,3,1-5d,18.262,20.252,18.878,19.977,19.439
2025-02-21,2025-02-25,4,1-5d,15.454,17.659,16.594,17.361,16.312
2025-02-21,2025-02-26,5,1-5d,16.323,17.792,17.307,17.624,15.874
2025-02-21,2025-02-27,6,6-10d,20.488,19.731,19.800,19.635,15.826
2025-02-21,2025-02-28,7,6-10d,19.802,23.416,23.165,22.863,17.572
2025-02-21,2025-03-01,8,6-10d,20.196,24.214,23.494,23.489,21.335
2025-02-21,2025-03-02,9,6-10d,25.588,25.381,22.862,24.257,26.066
2025-02-21,2025-03-03,10,6-10d,29.611,25.046,23.662,24.815,23.188
2025-02-21,2025-03-04,11,11-15d,25.259,22.158,23.045,22.477,18.265
2025-02-21,2025-03-05,12,11-15d,21.768,22.250,23.703,22.852,19.825
2025-02-21,2025-03-06,13,11-15d,23.710,24.598,25.173,24.811,23.543
2025-02-22,2025-02-23,1,1-5d,24.231,25.938,24.902,25.884,25.162
2025-02-22,2025-02-24,2,1-5d,18.655,20.633,19.320,20.452,19.439
2025-02-22,2025-02-25,3,1-5d,15.015,17.717,15.916,17.222,16.312
2025-02-22,2025-02-26,4,1-5d,15.194,18.016,15.537,17.312,15.874
2025-02-22,2025-02-27,5,1-5d,18.371,19.060,18.574,19.048,15.826
2025-02-22,2025-02-28,6,6-10d,20.639,20.234,22.298,20.836,17.572
2025-02-22,2025-03-01,7,6-10d,17.949,20.938,23.480,21.145,21.335
2025-02-22,2025-03-02,8,6-10d,19.042,23.174,23.653,22.743,26.066
2025-02-22,2025-03-03,9,6-10d,20.369,23.389,23.304,22.874,23.188
2025-02-22,2025-03-04,10,6-10d,16.921,21.125,21.079,20.418,18.265
2025-02-22,2025-03-05,11,11-15d,16.188,21.498,20.889,20.724,19.825
2025-02-22,2025-03-06,12,11-15d,19.234,23.598,22.890,22.731,23.543
2025-02-22,2025-03-07,13,11-15d,20.617,25.202,23.261,23.721,22.603
2025-02-23,2025-02-24,1,1-5d,18.965,20.101,19.454,20.277,19.439
2025-02-23,2025-02-25,2,1-5d,16.003,17.531,16.676,17.554,16.312
2025-02-23,2025-02-26,3,1-5d,15.043,17.649,16.034,17.196,15.874
2025-02-23,2025-02-27,4,1-5d,16.462,18.054,17.379,17.957,15.826
2025-02-23,2025-02-28,5,1-5d,18.924,20.418,19.239,20.141,17.572
2025-02-23,2025-03-01,6,6-10d,18.099,20.209,19.109,19.704,21.335
2025-02-23,2025-03-02,7,6-10d,23.924,22.688,21.437,22.370,26.066
2025-02-23,2025-03-03,8,6-10d,22.178,22.469,22.904,22.219,23.188
2025-02-23,2025-03-04,9,6-10d,18.704,19.966,20.030,19.488,18.265
2025-02-23,2025-03-05,10,6-10d,18.583,19.966,19.466,19.405,19.825
2025-02-23,2025-03-06,11,11-15d,23.668,22.956,22.577,22.586,23.543
2025-02-23,2025-03-07,12,11-15d,23.930,24.035,23.423,23.642,22.603
2025-02-23,2025-03-08,13,11-15d,24.076,23.826,22.903,23.197,21.849
2025-02-24,2025-02-25,1,1-5d,16.141,17.469,16.427,17.528,16.312
2025-02-24,2025-02-26,2,1-5d,15.510,17.766,16.124,17.449,15.874
2025-02-24,2025-02-27,3,1-5d,16.442,17.485,17.428,17.579,15.826
2025-02-24,2025-02-28,4,1-5d,20.352,19.726,21.607,20.584,17.572
2025-02-24,2025-03-01,5,1-5d,21.053,19.787,21.472,20.492,21.335
2025-02-24,2025-03-02,6,6-10d,21.163,23.759,21.479,22.841,26.066
2025-02-24,2025-03-03,7,6-10d,18.638,22.220,20.569,21.320,23.188
2025-02-24,2025-03-04,8,6-10d,14.956,17.934,18.354,17.546,18.265
2025-02-24,2025-03-05,9,6-10d,13.888,17.477,17.800,17.064,19.825
2025-02-24,2025-03-06,10,6-10d,19.666,19.877,21.089,19.947,23.543
2025-02-24,2025-03-07,11,11-15d,21.649,20.463,22.917,21.392,22.603
2025-02-24,2025-03-08,12,11-15d,19.501,19.980,22.509,21.120,21.849
2025-02-24,2025-03-09,13,11-15d,19.924,19.239,22.184,20.953,20.303
2025-02-25,2025-02-26,1,1-5d,15.052,17.379,15.500,17.013,15.874
2025-02-25,2025-02-27,2,1-5d,15.382,17.004,16.228,17.019,15.826
2025-02-25,2025-02-28,3,1-5d,17.050,19.799,18.498,19.342,17.572
2025-02-25,2025-03-01,4,1-5d,19.796,20.625,19.907,20.672,21.335
2025-02-25,2025-03-02,5,1-5d,22.786,26.077,23.483,25.228,26.066
2025-02-25,2025-03-03,6,6-10d,20.703,23.506,22.030,22.869,23.188
2025-02-25,2025-03-04,7,6-10d,17.781,18.286,18.817,18.239,18.265
2025-02-25,2025-03-05,8,6-10d,14.764,18.216,17.126,17.427,19.825
2025-02-25,2025-03-06,9,6-10d,17.579,21.910,20.110,20.966,23.543
2025-02-25,2025-03-07,10,6-10d,21.219,22.469,22.215,21.995,22.603
2025-02-25,2025-03-08,11,11-15d,19.806,21.926,21.266,21.288,21.849
2025-02-25,2025-03-09,12,11-15d,15.357,21.113,21.279,20.544,20.303
2025-02-25,2025-03-10,13,11-15d,11.431,18.532,21.155,19.664,15.541
2025-02-26,2025-02-27,1,1-5d,15.128,16.682,15.538,16.658,15.826
2025-02-26,2025-02-28,2,1-5d,16.778,18.912,17.565,18.685,17.572
2025-02-26,2025-03-01,3,1-5d,20.965,21.322,20.841,21.545,21.335
2025-02-26,2025-03-02,4,1-5d,24.825,26.840,24.890,26.403,26.066
2025-02-26,2025-03-03,5,1-5d,21.120,24.071,22.508,23.445,23.188
2025-02-26,2025-03-04,6,6-10d,17.866,18.874,18.594,18.656,18.265
2025-02-26,2025-03-05,7,6-10d,17.715,17.571,17.009,17.316,19.825
2025-02-26,2025-03-06,8,6-10d,21.804,21.231,19.825,20.564,23.543
2025-02-26,2025-03-07,9,6-10d,21.724,23.056,20.955,22.037,22.603
2025-02-26,2025-03-08,10,6-10d,21.910,23.326,21.366,22.324,21.849
2025-02-26,2025-03-09,11,11-15d,21.253,22.290,22.123,21.928,20.303
2025-02-26,2025-03-10,12,11-15d,17.589,19.381,21.729,20.299,15.541
2025-02-26,2025-03-11,13,11-15d,13.171,16.468,17.971,17.118,14.926
2025-02-27,2025-02-28,1,1-5d,16.035,18.496,17.108,18.163,17.572
2025-02-27,2025-03-01,2,1-5d,19.543,22.856,21.078,22.248,21.335
2025-02-27,2025-03-02,3,1-5d,23.949,27.228,25.434,26.589,26.066
2025-02-27,2025-03-03,4,1-5d,21.761,23.685,22.688,23.457,23.188
2025-02-27,2025-03-04,5,1-5d,17.989,18.364,18.295,18.477,18.265
2025-02-27,2025-03-05,6,6-10d,16.507,17.612,16.696,17.171,19.825
2025-02-27,2025-03-06,7,6-10d,20.708,21.695,20.712,21.221,23.543
2025-02-27,2025-03-07,8,6-10d,22.048,22.417,21.850,21.913,22.603
2025-02-27,2025-03-08,9,6-10d,18.805,22.316,21.126,21.524,21.849
2025-02-27,2025-03-09,10,6-10d,21.496,21.700,21.189,21.254,20.303
2025-02-27,2025-03-10,11,11-15d,19.694,19.836,20.018,19.676,15.541
2025-02-27,2025-03-11,12,11-15d,16.075,17.098,17.393,17.067,14.926
2025-02-27,2025-03-12,13,11-15d,15.358,15.912,15.615,15.619,15.665
2025-02-28,2025-03-01,1,1-5d,20.309,22.778,21.524,22.463,21.335
2025-02-28,2025-03-02,2,1-5d,23.543,27.215,25.425,26.515,26.066
2025-02-28,2025-03-03,3,1-5d,20.653,23.259,21.759,22.818,23.188
2025-02-28,2025-03-04,4,1-5d,16.830,17.874,17.317,17.910,18.265
2025-02-28,2025-03-05,5,1-5d,16.012,17.795,16.184,17.396,19.825
2025-02-28,2025-03-06,6,6-10d,21.453,22.704,20.488,21.808,23.543
2025-02-28,2025-03-07,7,6-10d,20.355,22.229,20.426,21.462,22.603
2025-02-28,2025-03-08,8,6-10d,17.619,21.264,19.752,20.360,21.849
2025-02-28,2025-03-09,9,6-10d,14.550,19.869,20.465,19.524,20.303
2025-02-28,2025-03-10,10,6-10d,13.768,18.472,19.947,18.171,15.541
2025-02-28,2025-03-11,11,11-15d,11.868,16.241,16.584,15.942,14.926
2025-02-28,2025-03-12,12,11-15d,10.556,15.506,15.118,14.741,15.665
2025-02-28,2025-03-13,13,11-15d,15.693,16.813,15.989,16.175,15.450
2025-03-01,2025-03-02,1,1-5d,24.404,26.947,25.804,26.565,26.066
2025-03-01,2025-03-03,2,1-5d,21.367,23.447,22.425,23.275,23.188
2025-03-01,2025-03-04,3,1-5d,16.644,18.240,17.563,18.147,18.265
2025-03-01,2025-03-05,4,1-5d,15.774,17.876,16.662,17.528,19.825
2025-03-01,2025-03-06,5,1-5d,20.207,22.944,20.960,22.240,23.543
2025-03-01,2025-03-07,6,6-10d,19.884,22.372,20.467,21.534,22.603
2025-03-01,2025-03-08,7,6-10d,21.027,20.451,20.264,20.164,21.849
2025-03-01,2025-03-09,8,6-10d,22.459,19.883,21.639,19.855,20.303
2025-03-01,2025-03-10,9,6-10d,19.911,18.968,22.254,18.694,15.541
2025-03-01,2025-03-11,10,6-10d,21.459,16.544,18.990,16.923,14.926
2025-03-01,2025-03-12,11,11-15d,23.062,14.868,15.335,15.002,15.665
2025-03-01,2025-03-13,12,11-15d,21.457,16.057,14.275,15.766,15.450
2025-03-01,2025-03-14,13,11-15d,16.635,16.678,14.151,15.480,14.317
2025-03-02,2025-03-03,1,1-5d,20.951,22.833,21.827,22.696,23.188
2025-03-02,2025-03-04,2,1-5d,16.728,17.805,17.246,17.976,18.265
2025-03-02,2025-03-05,3,1-5d,17.529,18.744,17.693,18.728,19.825
2025-03-02,2025-03-06,4,1-5d,22.448,23.995,22.287,23.659,23.543
2025-03-02,2025-03-07,5,1-5d,20.235,22.788,21.199,22.191,22.603
2025-03-02,2025-03-08,6,6-10d,19.773,20.773,20.863,20.534,21.849
2025-03-02,2025-03-09,7,6-10d,21.072,20.577,21.266,20.458,20.303
2025-03-02,2025-03-10,8,6-10d,16.476,18.955,19.208,18.373,15.541
2025-03-02,2025-03-11,9,6-10d,13.444,16.122,16.294,15.355,14.926
2025-03-02,2025-03-12,10,6-10d,10.948,13.929,14.098,13.176,15.665
2025-03-02,2025-03-13,11,11-15d,12.290,14.695,14.736,14.171,15.450
2025-03-02,2025-03-14,12,11-15d,13.459,16.376,15.185,15.431,14.317
2025-03-02,2025-03-15,13,11-15d,16.753,16.865,16.086,16.360,13.573
2025-03-03,2025-03-04,1,1-5d,16.671,17.547,17.047,17.813,18.265
2025-03-03,2025-03-05,2,1-5d,17.331,18.891,17.461,18.767,19.825
2025-03-03,2025-03-06,3,1-5d,21.861,23.834,22.059,23.518,23.543
2025-03-03,2025-03-07,4,1-5d,20.414,22.278,20.763,21.917,22.603
2025-03-03,2025-03-08,5,1-5d,20.360,22.653,20.533,21.989,21.849
2025-03-03,2025-03-09,6,6-10d,21.275,22.370,21.713,21.907,20.303
2025-03-03,2025-03-10,7,6-10d,17.563,20.416,19.657,19.672,15.541
2025-03-03,2025-03-11,8,6-10d,14.774,17.494,15.565,16.464,14.926
2025-03-03,2025-03-12,9,6-10d,10.484,14.808,13.304,13.791,15.665
2025-03-03,2025-03-13,10,6-10d,11.491,16.778,15.085,15.515,15.450
2025-03-03,2025-03-14,11,11-15d,15.187,18.785,16.186,17.410,14.317
2025-03-03,2025-03-15,12,11-15d,14.955,18.000,16.536,16.960,13.573
2025-03-03,2025-03-16,13,11-15d,15.647,18.646,16.850,17.445,16.256
2025-03-04,2025-03-05,1,1-5d,17.617,19.005,17.860,19.027,19.825
2025-03-04,2025-03-06,2,1-5d,22.152,23.829,22.237,23.644,23.543
2025-03-04,2025-03-07,3,1-5d,20.868,22.507,21.011,22.320,22.603
2025-03-04,2025-03-08,4,1-5d,21.031,23.306,21.096,22.724,21.849
2025-03-04,2025-03-09,5,1-5d,22.741,22.127,23.353,22.568,20.303
2025-03-04,2025-03-10,6,6-10d,20.980,18.981,23.532,20.080,15.541
2025-03-04,2025-03-11,7,6-10d,14.345,17.015,18.069,16.652,14.926
2025-03-04,2025-03-12,8,6-10d,11.143,14.798,13.744,13.896,15.665
2025-03-04,2025-03-13,9,6-10d,13.243,15.693,14.295,14.781,15.450
2025-03-04,2025-03-14,10,6-10d,15.404,17.594,15.283,16.548,14.317
2025-03-04,2025-03-15,11,11-15d,15.843,17.442,16.353,16.620,13.573
2025-03-04,2025-03-16,12,11-15d,16.890,19.540,17.698,18.426,16.256
2025-03-04,2025-03-17,13,11-15d,18.919,21.075,18.358,19.590,17.799
2025-03-05,2025-03-06,1,1-5d,22.171,23.527,22.467,23.569,23.543
2025-03-05,2025-03-07,2,1-5d,20.718,22.672,21.047,22.411,22.603
2025-03-05,2025-03-08,3,1-5d,19.995,23.441,20.179,22.535,21.849
2025-03-05,2025-03-09,4,1-5d,20.212,21.288,20.918,21.314,20.303
2025-03-05,2025-03-10,5,1-5d,17.569,17.943,17.773,17.956,15.541
2025-03-05,2025-03-11,6,6-10d,12.921,15.843,13.941,15.006,14.926
2025-03-05,2025-03-12,7,6-10d,11.770,14.163,12.528,13.290,15.665
2025-03-05,2025-03-13,8,6-10d,13.097,14.688,13.924,13.947,15.450
2025-03-05,2025-03-14,9,6-10d,14.438,16.259,16.505,15.543,14.317
2025-03-05,2025-03-15,10,6-10d,14.636,16.449,18.784,16.138,13.573
2025-03-05,2025-03-16,11,11-15d,18.718,18.245,20.821,18.626,16.256
2025-03-05,2025-03-17,12,11-15d,21.918,19.990,20.458,20.027,17.799
2025-03-05,2025-03-18,13,11-15d,20.157,19.878,19.097,19.411,15.358
2025-03-06,2025-03-07,1,1-5d,20.379,22.395,21.108,22.183,22.603
2025-03-06,2025-03-08,2,1-5d,19.766,23.064,20.346,22.248,21.849
2025-03-06,2025-03-09,3,1-5d,18.704,21.517,19.604,20.936,20.303
2025-03-06,2025-03-10,4,1-5d,15.591,18.129,16.753,17.661,15.541
2025-03-06,2025-03-11,5,1-5d,13.140,15.717,14.519,15.194,14.926
2025-03-06,2025-03-12,6,6-10d,13.240,13.470,13.897,13.332,15.665
2025-03-06,2025-03-13,7,6-10d,16.951,14.045,16.803,14.580,15.450
2025-03-06,2025-03-14,8,6-10d,16.531,14.759,17.436,14.875,14.317
2025-03-06,2025-03-15,9,6-10d,14.687,14.993,17.648,14.593,13.573
2025-03-06,2025-03-16,10,6-10d,14.715,16.740,18.832,16.371,16.256
2025-03-06,2025-03-17,11,11-15d,13.892,19.088,18.833,18.336,17.799
2025-03-06,2025-03-18,12,11-15d,14.253,19.605,18.277,18.375,15.358
2025-03-07,2025-03-08,1,1-5d,19.974,22.475,20.697,22.044,21.849
2025-03-07,2025-03-09,2,1-5d,18.210,20.526,18.861,20.166,20.303
2025-03-07,2025-03-10,3,1-5d,14.780,17.479,15.742,16.949,15.541
2025-03-07,2025-03-11,4,1-5d,13.080,15.577,14.415,15.160,14.926
2025-03-07,2025-03-12,5,1-5d,13.990,14.375,13.604,14.267,15.665
2025-03-07,2025-03-13,6,6-10d,14.774,14.366,14.276,14.073,15.450
2025-03-07,2025-03-14,7,6-10d,13.318,15.191,14.086,14.476,14.317
2025-03-07,2025-03-15,8,6-10d,12.426,13.406,14.230,13.013,13.573
2025-03-07,2025-03-16,9,6-10d,13.774,14.117,16.322,13.670,16.256
2025-03-07,2025-03-17,10,6-10d,17.523,16.858,18.008,16.617,17.799
2025-03-07,2025-03-18,11,11-15d,19.157,17.743,18.067,17.495,15.358
2025-03-07,2025-03-19,12,11-15d,20.011,17.570,17.258,17.425,14.001
2025-03-07,2025-03-20,13,11-15d,17.868,18.135,18.079,17.903,18.055
2025-03-08,2025-03-09,1,1-5d,18.101,19.996,18.435,19.799,20.303
2025-03-08,2025-03-10,2,1-5d,14.550,16.941,15.128,16.533,15.541
2025-03-08,2025-03-11,3,1-5d,14.075,15.709,14.434,15.545,14.926
2025-03-08,2025-03-12,4,1-5d,15.343,15.811,15.647,16.000,15.665
2025-03-08,2025-03-13,5,1-5d,13.503,14.800,14.459,14.641,15.450
2025-03-08,2025-03-14,6,6-10d,11.438,15.151,13.086,14.265,14.317
2025-03-08,2025-03-15,7,6-10d,11.552,12.502,13.803,12.360,13.573
2025-03-08,2025-03-16,8,6-10d,15.762,13.458,16.823,13.738,16.256
2025-03-08,2025-03-17,9,6-10d,19.993,16.943,18.827,16.634,17.799
2025-03-08,2025-03-18,10,6-10d,19.512,18.097,17.868,17.724,15.358
2025-03-08,2025-03-19,11,11-15d,16.864,17.610,18.511,17.427,14.001
2025-03-08,2025-03-20,12,11-15d,17.693,18.454,20.157,18.593,18.055
2025-03-08,2025-03-21,13,11-15d,16.703,19.529,19.468,19.039,19.462
2025-03-09,2025-03-10,1,1-5d,14.361,16.151,14.612,15.993,15.541
2025-03-09,2025-03-11,2,1-5d,13.757,16.010,14.542,15.706,14.926
2025-03-09,2025-03-12,3,1-5d,14.594,16.926,15.704,16.558,15.665
2025-03-09,2025-03-13,4,1-5d,13.034,15.019,13.842,14.702,15.450
2025-03-09,2025-03-14,5,1-5d,11.197,13.272,11.956,12.801,14.317
2025-03-09,2025-03-15,6,6-10d,11.455,11.735,12.918,11.824,13.573
2025-03-09,2025-03-16,7,6-10d,15.354,13.998,16.694,14.366,16.256
2025-03-09,2025-03-17,8,6-10d,15.195,17.113,18.030,16.692,17.799
2025-03-09,2025-03-18,9,6-10d,14.707,16.826,17.017,16.089,15.358
2025-03-09,2025-03-19,10,6-10d,17.643,16.047,17.714,15.977,14.001
2025-03-09,2025-03-20,11,11-15d,18.582,17.410,19.601,17.710,18.055
2025-03-09,2025-03-21,12,11-15d,15.556,19.321,19.480,18.696,19.462
2025-03-09,2025-03-22,13,11-15d,12.208,17.846,17.309,16.885,16.674
2025-03-10,2025-03-11,1,1-5d,13.370,15.684,14.146,15.343,14.926
2025-03-10,2025-03-12,2,1-5d,13.727,16.158,14.917,15.855,15.665
2025-03-10,2025-03-13,3,1-5d,13.999,14.815,14.125,14.955,15.450
2025-03-10,2025-03-14,4,1-5d,12.769,13.482,12.863,13.531,14.317
2025-03-10,2025-03-15,5,1-5d,11.532,11.975,12.201,12.057,13.573
2025-03-10,2025-03-16,6,6-10d,13.837,14.388,14.938,14.287,16.256
2025-03-10,2025-03-17,7,6-10d,14.888,17.365,17.189,16.775,17.799
2025-03-10,2025-03-18,8,6-10d,13.548,16.997,16.240,16.165,15.358
2025-03-10,2025-03-19,9,6-10d,14.465,16.087,16.440,15.391,14.001
2025-03-10,2025-03-20,10,6-10d,13.496,16.687,18.251,16.123,18.055
2025-03-10,2025-03-21,11,11-15d,12.572,19.178,18.265,18.158,19.462
2025-03-10,2025-03-22,12,11-15d,14.172,17.813,16.613,16.793,16.674
2025-03-10,2025-03-23,13,11-15d,15.578,15.101,15.646,15.184,17.046
2025-03-11,2025-03-12,1,1-5d,13.346,16.062,14.346,15.562,15.665
2025-03-11,2025-03-13,2,1-5d,13.660,15.189,13.798,15.081,15.450
2025-03-11,2025-03-14,3,1-5d,12.912,13.573,12.735,13.745,14.317
2025-03-11,2025-03-15,4,1-5d,12.105,12.374,12.116,12.584,13.573
2025-03-11,2025-03-16,5,1-5d,14.153,14.783,14.423,14.720,16.256
2025-03-11,2025-03-17,6,6-10d,15.656,17.594,16.878,17.113,17.799
2025-03-11,2025-03-18,7,6-10d,12.298,16.580,15.633,15.656,15.358
2025-03-11,2025-03-19,8,6-10d,11.869,15.279,14.054,14.355,14.001
2025-03-11,2025-03-20,9,6-10d,15.087,17.042,16.577,16.248,18.055
2025-03-11,2025-03-21,10,6-10d,16.976,19.443,17.512,18.427,19.462
2025-03-11,2025-03-22,11,11-15d,13.707,17.061,14.629,15.748,16.674
2025-03-11,2025-03-23,12,11-15d,10.239,14.603,12.479,13.233,17.046
2025-03-11,2025-03-24,13,11-15d,9.183,13.730,12.039,12.416,15.616
2025-03-12,2025-03-13,1,1-5d,13.534,15.419,14.367,15.276,15.450
2025-03-12,2025-03-14,2,1-5d,12.478,13.654,12.833,13.748,14.317
2025-03-12,2025-03-15,3,1-5d,11.378,12.401,11.823,12.490,13.573
2025-03-12,2025-03-16,4,1-5d,13.822,14.480,13.776,14.523,16.256
2025-03-12,2025-03-17,5,1-5d,14.557,16.564,15.448,16.143,17.799
2025-03-12,2025-03-18,6,6-10d,13.388,15.260,14.041,14.628,15.358
2025-03-12,2025-03-19,7,6-10d,14.268,14.081,14.865,13.950,14.001
2025-03-12,2025-03-20,8,6-10d,16.367,16.305,18.871,16.313,18.055
2025-03-12,2025-03-21,9,6-10d,14.938,18.460,18.321,17.620,19.462
2025-03-12,2025-03-22,10,6-10d,13.886,16.788,14.614,15.692,16.674
2025-03-12,2025-03-23,11,11-15d,11.454,14.687,12.160,13.352,17.046
2025-03-12,2025-03-24,12,11-15d,9.977,13.359,11.786,12.253,15.616
2025-03-12,2025-03-25,13,11-15d,10.153,13.051,12.446,12.337,14.996
2025-03-13,2025-03-14,1,1-5d,12.558,13.635,12.590,13.776,14.317
2025-03-13,2025-03-15,2,1-5d,11.307,12.547,11.701,12.620,13.573
2025-03-13,2025-03-16,3,1-5d,13.533,14.519,13.784,14.604,16.256
2025-03-13,2025-03-17,4,1-5d,14.637,16.042,15.659,15.999,17.799
2025-03-13,2025-03-18,5,1-5d,12.820,14.424,14.559,14.314,15.358
2025-03-13,2025-03-19,6,6-10d,13.690,13.566,14.671,13.631,14.001
2025-03-13,2025-03-20,7,6-10d,17.710,16.078,19.100,16.539,18.055
2025-03-13,2025-03-21,8,6-10d,14.966,18.842,19.140,18.199,19.462
2025-03-13,2025-03-22,9,6-10d,12.690,16.838,15.211,15.818,16.674
2025-03-13,2025-03-23,10,6-10d,10.649,14.031,12.398,12.968,17.046
2025-03-13,2025-03-24,11,11-15d,9.846,12.502,11.603,11.684,15.616
2025-03-13,2025-03-25,12,11-15d,11.242,12.616,12.613,12.182,14.996
2025-03-13,2025-03-26,13,11-15d,12.703,13.026,13.402,12.961,15.392
2025-03-14,2025-03-15,1,1-5d,11.712,13.048,12.270,13.125,13.573
2025-03-14,2025-03-16,2,1-5d,13.826,14.902,14.414,15.088,16.256
2025-03-14,2025-03-17,3,1-5d,14.123,16.081,15.029,15.842,17.799
2025-03-14,2025-03-18,4,1-5d,12.308,14.663,13.556,14.286,15.358
2025-03-14,2025-03-19,5,1-5d,11.904,13.975,14.003,13.773,14.001
2025-03-14,2025-03-20,6,6-10d,17.601,17.177,18.977,17.451,18.055
2025-03-14,2025-03-21,7,6-10d,21.983,19.391,20.445,19.554,19.462
2025-03-14,2025-03-22,8,6-10d,18.540,15.789,17.490,15.758,16.674
2025-03-14,2025-03-23,9,6-10d,14.865,13.120,14.509,12.696,17.046
2025-03-14,2025-03-24,10,6-10d,12.099,12.063,12.733,11.687,15.616
2025-03-14,2025-03-25,11,11-15d,14.235,12.741,12.872,12.439,14.996
2025-03-14,2025-03-26,12,11-15d,15.692,13.815,13.870,13.723,15.392
2025-03-14,2025-03-27,13,11-15d,13.599,14.623,14.172,14.158,13.889
2025-03-15,2025-03-16,1,1-5d,14.368,15.283,14.794,15.536,16.256
2025-03-15,2025-03-17,2,1-5d,14.972,16.779,15.578,16.640,17.799
2025-03-15,2025-03-18,3,1-5d,13.556,14.933,13.979,14.878,15.358
2025-03-15,2025-03-19,4,1-5d,14.606,14.259,14.641,14.720,14.001
2025-03-15,2025-03-20,5,1-5d,19.007,18.393,19.213,18.753,18.055
2025-03-15,2025-03-21,6,6-10d,19.772,20.599,19.413,19.977,19.462
2025-03-15,2025-03-22,7,6-10d,15.629,17.416,16.359,16.719,16.674
2025-03-15,2025-03-23,8,6-10d,13.456,15.338,14.886,14.645,17.046
2025-03-15,2025-03-24,9,6-10d,12.928,14.416,13.271,13.577,15.616
2025-03-15,2025-03-25,10,6-10d,12.040,14.603,13.305,13.672,14.996
2025-03-15,2025-03-26,11,11-15d,13.955,15.228,13.826,14.328,15.392
2025-03-15,2025-03-27,12,11-15d,12.662,16.559,14.346,15.209,13.889
2025-03-15,2025-03-28,13,11-15d,9.722,16.886,14.757,15.135,9.966
2025-03-16,2025-03-17,1,1-5d,15.513,17.158,16.293,17.118,17.799
2025-03-16,2025-03-18,2,1-5d,13.472,15.055,14.120,15.025,15.358
2025-03-16,2025-03-19,3,1-5d,13.135,13.941,13.863,14.145,14.001
2025-03-16,2025-03-20,4,1-5d,17.611,18.171,18.570,18.454,18.055
2025-03-16,2025-03-21,5,1-5d,17.272,20.282,18.721,19.622,19.462
2025-03-16,2025-03-22,6,6-10d,13.383,17.364,14.825,16.336,16.674
2025-03-16,2025-03-23,7,6-10d,11.554,15.056,13.270,14.042,17.046
2025-03-16,2025-03-24,8,6-10d,11.837,13.707,13.065,12.977,15.616
2025-03-16,2025-03-25,9,6-10d,12.921,13.101,13.955,12.527,14.996
2025-03-16,2025-03-26,10,6-10d,15.412,14.011,14.676,13.771,15.392
2025-03-16,2025-03-27,11,11-15d,16.454,15.875,15.184,15.281,13.889
2025-03-16,2025-03-28,12,11-15d,18.518,16.549,14.913,15.959,9.966
2025-03-16,2025-03-29,13,11-15d,18.445,15.255,14.750,15.189,9.614
2025-03-17,2025-03-18,1,1-5d,13.400,15.185,14.060,15.070,15.358
2025-03-17,2025-03-19,2,1-5d,12.154,13.688,12.886,13.697,14.001
2025-03-17,2025-03-20,3,1-5d,16.337,17.681,16.709,17.634,18.055
2025-03-17,2025-03-21,4,1-5d,16.727,18.785,17.118,18.355,19.462
2025-03-17,2025-03-22,5,1-5d,14.606,17.444,14.927,16.618,16.674
2025-03-17,2025-03-23,6,6-10d,13.969,18.257,14.286,16.799,17.046
2025-03-17,2025-03-24,7,6-10d,14.359,16.273,14.053,15.331,15.616
2025-03-17,2025-03-25,8,6-10d,14.279,15.323,14.381,14.574,14.996
2025-03-17,2025-03-26,9,6-10d,13.091,16.124,14.587,15.169,15.392
2025-03-17,2025-03-27,10,6-10d,13.470,17.567,15.330,16.342,13.889
2025-03-17,2025-03-28,11,11-15d,14.238,17.890,14.982,16.419,9.966
2025-03-17,2025-03-29,12,11-15d,14.654,16.422,14.024,15.230,9.614
2025-03-17,2025-03-30,13,11-15d,18.357,15.509,13.840,14.944,11.945
2025-03-18,2025-03-19,1,1-5d,12.003,13.854,12.839,13.727,14.001
2025-03-18,2025-03-20,2,1-5d,16.833,18.451,17.504,18.410,18.055
2025-03-18,2025-03-21,3,1-5d,17.585,18.961,17.804,18.886,19.462
2025-03-18,2025-03-22,4,1-5d,15.233,16.687,15.095,16.393,16.674
2025-03-18,2025-03-23,5,1-5d,16.765,16.455,15.281,16.370,17.046
2025-03-18,2025-03-24,6,6-10d,15.701,14.102,15.688,14.312,15.616
2025-03-18,2025-03-25,7,6-10d,15.654,14.341,16.334,14.564,14.996
2025-03-18,2025-03-26,8,6-10d,16.951,15.944,16.354,15.568,15.392
2025-03-18,2025-03-27,9,6-10d,16.849,16.668,16.854,16.046,13.889
2025-03-18,2025-03-28,10,6-10d,16.253,15.634,16.498,15.346,9.966
2025-03-18,2025-03-29,11,11-15d,14.262,14.105,15.283,14.051,9.614
2025-03-18,2025-03-30,12,11-15d,12.096,13.130,14.718,13.207,11.945
2025-03-18,2025-03-31,13,11-15d,9.936,13.754,15.252,13.789,13.093
2025-03-19,2025-03-20,1,1-5d,16.929,18.231,17.776,18.352,18.055
2025-03-19,2025-03-21,2,1-5d,17.305,19.068,18.106,18.987,19.462
2025-03-19,2025-03-22,3,1-5d,16.122,16.797,16.499,17.019,16.674
2025-03-19,2025-03-23,4,1-5d,16.765,17.156,16.941,17.350,17.046
2025-03-19,2025-03-24,5,1-5d,16.119,15.245,15.792,15.589,15.616
2025-03-19,2025-03-25,6,6-10d,17.092,16.133,15.967,15.817,14.996
2025-03-19,2025-03-26,7,6-10d,16.335,16.731,15.351,16.109,15.392
2025-03-19,2025-03-27,8,6-10d,15.052,17.560,15.954,16.605,13.889
2025-03-19,2025-03-28,9,6-10d,15.228,16.853,16.633,16.100,9.966
2025-03-19,2025-03-29,10,6-10d,15.681,15.268,15.851,14.917,9.614
2025-03-19,2025-03-30,11,11-15d,18.624,14.446,14.812,14.349,11.945
2025-03-19,2025-03-31,12,11-15d,21.287,14.868,14.852,15.209,13.093
2025-03-19,2025-04-01,13,11-15d,19.529,15.453,15.266,16.016,16.830
2025-03-20,2025-03-21,1,1-5d,17.060,18.971,18.198,18.847,19.462
2025-03-20,2025-03-22,2,1-5d,15.195,16.541,16.156,16.680,16.674
2025-03-20,2025-03-23,3,1-5d,14.935,16.363,15.810,16.333,17.046
2025-03-20,2025-03-24,4,1-5d,13.550,14.336,14.492,14.525,15.616
2025-03-20,2025-03-25,5,1-5d,14.782,15.345,15.498,15.395,14.996
2025-03-20,2025-03-26,6,6-10d,13.666,16.103,14.934,15.486,15.392
2025-03-20,2025-03-27,7,6-10d,12.672,16.517,14.982,15.519,13.889
2025-03-20,2025-03-28,8,6-10d,14.694,15.811,15.656,15.216,9.966
2025-03-20,2025-03-29,9,6-10d,14.910,14.854,15.497,14.271,9.614
2025-03-20,2025-03-30,10,6-10d,16.348,13.849,16.386,14.000,11.945
2025-03-20,2025-03-31,11,11-15d,15.923,14.682,17.244,15.097,13.093
2025-03-20,2025-04-01,12,11-15d,16.048,16.001,16.956,16.634,16.830
2025-03-20,2025-04-02,13,11-15d,15.259,15.773,15.831,15.975,15.363
2025-03-21,2025-03-22,1,1-5d,15.474,17.099,16.173,17.060,16.674
2025-03-21,2025-03-23,2,1-5d,15.431,17.472,15.985,17.217,17.046
2025-03-21,2025-03-24,3,1-5d,13.092,14.636,14.189,14.582,15.616
2025-03-21,2025-03-25,4,1-5d,14.008,15.018,14.579,15.043,14.996
2025-03-21,2025-03-26,5,1-5d,13.236,15.943,14.286,15.309,15.392
2025-03-21,2025-03-27,6,6-10d,13.097,15.557,13.314,14.618,13.889
2025-03-21,2025-03-28,7,6-10d,12.647,12.697,11.948,12.235,9.966
2025-03-21,2025-03-29,8,6-10d,10.501,11.275,11.452,10.763,9.614
2025-03-21,2025-03-30,9,6-10d,14.139,13.332,13.455,12.735,11.945
2025-03-21,2025-03-31,10,6-10d,15.142,16.394,15.381,15.637,13.093
2025-03-21,2025-04-01,11,11-15d,15.623,16.729,15.215,16.666,16.830
2025-03-21,2025-04-02,12,11-15d,15.765,15.548,14.316,15.542,15.363
2025-03-21,2025-04-03,13,11-15d,12.431,14.162,12.685,13.628,12.609
2025-03-22,2025-03-23,1,1-5d,15.203,17.169,15.948,16.981,17.046
2025-03-22,2025-03-24,2,1-5d,12.899,14.217,13.577,14.312,15.616
2025-03-22,2025-03-25,3,1-5d,13.797,14.593,14.130,14.762,14.996
2025-03-22,2025-03-26,4,1-5d,14.317,15.105,14.324,15.106,15.392
2025-03-22,2025-03-27,5,1-5d,13.057,15.085,13.563,14.580,13.889
2025-03-22,2025-03-28,6,6-10d,12.517,12.478,12.268,12.149,9.966
2025-03-22,2025-03-29,7,6-10d,10.668,11.591,11.441,11.162,9.614
2025-03-22,2025-03-30,8,6-10d,12.175,11.892,12.938,11.607,11.945
2025-03-22,2025-03-31,9,6-10d,16.179,13.937,15.628,13.568,13.093
2025-03-22,2025-04-01,10,6-10d,16.512,14.974,15.581,15.780,16.830
2025-03-22,2025-04-02,11,11-15d,15.766,14.131,14.351,14.725,15.363
2025-03-22,2025-04-03,12,11-15d,13.690,12.771,12.754,13.200,12.609
2025-03-22,2025-04-04,13,11-15d,12.604,11.524,11.446,11.831,12.880
2025-03-23,2025-03-24,1,1-5d,13.198,14.196,13.664,14.416,15.616
2025-03-23,2025-03-25,2,1-5d,13.075,14.190,13.866,14.399,14.996
2025-03-23,2025-03-26,3,1-5d,13.775,15.384,14.833,15.300,15.392
2025-03-23,2025-03-27,4,1-5d,12.089,15.371,13.744,14.704,13.889
2025-03-23,2025-03-28,5,1-5d,11.635,12.679,11.615,12.413,9.966
2025-03-23,2025-03-29,6,6-10d,13.978,11.760,11.631,11.455,9.614
2025-03-23,2025-03-30,7,6-10d,12.352,11.360,12.433,11.367,11.945
2025-03-23,2025-03-31,8,6-10d,10.620,13.109,14.535,12.761,13.093
2025-03-23,2025-04-01,9,6-10d,12.998,15.017,16.224,15.690,16.830
2025-03-23,2025-04-02,10,6-10d,13.913,14.059,15.454,14.815,15.363
2025-03-23,2025-04-03,11,11-15d,14.385,12.546,13.850,13.475,12.609
2025-03-23,2025-04-04,12,11-15d,13.103,11.536,11.883,12.139,12.880
2025-03-23,2025-04-05,13,11-15d,13.028,11.478,10.711,11.557,14.440
2025-03-24,2025-03-25,1,1-5d,13.070,14.020,13.763,14.284,14.996
2025-03-24,2025-03-26,2,1-5d,13.583,15.531,14.575,15.405,15.392
2025-03-24,2025-03-27,3,1-5d,12.220,15.018,13.024,14.433,13.889
2025-03-24,2025-03-28,4,1-5d,11.159,11.108,11.113,11.434,9.966
2025-03-24,2025-03-29,5,1-5d,11.830,10.531,10.922,10.908,9.614
2025-03-24,2025-03-30,6,6-10d,11.919,11.852,11.871,11.591,11.945
2025-03-24,2025-03-31,7,6-10d,12.746,14.072,13.531,13.524,13.093
2025-03-24,2025-04-01,8,6-10d,15.543,15.691,15.842,16.308,16.830
2025-03-24,2025-04-02,9,6-10d,13.679,14.749,15.445,15.418,15.363
2025-03-24,2025-04-03,10,6-10d,12.857,13.519,13.760,14.050,12.609
2025-03-24,2025-04-04,11,11-15d,12.517,12.202,11.861,12.562,12.880
2025-03-24,2025-04-05,12,11-15d,12.261,11.730,10.951,11.891,14.440
2025-03-24,2025-04-06,13,11-15d,15.051,12.117,11.530,12.406,16.897
2025-03-25,2025-03-26,1,1-5d,13.703,15.307,14.461,15.283,15.392
2025-03-25,2025-03-27,2,1-5d,12.492,14.171,12.963,14.062,13.889
2025-03-25,2025-03-28,3,1-5d,11.196,10.444,11.022,11.181,9.966
2025-03-25,2025-03-29,4,1-5d,12.114,9.581,10.390,10.564,9.614
2025-03-25,2025-03-30,5,1-5d,11.534,12.046,10.998,11.863,11.945
2025-03-25,2025-03-31,6,6-10d,13.012,14.351,12.500,13.529,13.093
2025-03-25,2025-04-01,7,6-10d,17.609,16.816,14.829,17.056,16.830
2025-03-25,2025-04-02,8,6-10d,15.282,16.363,14.712,16.573,15.363
2025-03-25,2025-04-03,9,6-10d,13.216,15.192,13.483,15.575,12.609
2025-03-25,2025-04-04,10,6-10d,12.007,14.957,12.170,14.805,12.880
2025-03-25,2025-04-05,11,11-15d,9.215,14.598,10.781,13.630,14.440
2025-03-25,2025-04-06,12,11-15d,9.271,14.310,10.999,13.155,16.897
2025-03-25,2025-04-07,13,11-15d,12.550,14.406,12.001,13.489,18.893
2025-03-26,2025-03-27,1,1-5d,12.174,13.546,12.698,13.603,13.889
2025-03-26,2025-03-28,2,1-5d,9.744,10.586,9.975,10.806,9.966
2025-03-26,2025-03-29,3,1-5d,9.437,9.304,8.893,9.757,9.614
2025-03-26,2025-03-30,4,1-5d,12.033,10.841,10.694,11.365,11.945
2025-03-26,2025-03-31,5,1-5d,15.970,13.552,14.619,14.232,13.093
2025-03-26,2025-04-01,6,6-10d,20.260,17.139,17.714,17.876,16.830
2025-03-26,2025-04-02,7,6-10d,17.378,16.047,16.088,16.746,15.363
2025-03-26,2025-04-03,8,6-10d,14.361,13.681,14.041,14.381,12.609
2025-03-26,2025-04-04,9,6-10d,12.677,13.623,12.419,14.108,12.880
2025-03-26,2025-04-05,10,6-10d,11.066,13.461,10.817,13.386,14.440
2025-03-26,2025-04-06,11,11-15d,11.849,13.025,11.049,12.820,16.897
2025-03-26,2025-04-07,12,11-15d,12.919,13.387,12.201,13.326,18.893
2025-03-26,2025-04-08,13,11-15d,11.635,14.444,12.074,13.445,20.732
2025-03-27,2025-03-28,1,1-5d,9.854,10.039,9.969,10.589,9.966
2025-03-27,2025-03-29,2,1-5d,9.959,9.283,9.199,9.988,9.614
2025-03-27,2025-03-30,3,1-5d,11.961,10.700,11.379,11.600,11.945
2025-03-27,2025-03-31,4,1-5d,15.069,11.886,14.649,13.390,13.093
2025-03-27,2025-04-01,5,1-5d,18.096,15.768,17.768,17.102,16.830
2025-03-27,2025-04-02,6,6-10d,15.052,14.587,15.463,15.414,15.363
2025-03-27,2025-04-03,7,6-10d,12.876,11.822,12.555,12.632,12.609
2025-03-27,2025-04-04,8,6-10d,12.114,12.438,11.385,12.805,12.880
2025-03-27,2025-04-05,9,6-10d,11.169,13.210,10.334,13.473,14.440
2025-03-27,2025-04-06,10,6-10d,10.264,13.030,10.849,12.987,16.897
2025-03-27,2025-04-07,11,11-15d,11.073,13.303,12.561,13.415,18.893
2025-03-27,2025-04-08,12,11-15d,12.742,14.443,12.812,14.125,20.732
2025-03-27,2025-04-09,13,11-15d,11.285,14.967,12.249,13.742,17.542
2025-03-28,2025-03-29,1,1-5d,9.006,9.165,8.609,9.676,9.614
2025-03-28,2025-03-30,2,1-5d,10.451,10.638,9.643,10.945,11.945
2025-03-28,2025-03-31,3,1-5d,13.115,12.157,12.910,12.974,13.093
2025-03-28,2025-04-01,4,1-5d,17.253,16.494,17.039,17.305,16.830
2025-03-28,2025-04-02,5,1-5d,14.579,15.105,15.195,15.629,15.363
2025-03-28,2025-04-03,6,6-10d,12.768,12.162,13.018,12.983,12.609
2025-03-28,2025-04-04,7,6-10d,11.000,12.204,12.142,12.629,12.880
2025-03-28,2025-04-05,8,6-10d,9.925,13.009,11.052,13.057,14.440
2025-03-28,2025-04-06,9,6-10d,12.198,13.731,12.210,14.155,16.897
2025-03-28,2025-04-07,10,6-10d,15.323,15.618,13.723,15.865,18.893
2025-03-28,2025-04-08,11,11-15d,13.139,17.357,13.633,16.475,20.732
2025-03-28,2025-04-09,12,11-15d,12.379,17.489,12.816,15.918,17.542
2025-03-28,2025-04-10,13,11-15d,14.222,16.753,12.805,15.151,14.820
2025-03-29,2025-03-30,1,1-5d,10.734,10.376,9.694,11.055,11.945
2025-03-29,2025-03-31,2,1-5d,12.605,12.289,12.154,12.893,13.093
2025-03-29,2025-04-01,3,1-5d,16.745,16.893,16.677,17.416,16.830
2025-03-29,2025-04-02,4,1-5d,14.923,14.862,14.855,15.423,15.363
2025-03-29,2025-04-03,5,1-5d,12.055,11.759,11.836,12.404,12.609
2025-03-29,2025-04-04,6,6-10d,11.838,12.057,10.919,12.280,12.880
2025-03-29,2025-04-05,7,6-10d,11.595,13.134,10.365,12.984,14.440
2025-03-29,2025-04-06,8,6-10d,10.212,13.406,11.772,13.513,16.897
2025-03-29,2025-04-07,9,6-10d,14.988,16.350,14.608,16.761,18.893
2025-03-29,2025-04-08,10,6-10d,16.520,18.740,14.810,18.489,20.732
2025-03-29,2025-04-09,11,11-15d,14.719,18.104,13.419,16.975,17.542
2025-03-29,2025-04-10,12,11-15d,12.760,16.380,12.732,15.265,14.820
2025-03-29,2025-04-11,13,11-15d,11.392,15.004,12.850,14.012,14.713
2025-03-30,2025-03-31,1,1-5d,12.312,12.000,12.309,12.762,13.093
2025-03-30,2025-04-01,2,1-5d,16.056,16.309,16.380,16.900,16.830
2025-03-30,2025-04-02,3,1-5d,13.841,14.613,14.363,14.945,15.363
2025-03-30,2025-04-03,4,1-5d,11.105,11.820,11.427,12.149,12.609
2025-03-30,2025-04-04,5,1-5d,11.283,12.479,11.069,12.603,12.880
2025-03-30,2025-04-05,6,6-10d,12.168,14.656,11.924,14.401,14.440
2025-03-30,2025-04-06,7,6-10d,16.209,15.612,15.285,16.164,16.897
2025-03-30,2025-04-07,8,6-10d,21.317,19.065,19.338,19.826,18.893
2025-03-30,2025-04-08,9,6-10d,21.300,20.802,19.009,21.300,20.732
2025-03-30,2025-04-09,10,6-10d,16.851,19.714,18.033,19.737,17.542
2025-03-30,2025-04-10,11,11-15d,13.680,17.318,16.470,17.328,14.820
2025-03-30,2025-04-11,12,11-15d,14.944,15.018,14.329,15.146,14.713
2025-03-30,2025-04-12,13,11-15d,14.696,14.101,13.105,13.992,14.919
2025-03-31,2025-04-01,1,1-5d,15.785,16.584,16.246,16.973,16.830
2025-03-31,2025-04-02,2,1-5d,14.197,14.677,14.248,15.112,15.363
2025-03-31,2025-04-03,3,1-5d,11.278,11.871,11.188,12.214,12.609
2025-03-31,2025-04-04,4,1-5d,10.951,12.366,10.977,12.355,12.880
2025-03-31,2025-04-05,5,1-5d,13.439,14.091,12.977,14.355,14.440
2025-03-31,2025-04-06,6,6-10d,15.911,15.180,15.441,15.823,16.897
2025-03-31,2025-04-07,7,6-10d,19.995,18.616,19.475,19.483,18.893
2025-03-31,2025-04-08,8,6-10d,19.824,19.836,19.735,20.409,20.732
2025-03-31,2025-04-09,9,6-10d,17.708,17.611,16.843,18.192,17.542
2025-03-31,2025-04-10,10,6-10d,14.445,14.887,13.993,15.270,14.820
2025-03-31,2025-04-11,11,11-15d,12.540,13.785,12.627,13.821,14.713
2025-03-31,2025-04-12,12,11-15d,15.405,13.949,12.677,14.055,14.919
2025-03-31,2025-04-13,13,11-15d,15.428,13.425,12.673,13.555,13.046
2025-04-01,2025-04-02,1,1-5d,14.076,14.891,14.391,15.258,15.363
2025-04-01,2025-04-03,2,1-5d,11.377,11.956,11.375,12.330,12.609
2025-04-01,2025-04-04,3,1-5d,11.095,12.150,11.116,12.319,12.880
2025-04-01,2025-04-05,4,1-5d,13.167,13.572,12.783,13.883,14.440
2025-04-01,2025-04-06,5,1-5d,16.214,14.809,15.624,15.768,16.897
2025-04-01,2025-04-07,6,6-10d,17.867,18.471,18.348,18.999,18.893
2025-04-01,2025-04-08,7,6-10d,15.714,19.843,17.858,19.476,20.732
2025-04-01,2025-04-09,8,6-10d,12.525,15.928,14.650,16.096,17.542
2025-04-01,2025-04-10,9,6-10d,13.764,11.878,12.463,12.684,14.820
2025-04-01,2025-04-11,10,6-10d,13.819,11.345,11.850,12.134,14.713
2025-04-01,2025-04-12,11,11-15d,11.737,12.464,11.756,12.731,14.919
2025-04-01,2025-04-13,12,11-15d,8.826,12.643,11.055,12.241,13.046
2025-04-01,2025-04-14,13,11-15d,8.492,11.929,10.333,11.282,10.056
2025-04-02,2025-04-03,1,1-5d,11.333,11.942,11.470,12.384,12.609
2025-04-02,2025-04-04,2,1-5d,11.238,12.209,11.142,12.392,12.880
2025-04-02,2025-04-05,3,1-5d,12.940,13.374,12.381,13.733,14.440
2025-04-02,2025-04-06,4,1-5d,14.702,14.768,14.647,15.281,16.897
2025-04-02,2025-04-07,5,1-5d,15.202,17.578,16.180,17.527,18.893
2025-04-02,2025-04-08,6,6-10d,17.125,20.392,17.235,20.009,20.732
2025-04-02,2025-04-09,7,6-10d,16.181,17.984,14.942,17.807,17.542
2025-04-02,2025-04-10,8,6-10d,15.609,13.209,12.575,13.796,14.820
2025-04-02,2025-04-11,9,6-10d,13.819,11.766,11.923,12.537,14.713
2025-04-02,2025-04-12,10,6-10d,10.488,12.242,12.200,12.710,14.919
2025-04-02,2025-04-13,11,11-15d,7.412,11.998,11.814,12.203,13.046
2025-04-02,2025-04-14,12,11-15d,7.746,11.379,11.055,11.311,10.056
2025-04-02,2025-04-15,13,11-15d,9.858,11.255,11.082,11.350,11.418
2025-04-03,2025-04-04,1,1-5d,11.532,12.371,11.782,12.721,12.880
2025-04-03,2025-04-05,2,1-5d,12.776,13.644,12.772,13.887,14.440
2025-04-03,2025-04-06,3,1-5d,15.394,15.424,14.979,15.959,16.897
2025-04-03,2025-04-07,4,1-5d,17.153,18.041,17.220,18.249,18.893
2025-04-03,2025-04-08,5,1-5d,19.161,20.904,18.671,20.781,20.732
2025-04-03,2025-04-09,6,6-10d,16.635,18.890,15.952,18.573,17.542
2025-04-03,2025-04-10,7,6-10d,14.463,14.548,13.302,14.898,14.820
2025-04-03,2025-04-11,8,6-10d,11.725,12.606,12.748,13.184,14.713
2025-04-03,2025-04-12,9,6-10d,12.827,12.586,12.875,13.280,14.919
2025-04-03,2025-04-13,10,6-10d,13.769,11.780,12.525,12.592,13.046
2025-04-03,2025-04-14,11,11-15d,13.377,10.489,11.573,11.385,10.056
2025-04-03,2025-04-15,12,11-15d,11.035,10.042,10.684,10.678,11.418
2025-04-03,2025-04-16,13,11-15d,7.823,10.864,10.875,10.960,13.999
2025-04-04,2025-04-05,1,1-5d,13.565,13.750,13.236,14.336,14.440
2025-04-04,2025-04-06,2,1-5d,15.453,15.827,15.455,16.294,16.897
2025-04-04,2025-04-07,3,1-5d,17.056,18.265,17.057,18.370,18.893
2025-04-04,2025-04-08,4,1-5d,16.888,21.293,17.535,20.211,20.732
2025-04-04,2025-04-09,5,1-5d,12.778,18.625,13.942,17.396,17.542
2025-04-04,2025-04-10,6,6-10d,10.270,13.711,11.162,13.511,14.820
2025-04-04,2025-04-11,7,6-10d,10.256,11.509,10.776,11.761,14.713
2025-04-04,2025-04-12,8,6-10d,10.583,11.567,11.347,12.068,14.919
2025-04-04,2025-04-13,9,6-10d,10.540,10.792,11.676,11.521,13.046
2025-04-04,2025-04-14,10,6-10d,13.467,9.649,10.419,10.558,10.056
2025-04-04,2025-04-15,11,11-15d,13.258,9.575,9.292,10.169,11.418
2025-04-04,2025-04-16,12,11-15d,10.435,10.807,9.699,10.869,13.999
2025-04-04,2025-04-17,13,11-15d,8.306,11.907,11.046,11.582,12.826
2025-04-05,2025-04-06,1,1-5d,15.679,15.731,15.232,16.365,16.897
2025-04-05,2025-04-07,2,1-5d,17.511,18.101,17.313,18.440,18.893
2025-04-05,2025-04-08,3,1-5d,17.672,20.803,18.194,20.192,20.732
2025-04-05,2025-04-09,4,1-5d,14.288,18.432,14.821,17.431,17.542
2025-04-05,2025-04-10,5,1-5d,11.743,14.064,11.842,13.857,14.820
2025-04-05,2025-04-11,6,6-10d,10.911,12.055,11.765,12.533,14.713
2025-04-05,2025-04-12,7,6-10d,10.697,11.984,12.426,12.407,14.919
2025-04-05,2025-04-13,8,6-10d,9.629,10.650,12.172,11.497,13.046
2025-04-05,2025-04-14,9,6-10d,11.035,9.188,11.073,10.122,10.056
2025-04-05,2025-04-15,10,6-10d,12.820,9.090,9.853,9.993,11.418
2025-04-05,2025-04-16,11,11-15d,10.573,10.242,9.534,10.562,13.999
2025-04-05,2025-04-17,12,11-15d,8.463,10.791,9.853,10.700,12.826
2025-04-05,2025-04-18,13,11-15d,6.904,10.622,10.554,10.648,10.711
2025-04-06,2025-04-07,1,1-5d,18.022,18.174,18.031,18.809,18.893
2025-04-06,2025-04-08,2,1-5d,18.580,20.608,19.287,20.436,20.732
2025-04-06,2025-04-09,3,1-5d,15.864,18.084,16.063,17.805,17.542
2025-04-06,2025-04-10,4,1-5d,13.506,14.340,13.063,14.468,14.820
2025-04-06,2025-04-11,5,1-5d,13.284,13.236,13.032,13.787,14.713
2025-04-06,2025-04-12,6,6-10d,12.110,13.367,13.299,13.911,14.919
2025-04-06,2025-04-13,7,6-10d,11.019,11.721,12.168,12.233,13.046
2025-04-06,2025-04-14,8,6-10d,8.818,9.755,10.289,10.409,10.056
2025-04-06,2025-04-15,9,6-10d,8.339,10.037,9.512,10.552,11.418
2025-04-06,2025-04-16,10,6-10d,10.311,11.502,9.982,11.702,13.999
2025-04-06,2025-04-17,11,11-15d,10.387,11.577,10.703,11.780,12.826
2025-04-06,2025-04-18,12,11-15d,9.862,11.033,11.018,11.289,10.711
2025-04-06,2025-04-19,13,11-15d,11.547,10.735,10.492,10.909,9.328
2025-04-07,2025-04-08,1,1-5d,18.892,20.320,19.432,20.434,20.732
2025-04-07,2025-04-09,2,1-5d,16.078,17.278,16.505,17.437,17.542
2025-04-07,2025-04-10,3,1-5d,13.483,13.116,13.795,13.883,14.820
2025-04-07,2025-04-11,4,1-5d,13.838,12.842,13.460,13.715,14.713
2025-04-07,2025-04-12,5,1-5d,14.362,13.396,13.460,14.139,14.919
2025-04-07,2025-04-13,6,6-10d,12.531,12.277,12.227,12.827,13.046
2025-04-07,2025-04-14,7,6-10d,10.867,10.181,10.349,10.859,10.056
2025-04-07,2025-04-15,8,6-10d,9.242,10.193,9.129,10.527,11.418
2025-04-07,2025-04-16,9,6-10d,9.285,11.780,9.952,12.125,13.999
2025-04-07,2025-04-17,10,6-10d,8.731,12.026,10.475,12.115,12.826
2025-04-07,2025-04-18,11,11-15d,9.782,11.525,10.272,11.605,10.711
2025-04-07,2025-04-19,12,11-15d,11.950,11.178,10.435,11.446,9.328
2025-04-07,2025-04-20,13,11-15d,12.924,10.941,10.438,11.057,10.107
2025-04-08,2025-04-09,1,1-5d,15.433,16.957,16.030,17.033,17.542
2025-04-08,2025-04-10,2,1-5d,12.950,13.238,12.968,13.746,14.820
2025-04-08,2025-04-11,3,1-5d,13.601,13.072,13.099,13.822,14.713
2025-04-08,2025-04-12,4,1-5d,13.863,13.945,13.586,14.407,14.919
2025-04-08,2025-04-13,5,1-5d,12.560,12.296,11.912,12.844,13.046
2025-04-08,2025-04-14,6,6-10d,9.913,9.918,9.677,10.410,10.056
2025-04-08,2025-04-15,7,6-10d,8.903,11.074,9.434,11.052,11.418
2025-04-08,2025-04-16,8,6-10d,10.911,13.710,10.807,13.583,13.999
2025-04-08,2025-04-17,9,6-10d,12.236,12.967,11.049,13.392,12.826
2025-04-08,2025-04-18,10,6-10d,11.951,11.000,10.353,11.482,10.711
2025-04-08,2025-04-19,11,11-15d,10.002,10.647,10.506,11.060,9.328
2025-04-08,2025-04-20,12,11-15d,9.388,10.658,10.316,10.822,10.107
2025-04-08,2025-04-21,13,11-15d,9.522,10.183,9.909,10.270,9.784
2025-04-09,2025-04-10,1,1-5d,13.407,13.598,13.329,14.207,14.820
2025-04-09,2025-04-11,2,1-5d,13.430,13.674,13.380,14.191,14.713
2025-04-09,2025-04-12,3,1-5d,13.532,14.659,13.687,14.812,14.919
2025-04-09,2025-04-13,4,1-5d,11.768,12.891,11.879,13.014,13.046
2025-04-09,2025-04-14,5,1-5d,10.058,10.215,10.077,10.749,10.056
2025-04-09,2025-04-15,6,6-10d,10.999,11.165,11.483,11.825,11.418
2025-04-09,2025-04-16,7,6-10d,13.612,14.418,13.959,14.778,13.999
2025-04-09,2025-04-17,8,6-10d,12.541,13.936,13.200,14.313,12.826
2025-04-09,2025-04-18,9,6-10d,10.226,11.753,11.750,12.329,10.711
2025-04-09,2025-04-19,10,6-10d,8.304,11.561,11.262,11.902,9.328
2025-04-09,2025-04-20,11,11-15d,8.509,11.821,11.264,11.997,10.107
2025-04-09,2025-04-21,12,11-15d,8.474,10.750,10.857,10.926,9.784
2025-04-09,2025-04-22,13,11-15d,9.159,9.918,9.975,10.149,8.862
2025-04-10,2025-04-11,1,1-5d,13.760,13.962,13.505,14.548,14.713
2025-04-10,2025-04-12,2,1-5d,14.095,14.631,13.788,14.978,14.919
2025-04-10,2025-04-13,3,1-5d,12.136,12.674,11.838,13.018,13.046
2025-04-10,2025-04-14,4,1-5d,10.055,10.091,9.917,10.599,10.056
2025-04-10,2025-04-15,5,1-5d,10.765,11.907,11.510,12.241,11.418
2025-04-10,2025-04-16,6,6-10d,12.703,14.707,13.459,14.897,13.999
2025-04-10,2025-04-17,7,6-10d,11.970,13.718,12.798,13.868,12.826
2025-04-10,2025-04-18,8,6-10d,10.169,11.901,11.251,12.278,10.711
2025-04-10,2025-04-19,9,6-10d,7.851,11.251,10.539,11.663,9.328
2025-04-10,2025-04-20,10,6-10d,7.853,10.669,10.470,11.052,10.107
2025-04-10,2025-04-21,11,11-15d,7.987,9.703,10.070,10.189,9.784
2025-04-10,2025-04-22,12,11-15d,8.006,9.615,9.808,9.879,8.862
2025-04-10,2025-04-23,13,11-15d,9.083,9.436,9.773,9.813,8.046
2025-04-11,2025-04-12,1,1-5d,14.093,14.596,13.918,15.054,14.919
2025-04-11,2025-04-13,2,1-5d,12.027,12.424,11.837,12.851,13.046
2025-04-11,2025-04-14,3,1-5d,9.859,9.884,9.800,10.457,10.056
2025-04-11,2025-04-15,4,1-5d,11.387,11.467,11.734,12.055,11.418
2025-04-11,2025-04-16,5,1-5d,12.530,13.902,13.535,14.208,13.999
2025-04-11,2025-04-17,6,6-10d,12.404,13.071,12.986,13.610,12.826
2025-04-11,2025-04-18,7,6-10d,13.501,12.206,12.415,12.981,10.711
2025-04-11,2025-04-19,8,6-10d,13.337,13.685,12.787,14.082,9.328
2025-04-11,2025-04-20,9,6-10d,11.327,12.699,11.773,13.191,10.107
2025-04-11,2025-04-21,10,6-10d,9.351,10.850,10.020,11.173,9.784
2025-04-11,2025-04-22,11,11-15d,9.356,9.749,8.404,9.874,8.862
2025-04-11,2025-04-23,12,11-15d,8.767,9.402,7.671,9.282,8.046
2025-04-11,2025-04-24,13,11-15d,8.473,9.263,7.566,8.703,7.498
2025-04-12,2025-04-13,1,1-5d,11.811,12.352,11.888,12.819,13.046
2025-04-12,2025-04-14,2,1-5d,10.084,9.852,9.904,10.564,10.056
2025-04-12,2025-04-15,3,1-5d,11.198,11.649,11.694,12.107,11.418
2025-04-12,2025-04-16,4,1-5d,12.527,14.141,12.943,14.129,13.999
2025-04-12,2025-04-17,5,1-5d,12.274,13.181,12.180,13.430,12.826
2025-04-12,2025-04-18,6,6-10d,10.340,11.086,10.578,11.498,10.711
2025-04-12,2025-04-19,7,6-10d,10.284,10.000,10.742,10.704,9.328
2025-04-12,2025-04-20,8,6-10d,11.755,10.951,11.584,11.712,10.107
2025-04-12,2025-04-21,9,6-10d,10.055,10.028,10.809,10.760,9.784
2025-04-12,2025-04-22,10,6-10d,8.419,8.809,9.863,9.564,8.862
2025-04-12,2025-04-23,11,11-15d,8.231,8.409,9.152,9.066,8.046
2025-04-12,2025-04-24,12,11-15d,8.872,8.352,8.969,8.935,7.498
2025-04-12,2025-04-25,13,11-15d,10.309,8.189,8.906,8.861,7.942
2025-04-13,2025-04-14,1,1-5d,9.514,9.688,9.724,10.333,10.056
2025-04-13,2025-04-15,2,1-5d,11.022,11.312,11.779,11.930,11.418
2025-04-13,2025-04-16,3,1-5d,12.842,13.786,13.543,14.067,13.999
2025-04-13,2025-04-17,4,1-5d,12.235,12.940,12.575,13.276,12.826
2025-04-13,2025-04-18,5,1-5d,10.846,10.989,10.582,11.471,10.711
2025-04-13,2025-04-19,6,6-10d,9.028,10.025,9.425,10.410,9.328
2025-04-13,2025-04-20,7,6-10d,11.139,11.278,10.048,11.622,10.107
2025-04-13,2025-04-21,8,6-10d,11.210,9.734,9.610,10.377,9.784
2025-04-13,2025-04-22,9,6-10d,10.018,8.242,8.919,9.051,8.862
2025-04-13,2025-04-23,10,6-10d,10.241,8.052,8.632,8.841,8.046
2025-04-13,2025-04-24,11,11-15d,8.512,8.370,8.554,8.904,7.498
2025-04-13,2025-04-25,12,11-15d,8.078,8.700,8.518,8.969,7.942
2025-04-13,2025-04-26,13,11-15d,8.183,8.802,8.684,8.961,10.084
2025-04-14,2025-04-15,1,1-5d,11.019,11.275,11.755,11.936,11.418
2025-04-14,2025-04-16,2,1-5d,12.741,13.884,13.299,14.088,13.999
2025-04-14,2025-04-17,3,1-5d,11.736,12.723,11.922,12.936,12.826
2025-04-14,2025-04-18,4,1-5d,9.849,10.701,9.953,10.931,10.711
2025-04-14,2025-04-19,5,1-5d,8.653,9.702,8.689,9.927,9.328
2025-04-14,2025-04-20,6,6-10d,9.889,11.210,9.731,11.331,10.107
2025-04-14,2025-04-21,7,6-10d,9.906,10.175,9.727,10.617,9.784
2025-04-14,2025-04-22,8,6-10d,9.102,8.911,9.183,9.569,8.862
2025-04-14,2025-04-23,9,6-10d,8.338,8.692,9.140,9.372,8.046
2025-04-14,2025-04-24,10,6-10d,9.005,8.717,8.965,9.345,7.498
2025-04-14,2025-04-25,11,11-15d,10.140,8.645,9.002,9.290,7.942
2025-04-14,2025-04-26,12,11-15d,10.009,8.619,9.155,9.269,10.084
2025-04-14,2025-04-27,13,11-15d,9.528,8.609,9.190,9.159,11.024
2025-04-15,2025-04-16,1,1-5d,13.034,13.801,13.789,14.234,13.999
2025-04-15,2025-04-17,2,1-5d,11.837,12.774,12.309,13.058,12.826
2025-04-15,2025-04-18,3,1-5d,9.610,10.781,10.160,10.956,10.711
2025-04-15,2025-04-19,4,1-5d,8.678,10.121,9.172,10.193,9.328
2025-04-15,2025-04-20,5,1-5d,10.461,11.475,9.981,11.609,10.107
2025-04-15,2025-04-21,6,6-10d,11.992,9.976,9.106,10.280,9.784
2025-04-15,2025-04-22,7,6-10d,12.452,8.469,8.937,9.686,8.862
2025-04-15,2025-04-23,8,6-10d,11.994,8.659,9.412,9.570,8.046
2025-04-15,2025-04-24,9,6-10d,10.602,8.840,9.864,9.683,7.498
2025-04-15,2025-04-25,10,6-10d,9.950,9.169,10.034,9.945,7.942
2025-04-15,2025-04-26,11,11-15d,8.761,9.175,9.735,9.775,10.084
2025-04-15,2025-04-27,12,11-15d,7.762,8.999,9.247,9.314,11.024
2025-04-15,2025-04-28,13,11-15d,7.029,8.866,9.101,9.123,9.412
2025-04-16,2025-04-17,1,1-5d,11.665,12.697,12.083,12.977,12.826
2025-04-16,2025-04-18,2,1-5d,9.749,10.432,9.847,10.774,10.711
2025-04-16,2025-04-19,3,1-5d,8.524,9.503,8.727,9.720,9.328
2025-04-16,2025-04-20,4,1-5d,10.085,10.314,10.115,10.779,10.107
2025-04-16,2025-04-21,5,1-5d,12.162,9.764,11.086,10.973,9.784
2025-04-16,2025-04-22,6,6-10d,12.044,8.674,10.782,9.871,8.862
2025-04-16,2025-04-23,7,6-10d,9.940,8.122,9.748,9.188,8.046
2025-04-16,2025-04-24,8,6-10d,8.676,8.163,9.053,8.961,7.498
2025-04-16,2025-04-25,9,6-10d,9.936,8.387,8.808,9.159,7.942
2025-04-16,2025-04-26,10,6-10d,10.405,8.374,8.459,9.057,10.084
2025-04-16,2025-04-27,11,11-15d,10.274,8.250,8.239,8.829,11.024
2025-04-16,2025-04-28,12,11-15d,9.273,8.147,8.105,8.626,9.412
2025-04-16,2025-04-29,13,11-15d,8.182,7.956,7.997,8.229,8.084
2025-04-17,2025-04-18,1,1-5d,9.403,10.149,9.557,10.531,10.711
2025-04-17,2025-04-19,2,1-5d,8.312,9.145,8.454,9.426,9.328
2025-04-17,2025-04-20,3,1-5d,9.271,10.021,9.290,10.312,10.107
2025-04-17,2025-04-21,4,1-5d,9.140,9.313,9.369,9.840,9.784
2025-04-17,2025-04-22,5,1-5d,9.142,8.452,9.011,9.252,8.862
2025-04-17,2025-04-23,6,6-10d,8.102,8.188,8.556,8.863,8.046
2025-04-17,2025-04-24,7,6-10d,7.923,7.907,8.433,8.538,7.498
2025-04-17,2025-04-25,8,6-10d,8.885,8.045,8.565,8.785,7.942
2025-04-17,2025-04-26,9,6-10d,9.908,8.221,8.654,9.002,10.084
2025-04-17,2025-04-27,10,6-10d,9.942,8.482,8.440,9.111,11.024
2025-04-17,2025-04-28,11,11-15d,8.859,8.288,8.067,8.742,9.412
2025-04-17,2025-04-29,12,11-15d,9.321,7.542,7.911,8.189,8.084
2025-04-17,2025-04-30,13,11-15d,8.054,7.272,8.284,8.009,8.436
2025-04-18,2025-04-19,1,1-5d,8.220,8.837,8.206,9.260,9.328
2025-04-18,2025-04-20,2,1-5d,8.896,9.740,9.059,10.019,10.107
2025-04-18,2025-04-21,3,1-5d,8.983,9.080,8.844,9.616,9.784
2025-04-18,2025-04-22,4,1-5d,8.686,8.254,8.480,8.936,8.862
2025-04-18,2025-04-23,5,1-5d,7.804,7.690,7.834,8.321,8.046
2025-04-18,2025-04-24,6,6-10d,7.092,7.338,7.601,7.981,7.498
2025-04-18,2025-04-25,7,6-10d,7.629,7.249,7.826,7.942,7.942
2025-04-18,2025-04-26,8,6-10d,8.114,7.659,8.231,8.390,10.084
2025-04-18,2025-04-27,9,6-10d,8.522,8.206,8.372,8.891,11.024
2025-04-18,2025-04-28,10,6-10d,8.501,8.033,8.308,8.675,9.412
2025-04-18,2025-04-29,11,11-15d,7.685,7.394,8.181,8.086,8.084
2025-04-18,2025-04-30,12,11-15d,8.499,7.122,8.061,7.871,8.436
2025-04-18,2025-05-01,13,11-15d,8.994,7.350,7.954,7.947,8.112
2025-04-19,2025-04-20,1,1-5d,8.702,9.606,8.807,9.912,10.107
2025-04-19,2025-04-21,2,1-5d,8.307,9.155,8.682,9.464,9.784
2025-04-19,2025-04-22,3,1-5d,8.211,8.272,8.214,8.837,8.862
2025-04-19,2025-04-23,4,1-5d,7.818,7.715,7.695,8.282,8.046
2025-04-19,2025-04-24,5,1-5d,7.391,7.252,7.448,7.897,7.498
2025-04-19,2025-04-25,6,6-10d,7.633,7.043,7.917,7.870,7.942
2025-04-19,2025-04-26,7,6-10d,7.834,7.668,8.392,8.351,10.084
2025-04-19,2025-04-27,8,6-10d,8.068,8.533,8.465,9.090,11.024
2025-04-19,2025-04-28,9,6-10d,7.441,8.473,8.113,9.038,9.412
2025-04-19,2025-04-29,10,6-10d,7.534,7.434,7.862,8.089,8.084
2025-04-19,2025-04-30,11,11-15d,8.234,6.753,8.121,7.650,8.436
2025-04-19,2025-05-01,12,11-15d,8.189,6.849,8.314,7.726,8.112
2025-04-19,2025-05-02,13,11-15d,7.926,7.165,8.209,7.916,7.560
2025-04-20,2025-04-21,1,1-5d,8.468,9.244,8.750,9.625,9.784
2025-04-20,2025-04-22,2,1-5d,8.288,8.304,8.416,8.951,8.862
2025-04-20,2025-04-23,3,1-5d,7.854,7.826,7.741,8.415,8.046
2025-04-20,2025-04-24,4,1-5d,7.063,7.432,7.171,7.856,7.498
2025-04-20,2025-04-25,5,1-5d,7.286,7.168,7.596,7.856,7.942
2025-04-20,2025-04-26,6,6-10d,8.722,7.803,9.021,8.733,10.084
2025-04-20,2025-04-27,7,6-10d,9.959,8.786,9.866,9.674,11.024
2025-04-20,2025-04-28,8,6-10d,8.936,8.289,8.866,9.031,9.412
2025-04-20,2025-04-29,9,6-10d,7.193,7.075,7.319,7.758,8.084
2025-04-20,2025-04-30,10,6-10d,8.301,6.655,6.927,7.356,8.436
2025-04-20,2025-05-01,11,11-15d,10.619,7.118,7.408,7.846,8.112
2025-04-20,2025-05-02,12,11-15d,9.346,7.502,7.466,8.054,7.560
2025-04-20,2025-05-03,13,11-15d,8.489,7.688,7.531,7.900,8.644
2025-04-21,2025-04-22,1,1-5d,7.990,8.153,8.097,8.793,8.862
2025-04-21,2025-04-23,2,1-5d,7.091,7.694,7.480,8.116,8.046
2025-04-21,2025-04-24,3,1-5d,6.775,7.304,7.051,7.709,7.498
2025-04-21,2025-04-25,4,1-5d,7.507,7.250,7.637,7.929,7.942
2025-04-21,2025-04-26,5,1-5d,9.000,8.405,8.897,9.178,10.084
2025-04-21,2025-04-27,6,6-10d,10.094,9.606,9.472,10.130,11.024
2025-04-21,2025-04-28,7,6-10d,8.055,8.264,8.379,8.800,9.412
2025-04-21,2025-04-29,8,6-10d,7.120,6.665,7.304,7.410,8.084
2025-04-21,2025-04-30,9,6-10d,7.442,6.541,6.862,7.271,8.436
2025-04-21,2025-05-01,10,6-10d,8.762,7.189,7.207,7.835,8.112
2025-04-21,2025-05-02,11,11-15d,8.652,7.440,7.528,8.003,7.560
2025-04-21,2025-05-03,12,11-15d,8.257,7.432,7.668,7.950,8.644
2025-04-21,2025-05-04,13,11-15d,8.123,7.582,8.010,8.045,9.470
2025-04-22,2025-04-23,1,1-5d,6.908,7.450,7.358,7.953,8.046
2025-04-22,2025-04-24,2,1-5d,6.687,7.154,6.989,7.624,7.498
2025-04-22,2025-04-25,3,1-5d,7.463,6.925,7.283,7.711,7.942
2025-04-22,2025-04-26,4,1-5d,8.639,8.137,8.427,8.846,10.084
2025-04-22,2025-04-27,5,1-5d,8.937,8.893,9.123,9.531,11.024
2025-04-22,2025-04-28,6,6-10d,8.229,8.039,7.999,8.592,9.412
2025-04-22,2025-04-29,7,6-10d,7.131,6.723,7.056,7.384,8.084
2025-04-22,2025-04-30,8,6-10d,7.419,6.192,6.887,6.986,8.436
2025-04-22,2025-05-01,9,6-10d,8.180,6.380,7.244,7.209,8.112
2025-04-22,2025-05-02,10,6-10d,8.621,6.410,7.622,7.327,7.560
2025-04-22,2025-05-03,11,11-15d,8.117,6.514,7.641,7.356,8.644
2025-04-22,2025-05-04,12,11-15d,7.905,6.942,7.833,7.638,9.470
2025-04-22,2025-05-05,13,11-15d,8.387,7.105,7.850,7.747,8.669
2025-04-23,2025-04-24,1,1-5d,6.673,7.255,6.935,7.722,7.498
2025-04-23,2025-04-25,2,1-5d,7.027,6.920,7.277,7.640,7.942
2025-04-23,2025-04-26,3,1-5d,9.084,8.547,8.820,9.324,10.084
2025-04-23,2025-04-27,4,1-5d,9.238,9.441,9.629,9.988,11.024
2025-04-23,2025-04-28,5,1-5d,7.352,7.996,7.935,8.472,9.412
2025-04-23,2025-04-29,6,6-10d,6.318,6.600,6.818,7.230,8.084
2025-04-23,2025-04-30,7,6-10d,7.439,6.782,7.103,7.479,8.436
2025-04-23,2025-05-01,8,6-10d,7.943,7.412,7.753,8.101,8.112
2025-04-23,2025-05-02,9,6-10d,7.981,7.437,7.785,8.152,7.560
2025-04-23,2025-05-03,10,6-10d,10.319,7.486,7.714,8.237,8.644
2025-04-23,2025-05-04,11,11-15d,11.613,7.688,7.888,8.415,9.470
2025-04-23,2025-05-05,12,11-15d,10.615,7.667,7.922,8.402,8.669
2025-04-23,2025-05-06,13,11-15d,9.179,7.537,7.928,8.038,8.532
2025-04-24,2025-04-25,1,1-5d,7.331,6.868,7.274,7.773,7.942
2025-04-24,2025-04-26,2,1-5d,9.706,8.325,9.302,9.520,10.084
2025-04-24,2025-04-27,3,1-5d,9.925,9.614,10.183,10.353,11.024
2025-04-24,2025-04-28,4,1-5d,8.004,8.255,8.411,8.786,9.412
2025-04-24,2025-04-29,5,1-5d,6.946,7.223,7.159,7.754,8.084
2025-04-24,2025-04-30,6,6-10d,7.177,7.585,7.663,8.173,8.436
2025-04-24,2025-05-01,7,6-10d,7.674,8.368,7.956,8.752,8.112
2025-04-24,2025-05-02,8,6-10d,8.802,7.991,7.754,8.578,7.560
2025-04-24,2025-05-03,9,6-10d,9.395,8.483,8.680,9.201,8.644
2025-04-24,2025-05-04,10,6-10d,8.762,8.481,8.506,9.064,9.470
2025-04-24,2025-05-05,11,11-15d,8.507,7.647,7.556,8.148,8.669
2025-04-24,2025-05-06,12,11-15d,10.289,7.158,6.892,7.781,8.532
2025-04-24,2025-05-07,13,11-15d,10.875,6.948,6.810,7.325,8.034
2025-04-25,2025-04-26,1,1-5d,9.362,8.590,9.222,9.626,10.084
2025-04-25,2025-04-27,2,1-5d,10.156,10.180,10.435,10.846,11.024
2025-04-25,2025-04-28,3,1-5d,8.330,8.386,8.491,8.968,9.412
2025-04-25,2025-04-29,4,1-5d,7.475,7.696,7.097,8.082,8.084
2025-04-25,2025-04-30,5,1-5d,7.747,8.048,7.725,8.523,8.436
2025-04-25,2025-05-01,6,6-10d,8.371,8.820,7.846,9.092,8.112
2025-04-25,2025-05-02,7,6-10d,8.657,8.119,7.764,8.696,7.560
2025-04-25,2025-05-03,8,6-10d,9.183,8.460,8.668,9.132,8.644
2025-04-25,2025-05-04,9,6-10d,7.480,8.639,8.509,9.221,9.470
2025-04-25,2025-05-05,10,6-10d,5.974,7.696,7.464,8.128,8.669
2025-04-25,2025-05-06,11,11-15d,8.280,6.917,6.992,7.484,8.532
2025-04-25,2025-05-07,12,11-15d,10.178,6.814,6.874,7.542,8.034
2025-04-25,2025-05-08,13,11-15d,9.663,6.981,7.059,7.393,9.094
2025-04-26,2025-04-27,1,1-5d,10.271,10.188,10.456,10.946,11.024
2025-04-26,2025-04-28,2,1-5d,8.435,8.193,8.360,8.925,9.412
2025-04-26,2025-04-29,3,1-5d,7.053,7.505,6.919,7.900,8.084
2025-04-26,2025-04-30,4,1-5d,7.710,7.646,7.254,8.131,8.436
2025-04-26,2025-05-01,5,1-5d,7.863,7.642,7.467,8.225,8.112
2025-04-26,2025-05-02,6,6-10d,8.478,7.415,7.780,8.089,7.560
2025-04-26,2025-05-03,7,6-10d,11.355,9.049,9.306,9.983,8.644
2025-04-26,2025-05-04,8,6-10d,12.294,9.504,9.294,10.195,9.470
2025-04-26,2025-05-05,9,6-10d,10.890,8.311,8.042,9.066,8.669
2025-04-26,2025-05-06,10,6-10d,8.745,7.244,6.982,7.831,8.532
2025-04-26,2025-05-07,11,11-15d,7.948,7.041,6.926,7.538,8.034
2025-04-26,2025-05-08,12,11-15d,9.309,7.210,7.249,7.806,9.094
2025-04-26,2025-05-09,13,11-15d,8.994,7.218,7.103,7.498,9.238
2025-04-27,2025-04-28,1,1-5d,8.423,8.335,8.470,9.082,9.412
2025-04-27,2025-04-29,2,1-5d,7.387,7.448,6.957,7.991,8.084
2025-04-27,2025-04-30,3,1-5d,7.408,7.405,6.918,7.946,8.436
2025-04-27,2025-05-01,4,1-5d,8.190,7.439,7.085,8.069,8.112
2025-04-27,2025-05-02,5,1-5d,9.155,7.136,7.927,8.182,7.560
2025-04-27,2025-05-03,6,6-10d,10.759,8.617,10.421,9.723,8.644
2025-04-27,2025-05-04,7,6-10d,11.116,9.146,10.966,10.264,9.470
2025-04-27,2025-05-05,8,6-10d,9.816,8.401,9.575,9.301,8.669
2025-04-27,2025-05-06,9,6-10d,10.390,7.718,8.674,8.600,8.532
2025-04-27,2025-05-07,10,6-10d,11.192,7.206,8.224,8.173,8.034
2025-04-27,2025-05-08,11,11-15d,11.653,7.387,7.835,8.193,9.094
2025-04-27,2025-05-09,12,11-15d,11.498,7.217,7.497,8.092,9.238
2025-04-27,2025-05-10,13,11-15d,10.406,7.076,7.541,7.695,8.492
2025-04-28,2025-04-29,1,1-5d,7.408,7.438,7.048,8.091,8.084
2025-04-28,2025-04-30,2,1-5d,7.700,7.665,7.158,8.234,8.436
2025-04-28,2025-05-01,3,1-5d,7.825,7.214,7.137,7.978,8.112
2025-04-28,2025-05-02,4,1-5d,8.403,6.686,7.569,7.756,7.560
2025-04-28,2025-05-03,5,1-5d,10.212,8.008,9.385,9.199,8.644
2025-04-28,2025-05-04,6,6-10d,9.128,8.427,9.407,9.286,9.470
2025-04-28,2025-05-05,7,6-10d,7.720,7.503,8.170,8.185,8.669
2025-04-28,2025-05-06,8,6-10d,7.977,6.619,7.010,7.359,8.532
2025-04-28,2025-05-07,9,6-10d,7.166,6.052,6.630,6.818,8.034
2025-04-28,2025-05-08,10,6-10d,6.330,5.999,6.479,6.676,9.094
2025-04-28,2025-05-09,11,11-15d,6.875,6.077,6.561,6.718,9.238
2025-04-28,2025-05-10,12,11-15d,7.163,6.129,6.957,6.816,8.492
2025-04-28,2025-05-11,13,11-15d,7.200,6.528,7.569,7.273,7.668
2025-04-29,2025-04-30,1,1-5d,7.960,7.841,8.024,8.603,8.436
2025-04-29,2025-05-01,2,1-5d,7.907,7.380,7.536,8.196,8.112
2025-04-29,2025-05-02,3,1-5d,8.034,6.693,7.865,7.801,7.560
2025-04-29,2025-05-03,4,1-5d,9.824,7.672,9.658,9.050,8.644
2025-04-29,2025-05-04,5,1-5d,9.960,8.499,9.766,9.557,9.470
2025-04-29,2025-05-05,6,6-10d,7.949,8.042,8.365,8.703,8.669
2025-04-29,2025-05-06,7,6-10d,6.317,7.135,7.133,7.562,8.532
2025-04-29,2025-05-07,8,6-10d,5.488,6.396,6.667,6.999,8.034
2025-04-29,2025-05-08,9,6-10d,5.880,6.700,6.731,7.315,9.094
2025-04-29,2025-05-09,10,6-10d,6.039,6.866,6.809,7.377,9.238
2025-04-29,2025-05-10,11,11-15d,5.825,6.668,7.058,7.204,8.492
2025-04-29,2025-05-11,12,11-15d,6.254,6.578,7.038,7.037,7.668
2025-04-29,2025-05-12,13,11-15d,8.563,6.506,7.062,7.102,7.112
2025-04-30,2025-05-01,1,1-5d,7.885,7.282,7.545,8.222,8.112
2025-04-30,2025-05-02,2,1-5d,7.552,6.644,7.243,7.641,7.560
2025-04-30,2025-05-03,3,1-5d,8.955,7.378,8.727,8.575,8.644
2025-04-30,2025-05-04,4,1-5d,9.556,8.269,9.466,9.316,9.470
2025-04-30,2025-05-05,5,1-5d,8.502,8.429,8.403,9.020,8.669
2025-04-30,2025-05-06,6,6-10d,7.065,7.927,6.696,8.122,8.532
2025-04-30,2025-05-07,7,6-10d,6.159,6.893,6.016,7.201,8.034
2025-04-30,2025-05-08,8,6-10d,7.161,6.896,6.632,7.450,9.094
2025-04-30,2025-05-09,9,6-10d,6.781,6.951,6.946,7.595,9.238
2025-04-30,2025-05-10,10,6-10d,7.011,6.585,7.095,7.272,8.492
2025-04-30,2025-05-11,11,11-15d,7.327,6.318,7.200,7.069,7.668
2025-04-30,2025-05-12,12,11-15d,7.487,6.326,7.080,7.007,7.112
2025-04-30,2025-05-13,13,11-15d,7.526,6.704,7.215,7.218,6.817
2025-05-01,2025-05-02,1,1-5d,6.924,6.723,6.742,7.506,7.560
2025-05-01,2025-05-03,2,1-5d,8.305,7.670,7.567,8.494,8.644
2025-05-01,2025-05-04,3,1-5d,9.148,8.266,8.525,9.161,9.470
2025-05-01,2025-05-05,4,1-5d,9.253,7.992,8.676,8.945,8.669
2025-05-01,2025-05-06,5,1-5d,8.184,7.571,7.723,8.283,8.532
2025-05-01,2025-05-07,6,6-10d,6.849,6.782,6.729,7.332,8.034
2025-05-01,2025-05-08,7,6-10d,6.563,7.152,6.619,7.548,9.094
2025-05-01,2025-05-09,8,6-10d,5.934,7.447,6.588,7.842,9.238
2025-05-01,2025-05-10,9,6-10d,6.069,7.032,6.400,7.583,8.492
2025-05-01,2025-05-11,10,6-10d,5.936,6.504,6.324,7.005,7.668
2025-05-01,2025-05-12,11,11-15d,7.067,6.549,6.653,7.122,7.112
2025-05-01,2025-05-13,12,11-15d,7.453,6.974,7.064,7.476,6.817
2025-05-01,2025-05-14,13,11-15d,7.349,6.974,7.154,7.406,7.744
2025-05-02,2025-05-03,1,1-5d,8.474,7.677,7.881,8.687,8.644
2025-05-02,2025-05-04,2,1-5d,9.123,8.321,8.566,9.247,9.470
2025-05-02,2025-05-05,3,1-5d,8.793,8.001,8.117,8.854,8.669
2025-05-02,2025-05-06,4,1-5d,8.725,7.509,7.606,8.335,8.532
2025-05-02,2025-05-07,5,1-5d,6.959,6.850,7.167,7.520,8.034
2025-05-02,2025-05-08,6,6-10d,6.514,7.571,7.996,8.264,9.094
2025-05-02,2025-05-09,7,6-10d,6.045,7.907,7.997,8.300,9.238
2025-05-02,2025-05-10,8,6-10d,6.289,7.270,7.087,7.834,8.492
2025-05-02,2025-05-11,9,6-10d,5.454,6.485,6.372,7.084,7.668
2025-05-02,2025-05-12,10,6-10d,5.132,6.198,6.600,6.737,7.112
2025-05-02,2025-05-13,11,11-15d,7.144,6.091,6.809,6.845,6.817
2025-05-02,2025-05-14,12,11-15d,8.218,6.129,7.170,7.030,7.744
2025-05-02,2025-05-15,13,11-15d,7.423,6.195,7.473,7.109,7.588
2025-05-03,2025-05-04,1,1-5d,8.724,8.229,8.677,9.158,9.470
2025-05-03,2025-05-05,2,1-5d,8.512,7.814,8.389,8.759,8.669
2025-05-03,2025-05-06,3,1-5d,8.294,7.316,7.743,8.256,8.532
2025-05-03,2025-05-07,4,1-5d,7.498,6.921,7.270,7.670,8.034
2025-05-03,2025-05-08,5,1-5d,8.345,7.658,7.835,8.386,9.094
2025-05-03,2025-05-09,6,6-10d,9.460,8.345,8.107,8.839,9.238
2025-05-03,2025-05-10,7,6-10d,7.775,7.696,7.382,8.203,8.492
2025-05-03,2025-05-11,8,6-10d,5.634,6.801,6.649,7.373,7.668
2025-05-03,2025-05-12,9,6-10d,5.373,6.574,6.374,7.156,7.112
2025-05-03,2025-05-13,10,6-10d,5.395,6.425,6.590,6.932,6.817
2025-05-03,2025-05-14,11,11-15d,5.736,6.378,6.789,6.970,7.744
2025-05-03,2025-05-15,12,11-15d,6.086,6.333,6.836,6.866,7.588
2025-05-03,2025-05-16,13,11-15d,6.414,6.359,6.843,6.896,8.001
2025-05-04,2025-05-05,1,1-5d,8.072,7.853,7.954,8.650,8.669
2025-05-04,2025-05-06,2,1-5d,7.761,7.536,7.379,8.229,8.532
2025-05-04,2025-05-07,3,1-5d,7.093,6.835,7.021,7.535,8.034
2025-05-04,2025-05-08,4,1-5d,8.235,7.471,7.800,8.253,9.094
2025-05-04,2025-05-09,5,1-5d,9.601,8.558,8.300,9.253,9.238
2025-05-04,2025-05-10,6,6-10d,8.147,8.106,7.520,8.496,8.492
2025-05-04,2025-05-11,7,6-10d,8.164,7.230,6.531,7.745,7.668
2025-05-04,2025-05-12,8,6-10d,8.812,7.020,6.170,7.417,7.112
2025-05-04,2025-05-13,9,6-10d,7.120,6.540,6.227,7.200,6.817
2025-05-04,2025-05-14,10,6-10d,6.852,6.535,6.439,7.137,7.744
2025-05-04,2025-05-15,11,11-15d,7.439,6.681,6.920,7.300,7.588
2025-05-04,2025-05-16,12,11-15d,7.562,6.706,7.398,7.396,8.001
2025-05-04,2025-05-17,13,11-15d,6.872,6.587,7.783,7.421,8.358
2025-05-05,2025-05-06,1,1-5d,7.830,7.351,7.510,8.245,8.532
2025-05-05,2025-05-07,2,1-5d,7.374,6.821,7.164,7.687,8.034
2025-05-05,2025-05-08,3,1-5d,7.700,7.230,7.534,8.005,9.094
2025-05-05,2025-05-09,4,1-5d,9.429,8.045,8.268,8.930,9.238
2025-05-05,2025-05-10,5,1-5d,8.232,7.802,7.775,8.451,8.492
2025-05-05,2025-05-11,6,6-10d,6.240,7.046,6.866,7.558,7.668
2025-05-05,2025-05-12,7,6-10d,5.983,6.894,6.086,7.203,7.112
2025-05-05,2025-05-13,8,6-10d,5.620,6.466,6.051,6.972,6.817
2025-05-05,2025-05-14,9,6-10d,5.563,6.216,6.205,6.844,7.744
2025-05-05,2025-05-15,10,6-10d,6.695,6.162,6.632,6.871,7.588
2025-05-05,2025-05-16,11,11-15d,7.641,6.095,7.179,6.965,8.001
2025-05-05,2025-05-17,12,11-15d,8.405,6.083,7.498,7.100,8.358
2025-05-05,2025-05-18,13,11-15d,8.459,6.269,7.439,7.187,8.463
2025-05-06,2025-05-07,1,1-5d,6.880,6.943,7.097,7.647,8.034
2025-05-06,2025-05-08,2,1-5d,7.542,7.557,7.564,8.202,9.094
2025-05-06,2025-05-09,3,1-5d,8.661,8.271,8.186,8.984,9.238
2025-05-06,2025-05-10,4,1-5d,8.164,7.934,7.651,8.487,8.492
2025-05-06,2025-05-11,5,1-5d,7.219,7.265,6.666,7.728,7.668
2025-05-06,2025-05-12,6,6-10d,6.161,6.742,6.012,7.089,7.112
2025-05-06,2025-05-13,7,6-10d,5.973,5.933,6.030,6.518,6.817
2025-05-06,2025-05-14,8,6-10d,6.720,6.147,6.327,6.802,7.744
2025-05-06,2025-05-15,9,6-10d,8.389,6.501,6.833,7.291,7.588
2025-05-06,2025-05-16,10,6-10d,8.961,6.471,7.168,7.410,8.001
2025-05-06,2025-05-17,11,11-15d,8.738,6.345,7.510,7.277,8.358
2025-05-06,2025-05-18,12,11-15d,8.216,6.409,7.581,7.314,8.463
2025-05-06,2025-05-19,13,11-15d,8.609,6.620,7.400,7.372,9.868
2025-05-07,2025-05-08,1,1-5d,7.781,7.484,7.669,8.317,9.094
2025-05-07,2025-05-09,2,1-5d,8.074,7.986,7.940,8.654,9.238
2025-05-07,2025-05-10,3,1-5d,7.964,7.808,7.728,8.451,8.492
2025-05-07,2025-05-11,4,1-5d,7.058,7.114,6.552,7.554,7.668
2025-05-07,2025-05-12,5,1-5d,6.057,6.611,5.976,6.991,7.112
2025-05-07,2025-05-13,6,6-10d,6.783,6.027,6.149,6.629,6.817
2025-05-07,2025-05-14,7,6-10d,7.845,6.056,6.767,6.939,7.744
2025-05-07,2025-05-15,8,6-10d,7.695,6.183,6.963,6.988,7.588
2025-05-07,2025-05-16,9,6-10d,7.541,6.169,7.308,7.014,8.001
2025-05-07,2025-05-17,10,6-10d,8.171,6.308,7.324,7.232,8.358
2025-05-07,2025-05-18,11,11-15d,8.767,6.479,7.243,7.306,8.463
2025-05-07,2025-05-19,12,11-15d,9.389,6.819,7.413,7.656,9.868
2025-05-07,2025-05-20,13,11-15d,9.143,7.018,7.451,7.638,10.554
2025-05-08,2025-05-09,1,1-5d,8.624,8.160,8.223,9.039,9.238
2025-05-08,2025-05-10,2,1-5d,7.937,7.777,7.739,8.468,8.492
2025-05-08,2025-05-11,3,1-5d,6.899,7.236,7.000,7.715,7.668
2025-05-08,2025-05-12,4,1-5d,6.392,6.534,6.430,7.048,7.112
2025-05-08,2025-05-13,5,1-5d,5.687,5.810,6.029,6.425,6.817
2025-05-08,2025-05-14,6,6-10d,6.570,6.189,6.368,6.809,7.744
2025-05-08,2025-05-15,7,6-10d,7.260,6.250,6.831,7.029,7.588
2025-05-08,2025-05-16,8,6-10d,7.437,6.219,7.052,7.037,8.001
2025-05-08,2025-05-17,9,6-10d,7.726,6.554,6.850,7.304,8.358
2025-05-08,2025-05-18,10,6-10d,8.435,6.846,6.789,7.581,8.463
2025-05-08,2025-05-19,11,11-15d,8.924,6.904,7.147,7.587,9.868
2025-05-08,2025-05-20,12,11-15d,8.626,6.929,7.171,7.591,10.554
2025-05-08,2025-05-21,13,11-15d,8.843,7.024,7.329,7.578,10.581
2025-05-09,2025-05-10,1,1-5d,7.903,7.745,7.809,8.517,8.492
2025-05-09,2025-05-11,2,1-5d,6.898,7.268,7.003,7.766,7.668
2025-05-09,2025-05-12,3,1-5d,6.245,6.552,6.467,7.055,7.112
2025-05-09,2025-05-13,4,1-5d,6.336,5.809,6.245,6.565,6.817
2025-05-09,2025-05-14,5,1-5d,6.642,6.325,6.721,7.042,7.744
2025-05-09,2025-05-15,6,6-10d,7.320,6.538,7.145,7.286,7.588
2025-05-09,2025-05-16,7,6-10d,8.183,6.367,7.371,7.311,8.001
2025-05-09,2025-05-17,8,6-10d,7.725,6.630,7.225,7.388,8.358
2025-05-09,2025-05-18,9,6-10d,8.093,7.395,7.377,8.090,8.463
2025-05-09,2025-05-19,10,6-10d,8.295,7.662,7.672,8.312,9.868
2025-05-09,2025-05-20,11,11-15d,8.784,7.602,7.695,8.206,10.554
2025-05-09,2025-05-21,12,11-15d,9.077,7.531,7.515,8.113,10.581
2025-05-09,2025-05-22,13,11-15d,10.345,7.615,7.529,8.058,11.291
2025-05-10,2025-05-11,1,1-5d,7.004,7.082,7.066,7.764,7.668
2025-05-10,2025-05-12,2,1-5d,6.378,6.268,6.332,6.960,7.112
2025-05-10,2025-05-13,3,1-5d,6.619,6.022,6.426,6.846,6.817
2025-05-10,2025-05-14,4,1-5d,7.044,6.827,7.032,7.475,7.744
2025-05-10,2025-05-15,5,1-5d,7.499,6.673,7.164,7.485,7.588
2025-05-10,2025-05-16,6,6-10d,8.131,6.385,7.444,7.269,8.001
2025-05-10,2025-05-17,7,6-10d,8.115,6.663,7.542,7.546,8.358
2025-05-10,2025-05-18,8,6-10d,9.252,7.764,7.761,8.373,8.463
2025-05-10,2025-05-19,9,6-10d,8.164,8.441,7.995,9.045,9.868
2025-05-10,2025-05-20,10,6-10d,8.302,8.001,8.096,8.630,10.554
2025-05-10,2025-05-21,11,11-15d,8.579,7.824,8.079,8.447,10.581
2025-05-10,2025-05-22,12,11-15d,7.879,7.834,7.864,8.277,11.291
2025-05-10,2025-05-23,13,11-15d,7.645,7.679,7.484,7.940,11.394
2025-05-11,2025-05-12,1,1-5d,6.354,6.231,6.367,6.998,7.112
2025-05-11,2025-05-13,2,1-5d,6.626,5.944,6.623,6.899,6.817
2025-05-11,2025-05-14,3,1-5d,7.216,6.843,7.006,7.575,7.744
2025-05-11,2025-05-15,4,1-5d,7.540,6.753,7.303,7.584,7.588
2025-05-11,2025-05-16,5,1-5d,7.606,6.486,7.595,7.466,8.001
2025-05-11,2025-05-17,6,6-10d,8.405,6.673,8.016,7.642,8.358
2025-05-11,2025-05-18,7,6-10d,9.643,7.568,8.813,8.586,8.463
2025-05-11,2025-05-19,8,6-10d,10.380,8.199,8.881,8.979,9.868
2025-05-11,2025-05-20,9,6-10d,10.386,7.864,8.443,8.710,10.554
2025-05-11,2025-05-21,10,6-10d,10.249,7.889,8.249,8.764,10.581
2025-05-11,2025-05-22,11,11-15d,9.235,7.870,8.019,8.497,11.291
2025-05-11,2025-05-23,12,11-15d,9.188,7.704,8.036,8.367,11.394
2025-05-11,2025-05-24,13,11-15d,9.149,7.581,7.844,8.106,10.467
2025-05-12,2025-05-13,1,1-5d,6.485,6.135,6.425,6.997,6.817
2025-05-12,2025-05-14,2,1-5d,7.039,7.015,6.986,7.667,7.744
2025-05-12,2025-05-15,3,1-5d,7.256,6.745,7.039,7.532,7.588
2025-05-12,2025-05-16,4,1-5d,7.803,6.749,7.393,7.652,8.001
2025-05-12,2025-05-17,5,1-5d,8.096,6.898,7.966,7.881,8.358
2025-05-12,2025-05-18,6,6-10d,8.969,7.767,8.765,8.632,8.463
2025-05-12,2025-05-19,7,6-10d,9.358,8.643,8.841,9.316,9.868
2025-05-12,2025-05-20,8,6-10d,8.889,8.435,8.170,8.978,10.554
2025-05-12,2025-05-21,9,6-10d,8.124,7.904,8.231,8.610,10.581
2025-05-12,2025-05-22,10,6-10d,8.701,7.807,8.127,8.530,11.291
2025-05-12,2025-05-23,11,11-15d,8.608,7.795,8.026,8.415,11.394
2025-05-12,2025-05-24,12,11-15d,8.962,7.749,7.817,8.319,10.467
2025-05-12,2025-05-25,13,11-15d,8.837,7.608,7.561,7.992,9.383
2025-05-13,2025-05-14,1,1-5d,7.210,7.083,7.180,7.848,7.744
2025-05-13,2025-05-15,2,1-5d,7.271,6.863,7.241,7.691,7.588
2025-05-13,2025-05-16,3,1-5d,7.910,6.917,7.647,7.892,8.001
2025-05-13,2025-05-17,4,1-5d,8.701,6.814,7.897,7.972,8.358
2025-05-13,2025-05-18,5,1-5d,8.805,7.642,8.655,8.609,8.463
2025-05-13,2025-05-19,6,6-10d,8.852,8.671,9.166,9.385,9.868
2025-05-13,2025-05-20,7,6-10d,9.266,8.416,8.725,9.124,10.554
2025-05-13,2025-05-21,8,6-10d,8.866,8.068,8.215,8.714,10.581
2025-05-13,2025-05-22,9,6-10d,9.389,8.056,8.084,8.788,11.291
2025-05-13,2025-05-23,10,6-10d,9.098,8.076,8.031,8.757,11.394
2025-05-13,2025-05-24,11,11-15d,9.675,8.166,7.869,8.689,10.467
2025-05-13,2025-05-25,12,11-15d,9.464,7.942,7.771,8.483,9.383
2025-05-13,2025-05-26,13,11-15d,8.170,7.687,7.708,8.060,9.050
2025-05-14,2025-05-15,1,1-5d,7.356,6.757,7.181,7.720,7.588
2025-05-14,2025-05-16,2,1-5d,7.856,7.069,7.422,8.007,8.001
2025-05-14,2025-05-17,3,1-5d,8.390,6.916,7.808,8.051,8.358
2025-05-14,2025-05-18,4,1-5d,9.536,7.851,8.587,8.899,8.463
2025-05-14,2025-05-19,5,1-5d,10.569,8.945,9.388,9.867,9.868
2025-05-14,2025-05-20,6,6-10d,10.445,9.090,9.015,9.633,10.554
2025-05-14,2025-05-21,7,6-10d,9.723,8.788,8.480,9.381,10.581
2025-05-14,2025-05-22,8,6-10d,9.153,8.340,8.303,8.940,11.291
2025-05-14,2025-05-23,9,6-10d,9.056,8.112,8.209,8.831,11.394
2025-05-14,2025-05-24,10,6-10d,9.757,8.086,8.046,8.832,10.467
2025-05-14,2025-05-25,11,11-15d,9.369,7.914,7.738,8.464,9.383
2025-05-14,2025-05-26,12,11-15d,8.176,7.501,7.500,8.000,9.050
2025-05-14,2025-05-27,13,11-15d,7.863,7.278,7.281,7.649,8.153
2025-05-15,2025-05-16,1,1-5d,7.816,6.846,7.453,7.957,8.001
2025-05-15,2025-05-17,2,1-5d,8.844,6.896,8.077,8.306,8.358
2025-05-15,2025-05-18,3,1-5d,8.749,7.690,8.662,8.709,8.463
2025-05-15,2025-05-19,4,1-5d,9.615,8.709,9.400,9.592,9.868
2025-05-15,2025-05-20,5,1-5d,10.106,8.965,9.356,9.804,10.554
2025-05-15,2025-05-21,6,6-10d,10.614,8.981,9.034,9.563,10.581
2025-05-15,2025-05-22,7,6-10d,10.955,9.085,9.141,9.845,11.291
2025-05-15,2025-05-23,8,6-10d,10.636,8.996,8.930,9.589,11.394
2025-05-15,2025-05-24,9,6-10d,8.843,8.347,8.279,9.027,10.467
2025-05-15,2025-05-25,10,6-10d,7.714,7.553,7.978,8.218,9.383
2025-05-15,2025-05-26,11,11-15d,7.449,7.006,7.786,7.745,9.050
2025-05-15,2025-05-27,12,11-15d,8.482,6.759,7.782,7.619,8.153
2025-05-15,2025-05-28,13,11-15d,8.500,6.745,7.675,7.546,7.734
2025-05-16,2025-05-17,1,1-5d,8.837,6.896,8.224,8.419,8.358
2025-05-16,2025-05-18,2,1-5d,8.904,7.550,8.604,8.763,8.463
2025-05-16,2025-05-19,3,1-5d,10.051,8.433,9.723,9.651,9.868
2025-05-16,2025-05-20,4,1-5d,10.391,9.207,10.246,10.215,10.554
2025-05-16,2025-05-21,5,1-5d,10.536,9.355,10.183,10.288,10.581
2025-05-16,2025-05-22,6,6-10d,11.708,9.453,10.149,10.228,11.291
2025-05-16,2025-05-23,7,6-10d,10.835,9.160,9.651,9.987,11.394
2025-05-16,2025-05-24,8,6-10d,8.433,8.354,8.467,8.992,10.467
2025-05-16,2025-05-25,9,6-10d,7.287,7.565,7.666,8.223,9.383
2025-05-16,2025-05-26,10,6-10d,6.603,7.022,7.350,7.614,9.050
2025-05-16,2025-05-27,11,11-15d,6.656,6.769,7.297,7.417,8.153
2025-05-16,2025-05-28,12,11-15d,6.056,6.661,7.390,7.214,7.734
2025-05-16,2025-05-29,13,11-15d,6.364,6.545,7.363,7.204,7.693
2025-05-17,2025-05-18,1,1-5d,8.938,7.667,8.630,8.919,8.463
2025-05-17,2025-05-19,2,1-5d,9.957,8.567,9.461,9.767,9.868
2025-05-17,2025-05-20,3,1-5d,10.010,9.483,9.667,10.264,10.554
2025-05-17,2025-05-21,4,1-5d,9.689,9.589,9.652,10.185,10.581
2025-05-17,2025-05-22,5,1-5d,10.565,9.594,9.838,10.378,11.291
2025-05-17,2025-05-23,6,6-10d,10.172,9.354,9.526,9.971,11.394
2025-05-17,2025-05-24,7,6-10d,9.086,8.731,8.698,9.321,10.467
2025-05-17,2025-05-25,8,6-10d,7.861,7.877,8.339,8.602,9.383
2025-05-17,2025-05-26,9,6-10d,7.289,7.171,7.922,7.914,9.050
2025-05-17,2025-05-27,10,6-10d,7.182,6.807,7.477,7.530,8.153
2025-05-17,2025-05-28,11,11-15d,7.085,6.526,7.312,7.272,7.734
2025-05-17,2025-05-29,12,11-15d,7.276,6.246,7.318,7.048,7.693
2025-05-17,2025-05-30,13,11-15d,7.917,6.102,7.333,7.026,6.741
2025-05-18,2025-05-19,1,1-5d,9.735,8.570,9.430,9.774,9.868
2025-05-18,2025-05-20,2,1-5d,10.258,9.473,9.814,10.409,10.554
2025-05-18,2025-05-21,3,1-5d,10.538,9.533,9.994,10.485,10.581
2025-05-18,2025-05-22,4,1-5d,11.050,9.945,10.022,10.745,11.291
2025-05-18,2025-05-23,5,1-5d,10.632,10.105,9.649,10.683,11.394
2025-05-18,2025-05-24,6,6-10d,9.931,9.346,9.143,9.851,10.467
2025-05-18,2025-05-25,7,6-10d,9.015,8.431,8.661,9.097,9.383
2025-05-18,2025-05-26,8,6-10d,7.980,7.442,8.093,8.214,9.050
2025-05-18,2025-05-27,9,6-10d,7.181,6.952,7.520,7.682,8.153
2025-05-18,2025-05-28,10,6-10d,6.849,6.586,7.108,7.276,7.734
2025-05-18,2025-05-29,11,11-15d,7.338,6.241,7.035,7.016,7.693
2025-05-18,2025-05-30,12,11-15d,6.919,6.027,7.125,6.822,6.741
2025-05-18,2025-05-31,13,11-15d,6.401,5.797,7.330,6.781,8.238
2025-05-19,2025-05-20,1,1-5d,10.215,9.377,9.758,10.419,10.554
2025-05-19,2025-05-21,2,1-5d,10.755,9.195,9.958,10.426,10.581
2025-05-19,2025-05-22,3,1-5d,11.607,9.465,10.321,10.797,11.291
2025-05-19,2025-05-23,4,1-5d,11.546,10.021,10.396,10.965,11.394
2025-05-19,2025-05-24,5,1-5d,10.869,9.602,9.834,10.428,10.467
2025-05-19,2025-05-25,6,6-10d,9.103,8.718,8.902,9.339,9.383
2025-05-19,2025-05-26,7,6-10d,7.117,7.519,8.067,8.150,9.050
2025-05-19,2025-05-27,8,6-10d,7.463,6.926,7.432,7.662,8.153
2025-05-19,2025-05-28,9,6-10d,7.682,6.767,7.185,7.517,7.734
2025-05-19,2025-05-29,10,6-10d,6.890,6.426,7.209,7.175,7.693
2025-05-19,2025-05-30,11,11-15d,7.087,6.179,7.249,7.013,6.741
2025-05-19,2025-05-31,12,11-15d,6.826,5.924,7.225,6.771,8.238
2025-05-19,2025-06-01,13,11-15d,6.458,5.929,7.232,6.818,9.378
2025-05-20,2025-05-21,1,1-5d,10.558,9.185,10.047,10.462,10.581
2025-05-20,2025-05-22,2,1-5d,10.767,9.593,10.175,10.681,11.291
2025-05-20,2025-05-23,3,1-5d,11.685,10.219,10.760,11.317,11.394
2025-05-20,2025-05-24,4,1-5d,11.053,9.949,10.497,10.843,10.467
2025-05-20,2025-05-25,5,1-5d,10.625,9.044,9.439,9.950,9.383
2025-05-20,2025-05-26,6,6-10d,7.789,7.731,8.355,8.484,9.050
2025-05-20,2025-05-27,7,6-10d,7.926,7.001,7.573,7.769,8.153
2025-05-20,2025-05-28,8,6-10d,7.485,6.724,6.996,7.402,7.734
2025-05-20,2025-05-29,9,6-10d,6.899,6.419,6.530,7.116,7.693
2025-05-20,2025-05-30,10,6-10d,6.837,6.012,6.617,6.770,6.741
2025-05-20,2025-05-31,11,11-15d,7.604,5.780,6.496,6.572,8.238
2025-05-20,2025-06-01,12,11-15d,7.713,5.837,6.688,6.669,9.378
2025-05-20,2025-06-02,13,11-15d,8.442,6.177,6.990,6.956,8.653
2025-05-21,2025-05-22,1,1-5d,11.323,9.717,10.579,11.076,11.291
2025-05-21,2025-05-23,2,1-5d,11.554,10.155,10.689,11.304,11.394
2025-05-21,2025-05-24,3,1-5d,10.873,9.947,10.161,10.850,10.467
2025-05-21,2025-05-25,4,1-5d,10.150,9.195,9.662,10.043,9.383
2025-05-21,2025-05-26,5,1-5d,9.344,7.563,8.564,8.620,9.050
2025-05-21,2025-05-27,6,6-10d,8.066,6.949,7.626,7.718,8.153
2025-05-21,2025-05-28,7,6-10d,8.542,6.729,7.277,7.581,7.734
2025-05-21,2025-05-29,8,6-10d,7.914,6.226,6.914,7.008,7.693
2025-05-21,2025-05-30,9,6-10d,6.547,5.738,6.425,6.509,6.741
2025-05-21,2025-05-31,10,6-10d,6.952,5.410,6.117,6.255,8.238
2025-05-21,2025-06-01,11,11-15d,6.951,5.524,6.260,6.301,9.378
2025-05-21,2025-06-02,12,11-15d,7.167,5.744,6.557,6.521,8.653
2025-05-21,2025-06-03,13,11-15d,8.185,5.976,6.784,6.751,7.378
2025-05-22,2025-05-23,1,1-5d,11.442,10.136,11.040,11.394,11.394
2025-05-22,2025-05-24,2,1-5d,10.443,9.844,10.108,10.712,10.467
2025-05-22,2025-05-25,3,1-5d,10.162,8.905,9.597,9.955,9.383
2025-05-22,2025-05-26,4,1-5d,9.047,7.748,8.548,8.731,9.050
2025-05-22,2025-05-27,5,1-5d,7.956,6.792,7.752,7.748,8.153
2025-05-22,2025-05-28,6,6-10d,8.036,6.334,7.133,7.140,7.734
2025-05-22,2025-05-29,7,6-10d,6.989,6.084,6.432,6.806,7.693
2025-05-23,2025-05-24,1,1-5d,10.319,9.843,10.238,10.760,10.467
2025-05-23,2025-05-25,2,1-5d,9.913,9.016,9.733,10.042,9.383
2025-05-23,2025-05-26,3,1-5d,9.056,8.083,8.913,9.062,9.050
2025-05-23,2025-05-27,4,1-5d,8.395,7.012,7.818,8.013,8.153
2025-05-23,2025-05-28,5,1-5d,7.516,6.121,7.205,7.137,7.734
2025-05-23,2025-05-29,6,6-10d,6.847,5.868,6.773,6.705,7.693
2025-05-23,2025-05-30,7,6-10d,6.765,5.607,6.669,6.497,6.741
2025-05-23,2025-05-31,8,6-10d,7.283,5.488,6.497,6.350,8.238
2025-05-23,2025-06-01,9,6-10d,7.444,5.703,6.844,6.566,9.378
2025-05-23,2025-06-02,10,6-10d,7.286,5.596,6.737,6.521,8.653
2025-05-23,2025-06-03,11,11-15d,7.501,5.775,6.899,6.664,7.378
2025-05-23,2025-06-04,12,11-15d,7.080,5.956,7.117,6.790,6.650
2025-05-23,2025-06-05,13,11-15d,6.017,6.029,7.309,6.881,6.878
2025-05-24,2025-05-25,1,1-5d,9.868,8.777,9.580,9.950,9.383
2025-05-24,2025-05-26,2,1-5d,8.979,7.979,8.883,9.064,9.050
2025-05-24,2025-05-27,3,1-5d,8.126,6.988,7.915,8.026,8.153
2025-05-24,2025-05-28,4,1-5d,7.808,6.061,7.170,7.196,7.734
2025-05-24,2025-05-29,5,1-5d,6.961,5.853,6.896,6.818,7.693
2025-05-24,2025-05-30,6,6-10d,6.932,5.490,6.740,6.431,6.741
2025-05-24,2025-05-31,7,6-10d,6.018,5.346,6.582,6.222,8.238
2025-05-24,2025-06-01,8,6-10d,6.384,5.907,6.762,6.730,9.378
2025-05-24,2025-06-02,9,6-10d,6.882,5.638,6.599,6.458,8.653
2025-05-24,2025-06-03,10,6-10d,7.081,5.402,6.739,6.356,7.378
2025-05-24,2025-06-04,11,11-15d,7.208,5.659,6.879,6.563,6.650
2025-05-24,2025-06-05,12,11-15d,6.968,5.926,7.103,6.756,6.878
2025-05-24,2025-06-06,13,11-15d,7.481,6.066,7.227,6.942,7.356
2025-05-25,2025-05-26,1,1-5d,8.518,7.684,8.795,8.797,9.050
2025-05-25,2025-05-27,2,1-5d,8.025,6.802,7.937,7.988,8.153
2025-05-25,2025-05-28,3,1-5d,7.740,5.834,7.449,7.171,7.734
2025-05-25,2025-05-29,4,1-5d,7.121,5.607,7.000,6.752,7.693
2025-05-25,2025-05-30,5,1-5d,6.078,5.247,6.544,6.221,6.741
2025-05-25,2025-05-31,6,6-10d,6.403,5.478,6.246,6.274,8.238
2025-05-25,2025-06-01,7,6-10d,7.139,6.113,6.565,6.868,9.378
2025-05-25,2025-06-02,8,6-10d,6.533,5.980,6.474,6.713,8.653
2025-05-25,2025-06-03,9,6-10d,6.544,6.001,6.560,6.746,7.378
2025-05-25,2025-06-04,10,6-10d,6.613,6.165,6.908,6.906,6.650
2025-05-25,2025-06-05,11,11-15d,6.877,6.376,7.106,7.105,6.878
2025-05-25,2025-06-06,12,11-15d,7.200,6.447,7.273,7.160,7.356
2025-05-25,2025-06-07,13,11-15d,7.738,6.494,7.496,7.298,7.164
2025-05-26,2025-05-27,1,1-5d,8.106,6.956,7.741,8.147,8.153
2025-05-26,2025-05-28,2,1-5d,8.013,5.903,7.580,7.436,7.734
2025-05-26,2025-05-29,3,1-5d,7.521,5.606,7.345,6.958,7.693
2025-05-26,2025-05-30,4,1-5d,6.453,5.328,6.741,6.399,6.741
2025-05-26,2025-05-31,5,1-5d,6.276,5.489,6.203,6.340,8.238
2025-05-26,2025-06-01,6,6-10d,7.159,6.038,6.508,6.745,9.378
2025-05-26,2025-06-02,7,6-10d,6.931,5.705,6.315,6.511,8.653
2025-05-26,2025-06-03,8,6-10d,6.614,5.979,6.554,6.732,7.378
2025-05-26,2025-06-04,9,6-10d,6.369,6.520,6.687,7.191,6.650
2025-05-26,2025-06-05,10,6-10d,6.799,6.794,6.890,7.394,6.878
2025-05-26,2025-06-06,11,11-15d,6.851,6.963,7.047,7.500,7.356
2025-05-26,2025-06-07,12,11-15d,7.856,6.946,7.166,7.523,7.164
2025-05-26,2025-06-08,13,11-15d,7.782,6.854,7.263,7.405,7.259
2025-05-27,2025-05-28,1,1-5d,7.542,5.736,7.205,7.225,7.734
2025-05-27,2025-05-29,2,1-5d,7.116,5.795,6.948,7.013,7.693
2025-05-27,2025-05-30,3,1-5d,6.331,5.421,6.284,6.384,6.741
2025-05-27,2025-05-31,4,1-5d,7.206,5.753,6.539,6.764,8.238
2025-05-27,2025-06-01,5,1-5d,7.868,6.614,7.172,7.504,9.378
2025-05-27,2025-06-02,6,6-10d,7.546,6.360,6.901,7.088,8.653
2025-05-27,2025-06-03,7,6-10d,7.234,6.435,6.952,7.180,7.378
2025-05-27,2025-06-04,8,6-10d,7.920,6.711,7.354,7.481,6.650
2025-05-27,2025-06-05,9,6-10d,8.597,6.977,7.469,7.769,6.878
2025-05-27,2025-06-06,10,6-10d,8.474,7.004,7.569,7.821,7.356
2025-05-27,2025-06-07,11,11-15d,8.057,6.720,7.630,7.536,7.164
2025-05-27,2025-06-08,12,11-15d,8.194,6.485,7.524,7.347,7.259
2025-05-27,2025-06-09,13,11-15d,8.037,6.442,7.479,7.277,7.237
2025-05-28,2025-05-29,1,1-5d,6.845,6.087,6.807,7.135,7.693
2025-05-28,2025-05-30,2,1-5d,6.335,5.538,6.298,6.540,6.741
2025-05-28,2025-05-31,3,1-5d,7.387,6.018,6.717,7.103,8.238
2025-05-28,2025-06-01,4,1-5d,7.705,6.931,7.335,7.730,9.378
2025-05-28,2025-06-02,5,1-5d,7.217,6.595,7.026,7.364,8.653
2025-05-28,2025-06-03,6,6-10d,7.771,6.424,7.043,7.176,7.378
2025-05-28,2025-06-04,7,6-10d,8.200,6.424,7.289,7.336,6.650
2025-05-28,2025-06-05,8,6-10d,9.503,6.533,7.566,7.401,6.878
2025-05-28,2025-06-06,9,6-10d,9.360,6.557,7.687,7.472,7.356
2025-05-28,2025-06-07,10,6-10d,8.922,6.369,7.963,7.449,7.164
2025-05-28,2025-06-08,11,11-15d,8.539,6.155,7.981,7.252,7.259
2025-05-28,2025-06-09,12,11-15d,7.870,6.093,7.884,7.150,7.237
2025-05-28,2025-06-10,13,11-15d,7.954,6.040,8.158,7.324,7.340
2025-05-29,2025-05-30,1,1-5d,6.484,5.600,6.438,6.704,6.741
2025-05-29,2025-05-31,2,1-5d,7.333,6.291,6.826,7.333,8.238
2025-05-29,2025-06-01,3,1-5d,7.888,7.351,7.653,8.146,9.378
2025-05-29,2025-06-02,4,1-5d,7.644,6.802,7.622,7.698,8.653
2025-05-29,2025-06-03,5,1-5d,7.767,6.554,7.400,7.495,7.378
2025-05-29,2025-06-04,6,6-10d,7.032,6.236,7.390,7.148,6.650
2025-05-29,2025-06-05,7,6-10d,7.313,5.884,7.109,6.833,6.878
2025-05-29,2025-06-06,8,6-10d,7.346,5.736,7.098,6.686,7.356
2025-05-29,2025-06-07,9,6-10d,7.464,5.788,7.175,6.673,7.164
2025-05-29,2025-06-08,10,6-10d,7.749,5.836,7.231,6.822,7.259
2025-05-29,2025-06-09,11,11-15d,7.095,5.780,7.495,6.796,7.237
2025-05-29,2025-06-10,12,11-15d,7.250,5.775,7.703,6.836,7.340
2025-05-29,2025-06-11,13,11-15d,7.715,5.674,7.673,6.917,7.139
2025-05-30,2025-05-31,1,1-5d,7.231,6.427,7.179,7.494,8.238
2025-05-30,2025-06-01,2,1-5d,8.105,7.291,7.871,8.271,9.378
2025-05-30,2025-06-02,3,1-5d,7.772,6.600,7.579,7.654,8.653
2025-05-30,2025-06-03,4,1-5d,7.709,6.464,7.431,7.470,7.378
2025-05-30,2025-06-04,5,1-5d,7.228,5.940,6.931,6.921,6.650
2025-05-30,2025-06-05,6,6-10d,7.084,5.555,6.925,6.532,6.878
2025-05-30,2025-06-06,7,6-10d,6.985,5.517,7.012,6.524,7.356
2025-05-30,2025-06-07,8,6-10d,7.388,5.747,7.283,6.741,7.164
2025-05-30,2025-06-08,9,6-10d,7.811,5.976,7.383,6.871,7.259
2025-05-30,2025-06-09,10,6-10d,8.294,6.003,7.287,7.010,7.237
2025-05-30,2025-06-10,11,11-15d,8.336,5.934,7.298,6.917,7.340
2025-05-30,2025-06-11,12,11-15d,7.112,5.894,7.255,6.788,7.139
2025-05-30,2025-06-12,13,11-15d,5.894,5.893,7.092,6.714,6.769
2025-05-31,2025-06-01,1,1-5d,8.330,7.415,8.267,8.531,9.378
2025-05-31,2025-06-02,2,1-5d,7.756,6.737,7.655,7.829,8.653
2025-05-31,2025-06-03,3,1-5d,7.491,6.540,7.203,7.496,7.378
2025-05-31,2025-06-04,4,1-5d,6.899,5.957,6.698,6.857,6.650
2025-05-31,2025-06-05,5,1-5d,6.879,5.805,6.523,6.700,6.878
2025-05-31,2025-06-06,6,6-10d,7.212,5.889,6.518,6.644,7.356
2025-05-31,2025-06-07,7,6-10d,6.984,5.879,6.697,6.715,7.164
2025-05-31,2025-06-08,8,6-10d,6.684,5.971,6.751,6.776,7.259
2025-05-31,2025-06-09,9,6-10d,6.682,5.845,6.910,6.655,7.237
2025-05-31,2025-06-10,10,6-10d,7.362,5.835,7.075,6.759,7.340
2025-05-31,2025-06-11,11,11-15d,7.689,5.871,7.088,6.788,7.139
2025-05-31,2025-06-12,12,11-15d,7.933,5.939,7.296,6.909,6.769
2025-05-31,2025-06-13,13,11-15d,7.788,6.064,7.520,7.074,7.160
2025-06-01,2025-06-02,1,1-5d,7.736,6.907,7.773,8.001,8.653
2025-06-01,2025-06-03,2,1-5d,7.169,6.471,6.718,7.378,7.378
2025-06-01,2025-06-04,3,1-5d,6.402,5.710,6.345,6.600,6.650
2025-06-01,2025-06-05,4,1-5d,6.026,5.670,6.179,6.424,6.878
2025-06-01,2025-06-06,5,1-5d,6.801,5.817,6.483,6.710,7.356
2025-06-01,2025-06-07,6,6-10d,6.620,6.010,6.697,6.816,7.164
2025-06-01,2025-06-08,7,6-10d,6.779,6.329,6.788,7.069,7.259
2025-06-01,2025-06-09,8,6-10d,6.950,6.328,6.984,7.158,7.237
2025-06-01,2025-06-10,9,6-10d,7.901,6.249,7.116,7.142,7.340
2025-06-01,2025-06-11,10,6-10d,8.197,6.108,7.057,7.106,7.139
2025-06-01,2025-06-12,11,11-15d,7.475,6.236,6.948,7.085,6.769
2025-06-01,2025-06-13,12,11-15d,7.682,6.370,7.135,7.211,7.160
2025-06-01,2025-06-14,13,11-15d,8.043,6.625,7.321,7.405,7.452
2025-06-02,2025-06-03,1,1-5d,7.208,6.377,6.962,7.444,7.378
2025-06-02,2025-06-04,2,1-5d,6.351,5.655,6.169,6.601,6.650
2025-06-02,2025-06-05,3,1-5d,6.614,5.666,6.442,6.647,6.878
2025-06-02,2025-06-06,4,1-5d,7.058,5.984,6.817,6.946,7.356
2025-06-02,2025-06-07,5,1-5d,7.798,6.235,7.003,7.235,7.164
2025-06-02,2025-06-08,6,6-10d,7.819,6.319,7.264,7.202,7.259
2025-06-02,2025-06-09,7,6-10d,7.185,6.084,7.197,7.020,7.237
2025-06-02,2025-06-10,8,6-10d,7.245,6.064,7.410,7.067,7.340
2025-06-02,2025-06-11,9,6-10d,8.022,6.242,7.544,7.185,7.139
2025-06-02,2025-06-12,10,6-10d,7.896,6.494,7.466,7.425,6.769
2025-06-02,2025-06-13,11,11-15d,7.080,6.717,7.560,7.555,7.160
2025-06-02,2025-06-14,12,11-15d,5.490,6.863,7.836,7.487,7.452
2025-06-02,2025-06-15,13,11-15d,5.121,7.043,8.005,7.762,7.434
2025-06-03,2025-06-04,1,1-5d,6.278,5.932,6.094,6.787,6.650
2025-06-03,2025-06-05,2,1-5d,6.306,5.833,6.244,6.697,6.878
2025-06-03,2025-06-06,3,1-5d,7.133,6.102,6.711,7.091,7.356
2025-06-03,2025-06-07,4,1-5d,7.600,6.089,6.988,7.152,7.164
2025-06-03,2025-06-08,5,1-5d,7.025,6.171,6.882,7.054,7.259
2025-06-03,2025-06-09,6,6-10d,6.940,5.746,6.671,6.623,7.237
2025-06-03,2025-06-10,7,6-10d,7.118,5.544,6.781,6.552,7.340
2025-06-03,2025-06-11,8,6-10d,7.634,5.702,6.972,6.686,7.139
2025-06-03,2025-06-12,9,6-10d,8.256,6.086,7.256,7.036,6.769
2025-06-03,2025-06-13,10,6-10d,7.990,6.572,7.399,7.490,7.160
2025-06-03,2025-06-14,11,11-15d,7.024,6.929,7.638,7.720,7.452
2025-06-03,2025-06-15,12,11-15d,8.034,6.886,7.748,7.734,7.434
2025-06-03,2025-06-16,13,11-15d,8.299,7.073,7.759,7.839,7.611
2025-06-04,2025-06-05,1,1-5d,6.493,5.678,6.378,6.751,6.878
2025-06-04,2025-06-06,2,1-5d,6.687,6.068,6.572,6.989,7.356
2025-06-04,2025-06-07,3,1-5d,7.094,5.962,6.803,7.004,7.164
2025-06-04,2025-06-08,4,1-5d,7.529,5.972,7.087,7.087,7.259
2025-06-04,2025-06-09,5,1-5d,7.575,5.553,6.900,6.738,7.237
2025-06-04,2025-06-10,6,6-10d,6.972,5.128,6.814,6.234,7.340
2025-06-04,2025-06-11,7,6-10d,6.069,5.153,6.597,6.137,7.139
2025-06-04,2025-06-12,8,6-10d,6.017,5.325,6.643,6.321,6.769
2025-06-04,2025-06-13,9,6-10d,6.731,5.738,7.205,6.659,7.160
2025-06-04,2025-06-14,10,6-10d,7.835,6.209,7.634,7.208,7.452
2025-06-04,2025-06-15,11,11-15d,8.160,6.581,7.945,7.610,7.434
2025-06-04,2025-06-16,12,11-15d,8.064,6.739,8.184,7.751,7.611
2025-06-04,2025-06-17,13,11-15d,8.189,6.851,8.399,7.968,7.445
2025-06-05,2025-06-06,1,1-5d,6.993,6.001,6.671,7.133,7.356
2025-06-05,2025-06-07,2,1-5d,7.221,6.067,6.938,7.204,7.164
2025-06-05,2025-06-08,3,1-5d,7.544,6.228,7.233,7.342,7.259
2025-06-05,2025-06-09,4,1-5d,7.674,5.747,7.079,6.980,7.237
2025-06-05,2025-06-10,5,1-5d,6.875,5.146,6.591,6.307,7.340
2025-06-05,2025-06-11,6,6-10d,5.656,5.052,6.406,6.058,7.139
2025-06-05,2025-06-12,7,6-10d,6.222,5.263,6.754,6.260,6.769
2025-06-05,2025-06-13,8,6-10d,6.831,5.770,7.247,6.805,7.160
2025-06-05,2025-06-14,9,6-10d,7.044,6.329,7.914,7.247,7.452
2025-06-05,2025-06-15,10,6-10d,9.054,6.513,8.377,7.647,7.434
2025-06-05,2025-06-16,11,11-15d,8.851,6.552,8.368,7.730,7.611
2025-06-05,2025-06-17,12,11-15d,7.225,6.687,8.304,7.663,7.445
2025-06-05,2025-06-18,13,11-15d,6.542,6.995,8.204,7.886,7.417
2025-06-06,2025-06-07,1,1-5d,7.073,6.257,7.045,7.339,7.164
2025-06-06,2025-06-08,2,1-5d,7.266,6.167,7.118,7.299,7.259
2025-06-06,2025-06-09,3,1-5d,7.608,5.822,7.044,7.099,7.237
2025-06-06,2025-06-10,4,1-5d,7.101,5.284,6.456,6.463,7.340
2025-06-06,2025-06-11,5,1-5d,5.756,5.001,6.347,5.996,7.139
2025-06-06,2025-06-12,6,6-10d,6.319,5.355,6.575,6.321,6.769
2025-06-06,2025-06-13,7,6-10d,7.057,5.872,7.374,6.894,7.160
2025-06-06,2025-06-14,8,6-10d,7.504,6.410,7.893,7.447,7.452
2025-06-06,2025-06-15,9,6-10d,8.118,6.447,7.951,7.405,7.434
2025-06-06,2025-06-16,10,6-10d,8.426,6.397,7.851,7.439,7.611
2025-06-06,2025-06-17,11,11-15d,8.061,6.460,7.816,7.488,7.445
2025-06-06,2025-06-18,12,11-15d,7.823,6.700,7.923,7.636,7.417
2025-06-06,2025-06-19,13,11-15d,7.689,7.056,7.627,7.747,8.340
2025-06-07,2025-06-08,1,1-5d,7.160,6.296,6.909,7.377,7.259
2025-06-07,2025-06-09,2,1-5d,7.145,5.957,6.865,7.110,7.237
2025-06-07,2025-06-10,3,1-5d,7.166,5.525,6.675,6.751,7.340
2025-06-07,2025-06-11,4,1-5d,6.835,5.310,6.593,6.452,7.139
2025-06-07,2025-06-12,5,1-5d,7.431,5.427,6.851,6.625,6.769
2025-06-07,2025-06-13,6,6-10d,7.286,5.857,7.438,6.931,7.160
2025-06-07,2025-06-14,7,6-10d,7.511,6.299,7.586,7.281,7.452
2025-06-07,2025-06-15,8,6-10d,7.867,6.463,7.540,7.398,7.434
2025-06-07,2025-06-16,9,6-10d,8.069,6.488,7.650,7.407,7.611
2025-06-07,2025-06-17,10,6-10d,7.899,6.595,8.168,7.577,7.445
2025-06-07,2025-06-18,11,11-15d,6.876,7.144,8.294,8.027,7.417
2025-06-07,2025-06-19,12,11-15d,7.708,7.573,8.329,8.294,8.340
2025-06-07,2025-06-20,13,11-15d,8.234,7.605,8.176,8.295,8.059
2025-06-08,2025-06-09,1,1-5d,7.180,5.878,6.781,7.142,7.237
2025-06-08,2025-06-10,2,1-5d,7.258,5.414,6.787,6.833,7.340
2025-06-08,2025-06-11,3,1-5d,6.534,5.268,6.781,6.418,7.139
2025-06-08,2025-06-12,4,1-5d,7.121,5.273,7.031,6.575,6.769
2025-06-08,2025-06-13,5,1-5d,7.824,5.623,7.396,6.920,7.160
2025-06-08,2025-06-14,6,6-10d,7.103,6.138,7.605,7.178,7.452
2025-06-08,2025-06-15,7,6-10d,7.620,6.134,7.516,7.162,7.434
2025-06-08,2025-06-16,8,6-10d,7.629,6.251,7.569,7.247,7.611
2025-06-08,2025-06-17,9,6-10d,7.791,6.519,7.552,7.410,7.445
2025-06-08,2025-06-18,10,6-10d,9.208,6.974,7.682,7.962,7.417
2025-06-08,2025-06-19,11,11-15d,8.882,7.432,7.805,8.207,8.340
2025-06-08,2025-06-20,12,11-15d,8.004,7.678,7.824,8.265,8.059
2025-06-08,2025-06-21,13,11-15d,7.372,7.527,7.787,8.054,9.799
2025-06-09,2025-06-10,1,1-5d,7.073,5.562,6.833,6.936,7.340
2025-06-09,2025-06-11,2,1-5d,6.529,5.414,6.965,6.641,7.139
2025-06-09,2025-06-12,3,1-5d,7.036,5.463,7.190,6.726,6.769
2025-06-09,2025-06-13,4,1-5d,7.773,5.707,7.190,6.998,7.160
2025-06-09,2025-06-14,5,1-5d,7.808,5.869,7.448,7.088,7.452
2025-06-09,2025-06-15,6,6-10d,7.941,6.056,7.870,7.200,7.434
2025-06-09,2025-06-16,7,6-10d,7.990,6.188,7.980,7.330,7.611
2025-06-09,2025-06-17,8,6-10d,8.348,6.422,8.109,7.510,7.445
2025-06-09,2025-06-18,9,6-10d,8.014,6.964,8.293,7.874,7.417
2025-06-09,2025-06-19,10,6-10d,7.609,7.321,8.767,8.188,8.340
2025-06-09,2025-06-20,11,11-15d,8.644,7.363,8.696,8.369,8.059
2025-06-09,2025-06-21,12,11-15d,9.941,7.200,8.772,8.385,9.799
2025-06-09,2025-06-22,13,11-15d,10.066,7.126,8.701,8.333,10.237
2025-06-10,2025-06-11,1,1-5d,6.609,5.426,7.000,6.715,7.139
2025-06-10,2025-06-12,2,1-5d,6.504,5.540,7.049,6.716,6.769
2025-06-10,2025-06-13,3,1-5d,7.271,5.797,6.955,6.974,7.160
2025-06-10,2025-06-14,4,1-5d,7.552,5.972,7.267,7.128,7.452
2025-06-10,2025-06-15,5,1-5d,7.259,6.037,7.279,7.081,7.434
2025-06-10,2025-06-16,6,6-10d,7.919,6.065,7.524,7.102,7.611
2025-06-10,2025-06-17,7,6-10d,7.835,6.353,7.797,7.393,7.445
2025-06-10,2025-06-18,8,6-10d,8.123,7.058,7.934,7.943,7.417
2025-06-10,2025-06-19,9,6-10d,8.616,7.386,8.133,8.246,8.340
2025-06-10,2025-06-20,10,6-10d,9.860,7.418,8.405,8.455,8.059
2025-06-10,2025-06-21,11,11-15d,9.765,7.375,8.538,8.394,9.799
2025-06-10,2025-06-22,12,11-15d,9.204,7.499,8.602,8.463,10.237
2025-06-10,2025-06-23,13,11-15d,9.368,7.419,8.704,8.461,11.071
2025-06-11,2025-06-12,1,1-5d,6.429,5.614,7.010,6.756,6.769
2025-06-11,2025-06-13,2,1-5d,7.191,5.967,7.067,7.159,7.160
2025-06-11,2025-06-14,3,1-5d,6.946,6.041,7.426,7.070,7.452
2025-06-11,2025-06-15,4,1-5d,7.254,5.961,7.217,7.052,7.434
2025-06-11,2025-06-16,5,1-5d,7.478,5.875,7.069,6.967,7.611
2025-06-11,2025-06-17,6,6-10d,7.823,6.313,7.430,7.248,7.445
2025-06-11,2025-06-18,7,6-10d,8.448,6.787,7.889,7.777,7.417
2025-06-11,2025-06-19,8,6-10d,10.244,7.250,8.474,8.222,8.340
2025-06-11,2025-06-20,9,6-10d,11.383,7.583,9.028,8.642,8.059
2025-06-11,2025-06-21,10,6-10d,11.027,7.663,9.236,8.851,9.799
2025-06-11,2025-06-22,11,11-15d,11.154,7.709,8.936,8.797,10.237
2025-06-11,2025-06-23,12,11-15d,9.829,7.783,8.543,8.696,11.071
2025-06-11,2025-06-24,13,11-15d,9.511,7.807,8.380,8.552,10.694
2025-06-12,2025-06-13,1,1-5d,6.883,5.822,6.685,6.997,7.160
2025-06-12,2025-06-14,2,1-5d,7.188,6.075,6.995,7.207,7.452
2025-06-12,2025-06-15,3,1-5d,7.312,6.185,7.194,7.243,7.434
2025-06-12,2025-06-16,4,1-5d,7.490,6.285,7.330,7.316,7.611
2025-06-12,2025-06-17,5,1-5d,8.287,6.451,7.848,7.618,7.445
2025-06-12,2025-06-18,6,6-10d,8.794,6.984,8.353,7.994,7.417
2025-06-12,2025-06-19,7,6-10d,9.669,7.473,8.823,8.566,8.340
2025-06-12,2025-06-20,8,6-10d,10.750,7.884,9.029,8.836,8.059
2025-06-12,2025-06-21,9,6-10d,9.744,8.043,8.800,8.928,9.799
2025-06-12,2025-06-22,10,6-10d,9.288,7.977,8.619,8.866,10.237
2025-06-12,2025-06-23,11,11-15d,9.711,8.017,8.707,8.883,11.071
2025-06-12,2025-06-24,12,11-15d,10.536,8.103,8.629,8.996,10.694
2025-06-12,2025-06-25,13,11-15d,11.492,8.110,8.877,9.016,9.898
2025-06-13,2025-06-14,1,1-5d,6.990,5.851,6.972,7.079,7.452
2025-06-13,2025-06-15,2,1-5d,7.442,5.992,7.053,7.246,7.434
2025-06-13,2025-06-16,3,1-5d,7.925,6.207,7.367,7.457,7.611
2025-06-13,2025-06-17,4,1-5d,8.044,6.328,7.870,7.560,7.445
2025-06-13,2025-06-18,5,1-5d,8.900,6.549,8.397,7.884,7.417
2025-06-13,2025-06-19,6,6-10d,9.161,6.844,8.508,7.943,8.340
2025-06-13,2025-06-20,7,6-10d,9.345,6.875,8.583,8.067,8.059
2025-06-13,2025-06-21,8,6-10d,9.333,7.553,8.929,8.563,9.799
2025-06-13,2025-06-22,9,6-10d,10.282,7.916,9.011,8.868,10.237
2025-06-13,2025-06-23,10,6-10d,10.540,8.121,9.068,9.152,11.071
2025-06-13,2025-06-24,11,11-15d,10.889,8.293,9.152,9.246,10.694
2025-06-13,2025-06-25,12,11-15d,9.112,7.996,9.285,8.948,9.898
2025-06-13,2025-06-26,13,11-15d,7.714,7.853,9.152,8.796,9.364
2025-06-14,2025-06-15,1,1-5d,6.920,5.762,7.086,7.017,7.434
2025-06-14,2025-06-16,2,1-5d,6.916,6.026,7.078,7.111,7.611
2025-06-14,2025-06-17,3,1-5d,7.541,6.208,7.468,7.353,7.445
2025-06-14,2025-06-18,4,1-5d,8.538,6.371,8.072,7.725,7.417
2025-06-14,2025-06-19,5,1-5d,9.165,6.837,8.162,8.064,8.340
2025-06-14,2025-06-20,6,6-10d,8.518,6.912,7.663,7.737,8.059
2025-06-14,2025-06-21,7,6-10d,9.229,7.873,8.202,8.678,9.799
2025-06-14,2025-06-22,8,6-10d,9.292,8.491,8.862,9.250,10.237
2025-06-14,2025-06-23,9,6-10d,9.092,8.870,9.109,9.629,11.071
2025-06-14,2025-06-24,10,6-10d,9.431,8.685,9.142,9.499,10.694
2025-06-14,2025-06-25,11,11-15d,9.631,8.070,9.146,9.026,9.898
2025-06-14,2025-06-26,12,11-15d,10.658,7.647,9.071,8.822,9.364
2025-06-14,2025-06-27,13,11-15d,10.930,7.724,9.010,8.829,8.553
2025-06-15,2025-06-16,1,1-5d,7.127,6.135,7.051,7.291,7.611
2025-06-15,2025-06-17,2,1-5d,7.859,6.554,7.510,7.749,7.445
2025-06-15,2025-06-18,3,1-5d,8.305,6.869,8.271,8.059,7.417
2025-06-15,2025-06-19,4,1-5d,9.372,7.043,8.497,8.380,8.340
2025-06-15,2025-06-20,5,1-5d,9.064,6.977,8.382,8.183,8.059
2025-06-15,2025-06-21,6,6-10d,9.770,8.102,9.076,8.994,9.799
2025-06-15,2025-06-22,7,6-10d,10.643,8.936,9.778,9.878,10.237
2025-06-15,2025-06-23,8,6-10d,10.474,8.961,9.893,9.860,11.071
2025-06-15,2025-06-24,9,6-10d,10.475,8.417,9.574,9.360,10.694
2025-06-15,2025-06-25,10,6-10d,9.345,7.673,9.017,8.669,9.898
2025-06-15,2025-06-26,11,11-15d,9.708,7.523,8.751,8.548,9.364
2025-06-15,2025-06-27,12,11-15d,9.927,7.636,8.777,8.669,8.553
2025-06-15,2025-06-28,13,11-15d,10.856,7.573,8.779,8.650,8.812
2025-06-16,2025-06-17,1,1-5d,7.755,6.192,7.422,7.580,7.445
2025-06-16,2025-06-18,2,1-5d,8.757,6.549,8.078,8.101,7.417
2025-06-16,2025-06-19,3,1-5d,9.260,6.884,8.532,8.380,8.340
2025-06-16,2025-06-20,4,1-5d,8.873,7.026,8.502,8.271,8.059
2025-06-16,2025-06-21,5,1-5d,9.819,8.211,9.319,9.286,9.799
2025-06-16,2025-06-22,6,6-10d,11.171,9.167,9.721,9.933,10.237
2025-06-16,2025-06-23,7,6-10d,11.296,9.443,9.862,10.315,11.071
2025-06-16,2025-06-24,8,6-10d,11.519,9.291,10.027,10.141,10.694
2025-06-16,2025-06-25,9,6-10d,11.159,8.271,9.588,9.271,9.898
2025-06-16,2025-06-26,10,6-10d,11.192,7.759,9.203,8.941,9.364
2025-06-16,2025-06-27,11,11-15d,10.876,7.723,9.019,8.813,8.553
2025-06-16,2025-06-28,12,11-15d,9.050,7.639,8.953,8.627,8.812
2025-06-16,2025-06-29,13,11-15d,8.452,7.801,8.936,8.718,9.050
2025-06-17,2025-06-18,1,1-5d,8.181,6.760,7.702,8.069,7.417
2025-06-17,2025-06-19,2,1-5d,9.099,6.857,8.354,8.414,8.340
2025-06-17,2025-06-20,3,1-5d,8.772,7.138,8.476,8.381,8.059
2025-06-17,2025-06-21,4,1-5d,10.246,8.535,10.014,9.754,9.799
2025-06-17,2025-06-22,5,1-5d,10.920,9.472,10.295,10.466,10.237
2025-06-17,2025-06-23,6,6-10d,11.304,9.741,10.246,10.492,11.071
2025-06-17,2025-06-24,7,6-10d,11.816,9.916,9.632,10.652,10.694
2025-06-17,2025-06-25,8,6-10d,11.874,9.593,9.184,10.157,9.898
2025-06-17,2025-06-26,9,6-10d,11.905,8.877,9.025,9.767,9.364
2025-06-17,2025-06-27,10,6-10d,10.977,8.431,8.841,9.421,8.553
2025-06-17,2025-06-28,11,11-15d,9.138,7.920,8.629,8.767,8.812
2025-06-17,2025-06-29,12,11-15d,8.037,7.928,8.687,8.647,9.050
2025-06-17,2025-06-30,13,11-15d,7.863,8.002,8.961,8.809,8.495
2025-06-18,2025-06-19,1,1-5d,8.974,6.799,8.430,8.441,8.340
2025-06-18,2025-06-20,2,1-5d,8.743,6.931,8.434,8.360,8.059
2025-06-18,2025-06-21,3,1-5d,10.360,8.421,9.797,9.759,9.799
2025-06-18,2025-06-22,4,1-5d,10.676,9.428,10.117,10.396,10.237
2025-06-18,2025-06-23,5,1-5d,10.794,9.794,10.313,10.660,11.071
2025-06-18,2025-06-24,6,6-10d,10.979,9.990,10.328,10.691,10.694
2025-06-18,2025-06-25,7,6-10d,9.899,9.285,9.838,10.060,9.898
2025-06-18,2025-06-26,8,6-10d,9.814,8.585,9.356,9.444,9.364
2025-06-18,2025-06-27,9,6-10d,9.104,8.269,9.265,9.135,8.553
2025-06-18,2025-06-28,10,6-10d,7.673,7.762,9.261,8.597,8.812
2025-06-18,2025-06-29,11,11-15d,6.416,7.539,9.296,8.531,9.050
2025-06-18,2025-06-30,12,11-15d,6.024,7.597,9.380,8.404,8.495
2025-06-18,2025-07-01,13,11-15d,6.447,7.907,9.523,8.911,8.310
2025-06-19,2025-06-20,1,1-5d,8.502,6.828,8.222,8.271,8.059
2025-06-19,2025-06-21,2,1-5d,10.419,8.447,9.849,9.909,9.799
2025-06-19,2025-06-22,3,1-5d,11.091,9.615,10.332,10.748,10.237
2025-06-19,2025-06-23,4,1-5d,11.555,10.023,10.592,11.024,11.071
2025-06-19,2025-06-24,5,1-5d,11.724,10.039,10.421,10.981,10.694
2025-06-19,2025-06-25,6,6-10d,10.130,9.330,9.348,9.935,9.898
2025-06-19,2025-06-26,7,6-10d,9.562,8.957,8.892,9.608,9.364
2025-06-19,2025-06-27,8,6-10d,10.270,8.729,9.030,9.470,8.553
2025-06-19,2025-06-28,9,6-10d,10.600,8.068,9.002,9.012,8.812
2025-06-19,2025-06-29,10,6-10d,10.178,7.716,9.163,8.801,9.050
2025-06-19,2025-06-30,11,11-15d,9.232,7.583,9.257,8.693,8.495
2025-06-19,2025-07-01,12,11-15d,9.529,7.609,9.177,8.711,8.310
2025-06-19,2025-07-02,13,11-15d,8.529,7.762,9.259,8.830,8.286
2025-06-20,2025-06-21,1,1-5d,10.470,8.590,9.727,10.079,9.799
2025-06-20,2025-06-22,2,1-5d,11.175,9.745,10.282,10.915,10.237
2025-06-20,2025-06-23,3,1-5d,11.737,10.170,10.761,11.318,11.071
2025-06-20,2025-06-24,4,1-5d,11.582,10.239,10.618,11.164,10.694
2025-06-20,2025-06-25,5,1-5d,10.305,9.482,9.679,10.257,9.898
2025-06-20,2025-06-26,6,6-10d,9.396,8.965,9.114,9.609,9.364
2025-06-20,2025-06-27,7,6-10d,8.351,8.876,8.936,9.439,8.553
2025-06-20,2025-06-28,8,6-10d,9.812,9.162,8.964,9.779,8.812
2025-06-20,2025-06-29,9,6-10d,10.159,9.022,9.027,9.804,9.050
2025-06-20,2025-06-30,10,6-10d,10.126,8.669,9.041,9.546,8.495
2025-06-21,2025-06-22,1,1-5d,11.157,9.712,10.433,11.007,10.237
2025-06-21,2025-06-23,2,1-5d,11.771,10.398,10.807,11.531,11.071
2025-06-21,2025-06-24,3,1-5d,11.609,10.530,10.693,11.489,10.694
2025-06-21,2025-06-25,4,1-5d,10.176,9.774,9.738,10.428,9.898
2025-06-21,2025-06-26,5,1-5d,9.764,9.169,9.009,9.839,9.364
2025-06-21,2025-06-27,6,6-10d,9.140,8.817,9.005,9.473,8.553
2025-06-21,2025-06-28,7,6-10d,9.948,8.763,9.325,9.597,8.812
2025-06-21,2025-06-29,8,6-10d,10.449,8.808,9.706,9.699,9.050
2025-06-21,2025-06-30,9,6-10d,9.733,8.565,9.544,9.445,8.495
2025-06-21,2025-07-01,10,6-10d,9.196,8.166,8.788,9.025,8.310
2025-06-21,2025-07-02,11,11-15d,9.536,7.875,8.728,8.780,8.286
2025-06-21,2025-07-03,12,11-15d,9.815,8.067,8.638,8.903,8.244
2025-06-21,2025-07-04,13,11-15d,9.397,8.312,8.828,9.003,7.876
2025-06-22,2025-06-23,1,1-5d,11.403,10.164,10.616,11.360,11.071
2025-06-22,2025-06-24,2,1-5d,11.514,10.437,10.739,11.465,10.694
2025-06-22,2025-06-25,3,1-5d,10.402,9.698,9.904,10.548,9.898
2025-06-22,2025-06-26,4,1-5d,9.890,9.021,9.371,9.846,9.364
2025-06-22,2025-06-27,5,1-5d,9.160,8.447,9.381,9.353,8.553
2025-06-22,2025-06-28,6,6-10d,9.522,8.510,9.578,9.430,8.812
2025-06-22,2025-06-29,7,6-10d,10.486,8.526,10.053,9.631,9.050
2025-06-22,2025-06-30,8,6-10d,10.797,8.445,10.005,9.501,8.495
2025-06-22,2025-07-01,9,6-10d,9.411,8.223,9.747,9.159,8.310
2025-06-22,2025-07-02,10,6-10d,8.454,8.092,9.074,8.920,8.286
2025-06-22,2025-07-03,11,11-15d,7.274,8.472,8.557,9.042,8.244
2025-06-22,2025-07-04,12,11-15d,8.094,8.851,8.362,9.171,7.876
2025-06-22,2025-07-05,13,11-15d,8.789,8.891,8.767,9.267,8.634
2025-06-23,2025-06-24,1,1-5d,11.576,10.334,10.750,11.528,10.694
2025-06-23,2025-06-25,2,1-5d,10.198,9.466,9.848,10.403,9.898
2025-06-23,2025-06-26,3,1-5d,9.405,8.465,9.166,9.436,9.364
2025-06-23,2025-06-27,4,1-5d,9.428,7.935,9.150,9.057,8.553
2025-06-23,2025-06-28,5,1-5d,10.577,8.131,9.332,9.351,8.812
2025-06-23,2025-06-29,6,6-10d,10.642,8.501,9.433,9.380,9.050
2025-06-23,2025-06-30,7,6-10d,9.646,8.185,9.103,9.118,8.495
2025-06-23,2025-07-01,8,6-10d,7.675,7.710,8.549,8.586,8.310
2025-06-23,2025-07-02,9,6-10d,8.242,7.391,8.160,8.235,8.286
2025-06-23,2025-07-03,10,6-10d,8.845,7.717,8.224,8.574,8.244
2025-06-23,2025-07-04,11,11-15d,8.632,8.258,8.619,8.976,7.876
2025-06-23,2025-07-05,12,11-15d,9.530,8.476,8.893,9.204,8.634
2025-06-23,2025-07-06,13,11-15d,9.826,8.579,9.138,9.295,8.522
2025-06-24,2025-06-25,1,1-5d,10.036,9.035,9.750,10.174,9.898
2025-06-24,2025-06-26,2,1-5d,8.899,8.135,8.688,9.107,9.364
2025-06-24,2025-06-27,3,1-5d,8.867,7.765,8.611,8.799,8.553
2025-06-24,2025-06-28,4,1-5d,9.295,8.105,9.241,9.151,8.812
2025-06-24,2025-06-29,5,1-5d,9.915,8.382,9.586,9.465,9.050
2025-06-24,2025-06-30,6,6-10d,9.440,8.131,9.375,9.104,8.495
2025-06-24,2025-07-01,7,6-10d,8.601,7.677,8.967,8.631,8.310
2025-06-24,2025-07-02,8,6-10d,7.783,7.346,8.493,8.299,8.286
2025-06-24,2025-07-03,9,6-10d,8.019,7.585,8.316,8.404,8.244
2025-06-24,2025-07-04,10,6-10d,8.930,8.170,8.585,8.981,7.876
2025-06-24,2025-07-05,11,11-15d,8.551,8.550,9.052,9.284,8.634
2025-06-24,2025-07-06,12,11-15d,8.196,8.694,9.119,9.269,8.522
2025-06-24,2025-07-07,13,11-15d,8.423,8.858,9.250,9.424,8.423
2025-06-25,2025-06-26,1,1-5d,9.594,7.953,9.202,9.370,9.364
2025-06-25,2025-06-27,2,1-5d,8.440,7.305,8.621,8.503,8.553
2025-06-25,2025-06-28,3,1-5d,8.986,7.846,8.928,8.915,8.812
2025-06-25,2025-06-29,4,1-5d,9.545,8.177,9.246,9.245,9.050
2025-06-25,2025-06-30,5,1-5d,9.391,7.857,9.407,9.010,8.495
2025-06-25,2025-07-01,6,6-10d,9.530,7.446,9.200,8.572,8.310
2025-06-25,2025-07-02,7,6-10d,8.653,7.210,8.765,8.268,8.286
2025-06-25,2025-07-03,8,6-10d,9.369,7.254,9.093,8.380,8.244
2025-06-25,2025-07-04,9,6-10d,9.851,7.782,9.150,8.746,7.876
2025-06-25,2025-07-05,10,6-10d,9.604,8.269,8.995,9.169,8.634
2025-06-25,2025-07-06,11,11-15d,8.742,8.593,8.933,9.294,8.522
2025-06-25,2025-07-07,12,11-15d,8.334,8.830,9.078,9.361,8.423
2025-06-25,2025-07-08,13,11-15d,7.602,8.830,9.225,9.357,9.415
2025-06-26,2025-06-27,1,1-5d,8.395,7.278,8.225,8.481,8.553
2025-06-26,2025-06-28,2,1-5d,9.174,7.667,8.979,8.976,8.812
2025-06-26,2025-06-29,3,1-5d,9.204,8.310,9.144,9.280,9.050
2025-06-26,2025-06-30,4,1-5d,9.029,7.756,9.015,8.843,8.495
2025-06-26,2025-07-01,5,1-5d,8.571,7.118,8.580,8.241,8.310
2025-06-26,2025-07-02,6,6-10d,8.433,7.070,8.503,8.100,8.286
2025-06-26,2025-07-03,7,6-10d,8.161,7.202,8.529,8.166,8.244
2025-06-26,2025-07-04,8,6-10d,9.054,7.616,8.920,8.608,7.876
2025-06-26,2025-07-05,9,6-10d,10.233,7.956,9.271,8.926,8.634
2025-06-26,2025-07-06,10,6-10d,10.132,8.266,9.364,9.256,8.522
2025-06-26,2025-07-07,11,11-15d,10.266,8.633,9.438,9.525,8.423
2025-06-26,2025-07-08,12,11-15d,10.260,8.757,9.457,9.600,9.415
2025-06-26,2025-07-09,13,11-15d,11.123,8.791,9.430,9.594,8.596
2025-06-27,2025-06-28,1,1-5d,8.908,7.631,8.496,8.882,8.812
2025-06-27,2025-06-29,2,1-5d,9.124,8.145,9.024,9.231,9.050
2025-06-27,2025-06-30,3,1-5d,9.109,7.423,9.063,8.711,8.495
2025-06-27,2025-07-01,4,1-5d,8.293,7.006,8.426,8.128,8.310
2025-06-27,2025-07-02,5,1-5d,8.659,7.135,8.275,8.204,8.286
2025-06-27,2025-07-03,6,6-10d,9.676,7.477,8.252,8.309,8.244
2025-06-27,2025-07-04,7,6-10d,9.674,8.119,8.498,8.953,7.876
2025-06-27,2025-07-05,8,6-10d,8.861,8.609,8.677,9.292,8.634
2025-06-27,2025-07-06,9,6-10d,9.385,8.900,9.044,9.663,8.522
2025-06-27,2025-07-07,10,6-10d,10.503,9.009,9.406,9.892,8.423
2025-06-27,2025-07-08,11,11-15d,10.175,9.168,9.826,9.992,9.415
2025-06-27,2025-07-09,12,11-15d,9.975,9.478,9.777,10.121,8.596
2025-06-27,2025-07-10,13,11-15d,10.269,9.678,9.763,10.172,8.426
2025-06-28,2025-06-29,1,1-5d,9.592,7.998,9.165,9.390,9.050
2025-06-28,2025-06-30,2,1-5d,9.101,7.384,8.929,8.791,8.495
2025-06-28,2025-07-01,3,1-5d,8.507,7.220,8.419,8.345,8.310
2025-06-28,2025-07-02,4,1-5d,8.761,7.206,8.191,8.295,8.286
2025-06-28,2025-07-03,5,1-5d,9.188,7.189,8.287,8.321,8.244
2025-06-28,2025-07-04,6,6-10d,9.134,7.546,8.611,8.465,7.876
2025-06-28,2025-07-05,7,6-10d,10.224,8.636,9.296,9.530,8.634
2025-06-28,2025-07-06,8,6-10d,11.094,9.282,9.471,9.995,8.522
2025-06-28,2025-07-07,9,6-10d,11.157,9.679,9.645,10.474,8.423
2025-06-28,2025-07-08,10,6-10d,10.517,9.933,9.860,10.678,9.415
2025-06-28,2025-07-09,11,11-15d,9.624,9.953,10.020,10.562,8.596
2025-06-28,2025-07-10,12,11-15d,8.802,9.870,9.953,10.302,8.426
2025-06-28,2025-07-11,13,11-15d,8.278,9.507,9.572,9.902,8.818
2025-06-29,2025-06-30,1,1-5d,8.759,7.477,8.794,8.775,8.495
2025-06-29,2025-07-01,2,1-5d,8.442,6.969,8.012,8.227,8.310
2025-06-29,2025-07-02,3,1-5d,8.929,7.298,8.290,8.505,8.286
2025-06-29,2025-07-03,4,1-5d,8.957,7.775,8.333,8.704,8.244
2025-06-29,2025-07-04,5,1-5d,8.655,8.268,8.667,9.018,7.876
2025-06-29,2025-07-05,6,6-10d,10.001,9.272,9.527,9.948,8.634
2025-06-29,2025-07-06,7,6-10d,9.954,9.821,9.718,10.417,8.522
2025-06-29,2025-07-07,8,6-10d,9.263,9.917,9.526,10.485,8.423
2025-06-29,2025-07-08,9,6-10d,9.712,9.810,9.565,10.505,9.415
2025-06-29,2025-07-09,10,6-10d,9.473,9.563,9.921,10.284,8.596
2025-06-29,2025-07-10,11,11-15d,8.977,9.033,10.253,9.944,8.426
2025-06-29,2025-07-11,12,11-15d,8.355,8.603,10.340,9.531,8.818
2025-06-29,2025-07-12,13,11-15d,7.798,8.452,10.240,9.565,8.880
2025-06-30,2025-07-01,1,1-5d,8.486,7.027,8.028,8.355,8.310
2025-06-30,2025-07-02,2,1-5d,8.631,7.581,8.324,8.668,8.286
2025-06-30,2025-07-03,3,1-5d,8.926,7.917,8.365,8.883,8.244
2025-06-30,2025-07-04,4,1-5d,9.354,8.225,8.565,9.100,7.876
2025-06-30,2025-07-05,5,1-5d,9.919,9.203,9.235,9.929,8.634
2025-06-30,2025-07-06,6,6-10d,10.416,9.478,9.643,10.127,8.522
2025-06-30,2025-07-07,7,6-10d,9.867,9.414,9.519,10.083,8.423
2025-06-30,2025-07-08,8,6-10d,10.039,9.106,9.625,9.902,9.415
2025-06-30,2025-07-09,9,6-10d,11.142,8.800,10.001,9.761,8.596
2025-06-30,2025-07-10,10,6-10d,11.721,8.456,9.838,9.615,8.426
2025-06-30,2025-07-11,11,11-15d,11.051,8.061,9.692,9.227,8.818
2025-06-30,2025-07-12,12,11-15d,9.748,7.793,9.580,8.953,8.880
2025-06-30,2025-07-13,13,11-15d,7.673,7.820,9.888,9.070,7.940
2025-07-01,2025-07-02,1,1-5d,8.101,6.786,7.830,8.067,8.286
2025-07-01,2025-07-03,2,1-5d,8.661,7.247,8.423,8.508,8.244
2025-07-01,2025-07-04,3,1-5d,9.476,7.598,8.962,8.919,7.876
2025-07-01,2025-07-05,4,1-5d,10.529,8.550,9.662,9.756,8.634
2025-07-01,2025-07-06,5,1-5d,10.619,8.766,9.668,9.848,8.522
2025-07-01,2025-07-07,6,6-10d,9.019,8.822,9.476,9.639,8.423
2025-07-01,2025-07-08,7,6-10d,8.914,8.663,9.487,9.474,9.415
2025-07-01,2025-07-09,8,6-10d,9.319,8.519,9.523,9.450,8.596
2025-07-01,2025-07-10,9,6-10d,8.901,8.184,9.548,9.099,8.426
2025-07-01,2025-07-11,10,6-10d,8.666,7.897,9.414,8.835,8.818
2025-07-01,2025-07-12,11,11-15d,9.392,7.677,9.281,8.796,8.880
2025-07-01,2025-07-13,12,11-15d,10.540,7.743,9.416,8.990,7.940
2025-07-01,2025-07-14,13,11-15d,10.908,7.960,9.650,9.246,8.326
2025-07-02,2025-07-03,1,1-5d,8.302,7.089,7.930,8.314,8.244
2025-07-02,2025-07-04,2,1-5d,8.754,7.390,8.201,8.582,7.876
2025-07-02,2025-07-05,3,1-5d,10.023,8.419,9.007,9.580,8.634
2025-07-02,2025-07-06,4,1-5d,9.771,8.745,9.079,9.605,8.522
2025-07-02,2025-07-07,5,1-5d,9.054,8.302,8.914,9.161,8.423
2025-07-02,2025-07-08,6,6-10d,9.122,8.236,9.156,9.133,9.415
2025-07-02,2025-07-09,7,6-10d,9.699,8.209,9.533,9.244,8.596
2025-07-02,2025-07-10,8,6-10d,9.997,8.019,9.489,9.067,8.426
2025-07-02,2025-07-11,9,6-10d,10.261,7.767,9.242,8.782,8.818
2025-07-02,2025-07-12,10,6-10d,11.232,7.664,9.103,8.874,8.880
2025-07-02,2025-07-13,11,11-15d,11.790,7.806,9.355,9.025,7.940
2025-07-02,2025-07-14,12,11-15d,12.268,8.085,9.660,9.446,8.326
2025-07-02,2025-07-15,13,11-15d,11.270,8.311,9.905,9.559,9.513
2025-07-03,2025-07-04,1,1-5d,7.180,7.095,7.463,7.878,7.876
2025-07-03,2025-07-05,2,1-5d,9.201,8.053,8.650,9.148,8.634
2025-07-03,2025-07-06,3,1-5d,10.162,8.686,8.938,9.775,8.522
2025-07-03,2025-07-07,4,1-5d,10.663,8.404,9.113,9.585,8.423
2025-07-03,2025-07-08,5,1-5d,11.375,8.576,9.584,9.821,9.415
2025-07-03,2025-07-09,6,6-10d,10.501,8.741,9.799,9.680,8.596
2025-07-03,2025-07-10,7,6-10d,9.549,8.460,9.511,9.400,8.426
2025-07-03,2025-07-11,8,6-10d,8.703,8.057,9.102,8.999,8.818
2025-07-03,2025-07-12,9,6-10d,9.469,8.091,9.193,9.013,8.880
2025-07-03,2025-07-13,10,6-10d,9.760,8.376,9.435,9.330,7.940
2025-07-03,2025-07-14,11,11-15d,10.958,8.776,9.554,9.712,8.326
2025-07-03,2025-07-15,12,11-15d,11.824,9.115,9.824,10.112,9.513
2025-07-03,2025-07-16,13,11-15d,12.370,9.396,10.165,10.315,9.328
2025-07-04,2025-07-05,1,1-5d,9.123,7.973,8.556,9.150,8.634
2025-07-04,2025-07-06,2,1-5d,9.990,8.312,8.895,9.564,8.522
2025-07-04,2025-07-07,3,1-5d,10.487,8.209,9.127,9.606,8.423
2025-07-04,2025-07-08,4,1-5d,11.053,8.790,9.939,10.060,9.415
2025-07-04,2025-07-09,5,1-5d,10.097,8.784,10.068,9.862,8.596
2025-07-04,2025-07-10,6,6-10d,10.413,8.136,9.658,9.214,8.426
2025-07-04,2025-07-11,7,6-10d,9.837,7.864,9.339,8.977,8.818
2025-07-04,2025-07-12,8,6-10d,9.661,7.772,9.317,8.839,8.880
2025-07-04,2025-07-13,9,6-10d,8.778,7.635,9.503,8.622,7.940
2025-07-04,2025-07-14,10,6-10d,9.682,7.832,9.983,8.941,8.326
2025-07-04,2025-07-15,11,11-15d,10.708,8.287,10.253,9.532,9.513
2025-07-04,2025-07-16,12,11-15d,12.193,8.738,10.505,10.074,9.328
2025-07-04,2025-07-17,13,11-15d,12.885,9.262,10.568,10.428,8.736
2025-07-05,2025-07-06,1,1-5d,9.272,8.120,8.737,9.301,8.522
2025-07-05,2025-07-07,2,1-5d,9.490,7.925,8.920,9.205,8.423
2025-07-05,2025-07-08,3,1-5d,10.110,8.129,9.631,9.495,9.415
2025-07-05,2025-07-09,4,1-5d,10.398,7.937,9.904,9.410,8.596
2025-07-05,2025-07-10,5,1-5d,9.816,7.403,9.974,8.903,8.426
2025-07-05,2025-07-11,6,6-10d,9.279,7.265,9.854,8.663,8.818
2025-07-05,2025-07-12,7,6-10d,8.523,7.409,9.565,8.572,8.880
2025-07-05,2025-07-13,8,6-10d,8.674,7.558,9.778,8.793,7.940
2025-07-05,2025-07-14,9,6-10d,9.697,7.952,10.288,9.016,8.326
2025-07-05,2025-07-15,10,6-10d,10.131,8.494,10.500,9.568,9.513
2025-07-05,2025-07-16,11,11-15d,10.590,8.979,10.717,10.126,9.328
2025-07-05,2025-07-17,12,11-15d,11.759,9.282,10.854,10.472,8.736
2025-07-05,2025-07-18,13,11-15d,11.981,9.412,10.996,10.636,8.370
2025-07-06,2025-07-07,1,1-5d,8.942,7.488,8.610,8.825,8.423
2025-07-06,2025-07-08,2,1-5d,9.753,7.864,9.311,9.309,9.415
2025-07-06,2025-07-09,3,1-5d,9.360,7.589,9.090,8.892,8.596
2025-07-06,2025-07-10,4,1-5d,9.045,6.972,8.839,8.348,8.426
2025-07-06,2025-07-11,5,1-5d,8.939,7.026,9.011,8.334,8.818
2025-07-06,2025-07-12,6,6-10d,8.934,6.978,9.024,8.213,8.880
2025-07-06,2025-07-13,7,6-10d,9.034,7.285,9.610,8.546,7.940
2025-07-06,2025-07-14,8,6-10d,9.273,7.878,10.294,9.162,8.326
2025-07-06,2025-07-15,9,6-10d,10.810,8.560,10.516,9.611,9.513
2025-07-06,2025-07-16,10,6-10d,12.230,8.977,10.807,10.195,9.328
2025-07-06,2025-07-17,11,11-15d,12.087,8.987,10.845,10.239,8.736
2025-07-06,2025-07-18,12,11-15d,10.953,8.992,10.702,10.165,8.370
2025-07-06,2025-07-19,13,11-15d,10.182,8.944,10.635,10.145,8.703
2025-07-07,2025-07-08,1,1-5d,9.930,7.762,9.565,9.417,9.415
2025-07-07,2025-07-09,2,1-5d,9.566,7.383,9.139,8.962,8.596
2025-07-07,2025-07-10,3,1-5d,9.339,7.024,9.036,8.541,8.426
2025-07-07,2025-07-11,4,1-5d,9.862,7.319,9.183,8.788,8.818
2025-07-07,2025-07-12,5,1-5d,9.717,7.287,8.991,8.616,8.880
2025-07-07,2025-07-13,6,6-10d,9.445,7.316,9.110,8.475,7.940
2025-07-07,2025-07-14,7,6-10d,9.677,7.808,9.727,9.000,8.326
2025-07-07,2025-07-15,8,6-10d,11.326,8.231,10.232,9.412,9.513
2025-07-07,2025-07-16,9,6-10d,12.072,8.363,10.386,9.494,9.328
2025-07-07,2025-07-17,10,6-10d,11.134,8.341,10.742,9.570,8.736
2025-07-07,2025-07-18,11,11-15d,9.672,8.275,10.681,9.579,8.370
2025-07-07,2025-07-19,12,11-15d,10.102,8.190,10.815,9.587,8.703
2025-07-07,2025-07-20,13,11-15d,11.322,8.324,10.545,9.825,9.098
2025-07-08,2025-07-09,1,1-5d,9.622,7.482,9.342,9.133,8.596
2025-07-08,2025-07-10,2,1-5d,9.142,7.057,8.962,8.629,8.426
2025-07-08,2025-07-11,3,1-5d,9.737,7.554,9.365,9.011,8.818
2025-07-08,2025-07-12,4,1-5d,9.566,7.491,9.144,8.824,8.880
2025-07-08,2025-07-13,5,1-5d,9.547,7.436,9.274,8.744,7.940
2025-07-08,2025-07-14,6,6-10d,10.515,7.983,9.831,9.159,8.326
2025-07-08,2025-07-15,7,6-10d,11.512,8.453,10.473,9.784,9.513
2025-07-08,2025-07-16,8,6-10d,11.450,8.466,10.720,9.710,9.328
2025-07-08,2025-07-17,9,6-10d,9.674,8.011,10.329,9.069,8.736
2025-07-08,2025-07-18,10,6-10d,8.615,7.876,10.133,8.885,8.370
2025-07-08,2025-07-19,11,11-15d,8.164,8.040,10.383,9.264,8.703
2025-07-08,2025-07-20,12,11-15d,8.586,8.354,10.496,9.462,9.098
2025-07-08,2025-07-21,13,11-15d,8.680,8.795,10.538,9.949,8.738
2025-07-09,2025-07-10,1,1-5d,9.020,7.179,8.981,8.720,8.426
2025-07-09,2025-07-11,2,1-5d,9.648,7.561,9.181,9.091,8.818
2025-07-09,2025-07-12,3,1-5d,9.617,7.555,9.156,8.955,8.880
2025-07-09,2025-07-13,4,1-5d,9.626,7.192,9.137,8.655,7.940
2025-07-09,2025-07-14,5,1-5d,10.329,7.622,9.704,9.068,8.326
2025-07-09,2025-07-15,6,6-10d,10.584,8.256,10.216,9.465,9.513
2025-07-09,2025-07-16,7,6-10d,10.702,8.127,10.250,9.430,9.328
2025-07-09,2025-07-17,8,6-10d,9.280,7.425,9.810,8.702,8.736
2025-07-09,2025-07-18,9,6-10d,7.758,6.939,9.571,7.986,8.370
2025-07-09,2025-07-19,10,6-10d,8.316,6.771,9.637,7.921,8.703
2025-07-09,2025-07-20,11,11-15d,9.506,7.177,9.957,8.621,9.098
2025-07-09,2025-07-21,12,11-15d,10.265,7.861,10.047,9.197,8.738
2025-07-09,2025-07-22,13,11-15d,11.062,8.416,10.302,9.765,8.874
2025-07-10,2025-07-11,1,1-5d,9.709,7.605,9.256,9.223,8.818
2025-07-10,2025-07-12,2,1-5d,9.833,7.461,9.332,9.114,8.880
2025-07-10,2025-07-13,3,1-5d,9.623,7.034,9.354,8.664,7.940
2025-07-10,2025-07-14,4,1-5d,10.431,7.437,9.689,9.074,8.326
2025-07-10,2025-07-15,5,1-5d,11.427,8.281,10.228,9.766,9.513
2025-07-10,2025-07-16,6,6-10d,11.915,8.534,9.852,9.551,9.328
2025-07-10,2025-07-17,7,6-10d,9.973,7.957,9.151,9.018,8.736
2025-07-10,2025-07-18,8,6-10d,9.511,7.506,8.374,8.403,8.370
2025-07-10,2025-07-19,9,6-10d,10.451,7.317,8.591,8.344,8.703
2025-07-10,2025-07-20,10,6-10d,12.013,7.469,8.978,8.784,9.098
2025-07-10,2025-07-21,11,11-15d,12.353,7.926,9.483,9.169,8.738
2025-07-10,2025-07-22,12,11-15d,11.372,8.438,9.769,9.613,8.874
2025-07-10,2025-07-23,13,11-15d,10.430,8.881,9.993,9.866,9.376
2025-07-11,2025-07-12,1,1-5d,9.588,7.441,9.246,9.089,8.880
2025-07-11,2025-07-13,2,1-5d,9.319,6.966,9.003,8.638,7.940
2025-07-11,2025-07-14,3,1-5d,9.514,7.430,9.496,8.883,8.326
2025-07-11,2025-07-15,4,1-5d,10.125,8.169,9.981,9.510,9.513
2025-07-11,2025-07-16,5,1-5d,10.067,8.115,9.864,9.382,9.328
2025-07-11,2025-07-17,6,6-10d,10.370,7.609,9.527,8.806,8.736
2025-07-11,2025-07-18,7,6-10d,10.219,7.325,9.364,8.643,8.370
2025-07-11,2025-07-19,8,6-10d,9.188,7.468,9.263,8.597,8.703
2025-07-11,2025-07-20,9,6-10d,9.796,7.913,9.720,8.931,9.098
2025-07-11,2025-07-21,10,6-10d,11.289,8.344,9.861,9.499,8.738
2025-07-11,2025-07-22,11,11-15d,11.355,8.689,9.904,9.758,8.874
2025-07-11,2025-07-23,12,11-15d,10.920,8.901,10.203,9.978,9.376
2025-07-11,2025-07-24,13,11-15d,10.840,8.924,10.440,10.089,10.268
2025-07-12,2025-07-13,1,1-5d,8.823,7.038,8.638,8.539,7.940
2025-07-12,2025-07-14,2,1-5d,9.299,7.575,9.124,8.985,8.326
2025-07-12,2025-07-15,3,1-5d,10.261,8.533,9.910,9.810,9.513
2025-07-12,2025-07-16,4,1-5d,10.511,8.492,9.955,9.776,9.328
2025-07-12,2025-07-17,5,1-5d,11.008,8.063,9.374,9.391,8.736
2025-07-12,2025-07-18,6,6-10d,10.963,7.639,9.258,8.746,8.370
2025-07-12,2025-07-19,7,6-10d,11.848,7.610,9.473,9.027,8.703
2025-07-12,2025-07-20,8,6-10d,12.196,8.169,9.296,9.131,9.098
2025-07-12,2025-07-21,9,6-10d,9.604,8.559,9.251,9.423,8.738
2025-07-12,2025-07-22,10,6-10d,8.545,8.846,9.426,9.583,8.874
2025-07-12,2025-07-23,11,11-15d,8.111,8.944,9.866,9.765,9.376
2025-07-12,2025-07-24,12,11-15d,9.494,9.188,10.300,10.046,10.268
2025-07-12,2025-07-25,13,11-15d,10.006,9.373,10.675,10.388,9.913
2025-07-13,2025-07-14,1,1-5d,9.144,7.195,8.659,8.740,8.326
2025-07-13,2025-07-15,2,1-5d,9.781,7.702,9.589,9.270,9.513
2025-07-13,2025-07-16,3,1-5d,10.792,7.875,10.050,9.589,9.328
2025-07-13,2025-07-17,4,1-5d,10.489,7.956,10.047,9.468,8.736
2025-07-13,2025-07-18,5,1-5d,9.898,7.582,9.643,8.966,8.370
2025-07-13,2025-07-19,6,6-10d,8.994,7.567,9.345,8.722,8.703
2025-07-13,2025-07-20,7,6-10d,9.176,8.007,9.258,8.995,9.098
2025-07-13,2025-07-21,8,6-10d,10.030,8.360,9.306,9.277,8.738
2025-07-13,2025-07-22,9,6-10d,10.687,8.800,9.405,9.698,8.874
2025-07-13,2025-07-23,10,6-10d,12.097,9.252,9.663,10.287,9.376
2025-07-13,2025-07-24,11,11-15d,13.415,9.563,10.045,10.508,10.268
2025-07-13,2025-07-25,12,11-15d,12.503,9.635,10.396,10.661,9.913
2025-07-13,2025-07-26,13,11-15d,11.356,9.494,10.520,10.460,9.277
2025-07-14,2025-07-15,1,1-5d,9.349,7.868,9.510,9.267,9.513
2025-07-14,2025-07-16,2,1-5d,10.299,7.929,10.070,9.622,9.328
2025-07-14,2025-07-17,3,1-5d,10.088,7.954,10.347,9.455,8.736
2025-07-14,2025-07-18,4,1-5d,9.964,7.595,9.915,9.120,8.370
2025-07-14,2025-07-19,5,1-5d,10.184,7.824,9.506,9.138,8.703
2025-07-14,2025-07-20,6,6-10d,10.605,8.332,9.680,9.358,9.098
2025-07-14,2025-07-21,7,6-10d,10.483,8.603,9.821,9.655,8.738
2025-07-14,2025-07-22,8,6-10d,11.649,9.033,10.049,9.967,8.874
2025-07-14,2025-07-23,9,6-10d,11.871,9.407,10.209,10.353,9.376
2025-07-14,2025-07-24,10,6-10d,10.714,9.740,10.493,10.622,10.268
2025-07-14,2025-07-25,11,11-15d,11.173,9.839,10.893,10.802,9.913
2025-07-14,2025-07-26,12,11-15d,12.403,9.919,11.088,11.009,9.277
2025-07-15,2025-07-16,1,1-5d,10.349,8.169,10.059,9.837,9.328
2025-07-15,2025-07-17,2,1-5d,9.687,7.986,9.795,9.428,8.736
2025-07-15,2025-07-18,3,1-5d,8.787,7.613,9.182,8.743,8.370
2025-07-15,2025-07-19,4,1-5d,9.461,7.968,9.309,9.122,8.703
2025-07-15,2025-07-20,5,1-5d,9.838,8.271,9.574,9.391,9.098
2025-07-15,2025-07-21,6,6-10d,9.762,8.246,9.860,9.351,8.738
2025-07-15,2025-07-22,7,6-10d,9.918,8.899,10.315,9.905,8.874
2025-07-15,2025-07-23,8,6-10d,11.234,9.866,10.747,10.767,9.376
2025-07-15,2025-07-24,9,6-10d,12.318,10.320,10.696,11.200,10.268
2025-07-15,2025-07-25,10,6-10d,13.695,10.326,10.971,11.437,9.913
2025-07-15,2025-07-26,11,11-15d,12.726,10.122,11.073,11.122,9.277
2025-07-15,2025-07-28,13,11-15d,12.084,9.907,11.054,10.937,8.020
2025-07-16,2025-07-17,1,1-5d,9.393,8.068,9.422,9.383,8.736
2025-07-16,2025-07-18,2,1-5d,8.586,7.499,8.880,8.693,8.370
2025-07-16,2025-07-19,3,1-5d,9.736,8.307,9.426,9.469,8.703
2025-07-16,2025-07-20,4,1-5d,9.705,8.669,9.428,9.616,9.098
2025-07-16,2025-07-21,5,1-5d,10.001,8.465,9.973,9.621,8.738
2025-07-16,2025-07-22,6,6-10d,10.716,9.186,10.684,10.257,8.874
2025-07-16,2025-07-23,7,6-10d,12.183,9.964,11.166,11.047,9.376
2025-07-16,2025-07-24,8,6-10d,12.046,10.713,11.569,11.607,10.268
2025-07-16,2025-07-25,9,6-10d,11.010,10.843,11.589,11.669,9.913
2025-07-16,2025-07-26,10,6-10d,9.542,10.616,11.486,11.305,9.277
2025-07-16,2025-07-28,12,11-15d,7.927,10.132,11.140,10.713,8.020
2025-07-16,2025-07-29,13,11-15d,7.917,9.770,11.018,10.639,12.028
2025-07-17,2025-07-18,1,1-5d,8.402,7.244,8.330,8.474,8.370
2025-07-17,2025-07-19,2,1-5d,9.699,8.017,9.271,9.371,8.703
2025-07-17,2025-07-20,3,1-5d,9.610,8.497,9.586,9.561,9.098
2025-07-17,2025-07-21,4,1-5d,9.308,8.055,9.678,9.218,8.738
2025-07-17,2025-07-22,5,1-5d,10.039,8.811,10.506,9.958,8.874
2025-07-17,2025-07-23,6,6-10d,10.834,9.749,10.995,10.744,9.376
2025-07-17,2025-07-24,7,6-10d,11.229,10.538,11.516,11.424,10.268
2025-07-17,2025-07-25,8,6-10d,11.136,10.612,11.476,11.508,9.913
2025-07-17,2025-07-26,9,6-10d,11.227,10.426,11.073,11.274,9.277
2025-07-17,2025-07-28,11,11-15d,12.658,10.458,10.893,11.309,8.020
2025-07-17,2025-07-29,12,11-15d,11.387,10.153,11.008,11.039,12.028
2025-07-17,2025-07-30,13,11-15d,10.232,9.795,10.974,10.751,11.394
2025-07-18,2025-07-19,1,1-5d,9.932,7.894,9.314,9.465,8.703
2025-07-18,2025-07-20,2,1-5d,10.043,8.382,9.683,9.736,9.098
2025-07-18,2025-07-21,3,1-5d,9.197,7.960,9.373,9.094,8.738
2025-07-18,2025-07-22,4,1-5d,10.113,8.436,10.278,9.727,8.874
2025-07-18,2025-07-23,5,1-5d,10.803,9.435,10.909,10.559,9.376
2025-07-18,2025-07-24,6,6-10d,11.579,10.251,11.518,11.252,10.268
2025-07-18,2025-07-25,7,6-10d,11.862,10.515,11.767,11.521,9.913
2025-07-18,2025-07-26,8,6-10d,11.449,10.328,11.575,11.320,9.277
2025-07-18,2025-07-28,10,6-10d,11.023,10.307,11.523,11.209,8.020
2025-07-18,2025-07-29,11,11-15d,10.725,9.903,11.207,10.902,12.028
2025-07-18,2025-07-30,12,11-15d,10.234,9.615,10.783,10.518,11.394
2025-07-18,2025-07-31,13,11-15d,12.138,9.568,10.886,10.686,9.498
2025-07-19,2025-07-20,1,1-5d,9.950,8.415,9.670,9.794,9.098
2025-07-19,2025-07-21,2,1-5d,9.287,7.846,9.192,9.141,8.738
2025-07-19,2025-07-22,3,1-5d,9.729,8.229,9.549,9.432,8.874
2025-07-19,2025-07-23,4,1-5d,10.202,9.257,10.228,10.228,9.376
2025-07-19,2025-07-24,5,1-5d,11.003,10.212,10.747,11.062,10.268
2025-07-19,2025-07-25,6,6-10d,11.944,10.741,11.046,11.454,9.913
2025-07-19,2025-07-26,7,6-10d,12.118,10.412,10.829,11.287,9.277
2025-07-19,2025-07-28,9,6-10d,12.666,10.405,11.339,11.354,8.020
2025-07-19,2025-07-29,10,6-10d,13.814,10.286,11.549,11.474,12.028
2025-07-19,2025-07-30,11,11-15d,12.943,9.974,11.562,11.152,11.394
2025-07-19,2025-07-31,12,11-15d,12.792,9.870,11.359,11.084,9.498
2025-07-19,2025-08-01,13,11-15d,12.950,9.891,11.017,10.957,8.537
2025-07-20,2025-07-21,1,1-5d,8.997,7.681,8.793,8.969,8.738
2025-07-20,2025-07-22,2,1-5d,9.267,8.085,9.321,9.286,8.874
2025-07-20,2025-07-23,3,1-5d,9.905,9.120,10.320,10.097,9.376
2025-07-20,2025-07-24,4,1-5d,11.541,10.054,11.129,11.154,10.268
2025-07-20,2025-07-25,5,1-5d,12.160,10.432,11.459,11.521,9.913
2025-07-20,2025-07-26,6,6-10d,10.510,10.222,10.710,10.990,9.277
2025-07-20,2025-07-28,8,6-10d,10.681,10.067,11.004,10.982,8.020
2025-07-20,2025-07-29,9,6-10d,11.286,9.952,11.002,10.866,12.028
2025-07-20,2025-07-30,10,6-10d,10.889,9.791,11.141,10.745,11.394
2025-07-20,2025-07-31,11,11-15d,10.104,9.570,11.276,10.656,9.498
2025-07-20,2025-08-01,12,11-15d,10.917,9.431,11.009,10.523,8.537
2025-07-20,2025-08-02,13,11-15d,12.540,9.383,10.750,10.550,7.799
2025-07-21,2025-07-22,1,1-5d,9.161,7.860,8.813,9.127,8.874
2025-07-21,2025-07-23,2,1-5d,10.195,8.845,9.676,10.035,9.376
2025-07-21,2025-07-24,3,1-5d,11.361,9.991,10.772,11.101,10.268
2025-07-21,2025-07-25,4,1-5d,12.234,10.111,11.350,11.371,9.913
2025-07-21,2025-07-26,5,1-5d,11.443,10.039,10.838,11.033,9.277
2025-07-21,2025-07-28,7,6-10d,11.444,10.331,11.141,11.225,8.020
2025-07-21,2025-07-29,8,6-10d,12.469,10.056,11.117,11.002,12.028
2025-07-21,2025-07-30,9,6-10d,11.454,9.332,10.270,10.275,11.394
2025-07-21,2025-07-31,10,6-10d,10.724,8.780,9.955,9.801,9.498
2025-07-21,2025-08-01,11,11-15d,12.191,8.784,10.098,9.915,8.537
2025-07-21,2025-08-02,12,11-15d,13.863,9.024,10.289,10.373,7.799
2025-07-21,2025-08-03,13,11-15d,11.777,9.042,10.405,10.186,7.671
2025-07-22,2025-07-23,1,1-5d,9.861,8.384,9.468,9.725,9.376
2025-07-22,2025-07-24,2,1-5d,11.432,9.545,10.713,10.947,10.268
2025-07-22,2025-07-25,3,1-5d,11.338,9.662,11.011,10.921,9.913
2025-07-22,2025-07-26,4,1-5d,10.443,9.665,10.734,10.622,9.277
2025-07-22,2025-07-28,6,6-10d,13.528,9.859,11.624,11.010,8.020
2025-07-22,2025-07-29,7,6-10d,13.611,10.220,11.567,11.449,12.028
2025-07-22,2025-07-30,8,6-10d,11.536,9.319,10.523,10.300,11.394
2025-07-22,2025-07-31,9,6-10d,10.747,8.273,9.777,9.290,9.498
2025-07-22,2025-08-01,10,6-10d,10.076,7.854,9.477,8.948,8.537
2025-07-22,2025-08-02,11,11-15d,9.824,7.924,9.361,9.011,7.799
2025-07-22,2025-08-03,12,11-15d,10.634,7.988,9.633,9.213,7.671
2025-07-22,2025-08-04,13,11-15d,9.889,8.013,9.903,9.325,7.677
2025-07-23,2025-07-24,1,1-5d,11.286,9.672,10.612,11.047,10.268
2025-07-23,2025-07-25,2,1-5d,11.560,9.781,10.943,11.150,9.913
2025-07-23,2025-07-26,3,1-5d,10.603,9.301,10.801,10.463,9.277
2025-07-23,2025-07-28,5,1-5d,13.401,10.368,12.785,11.930,8.020
2025-07-23,2025-07-29,6,6-10d,13.967,10.706,12.608,11.898,12.028
2025-07-23,2025-07-30,7,6-10d,11.738,9.809,10.850,10.831,11.394
2025-07-23,2025-07-31,8,6-10d,9.408,8.523,9.614,9.476,9.498
2025-07-23,2025-08-01,9,6-10d,7.925,7.744,8.858,8.607,8.537
2025-07-23,2025-08-02,10,6-10d,7.506,7.431,8.954,8.300,7.799
2025-07-23,2025-08-03,11,11-15d,8.563,7.474,9.353,8.631,7.671
2025-07-23,2025-08-04,12,11-15d,8.534,7.512,9.818,8.740,7.677
2025-07-23,2025-08-05,13,11-15d,8.675,7.786,10.203,9.260,8.020
2025-07-24,2025-07-25,1,1-5d,10.980,9.418,10.350,10.774,9.913
2025-07-24,2025-07-26,2,1-5d,11.044,8.919,10.270,10.420,9.277
2025-07-24,2025-07-28,4,1-5d,13.744,10.386,12.827,12.133,8.020
2025-07-24,2025-07-29,5,1-5d,14.287,10.664,13.120,12.323,12.028
2025-07-24,2025-07-30,6,6-10d,12.178,10.146,11.517,11.178,11.394
2025-07-24,2025-07-31,7,6-10d,8.727,9.079,10.039,9.857,9.498
2025-07-24,2025-08-01,8,6-10d,7.290,7.858,9.096,8.848,8.537
2025-07-24,2025-08-02,9,6-10d,7.822,7.308,8.854,8.231,7.799
2025-07-24,2025-08-03,10,6-10d,8.328,7.153,9.151,8.180,7.671
2025-07-24,2025-08-04,11,11-15d,8.697,7.450,9.299,8.607,7.677
2025-07-24,2025-08-05,12,11-15d,9.063,7.739,9.263,8.802,8.020
2025-07-24,2025-08-06,13,11-15d,9.585,7.867,9.365,9.014,8.508
2025-07-25,2025-07-26,1,1-5d,10.093,8.320,9.684,9.793,9.277
2025-07-25,2025-07-28,3,1-5d,13.202,10.230,12.360,11.956,8.020
2025-07-25,2025-07-29,4,1-5d,13.340,10.718,12.722,12.231,12.028
2025-07-25,2025-07-30,5,1-5d,11.840,10.019,11.322,11.177,11.394
2025-07-25,2025-07-31,6,6-10d,9.068,8.504,9.362,9.383,9.498
2025-07-25,2025-08-01,7,6-10d,8.381,7.252,8.302,8.196,8.537
2025-07-25,2025-08-02,8,6-10d,8.685,6.877,8.095,7.862,7.799
2025-07-25,2025-08-03,9,6-10d,9.942,7.136,8.428,8.148,7.671
2025-07-25,2025-08-04,10,6-10d,10.720,7.770,8.896,8.887,7.677
2025-07-25,2025-08-05,11,11-15d,11.673,8.101,9.116,9.166,8.020
2025-07-25,2025-08-06,12,11-15d,12.193,8.118,8.785,9.241,8.508
2025-07-25,2025-08-07,13,11-15d,13.560,8.009,8.895,9.103,9.368
2025-07-26,2025-07-28,2,1-5d,13.031,10.084,12.369,11.972,8.020
2025-07-26,2025-07-29,3,1-5d,13.275,10.670,12.548,12.261,12.028
2025-07-26,2025-07-30,4,1-5d,11.500,9.925,11.626,11.168,11.394
2025-07-26,2025-07-31,5,1-5d,9.653,7.964,9.572,9.163,9.498
2025-07-26,2025-08-01,6,6-10d,8.856,6.725,8.355,7.835,8.537
2025-07-26,2025-08-02,7,6-10d,7.684,6.258,7.915,7.353,7.799
2025-07-26,2025-08-03,8,6-10d,8.222,6.507,8.117,7.590,7.671
2025-07-26,2025-08-04,9,6-10d,8.861,7.126,8.460,8.089,7.677
2025-07-26,2025-08-05,10,6-10d,10.020,7.730,9.015,8.797,8.020
2025-07-26,2025-08-06,11,11-15d,9.835,8.050,9.377,9.103,8.508
2025-07-26,2025-08-07,12,11-15d,10.653,8.271,9.533,9.374,9.368
2025-07-26,2025-08-08,13,11-15d,10.459,8.340,9.703,9.453,9.896
2025-07-27,2025-07-28,1,1-5d,13.032,10.184,12.355,12.114,8.020
2025-07-27,2025-07-29,2,1-5d,13.131,10.612,12.808,12.358,12.028
2025-07-27,2025-07-30,3,1-5d,12.089,9.933,11.830,11.391,11.394
2025-07-27,2025-07-31,4,1-5d,9.116,8.065,9.139,9.078,9.498
2025-07-27,2025-08-01,5,1-5d,8.676,6.878,8.192,8.035,8.537
2025-07-27,2025-08-02,6,6-10d,8.679,6.292,8.082,7.450,7.799
2025-07-27,2025-08-03,7,6-10d,9.133,6.265,8.412,7.602,7.671
2025-07-27,2025-08-04,8,6-10d,9.690,6.798,8.698,7.953,7.677
2025-07-27,2025-08-05,9,6-10d,10.893,7.622,9.299,8.696,8.020
2025-07-27,2025-08-06,10,6-10d,11.075,8.278,9.855,9.425,8.508
2025-07-27,2025-08-07,11,11-15d,10.786,8.644,10.168,9.764,9.368
2025-07-27,2025-08-08,12,11-15d,10.988,8.856,10.202,9.955,9.896
2025-07-27,2025-08-09,13,11-15d,10.564,8.850,10.133,9.911,9.913
2025-07-28,2025-07-29,1,1-5d,13.282,10.844,12.506,12.580,12.028
2025-07-28,2025-07-30,2,1-5d,11.337,10.045,11.274,11.278,11.394
2025-07-28,2025-07-31,3,1-5d,9.004,8.164,8.898,9.111,9.498
2025-07-28,2025-08-01,4,1-5d,7.761,6.735,8.007,7.782,8.537
2025-07-28,2025-08-02,5,1-5d,7.394,6.364,7.843,7.438,7.799
2025-07-28,2025-08-03,6,6-10d,7.685,6.431,7.802,7.463,7.671
2025-07-28,2025-08-04,7,6-10d,8.445,6.890,8.072,7.903,7.677
2025-07-28,2025-08-05,8,6-10d,9.198,7.578,8.591,8.512,8.020
2025-07-28,2025-08-06,9,6-10d,10.340,8.233,9.194,9.177,8.508
2025-07-28,2025-08-07,10,6-10d,10.857,8.733,9.569,9.738,9.368
2025-07-28,2025-08-08,11,11-15d,10.424,8.955,9.849,9.884,9.896
2025-07-28,2025-08-09,12,11-15d,9.774,9.082,9.737,9.864,9.913
2025-07-28,2025-08-10,13,11-15d,10.056,9.294,9.962,10.062,9.382
2025-07-29,2025-07-30,1,1-5d,12.059,10.012,11.472,11.591,11.394
2025-07-29,2025-07-31,2,1-5d,9.215,8.424,9.144,9.430,9.498
2025-07-29,2025-08-01,3,1-5d,7.872,6.769,7.877,7.832,8.537
2025-07-29,2025-08-02,4,1-5d,7.659,6.264,7.770,7.432,7.799
2025-07-29,2025-08-03,5,1-5d,7.636,6.248,8.138,7.458,7.671
2025-07-29,2025-08-04,6,6-10d,7.907,6.698,8.571,7.881,7.677
2025-07-29,2025-08-05,7,6-10d,8.673,7.361,9.467,8.534,8.020
2025-07-29,2025-08-06,8,6-10d,9.800,7.955,10.462,9.262,8.508
2025-07-29,2025-08-07,9,6-10d,10.670,8.459,11.240,9.590,9.368
2025-07-29,2025-08-08,10,6-10d,11.323,8.784,11.299,9.999,9.896
2025-07-29,2025-08-09,11,11-15d,13.065,8.987,11.064,10.343,9.913
2025-07-29,2025-08-10,12,11-15d,12.208,9.065,10.986,10.409,9.382
2025-07-29,2025-08-11,13,11-15d,9.989,9.000,10.701,10.192,9.360
2025-07-30,2025-07-31,1,1-5d,9.902,8.228,9.657,9.673,9.498
2025-07-30,2025-08-01,2,1-5d,8.201,6.902,8.201,8.147,8.537
2025-07-30,2025-08-02,3,1-5d,8.361,6.560,8.062,7.872,7.799
2025-07-30,2025-08-03,4,1-5d,8.692,6.393,8.341,7.830,7.671
2025-07-30,2025-08-04,5,1-5d,8.772,6.571,8.623,7.936,7.677
2025-07-30,2025-08-05,6,6-10d,9.255,7.187,8.994,8.350,8.020
2025-07-30,2025-08-06,7,6-10d,9.947,7.940,9.746,9.123,8.508
2025-07-30,2025-08-07,8,6-10d,10.671,8.639,10.481,9.780,9.368
2025-07-30,2025-08-08,9,6-10d,10.695,9.089,11.195,10.123,9.896
2025-07-30,2025-08-09,10,6-10d,10.608,9.223,11.489,10.297,9.913
2025-07-30,2025-08-10,11,11-15d,11.232,9.290,11.485,10.568,9.382
2025-07-30,2025-08-11,12,11-15d,11.382,9.410,11.544,10.690,9.360
2025-07-30,2025-08-12,13,11-15d,10.028,9.370,11.299,10.637,10.023
2025-07-31,2025-08-01,1,1-5d,8.160,6.614,8.121,8.022,8.537
2025-07-31,2025-08-02,2,1-5d,7.843,6.035,7.806,7.504,7.799
2025-07-31,2025-08-03,3,1-5d,8.270,6.097,8.167,7.577,7.671
2025-07-31,2025-08-04,4,1-5d,9.155,6.450,8.836,8.056,7.677
2025-07-31,2025-08-05,5,1-5d,9.316,7.058,9.139,8.437,8.020
2025-07-31,2025-08-06,6,6-10d,9.643,7.686,9.893,8.969,8.508
2025-07-31,2025-08-07,7,6-10d,10.087,8.276,10.902,9.603,9.368
2025-07-31,2025-08-08,8,6-10d,11.211,8.716,11.465,10.084,9.896
2025-07-31,2025-08-09,9,6-10d,12.535,8.888,11.578,10.082,9.913
2025-07-31,2025-08-10,10,6-10d,12.615,9.010,11.613,10.340,9.382
2025-07-31,2025-08-11,11,11-15d,12.349,9.116,11.532,10.514,9.360
2025-07-31,2025-08-12,12,11-15d,10.478,9.112,11.173,10.313,10.023
2025-07-31,2025-08-13,13,11-15d,9.964,9.156,10.915,10.362,9.474
2025-08-01,2025-08-02,1,1-5d,7.836,5.992,7.618,7.440,7.799
2025-08-01,2025-08-03,2,1-5d,8.130,5.997,7.796,7.467,7.671
2025-08-01,2025-08-04,3,1-5d,8.783,6.379,8.533,7.820,7.677
2025-08-01,2025-08-05,4,1-5d,9.299,7.106,8.976,8.400,8.020
2025-08-01,2025-08-06,5,1-5d,10.123,7.432,9.277,8.783,8.508
2025-08-01,2025-08-07,6,6-10d,10.469,7.902,9.739,9.034,9.368
2025-08-01,2025-08-08,7,6-10d,10.625,8.324,10.345,9.533,9.896
2025-08-01,2025-08-09,8,6-10d,10.596,8.547,10.791,9.747,9.913
2025-08-01,2025-08-10,9,6-10d,10.711,8.702,10.858,9.721,9.382
2025-08-01,2025-08-11,10,6-10d,11.843,8.922,11.002,10.082,9.360
2025-08-01,2025-08-12,11,11-15d,12.498,9.225,11.111,10.439,10.023
2025-08-01,2025-08-13,12,11-15d,12.458,9.318,10.902,10.522,9.474
2025-08-01,2025-08-14,13,11-15d,12.823,9.197,10.733,10.398,9.842
2025-08-02,2025-08-03,1,1-5d,7.726,6.057,7.525,7.436,7.671
2025-08-02,2025-08-04,2,1-5d,8.301,6.481,8.064,7.840,7.677
2025-08-02,2025-08-05,3,1-5d,9.097,7.221,8.505,8.461,8.020
2025-08-02,2025-08-06,4,1-5d,10.139,7.676,8.884,8.925,8.508
2025-08-02,2025-08-07,5,1-5d,10.519,8.156,9.211,9.299,9.368
2025-08-02,2025-08-08,6,6-10d,10.955,8.530,9.692,9.459,9.896
2025-08-02,2025-08-09,7,6-10d,11.165,8.686,10.124,9.796,9.913
2025-08-02,2025-08-10,8,6-10d,10.532,8.914,10.434,9.933,9.382
2025-08-02,2025-08-11,9,6-10d,10.443,8.980,10.610,9.919,9.360
2025-08-02,2025-08-12,10,6-10d,9.672,9.105,10.763,9.988,10.023
2025-08-02,2025-08-13,11,11-15d,9.866,9.228,10.643,10.193,9.474
2025-08-02,2025-08-14,12,11-15d,8.843,9.217,10.632,10.027,9.842
2025-08-02,2025-08-15,13,11-15d,8.597,9.057,10.512,10.021,10.080
2025-08-03,2025-08-04,1,1-5d,8.247,6.367,7.857,7.821,7.677
2025-08-03,2025-08-05,2,1-5d,9.091,7.174,8.511,8.520,8.020
2025-08-03,2025-08-06,3,1-5d,10.192,7.560,8.964,9.032,8.508
2025-08-03,2025-08-07,4,1-5d,10.710,7.936,9.593,9.314,9.368
2025-08-03,2025-08-08,5,1-5d,10.667,8.444,10.103,9.687,9.896
2025-08-03,2025-08-09,6,6-10d,11.188,8.763,10.204,9.776,9.913
2025-08-03,2025-08-10,7,6-10d,11.309,9.113,10.578,10.200,9.382
2025-08-03,2025-08-11,8,6-10d,11.754,9.359,10.810,10.361,9.360
2025-08-03,2025-08-12,9,6-10d,12.347,9.274,10.763,10.280,10.023
2025-08-03,2025-08-13,10,6-10d,13.114,9.447,10.769,10.606,9.474
2025-08-03,2025-08-14,11,11-15d,13.488,9.389,10.935,10.559,9.842
2025-08-03,2025-08-15,12,11-15d,13.467,9.387,11.154,10.731,10.080
2025-08-03,2025-08-16,13,11-15d,12.576,9.214,11.252,10.602,10.070
2025-08-04,2025-08-05,1,1-5d,8.724,6.864,8.381,8.312,8.020
2025-08-04,2025-08-06,2,1-5d,9.507,7.412,8.764,8.805,8.508
2025-08-04,2025-08-07,3,1-5d,10.229,8.119,9.394,9.428,9.368
2025-08-04,2025-08-08,4,1-5d,10.867,8.587,9.980,9.827,9.896
2025-08-04,2025-08-09,5,1-5d,9.905,8.611,9.732,9.607,9.913
2025-08-04,2025-08-10,6,6-10d,10.253,9.016,10.069,9.912,9.382
2025-08-04,2025-08-11,7,6-10d,12.069,9.318,10.804,10.465,9.360
2025-08-04,2025-08-12,8,6-10d,12.017,9.232,11.158,10.352,10.023
2025-08-04,2025-08-13,9,6-10d,10.815,9.266,10.968,10.217,9.474
2025-08-04,2025-08-14,10,6-10d,9.888,9.111,10.783,10.016,9.842
2025-08-04,2025-08-15,11,11-15d,8.778,9.019,10.860,10.046,10.080
2025-08-04,2025-08-16,12,11-15d,8.892,8.938,10.781,9.888,10.070
2025-08-04,2025-08-17,13,11-15d,9.503,8.837,10.628,9.992,10.072
2025-08-05,2025-08-06,1,1-5d,9.232,7.123,8.646,8.659,8.508
2025-08-05,2025-08-07,2,1-5d,10.115,8.174,9.544,9.531,9.368
2025-08-05,2025-08-08,3,1-5d,10.602,8.738,9.971,9.971,9.896
2025-08-05,2025-08-09,4,1-5d,10.480,8.790,9.846,9.861,9.913
2025-08-05,2025-08-10,5,1-5d,10.693,9.272,9.975,10.204,9.382
2025-08-05,2025-08-11,6,6-10d,10.443,9.654,10.237,10.409,9.360
2025-08-05,2025-08-12,7,6-10d,11.277,9.753,10.716,10.673,10.023
2025-08-05,2025-08-13,8,6-10d,11.979,9.795,11.054,10.749,9.474
2025-08-05,2025-08-14,9,6-10d,12.136,9.619,11.160,10.602,9.842
2025-08-05,2025-08-15,10,6-10d,12.459,9.453,11.450,10.614,10.080
2025-08-05,2025-08-16,11,11-15d,11.713,9.426,11.388,10.610,10.070
2025-08-05,2025-08-17,12,11-15d,11.485,9.443,11.235,10.589,10.072
2025-08-05,2025-08-18,13,11-15d,10.797,9.538,11.086,10.625,9.934
2025-08-06,2025-08-07,1,1-5d,10.008,8.064,9.360,9.531,9.368
2025-08-06,2025-08-08,2,1-5d,10.701,8.625,9.711,9.973,9.896
2025-08-06,2025-08-09,3,1-5d,10.598,8.841,9.535,10.015,9.913
2025-08-06,2025-08-10,4,1-5d,10.427,9.199,9.524,10.068,9.382
2025-08-06,2025-08-11,5,1-5d,10.520,9.462,9.777,10.262,9.360
2025-08-06,2025-08-12,6,6-10d,11.624,9.323,10.032,10.116,10.023
2025-08-06,2025-08-13,7,6-10d,12.138,9.419,10.252,10.432,9.474
2025-08-06,2025-08-14,8,6-10d,13.092,9.380,10.406,10.275,9.842
2025-08-06,2025-08-15,9,6-10d,14.050,9.237,10.639,10.321,10.080
2025-08-06,2025-08-16,10,6-10d,14.329,9.221,10.897,10.560,10.070
2025-08-06,2025-08-17,11,11-15d,12.436,8.966,10.776,10.171,10.072
2025-08-06,2025-08-18,12,11-15d,11.487,8.772,10.802,10.045,9.934
2025-08-06,2025-08-19,13,11-15d,12.265,8.578,10.554,9.958,9.539
2025-08-07,2025-08-08,1,1-5d,10.622,8.425,10.100,9.999,9.896
2025-08-07,2025-08-09,2,1-5d,10.130,8.612,9.707,9.822,9.913
2025-08-07,2025-08-10,3,1-5d,10.151,8.749,9.533,9.821,9.382
2025-08-07,2025-08-11,4,1-5d,10.528,9.017,9.956,10.035,9.360
2025-08-07,2025-08-12,5,1-5d,11.737,9.267,10.449,10.452,10.023
2025-08-07,2025-08-13,6,6-10d,12.563,9.713,11.032,10.689,9.474
2025-08-07,2025-08-14,7,6-10d,13.057,9.816,11.082,10.968,9.842
2025-08-07,2025-08-15,8,6-10d,13.372,9.551,11.156,10.591,10.080
2025-08-07,2025-08-16,9,6-10d,13.327,9.371,11.058,10.440,10.070
2025-08-07,2025-08-17,10,6-10d,13.197,9.199,11.047,10.444,10.072
2025-08-07,2025-08-18,11,11-15d,13.282,9.094,10.656,10.273,9.934
2025-08-07,2025-08-19,12,11-15d,14.022,8.785,10.278,10.176,9.539
2025-08-07,2025-08-20,13,11-15d,13.759,8.519,10.011,9.783,8.514
2025-08-08,2025-08-09,1,1-5d,10.505,8.455,9.768,9.960,9.913
2025-08-08,2025-08-10,2,1-5d,10.170,8.518,9.478,9.741,9.382
2025-08-08,2025-08-11,3,1-5d,10.107,8.798,9.613,9.844,9.360
2025-08-08,2025-08-12,4,1-5d,10.165,8.601,9.599,9.639,10.023
2025-08-08,2025-08-13,5,1-5d,10.276,8.721,10.187,9.825,9.474
2025-08-08,2025-08-14,6,6-10d,10.538,8.663,10.822,9.891,9.842
2025-08-08,2025-08-15,7,6-10d,11.181,8.649,11.076,9.962,10.080
2025-08-08,2025-08-16,8,6-10d,12.412,8.860,11.194,10.082,10.070
2025-08-08,2025-08-17,9,6-10d,12.529,9.152,11.287,10.237,10.072
2025-08-08,2025-08-18,10,6-10d,12.623,9.376,11.189,10.542,9.934
2025-08-08,2025-08-19,11,11-15d,13.127,9.248,10.943,10.445,9.539
2025-08-08,2025-08-20,12,11-15d,11.605,8.928,10.835,10.166,8.514
2025-08-08,2025-08-21,13,11-15d,12.339,8.615,10.820,10.088,8.090
2025-08-09,2025-08-10,1,1-5d,9.959,8.314,9.655,9.678,9.382
2025-08-09,2025-08-11,2,1-5d,10.050,8.550,9.591,9.748,9.360
2025-08-09,2025-08-12,3,1-5d,10.697,8.610,9.790,9.908,10.023
2025-08-09,2025-08-13,4,1-5d,11.202,8.677,10.378,10.012,9.474
2025-08-09,2025-08-14,5,1-5d,11.740,8.819,10.934,10.258,9.842
2025-08-09,2025-08-15,6,6-10d,12.300,8.950,11.122,10.182,10.080
2025-08-09,2025-08-16,7,6-10d,10.790,9.119,11.205,10.278,10.070
2025-08-09,2025-08-17,8,6-10d,9.711,9.481,11.084,10.521,10.072
2025-08-09,2025-08-18,9,6-10d,8.597,9.673,11.029,10.458,9.934
2025-08-09,2025-08-19,10,6-10d,9.079,9.208,10.726,10.007,9.539
2025-08-09,2025-08-20,11,11-15d,8.168,8.549,10.249,9.534,8.514
2025-08-09,2025-08-21,12,11-15d,8.762,8.198,9.691,9.122,8.090
2025-08-09,2025-08-22,13,11-15d,9.744,7.978,9.660,9.144,8.227
2025-08-10,2025-08-11,1,1-5d,10.141,8.378,9.507,9.773,9.360
2025-08-10,2025-08-12,2,1-5d,10.370,8.474,9.746,9.805,10.023
2025-08-10,2025-08-13,3,1-5d,10.206,8.421,9.919,9.644,9.474
2025-08-10,2025-08-14,4,1-5d,9.942,8.374,10.236,9.542,9.842
2025-08-10,2025-08-15,5,1-5d,10.603,8.595,10.420,9.839,10.080
2025-08-10,2025-08-16,6,6-10d,11.229,8.982,11.063,10.187,10.070
2025-08-10,2025-08-17,7,6-10d,11.021,9.928,11.534,10.933,10.072
2025-08-10,2025-08-18,8,6-10d,8.983,10.013,11.409,11.001,9.934
2025-08-10,2025-08-19,9,6-10d,7.966,9.334,10.881,10.123,9.539
2025-08-10,2025-08-20,10,6-10d,7.926,8.420,10.494,9.238,8.514
2025-08-10,2025-08-21,11,11-15d,7.094,7.910,10.231,9.028,8.090
2025-08-10,2025-08-22,12,11-15d,7.070,7.700,9.888,8.678,8.227
2025-08-10,2025-08-23,13,11-15d,7.370,7.745,9.538,8.848,7.591
2025-08-11,2025-08-12,1,1-5d,10.135,8.314,9.757,9.745,10.023
2025-08-11,2025-08-13,2,1-5d,10.397,8.272,9.812,9.701,9.474
2025-08-11,2025-08-14,3,1-5d,10.586,8.367,10.067,9.730,9.842
2025-08-11,2025-08-15,4,1-5d,11.327,8.761,10.257,10.074,10.080
2025-08-11,2025-08-16,5,1-5d,12.284,9.180,11.116,10.611,10.070
2025-08-11,2025-08-17,6,6-10d,12.141,9.760,11.691,10.920,10.072
2025-08-11,2025-08-18,7,6-10d,11.191,9.495,11.277,10.596,9.934
2025-08-11,2025-08-19,8,6-10d,9.988,8.626,10.503,9.734,9.539
2025-08-11,2025-08-20,9,6-10d,9.748,7.856,10.035,8.871,8.514
2025-08-11,2025-08-21,10,6-10d,8.282,7.305,9.706,8.303,8.090
2025-08-11,2025-08-22,11,11-15d,7.663,7.019,9.290,8.198,8.227
2025-08-11,2025-08-23,12,11-15d,7.845,7.188,9.290,8.273,7.591
2025-08-11,2025-08-24,13,11-15d,8.675,7.418,9.393,8.676,7.840
2025-08-12,2025-08-13,1,1-5d,9.990,7.899,9.493,9.432,9.474
2025-08-12,2025-08-14,2,1-5d,10.634,7.734,9.797,9.435,9.842
2025-08-12,2025-08-15,3,1-5d,11.359,8.086,10.257,9.789,10.080
2025-08-12,2025-08-16,4,1-5d,11.877,8.545,10.849,10.132,10.070
2025-08-12,2025-08-17,5,1-5d,12.759,9.040,11.443,10.656,10.072
2025-08-12,2025-08-18,6,6-10d,11.733,8.586,10.824,9.838,9.934
2025-08-12,2025-08-19,7,6-10d,9.619,7.947,9.963,9.092,9.539
2025-08-12,2025-08-20,8,6-10d,8.994,7.455,9.556,8.619,8.514
2025-08-12,2025-08-21,9,6-10d,8.523,7.134,9.276,8.121,8.090
2025-08-12,2025-08-22,10,6-10d,8.919,6.919,9.116,7.999,8.227
2025-08-12,2025-08-23,11,11-15d,9.759,6.995,9.294,8.287,7.591
2025-08-12,2025-08-24,12,11-15d,9.729,7.306,9.788,8.663,7.840
2025-08-12,2025-08-25,13,11-15d,8.916,7.608,10.164,9.101,8.130
2025-08-13,2025-08-14,1,1-5d,10.354,7.740,9.641,9.471,9.842
2025-08-13,2025-08-15,2,1-5d,10.818,8.214,9.952,9.792,10.080
2025-08-13,2025-08-16,3,1-5d,11.442,8.582,10.328,10.140,10.070
2025-08-13,2025-08-17,4,1-5d,12.400,8.978,10.770,10.506,10.072
2025-08-13,2025-08-18,5,1-5d,12.842,8.666,10.890,10.315,9.934
2025-08-13,2025-08-19,6,6-10d,11.000,8.266,10.471,9.508,9.539
2025-08-13,2025-08-20,7,6-10d,8.608,7.589,9.428,8.633,8.514
2025-08-13,2025-08-21,8,6-10d,8.329,7.312,9.029,8.380,8.090
2025-08-13,2025-08-22,9,6-10d,8.694,7.357,9.087,8.300,8.227
2025-08-13,2025-08-23,10,6-10d,9.994,7.530,9.287,8.612,7.591
2025-08-13,2025-08-24,11,11-15d,11.764,7.484,9.446,8.768,7.840
2025-08-13,2025-08-25,12,11-15d,12.344,7.552,9.238,8.947,8.130
2025-08-13,2025-08-26,13,11-15d,13.275,7.547,9.079,8.851,7.773
2025-08-14,2025-08-15,1,1-5d,10.727,8.281,9.974,9.943,10.080
2025-08-14,2025-08-16,2,1-5d,11.077,8.583,10.498,10.160,10.070
2025-08-14,2025-08-17,3,1-5d,11.460,9.026,10.707,10.453,10.072
2025-08-14,2025-08-18,4,1-5d,11.105,8.416,10.647,9.864,9.934
2025-08-14,2025-08-19,5,1-5d,10.703,8.340,10.274,9.659,9.539
2025-08-14,2025-08-20,6,6-10d,9.866,7.621,9.488,8.762,8.514
2025-08-14,2025-08-21,7,6-10d,9.494,7.405,9.163,8.540,8.090
2025-08-14,2025-08-22,8,6-10d,10.127,7.684,9.421,8.757,8.227
2025-08-14,2025-08-23,9,6-10d,11.074,8.039,9.489,9.039,7.591
2025-08-14,2025-08-24,10,6-10d,10.788,8.067,9.573,9.150,7.840
2025-08-14,2025-08-25,11,11-15d,9.501,7.878,9.365,8.910,8.130
2025-08-14,2025-08-26,12,11-15d,8.765,7.752,9.144,8.695,7.773
2025-08-14,2025-08-27,13,11-15d,9.595,7.764,8.953,8.736,8.172
2025-08-15,2025-08-16,1,1-5d,10.968,8.750,10.599,10.340,10.070
2025-08-15,2025-08-17,2,1-5d,11.486,9.151,11.179,10.705,10.072
2025-08-15,2025-08-18,3,1-5d,10.769,8.807,11.042,10.120,9.934
2025-08-15,2025-08-19,4,1-5d,10.287,8.464,10.302,9.679,9.539
2025-08-15,2025-08-20,5,1-5d,9.545,7.736,9.654,8.969,8.514
2025-08-15,2025-08-21,6,6-10d,8.393,7.517,9.538,8.704,8.090
2025-08-15,2025-08-22,7,6-10d,8.196,7.703,9.707,8.728,8.227
2025-08-15,2025-08-23,8,6-10d,8.621,7.944,9.662,9.012,7.591
2025-08-15,2025-08-24,9,6-10d,9.074,7.801,9.458,8.733,7.840
2025-08-15,2025-08-25,10,6-10d,8.599,7.623,9.188,8.537,8.130
2025-08-15,2025-08-26,11,11-15d,8.635,7.629,9.004,8.602,7.773
2025-08-15,2025-08-27,12,11-15d,9.449,7.611,9.056,8.650,8.172
2025-08-15,2025-08-28,13,11-15d,8.653,7.807,9.238,8.827,8.403
2025-08-16,2025-08-17,1,1-5d,11.353,9.231,10.965,10.782,10.072
2025-08-16,2025-08-18,2,1-5d,11.218,9.058,10.798,10.525,9.934
2025-08-16,2025-08-19,3,1-5d,10.723,9.150,10.328,10.293,9.539
2025-08-16,2025-08-20,4,1-5d,9.425,7.687,9.304,8.852,8.514
2025-08-16,2025-08-21,5,1-5d,8.858,6.967,9.098,8.255,8.090
2025-08-16,2025-08-22,6,6-10d,9.280,7.008,9.631,8.375,8.227
2025-08-16,2025-08-23,7,6-10d,10.396,7.379,9.693,8.718,7.591
2025-08-16,2025-08-24,8,6-10d,10.157,7.659,9.348,8.720,7.840
2025-08-16,2025-08-25,9,6-10d,10.531,7.568,9.109,8.573,8.130
2025-08-16,2025-08-26,10,6-10d,10.812,7.488,8.956,8.628,7.773
2025-08-16,2025-08-27,11,11-15d,9.990,7.708,8.935,8.708,8.172
2025-08-16,2025-08-28,12,11-15d,8.781,7.965,8.921,8.780,8.403
2025-08-16,2025-08-29,13,11-15d,7.854,8.080,9.058,8.865,8.232
2025-08-17,2025-08-18,1,1-5d,10.196,8.275,9.723,9.741,9.934
2025-08-17,2025-08-19,2,1-5d,10.206,8.746,9.871,9.946,9.539
2025-08-17,2025-08-20,3,1-5d,9.334,8.061,9.476,9.126,8.514
2025-08-17,2025-08-21,4,1-5d,8.881,7.657,9.372,8.734,8.090
2025-08-17,2025-08-22,5,1-5d,9.245,7.489,9.813,8.795,8.227
2025-08-17,2025-08-23,6,6-10d,8.737,7.701,9.689,8.878,7.591
2025-08-17,2025-08-24,7,6-10d,8.342,7.303,9.010,8.323,7.840
2025-08-17,2025-08-25,8,6-10d,7.102,7.123,8.481,8.101,8.130
2025-08-17,2025-08-26,9,6-10d,7.012,7.001,8.054,7.810,7.773
2025-08-17,2025-08-27,10,6-10d,7.795,7.158,8.022,7.968,8.172
2025-08-17,2025-08-28,11,11-15d,8.170,7.409,8.243,8.235,8.403
2025-08-17,2025-08-29,12,11-15d,8.428,7.523,8.353,8.315,8.232
2025-08-17,2025-08-30,13,11-15d,9.169,7.451,8.595,8.400,7.742
2025-08-18,2025-08-19,1,1-5d,10.166,8.177,9.993,9.685,9.539
2025-08-18,2025-08-20,2,1-5d,10.154,7.556,9.368,9.144,8.514
2025-08-18,2025-08-21,3,1-5d,9.782,7.109,9.319,8.634,8.090
2025-08-18,2025-08-22,4,1-5d,9.738,6.998,9.565,8.506,8.227
2025-08-18,2025-08-23,5,1-5d,8.716,7.181,9.187,8.390,7.591
2025-08-18,2025-08-24,6,6-10d,8.783,6.885,8.792,8.038,7.840
2025-08-18,2025-08-25,7,6-10d,8.410,6.973,8.290,7.955,8.130
2025-08-18,2025-08-26,8,6-10d,6.924,6.839,7.935,7.752,7.773
2025-08-18,2025-08-27,9,6-10d,6.734,7.004,7.626,7.756,8.172
2025-08-18,2025-08-28,10,6-10d,6.676,7.398,7.772,8.024,8.403
2025-08-18,2025-08-29,11,11-15d,6.962,7.451,7.904,8.119,8.232
2025-08-18,2025-08-30,12,11-15d,7.401,7.164,8.323,7.971,7.742
2025-08-18,2025-08-31,13,11-15d,7.057,7.030,8.567,8.051,7.719
2025-08-19,2025-08-20,1,1-5d,9.226,7.522,8.904,8.909,8.514
2025-08-19,2025-08-21,2,1-5d,8.933,7.064,8.738,8.449,8.090
2025-08-19,2025-08-22,3,1-5d,9.622,7.027,9.183,8.526,8.227
2025-08-19,2025-08-23,4,1-5d,9.344,7.162,8.954,8.442,7.591
2025-08-19,2025-08-24,5,1-5d,9.236,6.814,8.731,8.139,7.840
2025-08-19,2025-08-25,6,6-10d,8.903,6.722,8.377,7.799,8.130
2025-08-19,2025-08-26,7,6-10d,6.671,6.436,7.720,7.291,7.773
2025-08-19,2025-08-27,8,6-10d,6.822,6.221,7.176,7.099,8.172
2025-08-19,2025-08-28,9,6-10d,7.259,6.239,7.077,7.077,8.403
2025-08-19,2025-08-29,10,6-10d,7.139,6.281,7.229,7.122,8.232
2025-08-19,2025-08-30,11,11-15d,7.703,6.269,7.636,7.261,7.742
2025-08-19,2025-08-31,12,11-15d,7.633,6.290,8.088,7.368,7.719
2025-08-19,2025-09-01,13,11-15d,8.099,6.338,8.526,7.706,6.964
2025-08-20,2025-08-21,1,1-5d,8.863,6.893,8.581,8.388,8.090
2025-08-20,2025-08-22,2,1-5d,9.334,6.841,9.241,8.491,8.227
2025-08-20,2025-08-23,3,1-5d,9.043,7.092,9.120,8.391,7.591
2025-08-20,2025-08-24,4,1-5d,9.382,6.837,8.876,8.227,7.840
2025-08-20,2025-08-25,5,1-5d,9.029,6.831,8.718,8.116,8.130
2025-08-20,2025-08-26,6,6-10d,7.034,6.622,7.655,7.512,7.773
2025-08-20,2025-08-27,7,6-10d,6.700,6.394,7.402,7.201,8.172
2025-08-20,2025-08-28,8,6-10d,6.596,6.279,7.292,7.171,8.403
2025-08-20,2025-08-29,9,6-10d,7.203,6.219,7.041,7.053,8.232
2025-08-20,2025-08-30,10,6-10d,7.803,6.222,7.208,7.139,7.742
2025-08-20,2025-08-31,11,11-15d,7.732,6.215,7.544,7.202,7.719
2025-08-20,2025-09-01,12,11-15d,9.050,6.236,7.856,7.416,6.964
2025-08-20,2025-09-02,13,11-15d,9.448,6.310,8.250,7.648,7.829
2025-08-21,2025-08-22,1,1-5d,8.980,6.449,8.606,8.164,8.227
2025-08-21,2025-08-23,2,1-5d,8.848,6.633,8.528,8.137,7.591
2025-08-21,2025-08-24,3,1-5d,8.922,6.578,8.536,7.992,7.840
2025-08-21,2025-08-25,4,1-5d,9.165,6.699,8.831,8.087,8.130
2025-08-21,2025-08-26,5,1-5d,8.455,6.539,8.152,7.727,7.773
2025-08-21,2025-08-27,6,6-10d,7.048,6.207,7.446,7.159,8.172
2025-08-21,2025-08-28,7,6-10d,7.023,6.057,7.133,6.943,8.403
2025-08-21,2025-08-29,8,6-10d,6.612,6.076,7.113,6.974,8.232
2025-08-21,2025-08-30,9,6-10d,7.191,6.119,7.096,6.973,7.742
2025-08-21,2025-08-31,10,6-10d,7.080,6.085,7.137,6.950,7.719
2025-08-21,2025-09-01,11,11-15d,7.357,6.030,7.499,7.043,6.964
2025-08-21,2025-09-02,12,11-15d,7.381,6.222,7.686,7.198,7.829
2025-08-21,2025-09-03,13,11-15d,8.430,6.642,7.824,7.609,7.903
2025-08-22,2025-08-23,1,1-5d,8.497,6.378,8.168,7.931,7.591
2025-08-22,2025-08-24,2,1-5d,8.881,6.389,8.310,7.967,7.840
2025-08-22,2025-08-25,3,1-5d,8.992,6.679,8.695,8.086,8.130
2025-08-22,2025-08-26,4,1-5d,7.396,6.059,7.806,7.164,7.773
2025-08-22,2025-08-27,5,1-5d,7.080,5.532,7.170,6.670,8.172
2025-08-22,2025-08-28,6,6-10d,7.310,5.567,7.142,6.620,8.403
2025-08-22,2025-08-29,7,6-10d,6.928,5.624,7.027,6.610,8.232
2025-08-22,2025-08-30,8,6-10d,6.871,5.724,6.835,6.641,7.742
2025-08-22,2025-08-31,9,6-10d,6.970,5.562,7.068,6.486,7.719
2025-08-22,2025-09-01,10,6-10d,6.522,5.605,7.428,6.539,6.964
2025-08-22,2025-09-02,11,11-15d,7.508,5.902,7.949,7.073,7.829
2025-08-22,2025-09-03,12,11-15d,8.786,6.193,8.592,7.546,7.903
2025-08-22,2025-09-04,13,11-15d,9.861,6.535,8.736,7.987,8.905
2025-08-23,2025-08-24,1,1-5d,8.666,6.440,7.999,8.019,7.840
2025-08-23,2025-08-25,2,1-5d,8.807,6.768,8.364,8.184,8.130
2025-08-23,2025-08-26,3,1-5d,7.112,6.218,7.359,7.156,7.773
2025-08-23,2025-08-27,4,1-5d,6.399,5.740,6.831,6.611,8.172
2025-08-23,2025-08-28,5,1-5d,6.935,5.909,6.761,6.811,8.403
2025-08-23,2025-08-29,6,6-10d,7.473,5.802,6.873,6.704,8.232
2025-08-23,2025-08-30,7,6-10d,7.221,5.681,6.706,6.615,7.742
2025-08-23,2025-08-31,8,6-10d,6.221,5.776,6.715,6.650,7.719
2025-08-23,2025-09-01,9,6-10d,7.022,5.927,6.936,6.786,6.964
2025-08-23,2025-09-02,10,6-10d,7.568,6.068,7.332,7.005,7.829
2025-08-23,2025-09-03,11,11-15d,7.564,6.176,7.559,7.170,7.903
2025-08-23,2025-09-04,12,11-15d,8.498,6.315,7.741,7.384,8.905
2025-08-23,2025-09-05,13,11-15d,8.553,6.416,8.028,7.573,8.419
2025-08-24,2025-08-25,1,1-5d,8.799,6.688,8.189,8.223,8.130
2025-08-24,2025-08-26,2,1-5d,7.219,6.194,7.060,7.247,7.773
2025-08-24,2025-08-27,3,1-5d,6.960,6.123,6.966,7.029,8.172
2025-08-24,2025-08-28,4,1-5d,7.508,6.424,7.136,7.323,8.403
2025-08-24,2025-08-29,5,1-5d,7.542,5.853,7.036,6.921,8.232
2025-08-24,2025-08-30,6,6-10d,8.142,5.833,7.091,6.791,7.742
2025-08-24,2025-08-31,7,6-10d,7.831,5.723,7.191,6.802,7.719
2025-08-24,2025-09-01,8,6-10d,7.717,5.595,7.404,6.686,6.964
2025-08-24,2025-09-02,9,6-10d,7.034,5.728,7.434,6.667,7.829
2025-08-24,2025-09-03,10,6-10d,6.172,6.128,7.618,6.942,7.903
2025-08-24,2025-09-04,11,11-15d,6.379,6.401,7.838,7.338,8.905
2025-08-24,2025-09-05,12,11-15d,7.143,6.565,7.867,7.442,8.419
2025-08-24,2025-09-06,13,11-15d,6.619,6.586,7.748,7.457,7.962
2025-08-25,2025-08-26,1,1-5d,7.456,6.298,7.346,7.477,7.773
2025-08-25,2025-08-27,2,1-5d,7.308,6.166,7.172,7.269,8.172
2025-08-25,2025-08-28,3,1-5d,7.676,6.582,7.354,7.561,8.403
2025-08-25,2025-08-29,4,1-5d,7.410,5.867,6.959,6.914,8.232
2025-08-25,2025-08-30,5,1-5d,7.117,5.871,6.806,6.823,7.742
2025-08-25,2025-08-31,6,6-10d,6.267,5.777,6.529,6.583,7.719
2025-08-25,2025-09-01,7,6-10d,6.541,5.662,6.533,6.499,6.964
2025-08-25,2025-09-02,8,6-10d,6.967,5.792,6.658,6.647,7.829
2025-08-25,2025-09-03,9,6-10d,7.499,6.045,6.843,6.900,7.903
2025-08-25,2025-09-04,10,6-10d,7.005,6.409,7.235,7.212,8.905
2025-08-25,2025-09-05,11,11-15d,7.796,6.430,7.369,7.312,8.419
2025-08-25,2025-09-06,12,11-15d,8.218,6.289,7.669,7.321,7.962
2025-08-25,2025-09-07,13,11-15d,8.187,6.218,7.995,7.432,7.563
2025-08-26,2025-08-27,1,1-5d,7.427,6.014,7.090,7.284,8.172
2025-08-26,2025-08-28,2,1-5d,7.629,6.368,7.290,7.488,8.403
2025-08-26,2025-08-29,3,1-5d,7.307,6.124,7.186,7.145,8.232
2025-08-26,2025-08-30,4,1-5d,6.845,6.107,6.963,6.958,7.742
2025-08-26,2025-08-31,5,1-5d,6.659,5.861,6.841,6.755,7.719
2025-08-26,2025-09-01,6,6-10d,7.005,5.673,6.830,6.601,6.964
2025-08-26,2025-09-02,7,6-10d,7.719,5.896,6.895,6.853,7.829
2025-08-26,2025-09-03,8,6-10d,8.498,6.325,7.050,7.145,7.903
2025-08-26,2025-09-04,9,6-10d,8.338,6.523,7.615,7.426,8.905
2025-08-26,2025-09-05,10,6-10d,8.392,6.516,7.957,7.508,8.419
2025-08-26,2025-09-06,11,11-15d,8.214,6.479,7.983,7.521,7.962
2025-08-26,2025-09-07,12,11-15d,8.856,6.430,7.991,7.557,7.563
2025-08-26,2025-09-08,13,11-15d,8.786,6.379,8.076,7.583,7.641
2025-08-27,2025-08-28,1,1-5d,7.566,6.229,7.214,7.468,8.403
2025-08-27,2025-08-29,2,1-5d,7.630,5.968,7.235,7.240,8.232
2025-08-27,2025-08-30,3,1-5d,7.232,6.015,7.259,7.055,7.742
2025-08-27,2025-08-31,4,1-5d,6.686,5.840,6.989,6.757,7.719
2025-08-27,2025-09-01,5,1-5d,6.742,5.733,6.743,6.664,6.964
2025-08-27,2025-09-02,6,6-10d,7.058,5.895,6.542,6.670,7.829
2025-08-27,2025-09-03,7,6-10d,7.697,6.281,6.785,7.098,7.903
2025-08-27,2025-09-04,8,6-10d,8.592,6.554,7.310,7.382,8.905
2025-08-27,2025-09-05,9,6-10d,7.942,6.330,7.637,7.244,8.419
2025-08-27,2025-09-06,10,6-10d,6.542,6.140,7.665,6.993,7.962
2025-08-27,2025-09-07,11,11-15d,6.004,6.121,7.517,7.043,7.563
2025-08-27,2025-09-08,12,11-15d,5.613,6.037,7.749,6.917,7.641
2025-08-27,2025-09-09,13,11-15d,6.448,6.094,7.996,7.278,7.011
2025-08-28,2025-08-29,1,1-5d,6.897,6.238,7.149,7.236,8.232
2025-08-28,2025-08-30,2,1-5d,7.218,6.275,7.353,7.339,7.742
2025-08-28,2025-08-31,3,1-5d,6.678,5.927,6.778,6.807,7.719
2025-08-28,2025-09-01,4,1-5d,5.994,5.685,6.608,6.460,6.964
2025-08-28,2025-09-02,5,1-5d,6.387,5.833,6.708,6.669,7.829
2025-08-28,2025-09-03,6,6-10d,6.393,6.271,7.042,7.083,7.903
2025-08-28,2025-09-04,7,6-10d,7.089,6.301,7.607,7.216,8.905
2025-08-28,2025-09-05,8,6-10d,7.135,6.200,7.833,7.247,8.419
2025-08-28,2025-09-06,9,6-10d,6.697,6.209,7.811,7.097,7.962
2025-08-28,2025-09-07,10,6-10d,6.570,6.116,7.707,6.981,7.563
2025-08-28,2025-09-08,11,11-15d,6.281,6.025,7.828,7.068,7.641
2025-08-28,2025-09-09,12,11-15d,6.455,6.070,7.734,7.018,7.011
2025-08-28,2025-09-10,13,11-15d,6.991,6.142,7.739,7.228,7.177
2025-08-29,2025-08-30,1,1-5d,6.916,6.090,7.274,7.160,7.742
2025-08-29,2025-08-31,2,1-5d,7.001,5.790,6.927,6.930,7.719
2025-08-29,2025-09-01,3,1-5d,6.387,5.535,6.846,6.469,6.964
2025-08-29,2025-09-02,4,1-5d,7.136,5.641,7.031,6.724,7.829
2025-08-29,2025-09-03,5,1-5d,7.593,5.743,7.218,6.893,7.903
2025-08-29,2025-09-04,6,6-10d,8.393,5.994,7.685,7.082,8.905
2025-08-29,2025-09-05,7,6-10d,8.899,6.179,7.785,7.347,8.419
2025-08-29,2025-09-06,8,6-10d,8.957,6.130,7.604,7.137,7.962
2025-08-29,2025-09-07,9,6-10d,7.065,6.047,7.259,6.922,7.563
2025-08-29,2025-09-08,10,6-10d,6.513,5.766,7.056,6.630,7.641
2025-08-29,2025-09-09,11,11-15d,6.811,5.652,7.113,6.654,7.011
2025-08-29,2025-09-10,12,11-15d,7.275,5.817,7.208,6.804,7.177
2025-08-29,2025-09-11,13,11-15d,7.113,5.982,7.397,7.010,7.573
2025-08-30,2025-08-31,1,1-5d,6.364,5.898,6.743,6.825,7.719
2025-08-30,2025-09-01,2,1-5d,6.550,5.400,6.666,6.544,6.964
2025-08-30,2025-09-02,3,1-5d,7.137,5.369,6.827,6.585,7.829
2025-08-30,2025-09-03,4,1-5d,8.022,5.527,7.446,6.889,7.903
2025-08-30,2025-09-04,5,1-5d,8.568,5.996,8.301,7.421,8.905
2025-08-30,2025-09-05,6,6-10d,8.747,6.361,8.392,7.551,8.419
2025-08-30,2025-09-06,7,6-10d,8.125,6.277,8.025,7.386,7.962
2025-08-30,2025-09-07,8,6-10d,7.804,6.227,7.545,7.195,7.563
2025-08-30,2025-09-08,9,6-10d,7.062,5.986,7.209,6.865,7.641
2025-08-30,2025-09-09,10,6-10d,6.987,5.851,7.208,6.761,7.011
2025-08-30,2025-09-10,11,11-15d,8.290,5.923,7.300,6.965,7.177
2025-08-30,2025-09-11,12,11-15d,7.921,6.050,7.341,7.054,7.573
2025-08-30,2025-09-12,13,11-15d,7.303,6.185,7.500,7.172,7.862
2025-08-31,2025-09-01,1,1-5d,6.720,5.533,6.606,6.724,6.964
2025-08-31,2025-09-02,2,1-5d,7.247,5.478,6.711,6.772,7.829
2025-08-31,2025-09-03,3,1-5d,8.119,5.650,7.237,7.083,7.903
2025-08-31,2025-09-04,4,1-5d,8.964,5.978,8.271,7.494,8.905
2025-08-31,2025-09-05,5,1-5d,9.456,6.554,8.517,7.960,8.419
2025-08-31,2025-09-06,6,6-10d,8.687,6.662,8.169,7.695,7.962
2025-08-31,2025-09-07,7,6-10d,7.362,6.556,7.923,7.485,7.563
2025-08-31,2025-09-08,8,6-10d,7.128,6.309,7.541,7.256,7.641
2025-08-31,2025-09-09,9,6-10d,6.261,6.152,7.349,6.980,7.011
2025-08-31,2025-09-10,10,6-10d,6.184,6.198,7.262,6.963,7.177
2025-08-31,2025-09-11,11,11-15d,6.472,6.362,7.180,7.151,7.573
2025-08-31,2025-09-12,12,11-15d,7.421,6.474,7.361,7.284,7.862
2025-08-31,2025-09-13,13,11-15d,7.926,6.570,7.445,7.393,7.833
2025-09-01,2025-09-02,1,1-5d,7.355,5.320,6.778,6.810,7.829
2025-09-01,2025-09-03,2,1-5d,7.920,5.603,7.455,7.128,7.903
2025-09-01,2025-09-04,3,1-5d,8.884,6.195,8.298,7.721,8.905
2025-09-01,2025-09-05,4,1-5d,8.891,6.764,8.649,8.051,8.419
2025-09-01,2025-09-06,5,1-5d,8.923,6.863,8.578,8.094,7.962
2025-09-01,2025-09-07,6,6-10d,6.617,6.319,7.853,7.364,7.563
2025-09-01,2025-09-08,7,6-10d,6.311,6.159,7.626,7.039,7.641
2025-09-01,2025-09-09,8,6-10d,6.368,5.874,7.171,6.826,7.011
2025-09-01,2025-09-10,9,6-10d,6.435,5.686,6.961,6.541,7.177
2025-09-01,2025-09-11,10,6-10d,6.832,5.770,7.025,6.638,7.573
2025-09-01,2025-09-12,11,11-15d,6.818,6.041,7.248,6.900,7.862
2025-09-01,2025-09-13,12,11-15d,6.988,6.155,7.391,6.970,7.833
2025-09-01,2025-09-14,13,11-15d,7.043,6.321,7.404,7.140,8.059
2025-09-02,2025-09-03,1,1-5d,7.942,5.678,7.386,7.261,7.903
2025-09-02,2025-09-04,2,1-5d,8.952,6.437,8.392,8.027,8.905
2025-09-02,2025-09-05,3,1-5d,8.953,6.851,8.722,8.189,8.419
2025-09-02,2025-09-06,4,1-5d,8.425,7.005,8.608,8.130,7.962
2025-09-02,2025-09-07,5,1-5d,7.525,6.343,7.753,7.382,7.563
2025-09-02,2025-09-08,6,6-10d,6.280,6.104,7.376,7.070,7.641
2025-09-02,2025-09-09,7,6-10d,5.883,5.639,6.986,6.504,7.011
2025-09-02,2025-09-10,8,6-10d,6.916,5.373,7.027,6.415,7.177
2025-09-02,2025-09-11,9,6-10d,8.185,5.454,7.228,6.458,7.573
2025-09-02,2025-09-12,10,6-10d,8.403,5.670,7.529,6.766,7.862
2025-09-02,2025-09-13,11,11-15d,8.026,5.852,7.593,6.887,7.833
2025-09-02,2025-09-14,12,11-15d,8.017,5.930,7.755,6.988,8.059
2025-09-02,2025-09-15,13,11-15d,9.211,6.124,7.659,7.242,7.870
2025-09-03,2025-09-04,1,1-5d,8.897,6.884,8.550,8.388,8.905
2025-09-03,2025-09-05,2,1-5d,8.849,7.235,8.864,8.551,8.419
2025-09-03,2025-09-06,3,1-5d,7.982,7.094,8.331,8.036,7.962
2025-09-03,2025-09-07,4,1-5d,6.592,6.263,7.315,7.114,7.563
2025-09-03,2025-09-08,5,1-5d,5.986,5.996,7.070,6.789,7.641
2025-09-03,2025-09-09,6,6-10d,5.740,5.673,6.631,6.545,7.011
2025-09-03,2025-09-10,7,6-10d,6.217,5.489,6.425,6.320,7.177
2025-09-03,2025-09-11,8,6-10d,7.004,5.664,6.756,6.565,7.573
2025-09-03,2025-09-12,9,6-10d,6.780,5.856,7.206,6.728,7.862
2025-09-03,2025-09-13,10,6-10d,7.013,5.961,7.509,6.857,7.833
2025-09-03,2025-09-14,11,11-15d,6.891,6.158,7.522,7.046,8.059
2025-09-03,2025-09-15,12,11-15d,7.335,6.373,7.546,7.189,7.870
2025-09-03,2025-09-16,13,11-15d,8.140,6.436,7.479,7.288,7.942
2025-09-04,2025-09-05,1,1-5d,8.869,7.351,8.577,8.662,8.419
2025-09-04,2025-09-06,2,1-5d,8.149,7.018,8.017,8.118,7.962
2025-09-04,2025-09-07,3,1-5d,7.399,6.301,7.222,7.290,7.563
2025-09-04,2025-09-08,4,1-5d,7.639,6.277,7.214,7.260,7.641
2025-09-04,2025-09-09,5,1-5d,7.133,5.851,6.839,6.820,7.011
2025-09-04,2025-09-10,6,6-10d,7.139,5.805,6.969,6.739,7.177
2025-09-04,2025-09-11,7,6-10d,7.155,6.100,7.391,7.035,7.573
2025-09-04,2025-09-12,8,6-10d,8.542,6.306,7.667,7.274,7.862
2025-09-04,2025-09-13,9,6-10d,8.452,6.574,7.846,7.486,7.833
2025-09-04,2025-09-14,10,6-10d,8.772,6.655,7.910,7.629,8.059
2025-09-04,2025-09-15,11,11-15d,9.595,6.762,7.847,7.699,7.870
2025-09-04,2025-09-16,12,11-15d,10.123,6.950,7.809,7.924,7.942
2025-09-04,2025-09-17,13,11-15d,9.072,6.933,7.773,7.726,7.921
2025-09-05,2025-09-06,1,1-5d,7.884,6.544,7.732,7.798,7.962
2025-09-05,2025-09-07,2,1-5d,7.402,6.203,7.229,7.324,7.563
2025-09-05,2025-09-08,3,1-5d,7.673,6.269,7.345,7.358,7.641
2025-09-05,2025-09-09,4,1-5d,6.839,5.729,6.722,6.685,7.011
2025-09-05,2025-09-10,5,1-5d,7.147,5.732,6.858,6.749,7.177
2025-09-05,2025-09-11,6,6-10d,7.719,6.144,7.199,7.045,7.573
2025-09-05,2025-09-12,7,6-10d,8.448,6.531,7.611,7.510,7.862
2025-09-05,2025-09-13,8,6-10d,8.560,6.853,7.737,7.702,7.833
2025-09-05,2025-09-14,9,6-10d,7.551,6.809,7.561,7.612,8.059
2025-09-05,2025-09-15,10,6-10d,7.299,6.924,7.563,7.662,7.870
2025-09-05,2025-09-16,11,11-15d,8.632,6.968,7.655,7.767,7.942
2025-09-05,2025-09-17,12,11-15d,9.800,6.971,7.504,7.845,7.921
2025-09-05,2025-09-18,13,11-15d,9.732,6.939,7.634,7.707,7.503
2025-09-06,2025-09-07,1,1-5d,7.321,6.021,7.240,7.266,7.563
2025-09-06,2025-09-08,2,1-5d,7.366,6.185,7.345,7.322,7.641
2025-09-06,2025-09-09,3,1-5d,6.742,5.468,6.671,6.524,7.011
2025-09-06,2025-09-10,4,1-5d,7.096,5.512,6.841,6.607,7.177
2025-09-06,2025-09-11,5,1-5d,7.764,5.928,7.118,7.021,7.573
2025-09-06,2025-09-12,6,6-10d,7.997,6.046,7.281,7.001,7.862
2025-09-06,2025-09-13,7,6-10d,7.729,6.510,7.396,7.380,7.833
2025-09-06,2025-09-14,8,6-10d,7.460,6.515,7.081,7.285,8.059
2025-09-06,2025-09-15,9,6-10d,6.689,6.668,6.944,7.387,7.870
2025-09-06,2025-09-16,10,6-10d,6.968,6.813,7.016,7.485,7.942
2025-09-06,2025-09-17,11,11-15d,7.993,6.904,7.309,7.618,7.921
2025-09-06,2025-09-18,12,11-15d,7.448,6.966,7.522,7.610,7.503
2025-09-06,2025-09-19,13,11-15d,6.790,6.975,7.765,7.632,7.368
2025-09-07,2025-09-08,1,1-5d,6.991,6.089,7.092,7.193,7.641
2025-09-07,2025-09-09,2,1-5d,6.565,5.466,6.539,6.570,7.011
2025-09-07,2025-09-10,3,1-5d,7.017,5.671,6.906,6.750,7.177
2025-09-07,2025-09-11,4,1-5d,8.042,5.989,7.499,7.190,7.573
2025-09-07,2025-09-12,5,1-5d,8.249,6.156,7.528,7.324,7.862
2025-09-07,2025-09-13,6,6-10d,8.120,6.584,7.653,7.490,7.833
2025-09-07,2025-09-14,7,6-10d,8.034,6.514,7.497,7.434,8.059
2025-09-07,2025-09-15,8,6-10d,8.574,6.726,7.635,7.581,7.870
2025-09-07,2025-09-16,9,6-10d,9.487,6.921,7.720,7.820,7.942
2025-09-07,2025-09-17,10,6-10d,9.706,7.041,7.982,8.038,7.921
2025-09-07,2025-09-18,11,11-15d,9.979,7.096,7.972,7.994,7.503
2025-09-07,2025-09-19,12,11-15d,10.636,7.146,7.875,8.126,7.368
2025-09-07,2025-09-20,13,11-15d,10.172,7.129,7.498,7.779,7.360
2025-09-08,2025-09-09,1,1-5d,6.463,5.395,6.477,6.557,7.011
2025-09-08,2025-09-10,2,1-5d,6.952,5.486,6.824,6.721,7.177
2025-09-08,2025-09-11,3,1-5d,7.687,5.979,7.428,7.178,7.573
2025-09-08,2025-09-12,4,1-5d,7.931,6.273,7.778,7.414,7.862
2025-09-08,2025-09-13,5,1-5d,7.995,6.698,7.830,7.698,7.833
2025-09-08,2025-09-14,6,6-10d,8.307,6.564,7.704,7.491,8.059
2025-09-08,2025-09-15,7,6-10d,8.294,6.515,7.471,7.455,7.870
2025-09-08,2025-09-16,8,6-10d,8.020,6.428,7.655,7.363,7.942
2025-09-08,2025-09-17,9,6-10d,8.045,6.367,7.786,7.283,7.921
2025-09-08,2025-09-18,10,6-10d,8.194,6.538,7.898,7.476,7.503
2025-09-08,2025-09-19,11,11-15d,8.599,6.651,7.859,7.568,7.368
2025-09-08,2025-09-20,12,11-15d,9.279,6.646,7.514,7.568,7.360
2025-09-08,2025-09-21,13,11-15d,9.534,6.620,7.201,7.348,6.902
2025-09-09,2025-09-10,1,1-5d,6.828,5.465,6.772,6.738,7.177
2025-09-09,2025-09-11,2,1-5d,7.522,5.791,7.146,7.095,7.573
2025-09-09,2025-09-12,3,1-5d,8.074,6.185,7.561,7.434,7.862
2025-09-09,2025-09-13,4,1-5d,7.606,6.631,7.544,7.551,7.833
2025-09-09,2025-09-14,5,1-5d,8.601,6.636,7.471,7.677,8.059
2025-09-09,2025-09-15,6,6-10d,9.414,6.625,7.586,7.498,7.870
2025-09-09,2025-09-16,7,6-10d,9.753,6.679,7.688,7.759,7.942
2025-09-09,2025-09-17,8,6-10d,10.570,6.757,7.779,7.641,7.921
2025-09-09,2025-09-18,9,6-10d,10.294,6.809,7.832,7.776,7.503
2025-09-09,2025-09-19,10,6-10d,9.554,6.894,7.896,7.897,7.368
2025-09-09,2025-09-20,11,11-15d,10.138,6.839,7.549,7.724,7.360
2025-09-09,2025-09-21,12,11-15d,9.772,6.726,7.453,7.661,6.902
2025-09-09,2025-09-22,13,11-15d,10.055,6.608,7.476,7.477,7.044
2025-09-10,2025-09-11,1,1-5d,7.550,5.948,7.202,7.287,7.573
2025-09-10,2025-09-12,2,1-5d,8.028,6.295,7.807,7.623,7.862
2025-09-10,2025-09-13,3,1-5d,8.388,6.960,7.982,8.053,7.833
2025-09-10,2025-09-14,4,1-5d,8.642,6.811,7.729,7.861,8.059
2025-09-10,2025-09-15,5,1-5d,8.674,6.739,7.916,7.844,7.870
2025-09-10,2025-09-16,6,6-10d,9.103,7.102,8.179,8.010,7.942
2025-09-10,2025-09-17,7,6-10d,9.411,7.275,8.370,8.279,7.921
2025-09-10,2025-09-18,8,6-10d,10.049,7.181,8.228,8.071,7.503
2025-09-10,2025-09-19,9,6-10d,10.572,7.042,8.003,8.005,7.368
2025-09-10,2025-09-20,10,6-10d,9.901,6.930,7.764,7.947,7.360
2025-09-10,2025-09-21,11,11-15d,8.257,6.755,7.553,7.568,6.902
2025-09-10,2025-09-22,12,11-15d,7.938,6.641,7.595,7.446,7.044
2025-09-10,2025-09-23,13,11-15d,8.558,6.511,7.528,7.370,7.280
2025-09-11,2025-09-12,1,1-5d,7.799,6.030,7.500,7.441,7.862
2025-09-11,2025-09-13,2,1-5d,7.555,6.524,7.624,7.615,7.833
2025-09-11,2025-09-14,3,1-5d,8.433,7.047,7.703,8.109,8.059
2025-09-11,2025-09-15,4,1-5d,8.274,7.331,7.751,8.148,7.870
2025-09-11,2025-09-16,5,1-5d,8.719,7.684,8.055,8.493,7.942
2025-09-11,2025-09-17,6,6-10d,8.525,7.645,8.192,8.394,7.921
2025-09-11,2025-09-18,7,6-10d,8.744,7.486,7.919,8.269,7.503
2025-09-11,2025-09-19,8,6-10d,7.849,7.297,7.842,8.061,7.368
2025-09-11,2025-09-20,9,6-10d,8.578,7.188,7.829,8.012,7.360
2025-09-11,2025-09-21,10,6-10d,8.948,6.961,7.804,7.880,6.902
2025-09-11,2025-09-22,11,11-15d,7.731,6.742,7.721,7.566,7.044
2025-09-11,2025-09-23,12,11-15d,7.064,6.647,7.518,7.348,7.280
2025-09-11,2025-09-24,13,11-15d,7.275,6.608,7.457,7.331,5.815
2025-09-12,2025-09-13,1,1-5d,7.456,6.302,7.205,7.472,7.833
2025-09-12,2025-09-14,2,1-5d,7.871,6.643,7.268,7.712,8.059
2025-09-12,2025-09-15,3,1-5d,8.525,6.887,7.466,8.021,7.870
2025-09-12,2025-09-16,4,1-5d,9.128,7.040,7.838,8.104,7.942
2025-09-12,2025-09-17,5,1-5d,8.897,6.997,7.935,8.049,7.921
2025-09-12,2025-09-18,6,6-10d,8.798,7.020,7.679,7.803,7.503
2025-09-12,2025-09-19,7,6-10d,8.370,6.972,7.491,7.787,7.368
2025-09-12,2025-09-20,8,6-10d,8.612,7.045,7.694,7.835,7.360
2025-09-12,2025-09-21,9,6-10d,8.994,6.902,7.662,7.773,6.902
2025-09-12,2025-09-22,10,6-10d,8.385,6.763,7.554,7.641,7.044
2025-09-12,2025-09-23,11,11-15d,8.060,6.658,7.466,7.468,7.280
2025-09-12,2025-09-24,12,11-15d,7.632,6.664,7.441,7.401,5.815
2025-09-12,2025-09-25,13,11-15d,7.336,6.566,7.768,7.435,5.758
2025-09-13,2025-09-14,1,1-5d,7.841,6.252,7.317,7.569,8.059
2025-09-13,2025-09-15,2,1-5d,8.336,6.505,7.611,7.796,7.870
2025-09-13,2025-09-16,3,1-5d,8.622,6.789,7.906,8.009,7.942
2025-09-13,2025-09-17,4,1-5d,8.324,6.737,7.676,7.754,7.921
2025-09-13,2025-09-18,5,1-5d,8.588,6.643,7.470,7.679,7.503
2025-09-13,2025-09-19,6,6-10d,8.193,6.366,7.179,7.195,7.368
2025-09-13,2025-09-20,7,6-10d,8.425,6.149,7.061,7.130,7.360
2025-09-13,2025-09-21,8,6-10d,8.465,6.148,7.082,7.010,6.902
2025-09-13,2025-09-22,9,6-10d,7.149,6.111,6.904,6.933,7.044
2025-09-13,2025-09-23,10,6-10d,7.758,6.126,6.868,7.000,7.280
2025-09-13,2025-09-24,11,11-15d,6.277,6.255,6.980,6.979,5.815
2025-09-13,2025-09-25,12,11-15d,6.369,6.235,7.317,6.950,5.758
2025-09-13,2025-09-26,13,11-15d,7.109,6.306,7.642,7.230,6.289
2025-09-14,2025-09-15,1,1-5d,7.753,6.198,7.426,7.521,7.870
2025-09-14,2025-09-16,2,1-5d,8.287,6.357,7.490,7.677,7.942
2025-09-14,2025-09-17,3,1-5d,7.531,6.235,7.113,7.281,7.921
2025-09-14,2025-09-18,4,1-5d,7.257,6.203,7.051,7.122,7.503
2025-09-14,2025-09-19,5,1-5d,8.218,6.089,7.150,7.200,7.368
2025-09-14,2025-09-20,6,6-10d,7.816,5.856,6.788,6.720,7.360
2025-09-14,2025-09-21,7,6-10d,6.959,5.858,6.638,6.695,6.902
2025-09-14,2025-09-22,8,6-10d,6.611,5.632,6.720,6.532,7.044
2025-09-14,2025-09-23,9,6-10d,6.266,5.622,6.894,6.472,7.280
2025-09-14,2025-09-24,10,6-10d,6.646,5.772,7.082,6.627,5.815
2025-09-14,2025-09-25,11,11-15d,6.771,5.907,7.398,6.827,5.758
2025-09-14,2025-09-26,12,11-15d,6.736,6.181,7.591,7.003,6.289
2025-09-14,2025-09-27,13,11-15d,7.698,6.496,7.763,7.413,5.748
2025-09-15,2025-09-16,1,1-5d,7.906,6.141,7.213,7.511,7.942
2025-09-15,2025-09-17,2,1-5d,7.379,5.919,6.954,7.107,7.921
2025-09-15,2025-09-18,3,1-5d,7.008,5.952,6.875,6.929,7.503
2025-09-15,2025-09-19,4,1-5d,7.238,6.117,6.855,7.024,7.368
2025-09-15,2025-09-20,5,1-5d,7.560,6.030,6.735,6.980,7.360
2025-09-15,2025-09-21,6,6-10d,7.681,5.817,6.699,6.666,6.902
2025-09-15,2025-09-22,7,6-10d,7.373,5.679,6.677,6.619,7.044
2025-09-15,2025-09-23,8,6-10d,8.408,5.706,6.760,6.598,7.280
2025-09-15,2025-09-24,9,6-10d,8.651,5.806,7.102,6.768,5.815
2025-09-15,2025-09-25,10,6-10d,8.759,5.973,7.524,7.043,5.758
2025-09-15,2025-09-26,11,11-15d,8.156,6.164,7.563,7.122,6.289
2025-09-15,2025-09-27,12,11-15d,8.324,6.329,7.800,7.307,5.748
2025-09-15,2025-09-28,13,11-15d,8.023,6.316,7.724,7.314,5.881
2025-09-16,2025-09-17,1,1-5d,7.082,6.020,6.767,7.147,7.921
2025-09-16,2025-09-18,2,1-5d,6.999,5.727,6.776,6.870,7.503
2025-09-16,2025-09-19,3,1-5d,6.990,5.744,6.681,6.778,7.368
2025-09-16,2025-09-20,4,1-5d,7.439,6.222,6.831,7.118,7.360
2025-09-16,2025-09-21,5,1-5d,8.366,6.277,6.905,7.295,6.902
2025-09-16,2025-09-22,6,6-10d,7.903,6.018,6.885,6.863,7.044
2025-09-16,2025-09-23,7,6-10d,7.530,5.941,6.905,6.864,7.280
2025-09-16,2025-09-24,8,6-10d,9.330,6.135,7.481,7.100,5.815
2025-09-16,2025-09-25,9,6-10d,8.405,6.284,7.696,7.222,5.758
2025-09-16,2025-09-26,10,6-10d,8.199,6.544,7.694,7.461,6.289
2025-09-16,2025-09-27,11,11-15d,7.489,6.781,7.875,7.614,5.748
2025-09-16,2025-09-28,12,11-15d,8.163,6.952,7.700,7.707,5.881
2025-09-16,2025-09-29,13,11-15d,8.186,6.965,7.622,7.639,5.887
2025-09-17,2025-09-18,1,1-5d,7.314,5.751,7.131,7.091,7.503
2025-09-17,2025-09-19,2,1-5d,7.367,5.554,6.946,6.884,7.368
2025-09-17,2025-09-20,3,1-5d,7.356,6.067,7.157,7.122,7.360
2025-09-17,2025-09-21,4,1-5d,7.802,6.275,7.325,7.305,6.902
2025-09-17,2025-09-22,5,1-5d,6.755,5.875,7.091,6.830,7.044
2025-09-17,2025-09-23,6,6-10d,5.757,5.591,7.041,6.611,7.280
2025-09-17,2025-09-24,7,6-10d,6.086,5.480,7.419,6.499,5.815
2025-09-17,2025-09-25,8,6-10d,6.715,5.471,7.378,6.576,5.758
2025-09-17,2025-09-26,9,6-10d,7.361,5.522,7.268,6.479,6.289
2025-09-17,2025-09-27,10,6-10d,7.294,5.877,7.112,6.779,5.748
2025-09-17,2025-09-28,11,11-15d,6.686,6.128,7.448,6.998,5.881
2025-09-17,2025-09-29,12,11-15d,6.297,6.124,7.268,6.855,5.887
2025-09-17,2025-09-30,13,11-15d,6.571,6.149,7.387,7.015,5.900
2025-09-18,2025-09-19,1,1-5d,7.830,5.625,7.244,7.182,7.368
2025-09-18,2025-09-20,2,1-5d,7.463,5.865,7.161,7.127,7.360
2025-09-18,2025-09-21,3,1-5d,7.513,5.810,7.094,6.999,6.902
2025-09-18,2025-09-22,4,1-5d,7.792,5.775,7.009,6.916,7.044
2025-09-18,2025-09-23,5,1-5d,7.215,5.261,6.788,6.439,7.280
2025-09-18,2025-09-24,6,6-10d,6.675,4.953,6.772,6.084,5.815
2025-09-18,2025-09-25,7,6-10d,6.217,4.927,6.509,5.943,5.758
2025-09-18,2025-09-26,8,6-10d,6.892,5.017,6.448,6.003,6.289
2025-09-18,2025-09-27,9,6-10d,7.081,5.177,6.664,6.111,5.748
2025-09-18,2025-09-28,10,6-10d,7.511,5.466,6.900,6.450,5.881
2025-09-18,2025-09-29,11,11-15d,8.127,5.906,6.967,6.808,5.887
2025-09-18,2025-09-30,12,11-15d,8.382,6.104,6.819,6.960,5.900
2025-09-18,2025-10-01,13,11-15d,7.909,6.337,6.982,7.023,6.635
2025-09-19,2025-09-20,1,1-5d,7.371,5.838,7.194,7.167,7.360
2025-09-19,2025-09-21,2,1-5d,6.925,5.634,6.700,6.784,6.902
2025-09-19,2025-09-22,3,1-5d,7.163,5.843,6.875,6.904,7.044
2025-09-19,2025-09-23,4,1-5d,7.400,5.636,6.855,6.736,7.280
2025-09-19,2025-09-24,5,1-5d,7.055,4.894,6.411,6.101,5.815
2025-09-19,2025-09-25,6,6-10d,6.986,4.993,6.238,5.951,5.758
2025-09-19,2025-09-26,7,6-10d,7.705,5.118,6.253,6.175,6.289
2025-09-19,2025-09-27,8,6-10d,6.664,4.995,6.033,5.883,5.748
2025-09-19,2025-09-28,9,6-10d,4.860,5.136,6.191,5.918,5.881
2025-09-19,2025-09-29,10,6-10d,5.030,5.620,6.446,6.280,5.887
2025-09-19,2025-09-30,11,11-15d,5.257,5.818,6.669,6.539,5.900
2025-09-19,2025-10-01,12,11-15d,5.357,5.827,6.986,6.497,6.635
2025-09-19,2025-10-02,13,11-15d,5.418,5.941,7.178,6.760,7.388
2025-09-20,2025-09-21,1,1-5d,6.964,5.561,6.538,6.813,6.902
2025-09-20,2025-09-22,2,1-5d,6.833,5.611,6.749,6.755,7.044
2025-09-20,2025-09-23,3,1-5d,7.125,5.778,6.647,6.839,7.280
2025-09-20,2025-09-24,4,1-5d,6.036,5.153,5.931,6.032,5.815
2025-09-20,2025-09-25,5,1-5d,5.480,4.959,5.696,5.764,5.758
2025-09-20,2025-09-26,6,6-10d,5.918,4.828,5.887,5.731,6.289
2025-09-20,2025-09-27,7,6-10d,5.700,4.823,5.987,5.715,5.748
2025-09-20,2025-09-28,8,6-10d,5.753,5.268,6.219,6.134,5.881
2025-09-20,2025-09-29,9,6-10d,4.291,5.516,6.402,6.234,5.887
2025-09-20,2025-09-30,10,6-10d,4.510,5.581,6.652,6.217,5.900
2025-09-20,2025-10-01,11,11-15d,5.635,5.716,6.694,6.486,6.635
2025-09-20,2025-10-02,12,11-15d,6.116,5.829,6.834,6.543,7.388
2025-09-20,2025-10-03,13,11-15d,6.452,6.079,6.686,6.690,7.593
2025-09-21,2025-09-22,1,1-5d,7.019,5.615,6.847,6.893,7.044
2025-09-21,2025-09-23,2,1-5d,7.654,5.932,6.975,7.187,7.280
2025-09-21,2025-09-24,3,1-5d,6.214,5.020,5.989,6.040,5.815
2025-09-21,2025-09-25,4,1-5d,4.796,4.603,5.500,5.403,5.758
2025-09-21,2025-09-26,5,1-5d,5.238,4.600,5.586,5.472,6.289
2025-09-21,2025-09-27,6,6-10d,5.088,4.620,5.683,5.524,5.748
2025-09-21,2025-09-28,7,6-10d,5.350,4.843,5.862,5.669,5.881
2025-09-21,2025-09-29,8,6-10d,6.541,5.244,6.127,6.093,5.887
2025-09-21,2025-09-30,9,6-10d,6.281,5.637,6.370,6.433,5.900
2025-09-21,2025-10-01,10,6-10d,6.099,6.043,6.590,6.740,6.635
2025-09-21,2025-10-02,11,11-15d,6.452,6.139,7.031,6.911,7.388
2025-09-21,2025-10-03,12,11-15d,7.268,6.148,7.268,6.969,7.593
2025-09-21,2025-10-04,13,11-15d,7.843,6.100,7.512,7.102,6.890
2025-09-22,2025-09-23,1,1-5d,7.686,5.883,7.311,7.300,7.280
2025-09-22,2025-09-24,2,1-5d,6.047,4.910,5.812,5.997,5.815
2025-09-22,2025-09-25,3,1-5d,4.991,4.315,4.989,5.165,5.758
2025-09-22,2025-09-26,4,1-5d,4.918,4.250,5.413,5.174,6.289
2025-09-22,2025-09-27,5,1-5d,5.583,4.344,5.649,5.370,5.748
2025-09-22,2025-09-28,6,6-10d,5.534,4.851,5.940,5.763,5.881
2025-09-22,2025-09-29,7,6-10d,5.431,5.214,6.234,6.011,5.887
2025-09-22,2025-09-30,8,6-10d,5.775,5.445,6.515,6.341,5.900
2025-09-22,2025-10-01,9,6-10d,5.659,5.844,6.620,6.603,6.635
2025-09-22,2025-10-02,10,6-10d,5.633,6.106,6.588,6.743,7.388
2025-09-22,2025-10-03,11,11-15d,6.236,6.137,6.673,6.828,7.593
2025-09-22,2025-10-04,12,11-15d,6.409,6.070,6.660,6.707,6.890
2025-09-22,2025-10-05,13,11-15d,6.810,6.157,6.951,6.857,6.926
2025-09-23,2025-09-24,1,1-5d,6.022,5.065,5.957,6.175,5.815
2025-09-23,2025-09-25,2,1-5d,5.163,4.424,5.071,5.374,5.758
2025-09-23,2025-09-26,3,1-5d,5.341,4.340,5.627,5.318,6.289
2025-09-23,2025-09-27,4,1-5d,5.899,4.333,5.883,5.469,5.748
2025-09-23,2025-09-28,5,1-5d,5.978,4.448,6.073,5.582,5.881
2025-09-23,2025-09-29,6,6-10d,6.175,4.617,6.167,5.667,5.887
2025-09-23,2025-09-30,7,6-10d,5.654,4.805,6.320,5.764,5.900
2025-09-23,2025-10-01,8,6-10d,5.658,5.343,6.535,6.269,6.635
2025-09-23,2025-10-02,9,6-10d,6.499,5.689,6.537,6.505,7.388
2025-09-23,2025-10-03,10,6-10d,6.130,5.874,6.545,6.603,7.593
2025-09-23,2025-10-04,11,11-15d,5.759,5.948,6.642,6.656,6.890
2025-09-23,2025-10-05,12,11-15d,6.070,6.007,6.630,6.623,6.926
2025-09-23,2025-10-06,13,11-15d,6.513,6.199,6.788,6.800,7.008
2025-09-24,2025-09-25,1,1-5d,4.976,4.364,4.903,5.335,5.758
2025-09-24,2025-09-26,2,1-5d,5.637,4.435,5.612,5.580,6.289
2025-09-24,2025-09-27,3,1-5d,5.687,4.343,5.525,5.419,5.748
2025-09-24,2025-09-28,4,1-5d,5.804,4.345,5.791,5.444,5.881
2025-09-24,2025-09-29,5,1-5d,5.915,4.300,5.650,5.392,5.887
2025-09-24,2025-09-30,6,6-10d,5.908,4.705,5.473,5.520,5.900
2025-09-24,2025-10-01,7,6-10d,6.593,5.532,5.744,6.252,6.635
2025-09-24,2025-10-02,8,6-10d,6.538,6.110,6.033,6.719,7.388
2025-09-24,2025-10-03,9,6-10d,6.497,6.068,6.190,6.792,7.593
2025-09-24,2025-10-04,10,6-10d,5.775,5.817,6.193,6.487,6.890
2025-09-24,2025-10-05,11,11-15d,5.247,5.728,6.439,6.425,6.926
2025-09-24,2025-10-06,12,11-15d,5.691,6.010,6.721,6.605,7.008
2025-09-24,2025-10-07,13,11-15d,5.928,6.424,6.971,6.968,7.212
2025-09-25,2025-09-26,1,1-5d,5.906,4.443,5.810,5.752,6.289
2025-09-25,2025-09-27,2,1-5d,5.999,4.417,5.725,5.677,5.748
2025-09-25,2025-09-28,3,1-5d,5.664,4.440,5.755,5.487,5.881
2025-09-25,2025-09-29,4,1-5d,5.602,4.457,5.804,5.489,5.887
2025-09-25,2025-09-30,5,1-5d,5.480,4.716,5.745,5.616,5.900
2025-09-25,2025-10-01,6,6-10d,6.538,5.820,6.446,6.593,6.635
2025-09-25,2025-10-02,7,6-10d,7.729,6.691,6.901,7.408,7.388
2025-09-25,2025-10-03,8,6-10d,7.051,6.665,6.775,7.321,7.593
2025-09-25,2025-10-04,9,6-10d,6.948,6.208,6.438,6.959,6.890
2025-09-25,2025-10-05,10,6-10d,5.931,5.770,6.371,6.483,6.926
2025-09-25,2025-10-06,11,11-15d,5.531,5.773,6.643,6.513,7.008
2025-09-25,2025-10-07,12,11-15d,6.035,6.187,6.854,6.790,7.212
2025-09-25,2025-10-08,13,11-15d,6.440,6.540,6.837,7.004,8.404
2025-09-26,2025-09-27,1,1-5d,5.714,4.567,5.575,5.745,5.748
2025-09-26,2025-09-28,2,1-5d,5.689,4.571,5.573,5.669,5.881
2025-09-26,2025-09-29,3,1-5d,5.672,4.638,5.720,5.616,5.887
2025-09-26,2025-09-30,4,1-5d,5.513,4.707,5.625,5.603,5.900
2025-09-26,2025-10-01,5,1-5d,5.930,5.586,6.240,6.348,6.635
2025-09-26,2025-10-02,6,6-10d,7.186,6.689,7.140,7.409,7.388
2025-09-26,2025-10-03,7,6-10d,7.308,6.745,7.048,7.433,7.593
2025-09-26,2025-10-04,8,6-10d,6.761,6.344,6.580,7.031,6.890
2025-09-26,2025-10-05,9,6-10d,6.681,5.826,6.304,6.607,6.926
2025-09-26,2025-10-06,10,6-10d,7.947,5.922,6.421,6.811,7.008
2025-09-26,2025-10-07,11,11-15d,8.758,6.290,6.699,7.074,7.212
2025-09-26,2025-10-08,12,11-15d,8.234,6.567,7.020,7.309,8.404
2025-09-26,2025-10-09,13,11-15d,7.540,6.817,7.256,7.379,8.902
2025-09-27,2025-09-28,1,1-5d,5.577,4.834,5.684,5.875,5.881
2025-09-27,2025-09-29,2,1-5d,5.616,4.951,5.621,5.886,5.887
2025-09-27,2025-09-30,3,1-5d,5.682,4.906,5.511,5.783,5.900
2025-09-27,2025-10-01,4,1-5d,5.919,5.520,6.119,6.291,6.635
2025-09-27,2025-10-02,5,1-5d,6.546,6.454,6.989,7.154,7.388
2025-09-27,2025-10-03,6,6-10d,6.191,6.434,6.897,7.158,7.593
2025-09-27,2025-10-04,7,6-10d,5.638,6.183,6.570,6.777,6.890
2025-09-27,2025-10-05,8,6-10d,5.460,5.893,6.145,6.584,6.926
2025-09-27,2025-10-06,9,6-10d,6.112,5.965,6.341,6.700,7.008
2025-09-27,2025-10-07,10,6-10d,6.627,6.198,6.686,6.926,7.212
2025-09-27,2025-10-08,11,11-15d,7.163,6.529,7.006,7.234,8.404
2025-09-27,2025-10-09,12,11-15d,7.950,6.873,7.166,7.524,8.902
2025-09-27,2025-10-10,13,11-15d,7.539,6.886,7.180,7.386,8.589
2025-09-28,2025-09-29,1,1-5d,5.352,5.038,5.418,5.904,5.887
2025-09-28,2025-09-30,2,1-5d,5.183,5.013,5.349,5.774,5.900
2025-09-28,2025-10-01,3,1-5d,5.606,5.440,5.917,6.127,6.635
2025-09-28,2025-10-02,4,1-5d,6.402,6.253,6.842,6.984,7.388
2025-09-28,2025-10-03,5,1-5d,6.357,6.229,6.737,6.929,7.593
2025-09-28,2025-10-04,6,6-10d,5.522,6.182,6.285,6.798,6.890
2025-09-28,2025-10-05,7,6-10d,5.280,5.926,6.159,6.479,6.926
2025-09-28,2025-10-06,8,6-10d,4.670,6.029,6.062,6.665,7.008
2025-09-28,2025-10-07,9,6-10d,4.894,6.225,6.277,6.854,7.212
2025-09-28,2025-10-08,10,6-10d,5.024,6.379,6.667,6.909,8.404
2025-09-28,2025-10-09,11,11-15d,5.540,6.759,6.965,7.318,8.902
2025-09-28,2025-10-10,12,11-15d,5.908,7.093,6.998,7.440,8.589
2025-09-28,2025-10-11,13,11-15d,8.231,7.194,7.170,7.586,7.247
2025-09-29,2025-09-30,1,1-5d,5.664,5.104,5.501,6.045,5.900
2025-09-29,2025-10-01,2,1-5d,6.267,5.896,6.266,6.712,6.635
2025-09-29,2025-10-02,3,1-5d,7.041,6.688,6.885,7.418,7.388
2025-09-29,2025-10-03,4,1-5d,6.789,6.515,6.597,7.164,7.593
2025-09-29,2025-10-04,5,1-5d,6.316,6.331,6.256,6.893,6.890
2025-09-29,2025-10-05,6,6-10d,6.202,6.197,6.112,6.756,6.926
2025-09-29,2025-10-06,7,6-10d,6.397,6.433,6.220,6.958,7.008
2025-09-29,2025-10-07,8,6-10d,6.626,6.451,6.578,7.111,7.212
2025-09-29,2025-10-08,9,6-10d,6.902,6.644,6.838,7.367,8.404
2025-09-29,2025-10-09,10,6-10d,7.207,7.116,7.070,7.757,8.902
2025-09-29,2025-10-10,11,11-15d,7.493,7.236,7.331,7.846,8.589
2025-09-29,2025-10-11,12,11-15d,7.821,7.248,7.467,7.834,7.247
2025-09-29,2025-10-12,13,11-15d,8.020,7.387,7.462,7.799,7.809
2025-09-30,2025-10-01,1,1-5d,6.090,5.738,6.107,6.614,6.635
2025-09-30,2025-10-02,2,1-5d,6.938,6.580,6.883,7.383,7.388
2025-09-30,2025-10-03,3,1-5d,6.817,6.400,6.578,7.148,7.593
2025-09-30,2025-10-04,4,1-5d,6.473,6.360,6.386,6.973,6.890
2025-09-30,2025-10-05,5,1-5d,6.211,6.358,6.326,6.909,6.926
2025-09-30,2025-10-06,6,6-10d,6.330,6.073,6.329,6.735,7.008
2025-09-30,2025-10-07,7,6-10d,6.004,6.009,6.183,6.614,7.212
2025-09-30,2025-10-08,8,6-10d,7.171,6.674,6.524,7.265,8.404
2025-09-30,2025-10-09,9,6-10d,7.688,7.028,6.763,7.725,8.902
2025-09-30,2025-10-10,10,6-10d,7.084,7.052,6.751,7.661,8.589
2025-09-30,2025-10-11,11,11-15d,6.658,7.139,7.360,7.738,7.247
2025-09-30,2025-10-12,12,11-15d,6.904,7.395,7.768,7.905,7.809
2025-09-30,2025-10-13,13,11-15d,5.855,7.424,8.428,8.097,8.132
2025-10-01,2025-10-02,1,1-5d,6.709,6.296,6.562,7.169,7.388
2025-10-01,2025-10-03,2,1-5d,6.653,6.166,6.335,7.000,7.593
2025-10-01,2025-10-04,3,1-5d,6.484,6.151,6.106,6.883,6.890
2025-10-01,2025-10-05,4,1-5d,5.931,6.130,6.118,6.673,6.926
2025-10-01,2025-10-06,5,1-5d,5.172,6.038,6.116,6.581,7.008
2025-10-01,2025-10-07,6,6-10d,5.451,5.903,6.215,6.605,7.212
2025-10-01,2025-10-08,7,6-10d,7.214,6.478,6.636,7.173,8.404
2025-10-01,2025-10-09,8,6-10d,8.613,7.215,7.333,7.888,8.902
2025-10-01,2025-10-10,9,6-10d,7.943,7.186,7.360,7.946,8.589
2025-10-01,2025-10-11,10,6-10d,8.923,7.240,7.316,8.060,7.247
2025-10-01,2025-10-12,11,11-15d,9.517,7.911,7.355,8.396,7.809
2025-10-01,2025-10-13,12,11-15d,9.046,7.916,7.384,8.404,8.132
2025-10-01,2025-10-14,13,11-15d,8.440,7.822,7.483,8.057,8.215
2025-10-02,2025-10-03,1,1-5d,6.603,6.139,6.368,7.022,7.593
2025-10-02,2025-10-04,2,1-5d,6.361,6.116,6.107,6.863,6.890
2025-10-02,2025-10-05,3,1-5d,6.171,6.046,6.017,6.717,6.926
2025-10-02,2025-10-06,4,1-5d,5.993,6.079,5.876,6.591,7.008
2025-10-02,2025-10-07,5,1-5d,6.286,6.017,5.999,6.650,7.212
2025-10-02,2025-10-08,6,6-10d,7.312,6.958,7.120,7.615,8.404
2025-10-02,2025-10-09,7,6-10d,9.074,7.999,8.337,8.764,8.902
2025-10-02,2025-10-10,8,6-10d,9.723,8.194,8.621,8.944,8.589
2025-10-02,2025-10-11,9,6-10d,8.973,7.790,8.244,8.599,7.247
2025-10-02,2025-10-12,10,6-10d,8.091,7.745,8.132,8.463,7.809
2025-10-02,2025-10-13,11,11-15d,7.396,7.772,8.062,8.369,8.132
2025-10-02,2025-10-14,12,11-15d,7.855,7.835,7.916,8.335,8.215
2025-10-02,2025-10-15,13,11-15d,6.983,8.062,7.849,8.262,8.089
2025-10-03,2025-10-04,1,1-5d,6.478,6.118,6.500,6.992,6.890
2025-10-03,2025-10-05,2,1-5d,6.162,6.051,6.351,6.811,6.926
2025-10-03,2025-10-06,3,1-5d,6.169,6.066,6.299,6.743,7.008
2025-10-03,2025-10-07,4,1-5d,5.878,5.805,6.074,6.459,7.212
2025-10-03,2025-10-08,5,1-5d,6.582,6.634,6.735,7.264,8.404
2025-10-03,2025-10-09,6,6-10d,8.336,7.114,7.510,7.841,8.902
2025-10-03,2025-10-10,7,6-10d,8.351,6.573,7.632,7.552,8.589
2025-10-03,2025-10-11,8,6-10d,9.306,6.405,7.651,7.360,7.247
2025-10-03,2025-10-12,9,6-10d,11.133,6.752,7.892,7.789,7.809
2025-10-03,2025-10-13,10,6-10d,10.543,7.115,7.765,8.167,8.132
2025-10-03,2025-10-14,11,11-15d,8.809,7.312,7.509,7.980,8.215
2025-10-03,2025-10-15,12,11-15d,8.374,7.746,7.446,8.230,8.089
2025-10-03,2025-10-16,13,11-15d,9.491,8.079,8.060,8.481,9.146
2025-10-04,2025-10-05,1,1-5d,6.066,5.909,6.294,6.723,6.926
2025-10-04,2025-10-06,2,1-5d,6.207,5.931,6.234,6.733,7.008
2025-10-04,2025-10-07,3,1-5d,6.158,5.785,6.177,6.551,7.212
2025-10-04,2025-10-08,4,1-5d,7.126,6.850,6.821,7.460,8.404
2025-10-04,2025-10-09,5,1-5d,7.604,7.354,7.488,8.023,8.902
2025-10-04,2025-10-10,6,6-10d,7.378,6.794,7.563,7.633,8.589
2025-10-04,2025-10-11,7,6-10d,6.499,6.565,7.394,7.314,7.247
2025-10-04,2025-10-12,8,6-10d,6.164,6.929,7.538,7.725,7.809
2025-10-04,2025-10-13,9,6-10d,6.346,7.115,7.524,7.822,8.132
2025-10-04,2025-10-14,10,6-10d,7.052,7.159,7.202,7.797,8.215
2025-10-04,2025-10-15,11,11-15d,6.606,7.267,6.866,7.677,8.089
2025-10-04,2025-10-16,12,11-15d,6.777,7.490,7.182,7.839,9.146
2025-10-04,2025-10-17,13,11-15d,8.562,7.737,7.880,8.175,8.653
2025-10-05,2025-10-06,1,1-5d,6.375,5.972,6.304,6.852,7.008
2025-10-05,2025-10-07,2,1-5d,6.215,5.734,6.179,6.608,7.212
2025-10-05,2025-10-08,3,1-5d,6.860,6.929,6.867,7.540,8.404
2025-10-05,2025-10-09,4,1-5d,7.622,7.927,7.817,8.430,8.902
2025-10-05,2025-10-10,5,1-5d,7.467,7.633,7.639,8.228,8.589
2025-10-05,2025-10-11,6,6-10d,6.405,6.872,6.869,7.479,7.247
2025-10-05,2025-10-12,7,6-10d,6.430,6.917,6.766,7.428,7.809
2025-10-05,2025-10-13,8,6-10d,6.354,7.134,6.772,7.687,8.132
2025-10-05,2025-10-14,9,6-10d,6.261,7.020,6.736,7.658,8.215
2025-10-05,2025-10-15,10,6-10d,5.522,7.058,6.763,7.519,8.089
2025-10-05,2025-10-16,11,11-15d,5.591,7.335,6.950,7.695,9.146
2025-10-05,2025-10-17,12,11-15d,6.636,7.522,7.371,7.885,8.653
2025-10-05,2025-10-18,13,11-15d,7.676,7.822,7.961,8.210,7.848
2025-10-06,2025-10-07,1,1-5d,6.476,5.873,6.443,6.849,7.212
2025-10-06,2025-10-08,2,1-5d,7.448,7.122,7.697,7.977,8.404
2025-10-06,2025-10-09,3,1-5d,8.185,8.280,8.793,8.912,8.902
2025-10-06,2025-10-10,4,1-5d,7.360,8.117,8.054,8.564,8.589
2025-10-06,2025-10-11,5,1-5d,6.443,7.017,7.073,7.584,7.247
2025-10-06,2025-10-12,6,6-10d,7.142,7.292,6.908,7.785,7.809
2025-10-06,2025-10-13,7,6-10d,7.439,7.466,6.995,7.959,8.132
2025-10-06,2025-10-14,8,6-10d,6.484,7.167,6.638,7.678,8.215
2025-10-06,2025-10-15,9,6-10d,6.478,7.135,6.893,7.782,8.089
2025-10-06,2025-10-16,10,6-10d,6.303,7.392,7.463,7.935,9.146
2025-10-06,2025-10-17,11,11-15d,7.565,7.812,8.059,8.405,8.653
2025-10-06,2025-10-18,12,11-15d,8.759,8.513,8.700,9.057,7.848
2025-10-06,2025-10-19,13,11-15d,8.802,9.361,9.065,9.554,8.191
2025-10-07,2025-10-08,1,1-5d,7.454,7.293,7.643,8.103,8.404
2025-10-07,2025-10-09,2,1-5d,8.316,8.465,8.907,9.181,8.902
2025-10-07,2025-10-10,3,1-5d,7.735,8.294,8.187,8.756,8.589
2025-10-07,2025-10-11,4,1-5d,6.262,7.280,6.948,7.620,7.247
2025-10-07,2025-10-12,5,1-5d,6.241,7.320,6.976,7.736,7.809
2025-10-07,2025-10-13,6,6-10d,7.203,7.380,7.215,7.938,8.132
2025-10-07,2025-10-14,7,6-10d,6.127,6.930,6.899,7.433,8.215
2025-10-07,2025-10-15,8,6-10d,6.815,6.755,7.099,7.484,8.089
2025-10-07,2025-10-16,9,6-10d,7.271,7.439,7.785,8.170,9.146
2025-10-07,2025-10-17,10,6-10d,7.638,8.212,8.235,8.801,8.653
2025-10-07,2025-10-18,11,11-15d,8.801,8.947,8.952,9.484,7.848
2025-10-07,2025-10-19,12,11-15d,9.784,9.284,9.609,9.881,8.191
2025-10-07,2025-10-20,13,11-15d,11.788,9.428,10.045,10.132,9.903
2025-10-08,2025-10-09,1,1-5d,8.235,8.256,8.584,9.008,8.902
2025-10-08,2025-10-10,2,1-5d,7.995,8.065,8.234,8.760,8.589
2025-10-08,2025-10-11,3,1-5d,6.779,6.741,6.974,7.399,7.247
2025-10-08,2025-10-12,4,1-5d,7.387,7.040,7.023,7.664,7.809
2025-10-08,2025-10-13,5,1-5d,7.704,7.343,7.414,8.007,8.132
2025-10-08,2025-10-14,6,6-10d,7.288,7.195,7.512,7.898,8.215
2025-10-08,2025-10-15,7,6-10d,8.203,7.395,7.631,8.113,8.089
2025-10-08,2025-10-16,8,6-10d,7.491,8.475,8.082,9.020,9.146
2025-10-08,2025-10-17,9,6-10d,7.618,9.164,8.158,9.690,8.653
2025-10-08,2025-10-18,10,6-10d,8.460,9.916,8.861,10.309,7.848
2025-10-08,2025-10-19,11,11-15d,9.893,10.310,9.657,10.669,8.191
2025-10-08,2025-10-20,12,11-15d,11.444,10.196,9.905,10.744,9.903
2025-10-08,2025-10-21,13,11-15d,11.223,10.146,9.692,10.357,9.928
2025-10-09,2025-10-10,1,1-5d,7.608,8.042,8.178,8.641,8.589
2025-10-09,2025-10-11,2,1-5d,6.728,6.640,7.050,7.411,7.247
2025-10-09,2025-10-12,3,1-5d,7.088,6.904,7.069,7.602,7.809
2025-10-09,2025-10-13,4,1-5d,7.785,7.179,7.759,7.991,8.132
2025-10-09,2025-10-14,5,1-5d,8.196,7.275,7.906,8.135,8.215
2025-10-09,2025-10-15,6,6-10d,7.771,7.891,7.952,8.517,8.089
2025-10-09,2025-10-16,7,6-10d,8.124,9.053,8.951,9.529,9.146
2025-10-09,2025-10-17,8,6-10d,8.775,9.092,8.641,9.623,8.653
2025-10-09,2025-10-18,9,6-10d,7.113,9.219,8.827,9.779,7.848
2025-10-09,2025-10-19,10,6-10d,6.963,9.974,9.741,10.294,8.191
2025-10-09,2025-10-20,11,11-15d,7.788,10.207,10.268,10.645,9.903
2025-10-09,2025-10-21,12,11-15d,7.584,10.196,10.038,10.385,9.928
2025-10-09,2025-10-22,13,11-15d,6.939,10.195,9.771,10.202,10.681
2025-10-10,2025-10-11,1,1-5d,6.448,6.585,6.870,7.296,7.247
2025-10-10,2025-10-12,2,1-5d,6.887,6.732,7.093,7.512,7.809
2025-10-10,2025-10-13,3,1-5d,7.759,6.804,7.451,7.758,8.132
2025-10-10,2025-10-14,4,1-5d,7.951,6.933,7.971,7.921,8.215
2025-10-10,2025-10-15,5,1-5d,7.895,7.278,8.604,8.281,8.089
2025-10-10,2025-10-16,6,6-10d,9.578,8.819,9.799,9.721,9.146
2025-10-10,2025-10-17,7,6-10d,9.705,8.860,9.496,9.661,8.653
2025-10-10,2025-10-18,8,6-10d,9.187,8.468,8.726,9.176,7.848
2025-10-10,2025-10-19,9,6-10d,8.472,8.677,8.788,9.382,8.191
2025-10-10,2025-10-20,10,6-10d,7.715,8.663,9.501,9.296,9.903
2025-10-10,2025-10-21,11,11-15d,6.723,9.168,10.008,9.799,9.928
2025-10-10,2025-10-22,12,11-15d,6.257,9.588,10.291,9.877,10.681
2025-10-10,2025-10-23,13,11-15d,6.786,9.795,10.275,10.176,11.563
2025-10-11,2025-10-12,1,1-5d,6.861,6.948,7.138,7.660,7.809
2025-10-11,2025-10-13,2,1-5d,7.136,7.082,7.317,7.818,8.132
2025-10-11,2025-10-14,3,1-5d,7.355,7.022,7.506,7.781,8.215
2025-10-11,2025-10-15,4,1-5d,8.442,7.660,8.627,8.595,8.089
2025-10-11,2025-10-16,5,1-5d,10.029,9.117,9.858,10.004,9.146
2025-10-11,2025-10-17,6,6-10d,9.470,8.771,9.070,9.469,8.653
2025-10-11,2025-10-18,7,6-10d,7.934,7.976,7.970,8.560,7.848
2025-10-11,2025-10-19,8,6-10d,8.295,7.339,7.911,8.125,8.191
2025-10-11,2025-10-20,9,6-10d,8.957,8.319,8.981,9.121,9.903
2025-10-11,2025-10-21,10,6-10d,9.463,9.193,9.889,9.934,9.928
2025-10-11,2025-10-22,11,11-15d,9.374,9.775,10.122,10.385,10.681
2025-10-11,2025-10-23,12,11-15d,9.010,10.160,10.131,10.521,11.563
2025-10-11,2025-10-24,13,11-15d,10.469,10.201,9.884,10.427,12.151
2025-10-12,2025-10-13,1,1-5d,7.171,7.221,7.308,7.928,8.132
2025-10-12,2025-10-14,2,1-5d,7.207,7.114,7.320,7.855,8.215
2025-10-12,2025-10-15,3,1-5d,7.868,7.701,8.295,8.415,8.089
2025-10-12,2025-10-16,4,1-5d,8.789,9.117,9.211,9.667,9.146
2025-10-12,2025-10-17,5,1-5d,8.266,8.955,8.353,9.346,8.653
2025-10-12,2025-10-18,6,6-10d,7.666,8.075,7.553,8.526,7.848
2025-10-12,2025-10-19,7,6-10d,7.414,7.341,7.337,7.937,8.191
2025-10-12,2025-10-20,8,6-10d,8.038,8.272,8.138,8.882,9.903
2025-10-12,2025-10-21,9,6-10d,9.264,9.177,8.602,9.828,9.928
2025-10-12,2025-10-22,10,6-10d,9.057,9.419,8.820,9.967,10.681
2025-10-12,2025-10-23,11,11-15d,8.327,9.637,8.969,9.948,11.563
2025-10-12,2025-10-24,12,11-15d,8.675,9.739,9.122,9.991,12.151
2025-10-12,2025-10-25,13,11-15d,8.736,9.789,9.350,9.900,11.111
2025-10-13,2025-10-14,1,1-5d,7.542,7.055,7.378,7.959,8.215
2025-10-13,2025-10-15,2,1-5d,7.525,7.475,7.892,8.237,8.089
2025-10-13,2025-10-16,3,1-5d,8.255,8.710,8.895,9.217,9.146
2025-10-13,2025-10-17,4,1-5d,7.598,8.484,8.091,8.829,8.653
2025-10-13,2025-10-18,5,1-5d,6.850,7.716,7.251,8.123,7.848
2025-10-13,2025-10-19,6,6-10d,7.202,7.189,7.678,7.944,8.191
2025-10-13,2025-10-20,7,6-10d,8.991,8.147,8.946,8.981,9.903
2025-10-13,2025-10-21,8,6-10d,10.224,9.194,9.181,9.834,9.928
2025-10-13,2025-10-22,9,6-10d,9.624,9.682,8.776,10.293,10.681
2025-10-13,2025-10-23,10,6-10d,8.185,9.698,8.660,10.087,11.563
2025-10-13,2025-10-24,11,11-15d,6.466,9.492,8.539,9.646,12.151
2025-10-13,2025-10-25,12,11-15d,6.640,9.744,8.283,9.623,11.111
2025-10-13,2025-10-26,13,11-15d,8.163,10.072,8.437,9.662,11.037
2025-10-14,2025-10-15,1,1-5d,7.668,7.313,7.930,8.221,8.089
2025-10-14,2025-10-16,2,1-5d,8.253,8.456,8.877,9.156,9.146
2025-10-14,2025-10-17,3,1-5d,7.626,8.379,7.990,8.768,8.653
2025-10-14,2025-10-18,4,1-5d,6.589,7.553,7.009,7.848,7.848
2025-10-14,2025-10-19,5,1-5d,7.289,7.088,7.198,7.746,8.191
2025-10-14,2025-10-20,6,6-10d,8.799,8.346,8.528,9.009,9.903
2025-10-14,2025-10-21,7,6-10d,9.123,9.210,8.937,9.736,9.928
2025-10-14,2025-10-22,8,6-10d,7.921,9.513,8.610,9.931,10.681
2025-10-14,2025-10-23,9,6-10d,6.900,10.037,8.542,10.435,11.563
2025-10-14,2025-10-24,10,6-10d,6.992,10.117,8.634,10.301,12.151
2025-10-14,2025-10-25,11,11-15d,6.839,10.225,8.467,10.160,11.111
2025-10-14,2025-10-26,12,11-15d,7.529,10.269,8.137,10.050,11.037
2025-10-14,2025-10-27,13,11-15d,7.115,10.262,8.066,9.565,12.152
2025-10-15,2025-10-16,1,1-5d,8.276,8.626,8.847,9.263,9.146
2025-10-15,2025-10-17,2,1-5d,7.615,8.556,8.141,8.946,8.653
2025-10-15,2025-10-18,3,1-5d,7.159,8.019,7.367,8.363,7.848
2025-10-15,2025-10-19,4,1-5d,7.398,7.420,7.340,7.973,8.191
2025-10-15,2025-10-20,5,1-5d,8.970,8.272,8.572,9.027,9.903
2025-10-15,2025-10-21,6,6-10d,9.006,8.799,8.721,9.384,9.928
2025-10-15,2025-10-22,7,6-10d,7.850,9.441,8.598,9.703,10.681
2025-10-15,2025-10-23,8,6-10d,7.142,9.812,8.750,10.190,11.563
2025-10-15,2025-10-24,9,6-10d,6.980,9.414,8.663,9.922,12.151
2025-10-15,2025-10-25,10,6-10d,6.855,9.474,8.532,9.762,11.111
2025-10-15,2025-10-26,11,11-15d,6.625,9.574,8.621,9.732,11.037
2025-10-15,2025-10-27,12,11-15d,7.395,9.323,8.546,9.456,12.152
2025-10-15,2025-10-28,13,11-15d,7.262,9.160,8.835,9.274,12.467
2025-10-16,2025-10-17,1,1-5d,7.672,8.827,8.076,9.077,8.653
2025-10-16,2025-10-18,2,1-5d,7.397,7.703,7.371,8.264,7.848
2025-10-16,2025-10-19,3,1-5d,7.171,7.427,7.349,7.981,8.191
2025-10-16,2025-10-20,4,1-5d,8.376,8.614,8.716,9.180,9.903
2025-10-16,2025-10-21,5,1-5d,8.778,9.013,8.880,9.566,9.928
2025-10-16,2025-10-22,6,6-10d,9.670,10.321,9.604,10.714,10.681
2025-10-16,2025-10-23,7,6-10d,10.340,10.359,9.833,10.842,11.563
2025-10-16,2025-10-24,8,6-10d,9.708,10.144,9.753,10.690,12.151
2025-10-16,2025-10-25,9,6-10d,8.037,10.088,9.702,10.651,11.111
2025-10-16,2025-10-26,10,6-10d,7.884,10.079,9.718,10.468,11.037
2025-10-16,2025-10-27,11,11-15d,6.849,9.715,9.356,10.025,12.152
2025-10-16,2025-10-28,12,11-15d,6.714,9.249,8.996,9.426,12.467
2025-10-16,2025-10-29,13,11-15d,7.632,9.238,9.457,9.585,13.173
2025-10-17,2025-10-18,1,1-5d,6.892,7.175,7.028,7.777,7.848
2025-10-17,2025-10-19,2,1-5d,6.649,7.324,6.873,7.775,8.191
2025-10-17,2025-10-20,3,1-5d,8.124,8.457,8.212,8.980,9.903
2025-10-17,2025-10-21,4,1-5d,8.783,8.999,8.747,9.480,9.928
2025-10-17,2025-10-22,5,1-5d,9.371,10.078,9.952,10.586,10.681
2025-10-17,2025-10-23,6,6-10d,9.178,10.200,10.136,10.789,11.563
2025-10-17,2025-10-24,7,6-10d,8.993,9.551,9.637,10.102,12.151
2025-10-17,2025-10-25,8,6-10d,9.502,9.452,9.517,10.112,11.111
2025-10-17,2025-10-26,9,6-10d,9.284,9.469,9.126,10.130,11.037
2025-10-17,2025-10-27,10,6-10d,8.061,9.343,8.563,9.781,12.152
2025-10-17,2025-10-28,11,11-15d,7.395,8.934,8.237,9.226,12.467
2025-10-17,2025-10-29,12,11-15d,8.329,9.146,8.575,9.432,13.173
2025-10-17,2025-10-30,13,11-15d,10.838,10.087,9.967,10.416,13.153
2025-10-18,2025-10-19,1,1-5d,7.027,7.406,7.044,7.947,8.191
2025-10-18,2025-10-20,2,1-5d,8.416,8.865,8.690,9.414,9.903
2025-10-18,2025-10-21,3,1-5d,8.875,9.089,9.039,9.657,9.928
2025-10-18,2025-10-22,4,1-5d,9.606,10.108,10.060,10.597,10.681
2025-10-18,2025-10-23,5,1-5d,10.019,11.064,10.641,11.464,11.563
2025-10-18,2025-10-24,6,6-10d,9.317,10.885,9.817,11.173,12.151
2025-10-18,2025-10-25,7,6-10d,8.381,9.703,8.699,9.960,11.111
2025-10-18,2025-10-26,8,6-10d,8.432,9.327,8.113,9.667,11.037
2025-10-18,2025-10-27,9,6-10d,9.567,9.435,7.970,9.999,12.152
2025-10-18,2025-10-28,10,6-10d,9.274,9.628,7.812,10.055,12.467
2025-10-18,2025-10-29,11,11-15d,10.614,9.983,8.692,10.235,13.173
2025-10-18,2025-10-30,12,11-15d,10.974,11.077,10.208,11.374,13.153
2025-10-18,2025-10-31,13,11-15d,11.743,11.684,10.878,11.704,13.644
2025-10-19,2025-10-20,1,1-5d,8.923,8.832,8.990,9.592,9.903
2025-10-19,2025-10-21,2,1-5d,8.981,9.081,9.018,9.734,9.928
2025-10-19,2025-10-22,3,1-5d,9.684,9.990,10.062,10.536,10.681
2025-10-19,2025-10-23,4,1-5d,10.877,11.195,10.907,11.651,11.563
2025-10-19,2025-10-24,5,1-5d,11.284,11.682,10.618,11.986,12.151
2025-10-19,2025-10-25,6,6-10d,10.096,10.978,9.454,11.129,11.111
2025-10-19,2025-10-26,7,6-10d,9.400,10.068,8.962,10.370,11.037
2025-10-19,2025-10-27,8,6-10d,8.982,9.372,8.833,9.881,12.152
2025-10-19,2025-10-28,9,6-10d,7.909,9.413,8.655,9.966,12.467
2025-10-19,2025-10-29,10,6-10d,9.297,10.165,9.400,10.646,13.173
2025-10-19,2025-10-30,11,11-15d,9.022,11.653,10.484,11.773,13.153
2025-10-19,2025-10-31,12,11-15d,11.701,12.431,11.552,12.664,13.644
2025-10-19,2025-11-01,13,11-15d,14.055,12.303,12.219,11.970,14.226
2025-10-20,2025-10-21,1,1-5d,8.807,9.125,8.976,9.716,9.928
2025-10-20,2025-10-22,2,1-5d,9.561,10.035,10.059,10.607,10.681
2025-10-20,2025-10-23,3,1-5d,10.225,10.939,10.482,11.337,11.563
2025-10-20,2025-10-24,4,1-5d,9.931,11.380,10.100,11.419,12.151
2025-10-20,2025-10-25,5,1-5d,8.857,10.545,9.293,10.673,11.111
2025-10-20,2025-10-26,6,6-10d,9.035,9.656,9.077,10.090,11.037
2025-10-20,2025-10-27,7,6-10d,9.416,9.087,8.956,9.683,12.152
2025-10-20,2025-10-28,8,6-10d,10.313,9.194,9.329,9.871,12.467
2025-10-20,2025-10-29,9,6-10d,12.689,10.221,10.291,11.056,13.173
2025-10-20,2025-10-30,10,6-10d,14.739,11.772,11.355,12.671,13.153
2025-10-20,2025-10-31,11,11-15d,14.512,12.756,11.711,13.126,13.644
2025-10-20,2025-11-01,12,11-15d,12.776,12.953,11.693,12.169,14.226
2025-10-20,2025-11-02,13,11-15d,9.453,12.728,11.381,11.639,14.369
2025-10-21,2025-10-22,1,1-5d,9.618,9.994,9.905,10.577,10.681
2025-10-21,2025-10-23,2,1-5d,10.456,11.011,10.643,11.504,11.563
2025-10-21,2025-10-24,3,1-5d,10.017,11.639,10.416,11.726,12.151
2025-10-21,2025-10-25,4,1-5d,8.200,10.669,9.453,10.571,11.111
2025-10-21,2025-10-26,5,1-5d,8.143,10.378,9.032,10.428,11.037
2025-10-21,2025-10-27,6,6-10d,8.742,10.451,8.931,10.603,12.152
2025-10-21,2025-10-28,7,6-10d,9.463,10.565,9.168,10.765,12.467
2025-10-21,2025-10-29,8,6-10d,10.792,11.312,10.117,11.657,13.173
2025-10-21,2025-10-30,9,6-10d,11.453,12.568,10.909,13.051,13.153
2025-10-21,2025-10-31,10,6-10d,11.275,12.928,11.585,13.273,13.644
2025-10-21,2025-11-01,11,11-15d,9.074,12.468,11.713,11.555,14.226
2025-10-21,2025-11-02,12,11-15d,7.730,12.479,11.677,11.329,14.369
2025-10-21,2025-11-03,13,11-15d,9.997,13.012,11.946,12.048,12.352
2025-10-22,2025-10-23,1,1-5d,10.780,11.105,10.916,11.688,11.563
2025-10-22,2025-10-24,2,1-5d,10.627,11.755,10.808,12.018,12.151
2025-10-22,2025-10-25,3,1-5d,9.399,11.045,9.784,11.123,11.111
2025-10-22,2025-10-26,4,1-5d,8.670,10.917,9.465,10.793,11.037
2025-10-22,2025-10-27,5,1-5d,10.158,11.639,9.401,11.542,12.152
2025-10-22,2025-10-28,6,6-10d,10.751,11.702,9.642,11.692,12.467
2025-10-22,2025-10-29,7,6-10d,10.975,12.084,10.490,12.244,13.173
2025-10-22,2025-10-30,8,6-10d,10.806,12.571,11.460,12.937,13.153
2025-10-22,2025-10-31,9,6-10d,9.392,12.592,11.733,13.050,13.644
2025-10-22,2025-11-01,10,6-10d,9.353,11.722,11.637,10.901,14.226
2025-10-22,2025-11-02,11,11-15d,8.945,11.072,11.988,10.640,14.369
2025-10-22,2025-11-03,12,11-15d,10.289,11.923,12.580,11.376,12.352
2025-10-22,2025-11-04,13,11-15d,15.952,13.147,13.127,12.893,11.314
2025-10-23,2025-10-24,1,1-5d,10.598,11.785,10.972,12.016,12.151
2025-10-23,2025-10-25,2,1-5d,10.011,11.236,10.593,11.520,11.111
2025-10-23,2025-10-26,3,1-5d,9.747,10.912,10.716,11.187,11.037
2025-10-23,2025-10-27,4,1-5d,10.819,11.637,11.139,11.966,12.152
2025-10-23,2025-10-28,5,1-5d,11.661,11.552,11.104,12.061,12.467
2025-10-23,2025-10-29,6,6-10d,12.257,12.069,11.396,12.475,13.173
2025-10-23,2025-10-30,7,6-10d,13.347,12.664,12.143,13.218,13.153
2025-10-23,2025-10-31,8,6-10d,12.731,12.674,12.969,13.391,13.644
2025-10-23,2025-11-01,9,6-10d,11.445,12.213,13.293,11.654,14.226
2025-10-23,2025-11-02,10,6-10d,10.777,11.830,12.798,11.245,14.369
2025-10-23,2025-11-03,11,11-15d,12.973,11.820,13.095,11.641,12.352
2025-10-23,2025-11-04,12,11-15d,13.694,12.406,13.952,12.329,11.314
2025-10-23,2025-11-05,13,11-15d,11.831,13.133,13.933,13.001,11.054
2025-10-24,2025-10-25,1,1-5d,10.111,11.081,10.657,11.436,11.111
2025-10-24,2025-10-26,2,1-5d,10.144,10.803,10.995,11.354,11.037
2025-10-24,2025-10-27,3,1-5d,11.367,11.854,11.950,12.347,12.152
2025-10-24,2025-10-28,4,1-5d,11.682,12.096,11.664,12.502,12.467
2025-10-24,2025-10-29,5,1-5d,12.176,12.856,11.668,13.101,13.173
2025-10-24,2025-10-30,6,6-10d,12.910,13.510,12.421,13.791,13.153
2025-10-24,2025-10-31,7,6-10d,11.396,13.419,12.849,13.692,13.644
2025-10-24,2025-11-01,8,6-10d,12.960,13.228,12.824,12.628,14.226
2025-10-24,2025-11-02,9,6-10d,12.691,12.598,12.645,11.978,14.369
2025-10-24,2025-11-03,10,6-10d,13.306,11.924,12.381,11.532,12.352
2025-10-24,2025-11-04,11,11-15d,12.585,12.213,12.412,11.726,11.314
2025-10-24,2025-11-05,12,11-15d,10.679,12.791,12.507,12.008,11.054
2025-10-24,2025-11-06,13,11-15d,10.509,12.864,12.803,12.335,12.344
2025-10-25,2025-10-26,1,1-5d,9.879,10.631,10.408,11.081,11.037
2025-10-25,2025-10-27,2,1-5d,11.603,11.719,12.203,12.450,12.152
2025-10-25,2025-10-28,3,1-5d,11.441,11.934,12.169,12.433,12.467
2025-10-25,2025-10-29,4,1-5d,12.518,13.064,12.668,13.459,13.173
2025-10-25,2025-10-30,5,1-5d,12.402,13.520,12.490,13.761,13.153
2025-10-25,2025-10-31,6,6-10d,11.250,13.554,11.708,13.608,13.644
2025-10-25,2025-11-01,7,6-10d,9.389,13.484,10.461,12.213,14.226
2025-10-25,2025-11-02,8,6-10d,8.234,12.582,9.381,11.283,14.369
2025-10-25,2025-11-03,9,6-10d,10.258,12.029,10.198,11.128,12.352
2025-10-25,2025-11-04,10,6-10d,8.607,13.439,11.048,12.141,11.314
2025-10-25,2025-11-05,11,11-15d,8.796,15.140,12.813,13.686,11.054
2025-10-25,2025-11-06,12,11-15d,11.760,16.102,14.846,14.902,12.344
2025-10-25,2025-11-07,13,11-15d,15.124,15.977,15.474,15.347,11.622
2025-10-26,2025-10-27,1,1-5d,11.426,11.817,11.700,12.391,12.152
2025-10-26,2025-10-28,2,1-5d,12.046,12.159,12.286,12.837,12.467
2025-10-26,2025-10-29,3,1-5d,13.149,13.123,13.340,13.776,13.173
2025-10-26,2025-10-30,4,1-5d,13.747,13.534,13.634,14.167,13.153
2025-10-26,2025-10-31,5,1-5d,12.451,13.325,13.128,13.799,13.644
2025-10-26,2025-11-01,6,6-10d,10.695,12.956,11.678,12.345,14.226
2025-10-26,2025-11-02,7,6-10d,9.563,12.186,10.676,11.365,14.369
2025-10-26,2025-11-03,8,6-10d,10.559,12.341,11.441,11.617,12.352
2025-10-26,2025-11-04,9,6-10d,13.016,14.364,12.449,13.476,11.314
2025-10-26,2025-11-05,10,6-10d,15.284,15.762,14.366,14.999,11.054
2025-10-26,2025-11-06,11,11-15d,14.790,15.789,15.845,15.198,12.344
2025-10-26,2025-11-07,12,11-15d,12.821,15.177,15.773,14.546,11.622
2025-10-26,2025-11-08,13,11-15d,10.201,14.639,14.823,14.104,12.022
2025-10-27,2025-10-28,1,1-5d,11.689,12.021,11.967,12.622,12.467
2025-10-27,2025-10-29,2,1-5d,12.327,12.940,12.967,13.478,13.173
2025-10-27,2025-10-30,3,1-5d,12.151,12.894,12.852,13.304,13.153
2025-10-27,2025-10-31,4,1-5d,11.608,13.158,12.377,13.306,13.644
2025-10-27,2025-11-01,5,1-5d,11.510,13.403,12.094,12.970,14.226
2025-10-27,2025-11-02,6,6-10d,11.636,13.218,11.544,12.488,14.369
2025-10-27,2025-11-03,7,6-10d,12.393,13.077,11.692,12.475,12.352
2025-10-27,2025-11-04,8,6-10d,12.114,14.632,13.111,13.753,11.314
2025-10-27,2025-11-05,9,6-10d,11.854,15.005,13.795,14.097,11.054
2025-10-27,2025-11-06,10,6-10d,10.277,14.601,13.869,13.519,12.344
2025-10-27,2025-11-07,11,11-15d,8.137,14.258,13.912,13.311,11.622
2025-10-27,2025-11-08,12,11-15d,8.818,13.555,13.929,12.641,12.022
2025-10-27,2025-11-09,13,11-15d,12.663,12.956,13.186,12.647,17.889
2025-10-28,2025-10-29,1,1-5d,12.327,12.963,13.066,13.497,13.173
2025-10-28,2025-10-30,2,1-5d,11.570,12.950,12.325,13.198,13.153
2025-10-28,2025-10-31,3,1-5d,11.318,13.290,12.153,13.276,13.644
2025-10-28,2025-11-01,4,1-5d,11.985,13.642,12.666,13.441,14.226
2025-10-28,2025-11-02,5,1-5d,12.359,13.464,12.591,13.218,14.369
2025-10-28,2025-11-03,6,6-10d,11.701,12.109,11.323,11.646,12.352
2025-10-28,2025-11-04,7,6-10d,10.382,12.333,11.784,11.772,11.314
2025-10-28,2025-11-05,8,6-10d,12.801,12.780,12.713,12.264,11.054
2025-10-28,2025-11-06,9,6-10d,14.613,12.281,12.380,11.779,12.344
2025-10-28,2025-11-07,10,6-10d,18.495,11.733,11.430,11.803,11.622
2025-10-28,2025-11-08,11,11-15d,21.043,11.471,11.880,11.497,12.022
2025-10-28,2025-11-09,12,11-15d,16.349,11.579,12.192,11.664,17.889
2025-10-28,2025-11-10,13,11-15d,12.302,11.842,11.651,11.402,24.139
2025-10-29,2025-10-30,1,1-5d,12.029,12.687,12.176,13.122,13.153
2025-10-29,2025-10-31,2,1-5d,11.883,13.203,12.156,13.403,13.644
2025-10-29,2025-11-01,3,1-5d,11.693,13.922,12.696,13.595,14.226
2025-10-29,2025-11-02,4,1-5d,11.579,14.301,12.722,13.790,14.369
2025-10-29,2025-11-03,5,1-5d,11.632,12.862,11.380,12.452,12.352
2025-10-29,2025-11-04,6,6-10d,10.628,11.518,10.578,11.009,11.314
2025-10-29,2025-11-05,7,6-10d,9.978,11.631,11.171,11.117,11.054
2025-10-29,2025-11-06,8,6-10d,9.365,12.656,11.689,11.915,12.344
2025-10-29,2025-11-07,9,6-10d,11.430,13.406,11.909,12.529,11.622
2025-10-29,2025-11-08,10,6-10d,11.052,12.559,11.751,11.751,12.022
2025-10-29,2025-11-09,11,11-15d,10.831,11.923,11.761,11.273,17.889
2025-10-29,2025-11-10,12,11-15d,11.785,11.868,11.601,11.292,24.139
2025-10-29,2025-11-11,13,11-15d,11.970,11.839,12.151,11.584,23.109
2025-10-30,2025-10-31,1,1-5d,11.995,13.384,12.383,13.526,13.644
2025-10-30,2025-11-01,2,1-5d,12.262,14.067,13.159,13.984,14.226
2025-10-30,2025-11-02,3,1-5d,11.946,14.375,12.621,13.962,14.369
2025-10-30,2025-11-03,4,1-5d,10.069,12.521,10.901,12.040,12.352
2025-10-30,2025-11-04,5,1-5d,9.757,11.564,10.592,11.223,11.314
2025-10-30,2025-11-05,6,6-10d,10.075,11.476,10.684,11.011,11.054
2025-10-30,2025-11-06,7,6-10d,10.684,12.417,11.374,11.779,12.344
2025-10-30,2025-11-07,8,6-10d,10.724,12.950,11.397,12.063,11.622
2025-10-30,2025-11-08,9,6-10d,10.441,10.948,10.573,10.256,12.022
2025-10-30,2025-11-09,10,6-10d,11.894,10.320,11.872,10.057,17.889
2025-10-30,2025-11-10,11,11-15d,13.048,11.714,12.514,11.426,24.139
2025-10-30,2025-11-11,12,11-15d,12.083,12.312,12.023,11.717,23.109
2025-10-30,2025-11-12,13,11-15d,11.757,13.301,12.607,12.560,15.855
2025-10-31,2025-11-01,1,1-5d,12.353,14.016,13.150,13.995,14.226
2025-10-31,2025-11-02,2,1-5d,11.955,14.221,12.668,13.926,14.369
2025-10-31,2025-11-03,3,1-5d,10.211,12.586,11.260,12.210,12.352
2025-10-31,2025-11-04,4,1-5d,9.909,11.820,10.617,11.525,11.314
2025-10-31,2025-11-05,5,1-5d,10.004,10.979,10.327,10.802,11.054
2025-10-31,2025-11-06,6,6-10d,11.701,12.419,11.448,11.900,12.344
2025-10-31,2025-11-07,7,6-10d,11.108,12.951,10.848,12.090,11.622
2025-10-31,2025-11-08,8,6-10d,10.401,11.216,10.213,10.466,12.022
2025-10-31,2025-11-09,9,6-10d,14.186,11.604,11.600,11.104,17.889
2025-10-31,2025-11-10,10,6-10d,14.447,13.251,12.534,12.723,24.139
2025-10-31,2025-11-11,11,11-15d,15.024,13.350,13.154,12.830,23.109
2025-10-31,2025-11-12,12,11-15d,17.031,13.812,15.180,13.893,15.855
2025-10-31,2025-11-13,13,11-15d,17.174,14.072,15.858,14.555,12.830
2025-11-01,2025-11-02,1,1-5d,12.112,14.206,12.623,13.948,14.369
2025-11-01,2025-11-03,2,1-5d,10.346,12.385,10.981,12.169,12.352
2025-11-01,2025-11-04,3,1-5d,9.303,11.701,10.078,11.303,11.314
2025-11-01,2025-11-05,4,1-5d,9.402,11.187,9.701,10.849,11.054
2025-11-01,2025-11-06,5,1-5d,10.177,12.832,10.590,12.089,12.344
2025-11-01,2025-11-07,6,6-10d,9.151,12.395,9.800,11.389,11.622
2025-11-01,2025-11-08,7,6-10d,10.893,10.459,10.007,10.155,12.022
2025-11-01,2025-11-09,8,6-10d,13.079,12.104,12.371,11.672,17.889
2025-11-01,2025-11-10,9,6-10d,13.129,15.239,12.432,14.224,24.139
2025-11-01,2025-11-11,10,6-10d,16.464,15.145,12.138,14.400,23.109
2025-11-01,2025-11-12,11,11-15d,20.586,13.779,13.830,13.515,15.855
2025-11-01,2025-11-13,12,11-15d,17.488,13.004,14.830,13.303,12.830
2025-11-01,2025-11-14,13,11-15d,14.104,12.829,14.505,13.034,11.449
2025-11-02,2025-11-03,1,1-5d,10.109,12.140,10.820,11.941,12.352
2025-11-02,2025-11-04,2,1-5d,9.248,11.598,10.183,11.303,11.314
2025-11-02,2025-11-05,3,1-5d,8.363,10.567,9.505,10.256,11.054
2025-11-02,2025-11-06,4,1-5d,9.696,12.704,11.046,12.148,12.344
2025-11-02,2025-11-07,5,1-5d,9.742,11.663,10.550,11.276,11.622
2025-11-02,2025-11-08,6,6-10d,13.606,10.639,11.007,10.522,12.022
2025-11-02,2025-11-09,7,6-10d,16.114,13.878,13.318,13.733,17.889
2025-11-02,2025-11-10,8,6-10d,18.787,17.808,14.810,16.560,24.139
2025-11-02,2025-11-11,9,6-10d,19.297,17.406,14.511,16.582,23.109
2025-11-02,2025-11-12,10,6-10d,17.131,14.476,14.075,14.125,15.855
2025-11-02,2025-11-13,11,11-15d,15.685,13.485,13.268,12.937,12.830
2025-11-02,2025-11-14,12,11-15d,12.613,13.333,12.349,12.549,11.449
2025-11-02,2025-11-15,13,11-15d,10.262,12.890,12.231,12.083,10.918
2025-11-03,2025-11-04,1,1-5d,9.772,11.521,10.299,11.421,11.314
2025-11-03,2025-11-05,2,1-5d,9.181,10.793,9.480,10.698,11.054
2025-11-03,2025-11-06,3,1-5d,10.792,12.727,11.178,12.472,12.344
2025-11-03,2025-11-07,4,1-5d,10.311,11.480,10.761,11.388,11.622
2025-11-03,2025-11-08,5,1-5d,11.440,11.466,12.862,11.895,12.022
2025-11-03,2025-11-09,6,6-10d,15.009,14.735,15.098,14.617,17.889
2025-11-03,2025-11-10,7,6-10d,21.597,18.677,16.288,18.235,24.139
2025-11-03,2025-11-11,8,6-10d,20.349,17.946,14.734,16.644,23.109
2025-11-03,2025-11-12,9,6-10d,14.866,15.109,14.685,14.425,15.855
2025-11-03,2025-11-13,10,6-10d,11.119,15.131,15.827,14.223,12.830
2025-11-03,2025-11-14,11,11-15d,9.482,15.316,15.572,14.461,11.449
2025-11-03,2025-11-15,12,11-15d,9.233,14.710,14.218,13.549,10.918
2025-11-03,2025-11-16,13,11-15d,10.772,14.633,13.867,13.727,13.829
2025-11-04,2025-11-05,1,1-5d,9.331,10.921,9.787,10.882,11.054
2025-11-04,2025-11-06,2,1-5d,11.248,13.372,12.053,13.148,12.344
2025-11-04,2025-11-07,3,1-5d,10.339,11.946,10.835,11.811,11.622
2025-11-04,2025-11-08,4,1-5d,10.830,11.926,11.677,11.939,12.022
2025-11-04,2025-11-09,5,1-5d,16.401,16.132,16.728,16.391,17.889
2025-11-04,2025-11-10,6,6-10d,21.155,20.963,20.937,20.728,24.139
2025-11-04,2025-11-11,7,6-10d,18.772,20.193,19.074,19.571,23.109
2025-11-04,2025-11-12,8,6-10d,14.672,15.676,14.963,14.999,15.855
2025-11-04,2025-11-13,9,6-10d,13.343,14.596,13.684,13.813,12.830
2025-11-04,2025-11-14,10,6-10d,13.103,14.060,13.978,13.380,11.449
2025-11-04,2025-11-15,11,11-15d,13.869,13.135,13.153,12.561,10.918
2025-11-04,2025-11-16,12,11-15d,16.960,13.470,12.605,13.131,13.829
2025-11-04,2025-11-17,13,11-15d,19.335,14.373,12.979,13.688,17.283
2025-11-05,2025-11-06,1,1-5d,11.105,12.966,11.676,12.822,12.344
2025-11-05,2025-11-07,2,1-5d,10.023,11.417,10.546,11.442,11.622
2025-11-05,2025-11-08,3,1-5d,11.311,11.668,11.657,11.963,12.022
2025-11-05,2025-11-09,4,1-5d,18.190,16.905,18.225,17.589,17.889
2025-11-05,2025-11-10,5,1-5d,22.296,22.603,22.398,22.604,24.139
2025-11-05,2025-11-11,6,6-10d,18.198,21.014,20.056,20.499,23.109
2025-11-05,2025-11-12,7,6-10d,12.733,15.155,16.349,14.895,15.855
2025-11-05,2025-11-13,8,6-10d,13.145,13.671,14.909,13.482,12.830
2025-11-05,2025-11-14,9,6-10d,12.750,13.896,14.721,13.292,11.449
2025-11-05,2025-11-15,10,6-10d,10.395,13.316,13.594,12.476,10.918
2025-11-05,2025-11-16,11,11-15d,11.015,13.466,13.025,12.641,13.829
2025-11-05,2025-11-17,12,11-15d,15.167,14.007,13.913,13.589,17.283
2025-11-05,2025-11-18,13,11-15d,12.121,14.213,14.634,13.811,16.971
2025-11-06,2025-11-07,1,1-5d,10.259,11.371,10.720,11.548,11.622
2025-11-06,2025-11-08,2,1-5d,10.779,12.227,11.553,12.269,12.022
2025-11-06,2025-11-09,3,1-5d,16.358,17.119,17.935,17.335,17.889
2025-11-06,2025-11-10,4,1-5d,21.521,22.589,23.091,22.756,24.139
2025-11-06,2025-11-11,5,1-5d,18.844,21.442,20.510,21.032,23.109
2025-11-06,2025-11-12,6,6-10d,12.303,15.213,14.924,14.899,15.855
2025-11-06,2025-11-13,7,6-10d,11.876,14.471,13.808,13.822,12.830
2025-11-06,2025-11-14,8,6-10d,13.162,15.535,14.312,14.730,11.449
2025-11-06,2025-11-15,9,6-10d,11.542,14.219,13.112,13.345,10.918
2025-11-06,2025-11-16,10,6-10d,12.343,13.504,12.834,12.745,13.829
2025-11-06,2025-11-17,11,11-15d,19.739,13.983,13.819,13.624,17.283
2025-11-06,2025-11-18,12,11-15d,20.925,13.574,14.430,13.966,16.971
2025-11-06,2025-11-19,13,11-15d,17.593,13.408,14.876,13.686,16.177
2025-11-07,2025-11-08,1,1-5d,11.187,12.236,11.615,12.436,12.022
2025-11-07,2025-11-09,2,1-5d,16.701,17.242,17.403,17.636,17.889
2025-11-07,2025-11-10,3,1-5d,22.032,22.579,22.710,22.824,24.139
2025-11-07,2025-11-11,4,1-5d,18.642,20.882,19.437,20.484,23.109
2025-11-07,2025-11-12,5,1-5d,12.114,14.622,14.034,14.307,15.855
2025-11-07,2025-11-13,6,6-10d,12.732,14.318,14.190,14.052,12.830
2025-11-07,2025-11-14,7,6-10d,13.453,14.708,14.381,14.261,11.449
2025-11-07,2025-11-15,8,6-10d,12.482,13.805,13.360,13.195,10.918
2025-11-07,2025-11-16,9,6-10d,12.797,13.760,13.142,13.021,13.829
2025-11-07,2025-11-17,10,6-10d,16.357,15.149,14.055,14.584,17.283
2025-11-07,2025-11-18,11,11-15d,17.842,15.324,14.549,14.681,16.971
2025-11-07,2025-11-19,12,11-15d,16.456,15.182,14.647,14.688,16.177
2025-11-07,2025-11-20,13,11-15d,12.997,15.644,15.507,15.018,15.636
2025-11-08,2025-11-09,1,1-5d,16.945,17.136,17.599,17.756,17.889
2025-11-08,2025-11-10,2,1-5d,22.752,22.870,23.571,23.450,24.139
2025-11-08,2025-11-11,3,1-5d,20.170,22.256,21.211,21.981,23.109
2025-11-08,2025-11-12,4,1-5d,13.604,15.557,14.542,15.288,15.855
2025-11-08,2025-11-13,5,1-5d,12.958,14.199,13.470,13.976,12.830
2025-11-08,2025-11-14,6,6-10d,13.759,13.864,13.595,13.556,11.449
2025-11-08,2025-11-15,7,6-10d,12.862,12.231,12.011,11.994,10.918
2025-11-08,2025-11-16,8,6-10d,10.620,12.388,11.111,11.570,13.829
2025-11-08,2025-11-17,9,6-10d,11.717,14.050,12.645,13.164,17.283
2025-11-08,2025-11-18,10,6-10d,12.486,14.676,13.932,13.807,16.971
2025-11-08,2025-11-19,11,11-15d,12.545,14.941,13.897,13.998,16.177
2025-11-08,2025-11-20,12,11-15d,12.429,16.102,14.386,14.877,15.636
2025-11-08,2025-11-21,13,11-15d,12.794,17.125,15.690,15.961,14.749
2025-11-09,2025-11-10,1,1-5d,23.127,23.236,23.759,23.890,24.139
2025-11-09,2025-11-11,2,1-5d,20.755,21.957,21.765,22.132,23.109
2025-11-09,2025-11-12,3,1-5d,13.777,15.020,14.739,15.036,15.855
2025-11-09,2025-11-13,4,1-5d,12.404,13.993,13.364,13.856,12.830
2025-11-09,2025-11-14,5,1-5d,12.108,14.069,12.275,13.507,11.449
2025-11-09,2025-11-15,6,6-10d,12.870,13.596,11.156,12.637,10.918
2025-11-09,2025-11-16,7,6-10d,14.621,13.684,12.333,13.251,13.829
2025-11-09,2025-11-17,8,6-10d,16.035,15.048,14.880,14.507,17.283
2025-11-09,2025-11-18,9,6-10d,17.306,15.219,16.188,14.791,16.971
2025-11-09,2025-11-19,10,6-10d,17.015,14.902,16.154,14.662,16.177
2025-11-09,2025-11-20,11,11-15d,17.886,15.627,16.700,15.340,15.636
2025-11-09,2025-11-21,12,11-15d,20.446,16.658,17.419,16.674,14.749
2025-11-09,2025-11-22,13,11-15d,21.689,17.294,17.913,17.285,15.190
2025-11-10,2025-11-11,1,1-5d,21.304,22.409,22.194,22.653,23.109
2025-11-10,2025-11-12,2,1-5d,14.297,15.384,15.151,15.582,15.855
2025-11-10,2025-11-13,3,1-5d,12.629,13.830,13.621,13.862,12.830
2025-11-10,2025-11-14,4,1-5d,12.032,12.978,12.973,13.062,11.449
2025-11-10,2025-11-15,5,1-5d,11.587,14.204,11.839,13.434,10.918
2025-11-10,2025-11-16,6,6-10d,12.129,16.594,12.369,15.099,13.829
2025-11-10,2025-11-17,7,6-10d,14.077,17.371,14.612,16.233,17.283
2025-11-10,2025-11-18,8,6-10d,16.427,17.143,16.060,16.373,16.971
2025-11-10,2025-11-19,9,6-10d,16.602,17.273,16.923,16.575,16.177
2025-11-10,2025-11-20,10,6-10d,18.028,17.355,18.086,16.919,15.636
2025-11-10,2025-11-21,11,11-15d,17.299,17.199,18.961,16.942,14.749
2025-11-10,2025-11-22,12,11-15d,15.396,16.773,18.873,16.541,15.190
2025-11-11,2025-11-12,1,1-5d,14.254,15.595,14.980,15.708,15.855
2025-11-11,2025-11-13,2,1-5d,11.941,14.017,12.713,13.807,12.830
2025-11-11,2025-11-14,3,1-5d,11.466,13.396,11.770,13.139,11.449
2025-11-11,2025-11-15,4,1-5d,11.162,13.246,10.783,12.668,10.918
2025-11-11,2025-11-16,5,1-5d,10.010,14.197,10.517,12.941,13.829
2025-11-11,2025-11-17,6,6-10d,12.080,16.560,12.797,15.204,17.283
2025-11-11,2025-11-18,7,6-10d,13.481,16.714,14.864,15.764,16.971
2025-11-11,2025-11-19,8,6-10d,14.293,16.318,14.820,15.445,16.177
2025-11-11,2025-11-20,9,6-10d,16.763,16.619,14.778,15.813,15.636
2025-11-11,2025-11-21,10,6-10d,16.863,16.919,15.431,16.189,14.749
2025-11-11,2025-11-22,11,11-15d,16.160,16.527,15.812,15.751,15.190
2025-11-11,2025-11-23,12,11-15d,13.742,15.650,16.154,15.045,16.063
2025-11-11,2025-11-24,13,11-15d,13.313,15.954,16.896,15.706,15.537
2025-11-12,2025-11-13,1,1-5d,11.933,13.710,12.469,13.599,12.830
2025-11-12,2025-11-14,2,1-5d,10.749,13.093,11.307,12.744,11.449
2025-11-12,2025-11-15,3,1-5d,10.186,12.326,10.553,11.998,10.918
2025-11-12,2025-11-16,4,1-5d,12.404,13.514,13.152,13.502,13.829
2025-11-12,2025-11-17,5,1-5d,15.907,16.158,16.879,16.396,17.283
2025-11-12,2025-11-18,6,6-10d,17.500,15.693,17.720,16.074,16.971
2025-11-12,2025-11-19,7,6-10d,17.853,14.695,17.423,15.300,16.177
2025-11-12,2025-11-20,8,6-10d,17.287,15.270,16.126,14.985,15.636
2025-11-12,2025-11-21,9,6-10d,15.261,16.145,15.452,15.403,14.749
2025-11-12,2025-11-22,10,6-10d,12.628,16.532,15.283,15.441,15.190
2025-11-12,2025-11-23,11,11-15d,11.348,16.886,15.227,15.663,16.063
2025-11-12,2025-11-24,12,11-15d,12.853,17.824,15.874,16.422,15.537
2025-11-12,2025-11-25,13,11-15d,19.407,18.792,16.687,17.641,14.887
2025-11-13,2025-11-14,1,1-5d,10.673,12.426,11.135,12.314,11.449
2025-11-13,2025-11-15,2,1-5d,9.533,11.837,9.943,11.482,10.918
2025-11-13,2025-11-16,3,1-5d,11.784,14.042,12.504,13.691,13.829
2025-11-13,2025-11-17,4,1-5d,15.876,16.739,16.504,16.789,17.283
2025-11-13,2025-11-18,5,1-5d,16.301,16.631,17.590,16.921,16.971
2025-11-13,2025-11-19,6,6-10d,14.655,15.541,17.140,15.793,16.177
2025-11-13,2025-11-20,7,6-10d,13.277,14.455,15.897,14.369,15.636
2025-11-13,2025-11-21,8,6-10d,12.214,13.874,14.688,13.579,14.749
2025-11-13,2025-11-22,9,6-10d,14.384,13.846,14.898,13.349,15.190
2025-11-13,2025-11-23,10,6-10d,13.845,14.366,15.755,13.877,16.063
2025-11-13,2025-11-24,11,11-15d,13.044,15.752,16.728,15.198,15.537
2025-11-13,2025-11-25,12,11-15d,12.179,17.307,17.723,16.363,14.887
2025-11-13,2025-11-26,13,11-15d,12.861,18.206,18.581,17.625,18.335
2025-11-14,2025-11-15,1,1-5d,9.622,11.121,9.896,11.096,10.918
2025-11-14,2025-11-16,2,1-5d,12.600,13.619,13.089,13.789,13.829
2025-11-14,2025-11-17,3,1-5d,16.144,16.398,16.802,16.745,17.283
2025-11-14,2025-11-18,4,1-5d,16.954,16.526,17.123,16.936,16.971
2025-11-14,2025-11-19,5,1-5d,16.148,15.404,16.267,15.777,16.177
2025-11-14,2025-11-20,6,6-10d,15.155,14.165,14.791,14.125,15.636
2025-11-14,2025-11-21,7,6-10d,12.617,13.256,13.407,12.966,14.749
2025-11-14,2025-11-22,8,6-10d,10.189,13.486,13.752,13.054,15.190
2025-11-14,2025-11-23,9,6-10d,11.010,13.979,14.948,13.298,16.063
2025-11-14,2025-11-24,10,6-10d,12.973,14.789,16.164,14.169,15.537
2025-11-14,2025-11-25,11,11-15d,12.817,15.523,16.571,14.983,14.887
2025-11-14,2025-11-26,12,11-15d,13.815,16.226,16.720,15.569,18.335
2025-11-14,2025-11-27,13,11-15d,14.500,17.598,17.711,17.037,23.057
2025-11-15,2025-11-16,1,1-5d,12.749,13.991,13.406,14.139,13.829
2025-11-15,2025-11-17,2,1-5d,15.869,16.632,16.570,16.937,17.283
2025-11-15,2025-11-18,3,1-5d,15.701,16.535,15.636,16.643,16.971
2025-11-15,2025-11-19,4,1-5d,14.219,15.301,14.608,15.227,16.177
2025-11-15,2025-11-20,5,1-5d,13.805,14.016,13.707,14.001,15.636
2025-11-15,2025-11-21,6,6-10d,12.160,13.413,13.012,13.065,14.749
2025-11-15,2025-11-22,7,6-10d,10.588,14.712,13.123,13.725,15.190
2025-11-15,2025-11-23,8,6-10d,11.157,15.631,13.590,14.622,16.063
2025-11-15,2025-11-24,9,6-10d,11.174,15.586,14.293,14.607,15.537
2025-11-15,2025-11-25,10,6-10d,13.946,16.096,15.592,15.255,14.887
2025-11-15,2025-11-26,11,11-15d,15.646,16.523,16.723,15.905,18.335
2025-11-15,2025-11-27,12,11-15d,15.754,17.425,18.346,16.927,23.057
2025-11-15,2025-11-28,13,11-15d,17.246,19.397,20.826,19.344,26.429
2025-11-16,2025-11-17,1,1-5d,15.670,16.981,16.614,17.141,17.283
2025-11-16,2025-11-18,2,1-5d,15.676,16.791,16.072,16.909,16.971
2025-11-16,2025-11-19,3,1-5d,13.826,14.872,14.539,14.945,16.177
2025-11-16,2025-11-20,4,1-5d,11.958,13.167,12.600,13.099,15.636
2025-11-16,2025-11-21,5,1-5d,10.346,12.454,11.727,12.145,14.749
2025-11-16,2025-11-22,6,6-10d,9.951,14.173,12.937,13.575,15.190
2025-11-16,2025-11-23,7,6-10d,10.945,14.362,14.112,13.714,16.063
2025-11-16,2025-11-24,8,6-10d,11.234,13.906,14.393,13.529,15.537
2025-11-16,2025-11-25,9,6-10d,11.996,15.282,14.794,14.440,14.887
2025-11-16,2025-11-26,10,6-10d,11.579,16.322,15.146,15.154,18.335
2025-11-16,2025-11-27,11,11-15d,11.476,17.008,16.072,15.930,23.057
2025-11-16,2025-11-28,12,11-15d,13.455,17.959,18.279,17.058,26.429
2025-11-16,2025-11-29,13,11-15d,18.140,19.870,20.950,19.716,25.784
2025-11-17,2025-11-18,1,1-5d,15.541,16.626,16.202,16.845,16.971
2025-11-17,2025-11-19,2,1-5d,13.834,15.156,14.415,15.219,16.177
2025-11-17,2025-11-20,3,1-5d,12.403,14.204,13.158,14.014,15.636
2025-11-17,2025-11-21,4,1-5d,12.226,13.861,12.284,13.527,14.749
2025-11-17,2025-11-22,5,1-5d,14.009,15.312,14.110,14.964,15.190
2025-11-17,2025-11-23,6,6-10d,14.253,15.341,14.940,14.993,16.063
2025-11-17,2025-11-24,7,6-10d,12.963,14.390,14.491,14.011,15.537
2025-11-17,2025-11-25,8,6-10d,12.656,14.719,14.419,14.145,14.887
2025-11-17,2025-11-26,9,6-10d,12.019,15.754,14.842,14.847,18.335
2025-11-17,2025-11-27,10,6-10d,15.003,17.841,17.351,16.932,23.057
2025-11-17,2025-11-28,11,11-15d,22.524,20.296,21.235,19.981,26.429
2025-11-17,2025-11-29,12,11-15d,23.326,22.302,23.283,22.086,25.784
2025-11-17,2025-11-30,13,11-15d,22.601,23.426,22.574,22.641,28.016
2025-11-18,2025-11-19,1,1-5d,14.179,15.221,14.450,15.401,16.177
2025-11-18,2025-11-20,2,1-5d,12.553,14.436,13.335,14.305,15.636
2025-11-18,2025-11-21,3,1-5d,12.119,13.829,12.484,13.652,14.749
2025-11-18,2025-11-22,4,1-5d,12.841,15.177,13.666,14.751,15.190
2025-11-18,2025-11-23,5,1-5d,12.810,14.874,14.127,14.564,16.063
2025-11-18,2025-11-24,6,6-10d,14.323,13.814,13.892,13.610,15.537
2025-11-18,2025-11-25,7,6-10d,15.044,15.085,14.355,14.678,14.887
2025-11-18,2025-11-26,8,6-10d,13.773,16.746,15.646,15.972,18.335
2025-11-18,2025-11-27,9,6-10d,15.468,18.771,18.359,17.936,23.057
2025-11-18,2025-11-28,10,6-10d,17.962,21.243,21.346,20.349,26.429
2025-11-18,2025-11-29,11,11-15d,22.151,22.959,22.366,22.186,25.784
2025-11-18,2025-11-30,12,11-15d,23.015,22.718,21.505,21.990,28.016
2025-11-18,2025-12-01,13,11-15d,21.988,21.382,21.202,20.904,30.074
2025-11-19,2025-11-20,1,1-5d,13.100,14.722,13.448,14.652,15.636
2025-11-19,2025-11-21,2,1-5d,11.689,13.798,12.001,13.506,14.749
2025-11-19,2025-11-22,3,1-5d,12.389,15.436,12.795,14.793,15.190
2025-11-19,2025-11-23,4,1-5d,12.744,15.329,13.789,14.860,16.063
2025-11-19,2025-11-24,5,1-5d,11.952,14.183,13.414,13.851,15.537
2025-11-19,2025-11-25,6,6-10d,12.142,14.863,14.040,14.389,14.887
2025-11-19,2025-11-26,7,6-10d,14.890,16.372,15.808,15.854,18.335
2025-11-19,2025-11-27,8,6-10d,20.399,20.385,19.471,19.658,23.057
2025-11-19,2025-11-28,9,6-10d,26.218,23.705,22.509,23.082,26.429
2025-11-19,2025-11-29,10,6-10d,28.517,25.077,24.102,24.747,25.784
2025-11-19,2025-11-30,11,11-15d,27.181,24.237,24.205,23.764,28.016
2025-11-19,2025-12-01,12,11-15d,26.787,22.431,24.160,22.698,30.074
2025-11-19,2025-12-02,13,11-15d,26.329,21.502,24.429,22.323,30.132
2025-11-20,2025-11-21,1,1-5d,11.933,14.054,12.541,13.799,14.749
2025-11-20,2025-11-22,2,1-5d,12.886,15.821,13.642,15.265,15.190
2025-11-20,2025-11-23,3,1-5d,13.012,16.185,14.050,15.529,16.063
2025-11-20,2025-11-24,4,1-5d,11.954,15.022,13.066,14.397,15.537
2025-11-20,2025-11-25,5,1-5d,11.133,14.643,12.709,13.892,14.887
2025-11-20,2025-11-26,6,6-10d,13.320,16.355,14.641,15.613,18.335
2025-11-20,2025-11-27,7,6-10d,18.131,20.440,19.936,19.852,23.057
2025-11-20,2025-11-28,8,6-10d,21.473,22.653,23.868,22.458,26.429
2025-11-20,2025-11-29,9,6-10d,25.785,24.235,25.245,23.785,25.784
2025-11-20,2025-11-30,10,6-10d,26.572,24.232,25.528,24.020,28.016
2025-11-20,2025-12-01,11,11-15d,22.714,23.092,24.122,22.665,30.074
2025-11-20,2025-12-02,12,11-15d,17.568,22.090,22.407,21.186,30.132
2025-11-20,2025-12-03,13,11-15d,16.957,22.459,22.053,21.597,29.599
2025-11-21,2025-11-22,1,1-5d,12.785,15.284,13.875,14.931,15.190
2025-11-21,2025-11-23,2,1-5d,12.624,16.019,14.147,15.394,16.063
2025-11-21,2025-11-24,3,1-5d,13.372,14.755,14.170,14.714,15.537
2025-11-21,2025-11-25,4,1-5d,13.106,14.342,13.957,14.306,14.887
2025-11-21,2025-11-26,5,1-5d,14.168,17.078,16.130,16.633,18.335
2025-11-21,2025-11-27,6,6-10d,18.580,21.058,21.060,20.831,23.057
2025-11-21,2025-11-28,7,6-10d,21.628,22.694,23.304,22.453,26.429
2025-11-21,2025-11-29,8,6-10d,21.103,24.371,23.006,23.531,25.784
2025-11-21,2025-11-30,9,6-10d,18.914,24.022,21.633,22.899,28.016
2025-11-21,2025-12-01,10,6-10d,16.918,22.327,20.928,21.070,30.074
2025-11-21,2025-12-02,11,11-15d,14.923,21.622,21.261,20.601,30.132
2025-11-21,2025-12-03,12,11-15d,19.479,22.697,22.666,21.854,29.599
2025-11-21,2025-12-04,13,11-15d,26.341,24.719,25.390,24.590,32.301
2025-11-22,2025-11-23,1,1-5d,13.085,15.881,14.072,15.379,16.063
2025-11-22,2025-11-24,2,1-5d,13.286,15.098,14.268,15.025,15.537
2025-11-22,2025-11-25,3,1-5d,12.601,14.319,13.814,14.181,14.887
2025-11-22,2025-11-26,4,1-5d,15.367,17.484,16.220,17.141,18.335
2025-11-22,2025-11-27,5,1-5d,21.048,22.177,21.595,22.002,23.057
2025-11-22,2025-11-28,6,6-10d,22.960,23.577,23.552,23.342,26.429
2025-11-22,2025-11-29,7,6-10d,22.994,23.103,23.107,22.836,25.784
2025-11-22,2025-11-30,8,6-10d,21.699,21.303,21.245,20.790,28.016
2025-11-22,2025-12-01,9,6-10d,18.312,20.764,19.703,19.906,30.074
2025-11-22,2025-12-02,10,6-10d,16.854,22.864,20.297,21.430,30.132
2025-11-22,2025-12-03,11,11-15d,23.364,26.310,23.081,24.903,29.599
2025-11-22,2025-12-04,12,11-15d,26.990,28.467,25.502,27.212,32.301
2025-11-22,2025-12-05,13,11-15d,24.623,28.250,25.326,26.600,31.292
2025-11-23,2025-11-24,1,1-5d,13.034,15.147,13.570,14.885,15.537
2025-11-23,2025-11-25,2,1-5d,12.383,14.098,12.788,13.977,14.887
2025-11-23,2025-11-26,3,1-5d,14.851,16.999,15.690,16.692,18.335
2025-11-23,2025-11-27,4,1-5d,20.655,22.564,21.683,22.328,23.057
2025-11-23,2025-11-28,5,1-5d,21.202,23.963,22.777,23.473,26.429
2025-11-23,2025-11-29,6,6-10d,20.927,23.738,22.078,23.013,25.784
2025-11-23,2025-11-30,7,6-10d,21.173,22.654,20.733,21.865,28.016
2025-11-23,2025-12-01,8,6-10d,19.978,21.458,20.586,20.741,30.074
2025-11-23,2025-12-02,9,6-10d,20.117,21.236,23.072,20.735,30.132
2025-11-23,2025-12-03,10,6-10d,24.583,21.813,25.674,21.900,29.599
2025-11-23,2025-12-04,11,11-15d,29.506,24.440,27.040,24.599,32.301
2025-11-23,2025-12-05,12,11-15d,27.340,25.761,26.453,25.543,31.292
2025-11-23,2025-12-06,13,11-15d,24.920,25.407,24.557,24.640,27.090
2025-11-24,2025-11-25,1,1-5d,12.814,14.108,12.989,14.160,14.887
2025-11-24,2025-11-26,2,1-5d,15.524,17.421,16.111,17.255,18.335
2025-11-24,2025-11-27,3,1-5d,21.793,23.178,22.595,23.136,23.057
2025-11-24,2025-11-28,4,1-5d,24.232,24.875,24.645,24.959,26.429
2025-11-24,2025-11-29,5,1-5d,23.251,24.404,23.761,24.211,25.784
2025-11-24,2025-11-30,6,6-10d,20.298,23.871,22.316,23.177,28.016
2025-11-24,2025-12-01,7,6-10d,15.878,23.579,21.185,22.074,30.074
2025-11-24,2025-12-02,8,6-10d,16.703,24.199,22.643,23.311,30.132
2025-11-24,2025-12-03,9,6-10d,21.274,24.885,24.573,24.044,29.599
2025-11-24,2025-12-04,10,6-10d,26.685,26.921,26.279,26.257,32.301
2025-11-24,2025-12-05,11,11-15d,28.737,28.569,28.186,27.887,31.292
2025-11-24,2025-12-06,12,11-15d,21.675,27.174,28.181,26.311,27.090
2025-11-24,2025-12-07,13,11-15d,21.466,25.152,26.052,24.837,27.339
2025-11-25,2025-11-26,1,1-5d,15.984,17.519,16.614,17.531,18.335
2025-11-25,2025-11-27,2,1-5d,21.933,23.286,22.826,23.383,23.057
2025-11-25,2025-11-28,3,1-5d,24.351,25.139,25.124,25.305,26.429
2025-11-25,2025-11-29,4,1-5d,23.675,24.613,24.498,24.676,25.784
2025-11-25,2025-11-30,5,1-5d,22.676,25.280,24.121,24.813,28.016
2025-11-25,2025-12-01,6,6-10d,23.084,26.520,24.448,25.671,30.074
2025-11-25,2025-12-02,7,6-10d,25.864,26.354,26.401,26.058,30.132
2025-11-25,2025-12-03,8,6-10d,30.294,25.572,28.455,25.794,29.599
2025-11-25,2025-12-04,9,6-10d,32.394,27.021,29.114,26.870,32.301
2025-11-25,2025-12-05,10,6-10d,28.224,27.397,27.669,26.931,31.292
2025-11-25,2025-12-06,11,11-15d,21.796,24.703,24.569,23.917,27.090
2025-11-25,2025-12-07,12,11-15d,18.982,23.617,23.070,22.529,27.339
2025-11-25,2025-12-08,13,11-15d,21.095,24.097,22.803,23.049,30.454
2025-11-26,2025-11-27,1,1-5d,22.180,23.551,23.146,23.687,23.057
2025-11-26,2025-11-28,2,1-5d,24.749,25.689,25.683,25.958,26.429
2025-11-26,2025-11-29,3,1-5d,23.832,25.095,24.558,25.092,25.784
2025-11-26,2025-11-30,4,1-5d,26.025,26.306,24.900,26.210,28.016
2025-11-26,2025-12-01,5,1-5d,29.348,28.658,26.406,28.247,30.074
2025-11-26,2025-12-02,6,6-10d,30.625,28.987,27.147,28.208,30.132
2025-11-26,2025-12-03,7,6-10d,29.960,28.969,27.350,28.488,29.599
2025-11-26,2025-12-04,8,6-10d,27.581,27.745,27.013,27.063,32.301
2025-11-26,2025-12-05,9,6-10d,23.845,25.350,27.676,24.878,31.292
2025-11-26,2025-12-06,10,6-10d,23.028,25.698,25.232,24.808,27.090
2025-11-26,2025-12-07,11,11-15d,24.950,26.950,23.984,25.643,27.339
2025-11-26,2025-12-08,12,11-15d,24.728,26.052,24.748,25.144,30.454
2025-11-26,2025-12-09,13,11-15d,22.156,25.877,24.828,24.879,27.540
2025-11-27,2025-11-28,1,1-5d,24.681,25.930,25.541,26.105,26.429
2025-11-27,2025-11-29,2,1-5d,23.692,25.130,24.589,25.194,25.784
2025-11-27,2025-11-30,3,1-5d,25.983,26.608,26.104,26.798,28.016
2025-11-27,2025-12-01,4,1-5d,27.945,29.378,28.118,29.138,30.074
2025-11-27,2025-12-02,5,1-5d,28.213,28.670,27.637,28.449,30.132
2025-11-27,2025-12-03,6,6-10d,28.464,28.029,28.166,27.843,29.599
2025-11-27,2025-12-04,7,6-10d,26.276,26.840,27.756,26.710,32.301
2025-11-27,2025-12-05,8,6-10d,24.678,23.720,27.693,24.214,31.292
2025-11-27,2025-12-06,9,6-10d,24.102,24.077,25.414,23.583,27.090
2025-11-27,2025-12-07,10,6-10d,29.760,24.476,24.219,24.403,27.339
2025-11-27,2025-12-08,11,11-15d,29.368,25.041,23.915,24.418,30.454
2025-11-27,2025-12-09,12,11-15d,23.902,27.564,24.897,26.150,27.540
2025-11-27,2025-12-10,13,11-15d,19.314,27.359,25.337,25.804,23.289
2025-11-28,2025-11-29,1,1-5d,23.728,24.975,24.503,25.138,25.784
2025-11-28,2025-11-30,2,1-5d,25.871,26.605,26.581,26.923,28.016
2025-11-28,2025-12-01,3,1-5d,27.896,30.184,28.886,29.836,30.074
2025-11-28,2025-12-02,4,1-5d,28.081,29.624,27.205,29.136,30.132
2025-11-28,2025-12-03,5,1-5d,27.173,28.267,27.453,28.037,29.599
2025-11-28,2025-12-04,6,6-10d,27.928,27.884,27.485,27.537,32.301
2025-11-28,2025-12-05,7,6-10d,28.663,26.442,27.047,26.529,31.292
2025-11-28,2025-12-06,8,6-10d,23.974,28.652,24.401,27.090,27.090
2025-11-28,2025-12-07,9,6-10d,23.831,29.068,22.949,27.565,27.339
2025-11-28,2025-12-08,10,6-10d,19.401,28.538,21.740,26.368,30.454
2025-11-28,2025-12-09,11,11-15d,18.321,29.235,22.670,26.762,27.540
2025-11-28,2025-12-10,12,11-15d,18.761,29.052,23.546,26.407,23.289
2025-11-28,2025-12-11,13,11-15d,15.705,27.933,23.763,25.417,26.156
2025-11-29,2025-11-30,1,1-5d,26.269,26.666,26.602,27.145,28.016
2025-11-29,2025-12-01,2,1-5d,27.955,29.754,28.768,29.661,30.074
2025-11-29,2025-12-02,3,1-5d,27.115,28.984,27.591,28.757,30.132
2025-11-29,2025-12-03,4,1-5d,27.079,28.617,27.587,28.407,29.599
2025-11-29,2025-12-04,5,1-5d,26.866,29.244,28.162,28.819,32.301
2025-11-29,2025-12-05,6,6-10d,29.150,25.799,28.563,26.401,31.292
2025-11-29,2025-12-06,7,6-10d,25.421,25.304,25.537,25.106,27.090
2025-11-29,2025-12-07,8,6-10d,22.558,27.010,24.144,25.795,27.339
2025-11-29,2025-12-08,9,6-10d,22.498,29.084,24.255,27.643,30.454
2025-11-29,2025-12-09,10,6-10d,21.126,29.576,24.259,27.623,27.540
2025-11-29,2025-12-10,11,11-15d,21.886,27.980,24.059,26.277,23.289
2025-11-29,2025-12-11,12,11-15d,21.267,27.604,24.073,25.749,26.156
2025-11-29,2025-12-12,13,11-15d,21.891,28.602,23.377,25.992,26.397
2025-11-30,2025-12-01,1,1-5d,28.731,29.980,28.989,30.065,30.074
2025-11-30,2025-12-02,2,1-5d,28.356,29.498,28.815,29.615,30.132
2025-11-30,2025-12-03,3,1-5d,26.990,28.426,28.309,28.392,29.599
2025-11-30,2025-12-04,4,1-5d,29.467,30.776,30.446,30.741,32.301
2025-11-30,2025-12-05,5,1-5d,30.175,30.388,29.784,30.299,31.292
2025-11-30,2025-12-06,6,6-10d,24.904,27.292,25.080,26.401,27.090
2025-11-30,2025-12-07,7,6-10d,22.235,28.973,24.263,27.101,27.339
2025-11-30,2025-12-08,8,6-10d,26.100,30.550,25.387,28.760,30.454
2025-11-30,2025-12-09,9,6-10d,25.134,28.945,24.539,27.685,27.540
2025-11-30,2025-12-10,10,6-10d,18.859,26.648,22.131,24.841,23.289
2025-11-30,2025-12-11,11,11-15d,16.640,26.528,21.017,24.317,26.156
2025-11-30,2025-12-12,12,11-15d,17.827,27.850,21.727,25.108,26.397
2025-11-30,2025-12-13,13,11-15d,18.594,28.092,22.642,25.264,27.635
2025-12-01,2025-12-02,1,1-5d,28.465,29.439,28.710,29.688,30.132
2025-12-01,2025-12-03,2,1-5d,27.695,28.839,28.434,29.024,29.599
2025-12-01,2025-12-04,3,1-5d,30.518,32.308,31.650,32.231,32.301
2025-12-01,2025-12-05,4,1-5d,29.235,32.279,30.427,31.705,31.292
2025-12-01,2025-12-06,5,1-5d,23.404,27.075,24.785,26.298,27.090
2025-12-01,2025-12-07,6,6-10d,23.530,27.623,24.528,26.587,27.339
2025-12-01,2025-12-08,7,6-10d,27.751,29.723,25.609,28.735,30.454
2025-12-01,2025-12-09,8,6-10d,24.927,28.365,23.671,26.956,27.540
2025-12-01,2025-12-10,9,6-10d,22.074,25.813,22.441,24.825,23.289
2025-12-01,2025-12-11,10,6-10d,25.505,24.972,23.314,24.426,26.156
2025-12-01,2025-12-12,11,11-15d,28.180,25.645,24.638,25.368,26.397
2025-12-01,2025-12-13,12,11-15d,26.533,26.078,25.525,25.712,27.635
2025-12-01,2025-12-14,13,11-15d,23.843,25.925,26.403,25.792,35.348
2025-12-02,2025-12-03,1,1-5d,27.877,28.990,28.476,29.212,29.599
2025-12-02,2025-12-04,2,1-5d,30.286,32.773,31.046,32.424,32.301
2025-12-02,2025-12-05,3,1-5d,28.811,32.131,29.770,31.416,31.292
2025-12-02,2025-12-06,4,1-5d,24.417,27.507,25.426,26.869,27.090
2025-12-02,2025-12-07,5,1-5d,26.037,28.554,25.582,27.722,27.339
2025-12-02,2025-12-08,6,6-10d,29.091,30.549,28.927,29.955,30.454
2025-12-02,2025-12-09,7,6-10d,24.849,28.069,27.579,27.438,27.540
2025-12-02,2025-12-10,8,6-10d,19.699,25.848,24.712,25.015,23.289
2025-12-02,2025-12-11,9,6-10d,20.053,26.270,24.303,25.299,26.156
2025-12-02,2025-12-12,10,6-10d,25.705,27.094,24.747,26.253,26.397
2025-12-02,2025-12-13,11,11-15d,26.750,25.800,24.889,25.383,27.635
2025-12-02,2025-12-14,12,11-15d,23.395,24.621,24.497,24.194,35.348
2025-12-02,2025-12-15,13,11-15d,20.512,24.813,24.104,24.094,34.838
2025-12-03,2025-12-04,1,1-5d,30.840,32.708,31.559,32.602,32.301
2025-12-03,2025-12-05,2,1-5d,29.653,31.856,30.299,31.603,31.292
2025-12-03,2025-12-06,3,1-5d,25.142,27.066,25.738,26.855,27.090
2025-12-03,2025-12-07,4,1-5d,26.626,27.463,26.904,27.543,27.339
2025-12-03,2025-12-08,5,1-5d,30.179,31.310,29.021,30.788,30.454
2025-12-03,2025-12-09,6,6-10d,27.442,28.692,26.173,27.828,27.540
2025-12-03,2025-12-10,7,6-10d,22.687,23.810,22.232,23.330,23.289
2025-12-03,2025-12-11,8,6-10d,19.440,24.771,22.661,23.785,26.156
2025-12-03,2025-12-12,9,6-10d,19.581,28.271,25.400,27.086,26.397
2025-12-03,2025-12-13,10,6-10d,21.962,29.405,26.347,27.852,27.635
2025-12-03,2025-12-14,11,11-15d,19.629,27.800,25.522,26.198,35.348
2025-12-03,2025-12-15,12,11-15d,17.184,26.017,24.710,24.533,34.838
2025-12-03,2025-12-16,13,11-15d,19.987,25.397,24.232,24.440,27.558
2025-12-04,2025-12-05,1,1-5d,30.892,31.511,31.059,31.912,31.292
2025-12-04,2025-12-06,2,1-5d,25.733,26.154,26.089,26.571,27.090
2025-12-04,2025-12-07,3,1-5d,26.417,27.592,27.141,27.700,27.339
2025-12-04,2025-12-08,4,1-5d,29.315,31.512,30.720,31.330,30.454
2025-12-04,2025-12-09,5,1-5d,24.723,27.866,27.272,27.566,27.540
2025-12-04,2025-12-10,6,6-10d,18.898,23.551,22.530,23.137,23.289
2025-12-04,2025-12-11,7,6-10d,20.681,25.818,23.283,24.592,26.156
2025-12-04,2025-12-12,8,6-10d,24.422,28.424,25.903,27.422,26.397
2025-12-04,2025-12-13,9,6-10d,24.906,28.254,27.144,27.512,27.635
2025-12-04,2025-12-14,10,6-10d,21.847,26.394,26.270,25.570,35.348
2025-12-04,2025-12-15,11,11-15d,19.393,27.292,24.317,25.578,34.838
2025-12-04,2025-12-16,12,11-15d,18.235,27.672,23.613,25.440,27.558
2025-12-04,2025-12-17,13,11-15d,17.142,27.614,24.170,25.492,20.680
2025-12-05,2025-12-06,1,1-5d,25.123,26.223,25.575,26.436,27.090
2025-12-05,2025-12-07,2,1-5d,25.696,27.463,25.766,27.298,27.339
2025-12-05,2025-12-08,3,1-5d,29.909,31.619,29.866,31.398,30.454
2025-12-05,2025-12-09,4,1-5d,26.397,28.574,26.635,28.108,27.540
2025-12-05,2025-12-10,5,1-5d,20.309,23.241,21.617,22.705,23.289
2025-12-05,2025-12-11,6,6-10d,20.872,25.253,23.297,24.558,26.156
2025-12-05,2025-12-12,7,6-10d,28.617,27.732,25.746,27.492,26.397
2025-12-05,2025-12-13,8,6-10d,31.541,29.729,28.115,29.199,27.635
2025-12-05,2025-12-14,9,6-10d,25.750,29.067,27.380,28.269,35.348
2025-12-05,2025-12-15,10,6-10d,28.475,30.064,26.536,29.026,34.838
2025-12-05,2025-12-16,11,11-15d,29.207,29.321,25.529,28.222,27.558
2025-12-05,2025-12-17,12,11-15d,22.979,27.067,23.988,25.615,20.680
2025-12-05,2025-12-18,13,11-15d,18.236,26.969,23.583,24.957,19.447
2025-12-06,2025-12-07,1,1-5d,25.713,27.391,26.411,27.369,27.339
2025-12-06,2025-12-08,2,1-5d,28.285,31.400,29.485,30.866,30.454
2025-12-06,2025-12-09,3,1-5d,24.420,27.284,25.162,26.719,27.540
2025-12-06,2025-12-10,4,1-5d,19.077,22.583,20.315,21.836,23.289
2025-12-06,2025-12-11,5,1-5d,20.204,25.382,23.415,24.536,26.156
2025-12-06,2025-12-12,6,6-10d,27.803,30.070,30.502,30.092,26.397
2025-12-06,2025-12-13,7,6-10d,35.781,35.307,35.093,35.271,27.635
2025-12-06,2025-12-14,8,6-10d,31.268,34.040,33.355,33.467,35.348
2025-12-06,2025-12-15,9,6-10d,25.978,31.161,29.996,30.322,34.838
2025-12-06,2025-12-16,10,6-10d,31.727,29.907,28.762,29.567,27.558
2025-12-06,2025-12-17,11,11-15d,33.684,27.979,27.080,28.040,20.680
2025-12-06,2025-12-18,12,11-15d,31.045,26.824,25.934,26.750,19.447
2025-12-06,2025-12-19,13,11-15d,26.463,27.681,26.677,26.998,23.130
2025-12-07,2025-12-08,1,1-5d,28.323,31.139,28.880,30.591,30.454
2025-12-07,2025-12-09,2,1-5d,24.265,27.426,24.796,26.773,27.540
2025-12-07,2025-12-10,3,1-5d,19.585,22.342,20.186,21.799,23.289
2025-12-07,2025-12-11,4,1-5d,21.420,24.919,22.593,24.158,26.156
2025-12-07,2025-12-12,5,1-5d,28.619,28.911,29.220,29.122,26.397
2025-12-07,2025-12-13,6,6-10d,35.646,34.538,34.561,34.437,27.635
2025-12-07,2025-12-14,7,6-10d,34.066,34.049,33.117,33.837,35.348
2025-12-07,2025-12-15,8,6-10d,31.850,31.061,30.040,30.598,34.838
2025-12-07,2025-12-16,9,6-10d,32.357,27.536,27.707,27.331,27.558
2025-12-07,2025-12-17,10,6-10d,26.785,24.301,24.654,24.252,20.680
2025-12-07,2025-12-18,11,11-15d,20.733,22.765,22.646,22.209,19.447
2025-12-07,2025-12-19,12,11-15d,16.977,23.621,24.982,23.023,23.130
2025-12-07,2025-12-20,13,11-15d,21.271,23.526,26.191,24.259,23.236
2025-12-08,2025-12-09,1,1-5d,25.487,27.762,25.966,27.449,27.540
2025-12-08,2025-12-10,2,1-5d,21.241,22.727,21.222,22.661,23.289
2025-12-08,2025-12-11,3,1-5d,23.499,26.513,23.708,25.808,26.156
2025-12-08,2025-12-12,4,1-5d,25.500,27.486,27.590,27.560,26.397
2025-12-08,2025-12-13,5,1-5d,29.719,31.096,33.366,31.689,27.635
2025-12-08,2025-12-14,6,6-10d,30.040,31.283,33.100,31.720,35.348
2025-12-08,2025-12-15,7,6-10d,27.398,28.171,30.728,28.364,34.838
2025-12-08,2025-12-16,8,6-10d,28.162,24.802,28.533,25.418,27.558
2025-12-08,2025-12-17,9,6-10d,27.679,22.541,26.258,22.706,20.680
2025-12-08,2025-12-18,10,6-10d,23.488,23.380,24.648,23.231,19.447
2025-12-08,2025-12-19,11,11-15d,25.249,24.259,26.116,24.400,23.130
2025-12-08,2025-12-20,12,11-15d,20.883,22.580,24.817,22.696,23.236
2025-12-08,2025-12-21,13,11-15d,21.934,21.114,23.245,21.787,22.224
2025-12-09,2025-12-10,1,1-5d,21.671,23.085,21.846,23.129,23.289
2025-12-09,2025-12-11,2,1-5d,24.604,27.197,25.123,26.769,26.156
2025-12-09,2025-12-12,3,1-5d,23.609,26.192,25.288,25.880,26.397
2025-12-09,2025-12-13,4,1-5d,25.005,28.151,28.113,28.015,27.635
2025-12-09,2025-12-14,5,1-5d,31.275,33.204,32.626,33.030,35.348
2025-12-09,2025-12-15,6,6-10d,32.591,32.848,31.933,32.466,34.838
2025-12-09,2025-12-16,7,6-10d,27.746,28.169,28.415,28.068,27.558
2025-12-09,2025-12-17,8,6-10d,22.486,24.066,24.954,23.867,20.680
2025-12-09,2025-12-18,9,6-10d,21.830,22.254,24.129,21.957,19.447
2025-12-09,2025-12-19,10,6-10d,22.325,22.313,25.494,22.441,23.130
2025-12-09,2025-12-20,11,11-15d,22.292,21.321,24.721,21.769,23.236
2025-12-09,2025-12-21,12,11-15d,23.948,20.938,24.431,21.839,22.224
2025-12-09,2025-12-22,13,11-15d,20.551,21.276,24.219,22.196,20.643
2025-12-10,2025-12-11,1,1-5d,24.832,27.509,25.803,27.064,26.156
2025-12-10,2025-12-12,2,1-5d,24.548,26.970,25.589,26.689,26.397
2025-12-10,2025-12-13,3,1-5d,26.244,29.757,29.201,29.265,27.635
2025-12-10,2025-12-14,4,1-5d,31.515,35.370,34.932,35.028,35.348
2025-12-10,2025-12-15,5,1-5d,30.654,32.875,34.042,33.108,34.838
2025-12-10,2025-12-16,6,6-10d,24.548,25.665,28.012,26.261,27.558
2025-12-10,2025-12-17,7,6-10d,19.032,20.491,22.776,20.540,20.680
2025-12-10,2025-12-18,8,6-10d,15.543,18.964,20.135,18.729,19.447
2025-12-10,2025-12-19,9,6-10d,14.151,19.968,19.683,19.185,23.130
2025-12-10,2025-12-20,10,6-10d,13.063,19.423,19.071,18.384,23.236
2025-12-10,2025-12-21,11,11-15d,14.274,19.873,20.340,19.077,22.224
2025-12-10,2025-12-22,12,11-15d,19.063,20.076,22.893,20.405,20.643
2025-12-10,2025-12-23,13,11-15d,26.900,20.102,22.656,21.243,16.503
2025-12-11,2025-12-12,1,1-5d,24.695,26.643,25.577,26.518,26.397
2025-12-11,2025-12-13,2,1-5d,26.916,29.077,27.858,28.885,27.635
2025-12-11,2025-12-14,3,1-5d,33.712,36.496,34.957,36.039,35.348
2025-12-11,2025-12-15,4,1-5d,32.182,34.267,34.005,34.234,34.838
2025-12-11,2025-12-16,5,1-5d,25.526,25.745,26.977,26.194,27.558
2025-12-11,2025-12-17,6,6-10d,19.209,19.865,20.673,20.000,20.680
2025-12-11,2025-12-18,7,6-10d,15.614,19.450,18.008,18.583,19.447
2025-12-11,2025-12-19,8,6-10d,17.289,21.654,19.234,20.654,23.130
2025-12-11,2025-12-20,9,6-10d,18.500,19.188,18.741,18.645,23.236
2025-12-11,2025-12-21,10,6-10d,18.575,18.926,18.827,18.526,22.224
2025-12-11,2025-12-22,11,11-15d,19.088,19.093,19.125,18.769,20.643
2025-12-11,2025-12-23,12,11-15d,15.983,18.956,19.032,18.404,16.503
2025-12-11,2025-12-24,13,11-15d,15.003,19.432,21.243,19.714,15.472
2025-12-12,2025-12-13,1,1-5d,26.361,28.546,27.112,28.301,27.635
2025-12-12,2025-12-14,2,1-5d,33.175,36.167,34.338,35.676,35.348
2025-12-12,2025-12-15,3,1-5d,30.960,34.286,32.851,33.709,34.838
2025-12-12,2025-12-16,4,1-5d,24.391,26.346,25.663,26.228,27.558
2025-12-12,2025-12-17,5,1-5d,17.517,20.025,19.299,19.756,20.680
2025-12-12,2025-12-18,6,6-10d,13.588,19.468,16.646,18.514,19.447
2025-12-12,2025-12-19,7,6-10d,14.410,22.338,17.542,20.355,23.130
2025-12-12,2025-12-20,8,6-10d,15.620,19.106,16.440,18.101,23.236
2025-12-12,2025-12-21,9,6-10d,16.539,16.737,16.160,16.206,22.224
2025-12-12,2025-12-22,10,6-10d,16.760,17.456,17.877,17.099,20.643
2025-12-12,2025-12-23,11,11-15d,15.445,18.850,19.329,18.276,16.503
2025-12-12,2025-12-24,12,11-15d,16.443,19.998,20.265,19.436,15.472
2025-12-12,2025-12-25,13,11-15d,17.929,20.231,20.444,19.981,15.913
2025-12-13,2025-12-14,1,1-5d,33.682,36.644,34.834,36.089,35.348
2025-12-13,2025-12-15,2,1-5d,31.530,34.345,33.118,33.989,34.838
2025-12-13,2025-12-16,3,1-5d,24.687,26.512,25.936,26.439,27.558
2025-12-13,2025-12-17,4,1-5d,19.182,20.794,19.831,20.657,20.680
2025-12-13,2025-12-18,5,1-5d,16.032,19.954,17.805,19.188,19.447
2025-12-13,2025-12-19,6,6-10d,17.778,22.757,20.756,22.049,23.130
2025-12-13,2025-12-20,7,6-10d,17.237,20.098,18.821,19.402,23.236
2025-12-13,2025-12-21,8,6-10d,19.350,19.944,18.752,19.378,22.224
2025-12-13,2025-12-22,9,6-10d,20.449,20.383,18.499,19.734,20.643
2025-12-13,2025-12-23,10,6-10d,20.543,20.315,19.524,19.869,16.503
2025-12-13,2025-12-24,11,11-15d,26.361,21.403,21.848,21.658,15.472
2025-12-13,2025-12-25,12,11-15d,26.388,20.220,22.674,21.177,15.913
2025-12-13,2025-12-26,13,11-15d,26.642,20.407,22.388,21.291,17.850
2025-12-14,2025-12-15,1,1-5d,32.351,35.056,33.232,34.590,34.838
2025-12-14,2025-12-16,2,1-5d,25.085,27.289,25.745,27.038,27.558
2025-12-14,2025-12-17,3,1-5d,20.261,20.940,19.940,21.090,20.680
2025-12-14,2025-12-18,4,1-5d,18.675,20.432,18.899,20.131,19.447
2025-12-14,2025-12-19,5,1-5d,23.004,25.355,23.121,24.724,23.130
2025-12-14,2025-12-20,6,6-10d,21.326,22.601,21.077,22.036,23.236
2025-12-14,2025-12-21,7,6-10d,22.009,20.093,20.141,20.313,22.224
2025-12-14,2025-12-22,8,6-10d,23.913,20.136,20.182,20.036,20.643
2025-12-14,2025-12-23,9,6-10d,19.597,19.602,18.014,18.979,16.503
2025-12-14,2025-12-24,10,6-10d,18.626,19.823,19.033,19.234,15.472
2025-12-14,2025-12-25,11,11-15d,22.622,19.118,21.218,19.559,15.913
2025-12-14,2025-12-26,12,11-15d,26.515,19.278,22.094,20.432,17.850
2025-12-14,2025-12-27,13,11-15d,32.045,21.049,22.214,21.844,19.069
2025-12-15,2025-12-16,1,1-5d,25.351,27.668,26.194,27.373,27.558
2025-12-15,2025-12-17,2,1-5d,20.209,21.651,20.354,21.628,20.680
2025-12-15,2025-12-18,3,1-5d,18.481,20.739,19.660,20.482,19.447
2025-12-15,2025-12-19,4,1-5d,23.367,24.613,24.862,24.834,23.130
2025-12-15,2025-12-20,5,1-5d,21.425,22.515,22.208,22.492,23.236
2025-12-15,2025-12-21,6,6-10d,19.337,21.638,20.479,21.182,22.224
2025-12-15,2025-12-22,7,6-10d,19.815,21.847,20.181,21.217,20.643
2025-12-15,2025-12-23,8,6-10d,17.200,21.447,18.921,20.432,16.503
2025-12-15,2025-12-24,9,6-10d,16.713,20.918,19.563,20.109,15.472
2025-12-15,2025-12-25,10,6-10d,14.487,19.046,19.573,18.319,15.913
2025-12-15,2025-12-26,11,11-15d,12.786,18.904,18.944,17.971,17.850
2025-12-15,2025-12-27,12,11-15d,17.056,19.969,20.051,19.425,19.069
2025-12-15,2025-12-28,13,11-15d,20.399,20.648,22.019,20.963,21.435
2025-12-16,2025-12-17,1,1-5d,20.226,21.525,20.356,21.616,20.680
2025-12-16,2025-12-18,2,1-5d,17.918,20.789,18.752,20.297,19.447
2025-12-16,2025-12-19,3,1-5d,21.603,24.905,22.569,24.199,23.130
2025-12-16,2025-12-20,4,1-5d,20.562,22.587,21.454,22.346,23.236
2025-12-16,2025-12-21,5,1-5d,21.062,23.010,21.918,22.705,22.224
2025-12-16,2025-12-22,6,6-10d,21.465,23.001,20.668,22.193,20.643
2025-12-16,2025-12-23,7,6-10d,16.831,19.883,17.633,19.013,16.503
2025-12-16,2025-12-24,8,6-10d,13.189,19.218,16.970,18.169,15.472
2025-12-16,2025-12-25,9,6-10d,13.232,17.712,16.453,16.898,15.913
2025-12-16,2025-12-26,10,6-10d,17.361,17.755,16.093,17.116,17.850
2025-12-16,2025-12-27,11,11-15d,19.804,19.152,17.414,18.540,19.069
2025-12-16,2025-12-28,12,11-15d,21.547,20.644,19.458,20.164,21.435
2025-12-16,2025-12-29,13,11-15d,21.037,22.210,20.179,21.118,27.823
2025-12-17,2025-12-18,1,1-5d,17.730,20.448,17.956,19.911,19.447
2025-12-17,2025-12-19,2,1-5d,22.049,24.391,22.640,24.074,23.130
2025-12-17,2025-12-20,3,1-5d,21.461,22.268,21.547,22.428,23.236
2025-12-17,2025-12-21,4,1-5d,19.717,23.101,21.044,22.425,22.224
2025-12-17,2025-12-22,5,1-5d,21.083,22.212,21.809,22.161,20.643
2025-12-17,2025-12-23,6,6-10d,19.375,18.324,19.286,18.505,16.503
2025-12-17,2025-12-24,7,6-10d,15.542,18.473,17.701,17.843,15.472
2025-12-17,2025-12-25,8,6-10d,15.402,17.830,16.983,17.241,15.913
2025-12-17,2025-12-26,9,6-10d,19.073,18.011,16.878,17.487,17.850
2025-12-17,2025-12-27,10,6-10d,22.988,21.138,19.636,20.747,19.069
2025-12-17,2025-12-28,11,11-15d,28.675,23.640,23.236,23.733,21.435
2025-12-17,2025-12-29,12,11-15d,32.508,23.562,23.805,24.244,27.823
2025-12-17,2025-12-30,13,11-15d,33.125,22.159,22.887,22.778,32.881
2025-12-18,2025-12-19,1,1-5d,21.720,24.260,22.439,23.852,23.130
2025-12-18,2025-12-20,2,1-5d,20.749,22.390,21.267,22.343,23.236
2025-12-18,2025-12-21,3,1-5d,22.027,24.099,22.273,23.777,22.224
2025-12-18,2025-12-22,4,1-5d,21.823,23.120,21.731,22.924,20.643
2025-12-18,2025-12-23,5,1-5d,17.871,18.148,17.888,18.218,16.503
2025-12-18,2025-12-24,6,6-10d,15.287,16.826,15.413,16.294,15.472
2025-12-18,2025-12-25,7,6-10d,14.100,16.943,14.252,16.038,15.913
2025-12-18,2025-12-26,8,6-10d,18.159,17.520,14.808,16.712,17.850
2025-12-18,2025-12-27,9,6-10d,22.926,19.751,17.690,19.240,19.069
2025-12-18,2025-12-28,10,6-10d,22.386,22.019,20.937,21.543,21.435
2025-12-18,2025-12-29,11,11-15d,19.804,23.881,22.583,22.884,27.823
2025-12-18,2025-12-30,12,11-15d,20.065,24.183,22.403,23.053,32.881
2025-12-18,2025-12-31,13,11-15d,22.910,23.149,22.317,22.584,29.801
2025-12-19,2025-12-20,1,1-5d,20.553,22.755,21.332,22.505,23.236
2025-12-19,2025-12-21,2,1-5d,21.395,23.791,22.126,23.474,22.224
2025-12-19,2025-12-22,3,1-5d,21.284,22.153,21.323,22.281,20.643
2025-12-19,2025-12-23,4,1-5d,18.088,17.691,17.867,18.140,16.503
2025-12-19,2025-12-24,5,1-5d,15.831,16.503,16.240,16.533,15.472
2025-12-19,2025-12-25,6,6-10d,12.936,14.352,14.133,14.178,15.913
2025-12-19,2025-12-26,7,6-10d,11.108,14.558,14.066,13.892,17.850
2025-12-19,2025-12-27,8,6-10d,13.524,16.810,16.328,16.251,19.069
2025-12-19,2025-12-28,9,6-10d,17.040,20.435,19.599,19.718,21.435
2025-12-19,2025-12-29,10,6-10d,20.468,22.640,22.691,22.080,27.823
2025-12-19,2025-12-30,11,11-15d,23.305,22.597,23.024,22.424,32.881
2025-12-19,2025-12-31,12,11-15d,22.982,21.404,22.494,21.561,29.801
2025-12-19,2026-01-01,13,11-15d,20.384,20.609,22.333,21.067,29.222
2025-12-20,2025-12-21,1,1-5d,21.359,23.306,21.867,23.144,22.224
2025-12-20,2025-12-22,2,1-5d,19.706,21.259,19.935,21.204,20.643
2025-12-20,2025-12-23,3,1-5d,16.643,17.215,16.407,17.420,16.503
2025-12-20,2025-12-24,4,1-5d,16.090,17.344,15.776,17.109,15.472
2025-12-20,2025-12-25,5,1-5d,13.438,14.839,12.958,14.392,15.913
2025-12-20,2025-12-26,6,6-10d,13.346,14.760,12.688,14.031,17.850
2025-12-20,2025-12-27,7,6-10d,18.044,17.375,16.080,17.206,19.069
2025-12-20,2025-12-28,8,6-10d,18.256,21.767,20.148,20.970,21.435
2025-12-20,2025-12-29,9,6-10d,22.391,23.685,22.995,23.088,27.823
2025-12-20,2025-12-30,10,6-10d,22.107,22.639,22.795,22.259,32.881
2025-12-20,2025-12-31,11,11-15d,21.154,21.382,22.096,21.173,29.801
2025-12-20,2026-01-01,12,11-15d,22.077,21.334,22.038,21.311,29.222
2025-12-20,2026-01-02,13,11-15d,22.003,21.612,22.316,21.693,27.143
2025-12-21,2025-12-22,1,1-5d,19.401,20.834,19.761,20.888,20.643
2025-12-21,2025-12-23,2,1-5d,16.119,17.076,16.236,17.242,16.503
2025-12-21,2025-12-24,3,1-5d,14.317,17.467,14.291,16.673,15.472
2025-12-21,2025-12-25,4,1-5d,13.169,15.773,12.260,14.850,15.913
2025-12-21,2025-12-26,5,1-5d,15.680,15.838,14.092,15.549,17.850
2025-12-21,2025-12-27,6,6-10d,20.952,17.870,18.180,17.855,19.069
2025-12-21,2025-12-28,7,6-10d,17.849,24.175,18.926,22.364,21.435
2025-12-21,2025-12-29,8,6-10d,17.147,28.346,20.498,25.919,27.823
2025-12-21,2025-12-30,9,6-10d,17.222,26.478,20.718,24.976,32.881
2025-12-21,2025-12-31,10,6-10d,18.193,25.086,19.999,23.283,29.801
2025-12-21,2026-01-01,11,11-15d,19.589,24.582,19.851,22.807,29.222
2025-12-21,2026-01-02,12,11-15d,19.657,25.088,20.200,23.049,27.143
2025-12-21,2026-01-03,13,11-15d,22.155,26.403,21.656,24.071,26.807
2025-12-22,2025-12-23,1,1-5d,15.843,16.799,15.986,17.046,16.503
2025-12-22,2025-12-24,2,1-5d,16.295,17.119,16.139,17.298,15.472
2025-12-22,2025-12-25,3,1-5d,15.705,16.416,15.226,16.529,15.913
2025-12-22,2025-12-26,4,1-5d,17.766,18.101,15.970,17.864,17.850
2025-12-22,2025-12-27,5,1-5d,19.925,18.083,18.162,18.450,19.069
2025-12-22,2025-12-28,6,6-10d,21.173,24.192,20.890,23.094,21.435
2025-12-22,2025-12-29,7,6-10d,25.703,31.336,25.076,29.477,27.823
2025-12-22,2025-12-30,8,6-10d,25.872,30.847,23.886,28.908,32.881
2025-12-22,2025-12-31,9,6-10d,22.338,26.657,21.235,25.435,29.801
2025-12-22,2026-01-01,10,6-10d,20.583,24.330,19.800,22.925,29.222
2025-12-22,2026-01-02,11,11-15d,22.123,23.363,20.825,22.402,27.143
2025-12-22,2026-01-03,12,11-15d,22.157,23.725,23.976,23.357,26.807
2025-12-22,2026-01-04,13,11-15d,22.355,25.234,26.379,25.328,25.984
2025-12-23,2025-12-24,1,1-5d,15.442,17.345,15.771,17.185,15.472
2025-12-23,2025-12-25,2,1-5d,15.986,16.800,15.561,16.942,15.913
2025-12-23,2025-12-26,3,1-5d,18.041,19.230,18.000,19.218,17.850
2025-12-23,2025-12-27,4,1-5d,17.251,18.200,17.125,18.134,19.069
2025-12-23,2025-12-28,5,1-5d,21.565,22.266,21.009,22.045,21.435
2025-12-23,2025-12-29,6,6-10d,31.381,30.776,30.445,30.569,27.823
2025-12-23,2025-12-30,7,6-10d,31.257,30.880,30.852,30.857,32.881
2025-12-23,2025-12-31,8,6-10d,25.614,28.718,26.232,27.768,29.801
2025-12-23,2026-01-01,9,6-10d,26.090,30.396,23.178,28.995,29.222
2025-12-23,2026-01-02,10,6-10d,32.012,29.571,21.314,28.226,27.143
2025-12-23,2026-01-03,11,11-15d,29.245,27.445,20.964,25.999,26.807
2025-12-23,2026-01-04,12,11-15d,24.923,26.006,22.284,24.694,25.984
2025-12-23,2026-01-05,13,11-15d,26.589,25.414,24.199,24.766,22.692
2025-12-24,2025-12-25,1,1-5d,15.471,16.563,15.532,16.741,15.913
2025-12-24,2025-12-26,2,1-5d,17.883,18.990,18.306,19.142,17.850
2025-12-24,2025-12-27,3,1-5d,18.971,18.470,18.483,19.067,19.069
2025-12-24,2025-12-28,4,1-5d,20.760,21.324,20.262,21.319,21.435
2025-12-24,2025-12-29,5,1-5d,27.541,29.590,28.343,29.236,27.823
2025-12-24,2025-12-30,6,6-10d,28.895,32.073,31.196,31.702,32.881
2025-12-24,2025-12-31,7,6-10d,24.392,30.322,27.931,28.999,29.801
2025-12-24,2026-01-01,8,6-10d,25.609,33.106,25.183,30.849,29.222
2025-12-24,2026-01-02,9,6-10d,29.210,32.061,22.502,30.499,27.143
2025-12-24,2026-01-03,10,6-10d,24.876,28.210,21.463,26.514,26.807
2025-12-24,2026-01-04,11,11-15d,20.035,26.512,23.550,24.942,25.984
2025-12-24,2026-01-05,12,11-15d,17.608,26.288,26.187,25.121,22.692
2025-12-24,2026-01-06,13,11-15d,18.550,27.028,26.199,26.052,18.562
2025-12-25,2025-12-26,1,1-5d,17.224,18.832,17.559,18.805,17.850
2025-12-25,2025-12-27,2,1-5d,18.223,19.310,17.954,19.366,19.069
2025-12-25,2025-12-28,3,1-5d,19.668,21.483,19.963,21.271,21.435
2025-12-25,2025-12-29,4,1-5d,25.261,28.870,27.062,28.222,27.823
2025-12-25,2025-12-30,5,1-5d,30.339,33.270,31.715,32.751,32.881
2025-12-25,2025-12-31,6,6-10d,25.625,30.105,28.577,29.539,29.801
2025-12-25,2026-01-01,7,6-10d,22.266,28.944,26.835,27.551,29.222
2025-12-25,2026-01-02,8,6-10d,26.024,27.726,24.480,26.694,27.143
2025-12-25,2026-01-03,9,6-10d,25.308,25.908,22.708,25.094,26.807
2025-12-25,2026-01-04,10,6-10d,22.127,25.343,23.357,24.373,25.984
2025-12-25,2026-01-05,11,11-15d,21.452,26.849,25.789,25.768,22.692
2025-12-25,2026-01-06,12,11-15d,25.918,28.424,26.836,27.503,18.562
2025-12-25,2026-01-07,13,11-15d,28.402,28.804,26.777,27.753,17.010
2025-12-26,2025-12-27,1,1-5d,18.130,19.140,18.093,19.345,19.069
2025-12-26,2025-12-28,2,1-5d,19.046,20.989,19.972,20.882,21.435
2025-12-26,2025-12-29,3,1-5d,24.513,27.768,26.707,27.265,27.823
2025-12-26,2025-12-30,4,1-5d,30.276,33.009,31.685,32.614,32.881
2025-12-26,2025-12-31,5,1-5d,28.496,31.285,28.762,30.538,29.801
2025-12-26,2026-01-01,6,6-10d,29.903,32.563,28.675,31.289,29.222
2025-12-26,2026-01-02,7,6-10d,28.279,30.966,28.502,30.118,27.143
2025-12-26,2026-01-03,8,6-10d,25.188,28.018,25.891,27.153,26.807
2025-12-26,2026-01-04,9,6-10d,22.714,26.501,24.741,25.672,25.984
2025-12-26,2026-01-05,10,6-10d,23.998,27.887,25.882,26.847,22.692
2025-12-26,2026-01-06,11,11-15d,28.028,30.347,27.018,29.120,18.562
2025-12-26,2026-01-07,12,11-15d,27.234,31.185,27.140,29.505,17.010
2025-12-26,2026-01-08,13,11-15d,25.375,30.426,26.839,28.518,16.645
2025-12-27,2025-12-28,1,1-5d,19.343,21.054,20.206,21.033,21.435
2025-12-27,2025-12-29,2,1-5d,25.270,27.925,27.167,27.679,27.823
2025-12-27,2025-12-30,3,1-5d,30.151,33.053,31.966,32.634,32.881
2025-12-27,2025-12-31,4,1-5d,27.464,30.036,28.559,29.627,29.801
2025-12-27,2026-01-01,5,1-5d,29.900,29.103,28.511,29.198,29.222
2025-12-27,2026-01-02,6,6-10d,34.603,27.745,29.623,28.201,27.143
2025-12-27,2026-01-03,7,6-10d,31.867,24.587,26.060,25.825,26.807
2025-12-27,2026-01-04,8,6-10d,24.558,23.744,23.928,23.524,25.984
2025-12-27,2026-01-05,9,6-10d,20.117,26.146,24.105,25.177,22.692
2025-12-27,2026-01-06,10,6-10d,24.909,28.931,24.125,27.458,18.562
2025-12-27,2026-01-07,11,11-15d,27.724,29.039,24.930,27.756,17.010
2025-12-27,2026-01-08,12,11-15d,25.503,27.966,25.618,26.859,16.645
2025-12-27,2026-01-09,13,11-15d,22.435,27.423,25.729,26.276,17.247
2025-12-28,2025-12-29,1,1-5d,25.514,27.518,26.416,27.369,27.823
2025-12-28,2025-12-30,2,1-5d,29.599,32.363,31.243,32.036,32.881
2025-12-28,2025-12-31,3,1-5d,27.622,29.352,28.606,29.277,29.801
2025-12-28,2026-01-01,4,1-5d,28.490,30.034,29.998,30.139,29.222
2025-12-28,2026-01-02,5,1-5d,26.596,27.690,29.396,28.170,27.143
2025-12-28,2026-01-03,6,6-10d,26.460,25.802,26.939,26.035,26.807
2025-12-28,2026-01-04,7,6-10d,25.612,25.738,25.290,25.577,25.984
2025-12-28,2026-01-05,8,6-10d,23.687,26.379,25.056,25.682,22.692
2025-12-28,2026-01-06,9,6-10d,20.292,28.758,24.959,27.491,18.562
2025-12-28,2026-01-07,10,6-10d,19.725,29.602,24.524,27.502,17.010
2025-12-28,2026-01-08,11,11-15d,22.524,29.144,23.782,27.080,16.645
2025-12-28,2026-01-09,12,11-15d,25.172,29.403,24.140,27.391,17.247
2025-12-28,2026-01-10,13,11-15d,24.921,29.172,24.784,26.984,21.863
2025-12-29,2025-12-30,1,1-5d,30.324,32.341,28.336,31.898,32.881
2025-12-29,2025-12-31,2,1-5d,27.623,29.722,28.391,29.529,29.801
2025-12-29,2026-01-01,3,1-5d,27.638,30.274,25.760,29.407,29.222
2025-12-29,2026-01-02,4,1-5d,24.599,26.657,23.815,25.983,27.143
2025-12-29,2026-01-03,5,1-5d,23.328,26.249,23.735,25.491,26.807
2025-12-29,2026-01-04,6,6-10d,22.332,25.551,22.727,24.596,25.984
2025-12-29,2026-01-05,7,6-10d,19.734,24.226,23.152,23.316,22.692
2025-12-29,2026-01-06,8,6-10d,21.071,26.538,23.850,25.429,18.562
2025-12-29,2026-01-07,9,6-10d,23.461,27.104,23.659,26.114,17.010
2025-12-29,2026-01-08,10,6-10d,22.432,27.676,23.172,26.126,16.645
2025-12-29,2026-01-09,11,11-15d,21.918,27.898,22.907,25.972,17.247
2025-12-29,2026-01-10,12,11-15d,22.109,27.634,23.770,25.842,21.863
2025-12-29,2026-01-11,13,11-15d,24.030,27.351,25.462,26.209,26.289
2025-12-30,2025-12-31,1,1-5d,28.342,30.281,29.385,30.176,29.801
2025-12-30,2026-01-01,2,1-5d,28.273,30.728,29.041,30.393,29.222
2025-12-30,2026-01-02,3,1-5d,25.355,26.950,25.783,26.846,27.143
2025-12-30,2026-01-03,4,1-5d,26.516,27.041,26.572,27.191,26.807
2025-12-30,2026-01-04,5,1-5d,25.016,26.291,22.916,25.483,25.984
2025-12-30,2026-01-05,6,6-10d,21.803,23.530,24.919,23.839,22.692
2025-12-30,2026-01-06,7,6-10d,22.248,23.097,26.582,23.418,18.562
2025-12-30,2026-01-07,8,6-10d,22.946,24.240,27.072,24.444,17.010
2025-12-30,2026-01-08,9,6-10d,21.105,24.673,26.646,24.228,16.645
2025-12-30,2026-01-09,10,6-10d,23.505,24.556,26.021,24.320,17.247
2025-12-30,2026-01-10,11,11-15d,25.833,24.759,25.835,24.752,21.863
2025-12-30,2026-01-11,12,11-15d,25.370,26.655,27.478,26.459,26.289
2025-12-30,2026-01-12,13,11-15d,23.722,28.352,29.407,28.322,25.761
2025-12-31,2026-01-01,1,1-5d,27.713,30.388,28.688,29.945,29.222
2025-12-31,2026-01-02,2,1-5d,24.755,27.197,25.361,26.843,27.143
2025-12-31,2026-01-03,3,1-5d,23.880,26.444,24.443,25.972,26.807
2025-12-31,2026-01-04,4,1-5d,23.670,26.986,23.640,25.998,25.984
2025-12-31,2026-01-05,5,1-5d,22.109,23.812,21.727,23.284,22.692
2025-12-31,2026-01-06,6,6-10d,18.091,20.395,20.164,20.218,18.562
2025-12-31,2026-01-07,7,6-10d,17.059,20.003,21.030,19.641,17.010
2025-12-31,2026-01-08,8,6-10d,18.998,20.838,21.971,20.675,16.645
2025-12-31,2026-01-09,9,6-10d,21.497,20.711,22.393,20.455,17.247
2025-12-31,2026-01-10,10,6-10d,27.133,21.644,24.493,22.270,21.863
2025-12-31,2026-01-11,11,11-15d,29.881,24.878,27.035,25.480,26.289
2025-12-31,2026-01-12,12,11-15d,32.288,27.391,28.686,27.931,25.761
2025-12-31,2026-01-13,13,11-15d,32.383,28.162,30.594,29.125,20.879
2026-01-01,2026-01-02,1,1-5d,24.925,27.252,25.836,26.940,27.143
2026-01-01,2026-01-03,2,1-5d,25.003,27.280,25.601,26.952,26.807
2026-01-01,2026-01-04,3,1-5d,24.713,27.437,25.008,26.853,25.984
2026-01-01,2026-01-05,4,1-5d,22.131,24.709,22.791,24.226,22.692
2026-01-01,2026-01-06,5,1-5d,18.208,20.018,19.020,19.772,18.562
2026-01-01,2026-01-07,6,6-10d,15.521,18.507,17.442,18.141,17.010
2026-01-01,2026-01-08,7,6-10d,14.198,18.764,17.827,18.115,16.645
2026-01-01,2026-01-09,8,6-10d,13.482,18.962,18.292,18.411,17.247
2026-01-01,2026-01-10,9,6-10d,13.664,21.625,19.447,20.756,21.863
2026-01-01,2026-01-11,10,6-10d,14.171,25.264,21.457,23.906,26.289
2026-01-01,2026-01-12,11,11-15d,17.493,27.085,23.693,25.581,25.761
2026-01-01,2026-01-13,12,11-15d,22.607,27.438,25.566,26.406,20.879
2026-01-01,2026-01-14,13,11-15d,24.612,27.612,27.168,27.203,23.310
2026-01-02,2026-01-03,1,1-5d,24.826,27.284,25.698,26.909,26.807
2026-01-02,2026-01-04,2,1-5d,25.032,27.659,25.939,27.235,25.984
2026-01-02,2026-01-05,3,1-5d,22.440,25.025,23.572,24.622,22.692
2026-01-02,2026-01-06,4,1-5d,17.949,20.007,19.154,19.815,18.562
2026-01-02,2026-01-07,5,1-5d,16.053,18.839,16.985,18.281,17.010
2026-01-02,2026-01-08,6,6-10d,14.781,19.408,16.517,18.494,16.645
2026-01-02,2026-01-09,7,6-10d,14.988,19.238,16.627,18.286,17.247
2026-01-02,2026-01-10,8,6-10d,16.429,21.931,19.177,20.962,21.863
2026-01-02,2026-01-11,9,6-10d,18.892,26.480,22.696,25.469,26.289
2026-01-02,2026-01-12,10,6-10d,21.775,27.967,25.090,26.993,25.761
2026-01-02,2026-01-13,11,11-15d,22.341,27.375,25.005,26.354,20.879
2026-01-02,2026-01-14,12,11-15d,21.311,27.376,24.209,25.897,23.310
2026-01-02,2026-01-15,13,11-15d,22.938,27.677,24.650,26.061,30.639
2026-01-03,2026-01-04,1,1-5d,24.420,26.840,25.556,26.508,25.984
2026-01-03,2026-01-05,2,1-5d,21.457,23.822,22.576,23.559,22.692
2026-01-03,2026-01-06,3,1-5d,17.295,19.562,18.357,19.276,18.562
2026-01-03,2026-01-07,4,1-5d,15.723,18.033,16.584,17.684,17.010
2026-01-03,2026-01-08,5,1-5d,15.559,18.746,16.363,18.016,16.645
2026-01-03,2026-01-09,6,6-10d,15.241,18.915,16.823,18.241,17.247
2026-01-03,2026-01-10,7,6-10d,19.298,21.595,20.572,21.156,21.863
2026-01-03,2026-01-11,8,6-10d,24.803,26.806,24.721,26.146,26.289
2026-01-03,2026-01-12,9,6-10d,22.564,28.042,24.172,27.128,25.761
2026-01-03,2026-01-13,10,6-10d,21.212,27.249,22.922,26.066,20.879
2026-01-03,2026-01-14,11,11-15d,22.173,28.012,22.614,26.194,23.310
2026-01-03,2026-01-15,12,11-15d,23.309,28.829,22.757,26.678,30.639
2026-01-03,2026-01-16,13,11-15d,22.919,29.305,23.676,26.483,29.572
2026-01-04,2026-01-05,1,1-5d,20.764,22.726,21.467,22.557,22.692
2026-01-04,2026-01-06,2,1-5d,16.955,18.700,17.377,18.576,18.562
2026-01-04,2026-01-07,3,1-5d,15.441,17.519,15.904,17.219,17.010
2026-01-04,2026-01-08,4,1-5d,15.611,17.810,16.184,17.442,16.645
2026-01-04,2026-01-09,5,1-5d,18.047,17.378,16.870,17.502,17.247
2026-01-04,2026-01-10,6,6-10d,22.401,20.702,20.584,20.620,21.863
2026-01-04,2026-01-11,7,6-10d,25.830,26.532,25.971,26.345,26.289
2026-01-04,2026-01-12,8,6-10d,23.292,27.606,26.198,26.966,25.761
2026-01-04,2026-01-13,9,6-10d,20.795,26.404,24.222,25.652,20.879
2026-01-04,2026-01-14,10,6-10d,21.001,26.623,23.830,25.690,23.310
2026-01-04,2026-01-15,11,11-15d,21.544,27.786,25.182,26.646,30.639
2026-01-04,2026-01-16,12,11-15d,23.597,27.480,26.685,26.812,29.572
2026-01-04,2026-01-17,13,11-15d,32.717,27.298,28.100,28.229,31.824
2026-01-05,2026-01-06,1,1-5d,17.282,18.676,17.718,18.736,18.562
2026-01-05,2026-01-07,2,1-5d,16.060,18.082,16.523,17.842,17.010
2026-01-05,2026-01-08,3,1-5d,16.009,18.046,16.277,17.733,16.645
2026-01-05,2026-01-09,4,1-5d,14.571,17.341,15.885,16.922,17.247
2026-01-05,2026-01-10,5,1-5d,17.618,20.467,20.204,20.300,21.863
2026-01-05,2026-01-11,6,6-10d,24.519,26.061,27.007,26.298,26.289
2026-01-05,2026-01-12,7,6-10d,25.348,26.178,27.660,26.387,25.761
2026-01-05,2026-01-13,8,6-10d,23.436,24.756,25.548,24.705,20.879
2026-01-05,2026-01-14,9,6-10d,23.196,25.479,24.905,25.055,23.310
2026-01-05,2026-01-15,10,6-10d,23.308,25.302,26.233,25.109,30.639
2026-01-05,2026-01-16,11,11-15d,26.760,25.852,27.380,26.103,29.572
2026-01-05,2026-01-17,12,11-15d,32.335,28.113,27.990,28.423,31.824
2026-01-05,2026-01-18,13,11-15d,32.596,30.167,28.482,29.804,33.928
2026-01-06,2026-01-07,1,1-5d,16.248,18.195,16.542,17.992,17.010
2026-01-06,2026-01-08,2,1-5d,15.881,18.289,16.314,17.869,16.645
2026-01-06,2026-01-09,3,1-5d,15.088,17.900,15.822,17.347,17.247
2026-01-06,2026-01-10,4,1-5d,19.242,20.963,19.933,20.786,21.863
2026-01-06,2026-01-11,5,1-5d,24.352,25.757,26.494,25.985,26.289
2026-01-06,2026-01-12,6,6-10d,25.086,25.429,26.652,25.750,25.761
2026-01-06,2026-01-13,7,6-10d,23.081,22.789,23.837,23.023,20.879
2026-01-06,2026-01-14,8,6-10d,25.474,22.910,23.274,22.968,23.310
2026-01-06,2026-01-15,9,6-10d,29.865,24.650,24.718,24.665,30.639
2026-01-06,2026-01-16,10,6-10d,31.251,25.533,25.337,25.557,29.572
2026-01-06,2026-01-17,11,11-15d,28.456,27.434,26.795,27.149,31.824
2026-01-06,2026-01-18,12,11-15d,31.868,28.733,29.202,29.083,33.928
2026-01-06,2026-01-19,13,11-15d,35.259,29.424,30.437,30.481,35.947
2026-01-07,2026-01-08,1,1-5d,15.749,17.607,15.974,17.437,16.645
2026-01-07,2026-01-09,2,1-5d,15.563,17.650,15.744,17.324,17.247
2026-01-07,2026-01-10,3,1-5d,19.037,20.720,19.499,20.577,21.863
2026-01-07,2026-01-11,4,1-5d,24.535,26.537,26.155,26.448,26.289
2026-01-07,2026-01-12,5,1-5d,25.192,26.700,26.948,26.795,25.761
2026-01-07,2026-01-13,6,6-10d,21.561,22.849,23.484,22.993,20.879
2026-01-07,2026-01-14,7,6-10d,21.565,22.399,22.293,22.290,23.310
2026-01-07,2026-01-15,8,6-10d,25.340,25.402,23.985,24.972,30.639
2026-01-07,2026-01-16,9,6-10d,26.921,27.062,26.140,26.710,29.572
2026-01-07,2026-01-17,10,6-10d,26.582,29.370,28.558,28.876,31.824
2026-01-07,2026-01-18,11,11-15d,26.721,30.638,29.520,29.986,33.928
2026-01-07,2026-01-19,12,11-15d,28.539,31.430,28.800,30.402,35.947
2026-01-07,2026-01-20,13,11-15d,28.873,32.247,30.115,31.125,35.431
2026-01-08,2026-01-09,1,1-5d,15.711,18.461,16.168,17.913,17.247
2026-01-08,2026-01-10,2,1-5d,19.741,22.237,20.370,21.817,21.863
2026-01-08,2026-01-11,3,1-5d,25.177,27.031,26.536,26.955,26.289
2026-01-08,2026-01-12,4,1-5d,24.697,26.156,26.119,26.217,25.761
2026-01-08,2026-01-13,5,1-5d,20.375,21.913,22.132,21.998,20.879
2026-01-08,2026-01-14,6,6-10d,20.728,23.280,21.755,22.776,23.310
2026-01-08,2026-01-15,7,6-10d,27.836,28.509,24.844,27.704,30.639
2026-01-08,2026-01-16,8,6-10d,31.490,29.136,26.394,28.562,29.572
2026-01-08,2026-01-17,9,6-10d,29.490,29.777,28.520,29.384,31.824
2026-01-08,2026-01-18,10,6-10d,27.064,30.846,30.603,30.388,33.928
2026-01-08,2026-01-19,11,11-15d,26.622,32.722,32.753,32.248,35.947
2026-01-08,2026-01-20,12,11-15d,29.563,32.898,33.339,32.594,35.431
2026-01-08,2026-01-21,13,11-15d,26.554,31.397,31.385,30.976,28.655
2026-01-09,2026-01-10,1,1-5d,19.696,22.613,20.584,22.033,21.863
2026-01-09,2026-01-11,2,1-5d,24.926,26.968,25.785,26.798,26.289
2026-01-09,2026-01-12,3,1-5d,23.364,26.273,24.181,25.693,25.761
2026-01-09,2026-01-13,4,1-5d,19.548,21.537,20.261,21.271,20.879
2026-01-09,2026-01-14,5,1-5d,22.270,22.226,21.670,22.276,23.310
2026-01-09,2026-01-15,6,6-10d,30.250,28.481,27.033,28.000,30.639
2026-01-09,2026-01-16,7,6-10d,30.132,29.631,26.825,29.115,29.572
2026-01-09,2026-01-17,8,6-10d,30.121,29.938,27.768,29.370,31.824
2026-01-09,2026-01-18,9,6-10d,34.747,30.569,31.091,30.577,33.928
2026-01-09,2026-01-19,10,6-10d,36.999,31.768,32.585,31.920,35.947
2026-01-09,2026-01-20,11,11-15d,35.187,32.467,31.049,32.072,35.431
2026-01-09,2026-01-21,12,11-15d,30.661,30.949,28.762,30.292,28.655
2026-01-09,2026-01-22,13,11-15d,27.526,29.093,26.643,28.025,27.689
2026-01-10,2026-01-11,1,1-5d,25.060,26.851,25.686,26.751,26.289
2026-01-10,2026-01-12,2,1-5d,23.136,25.826,24.233,25.412,25.761
2026-01-10,2026-01-13,3,1-5d,19.187,21.391,20.338,21.143,20.879
2026-01-10,2026-01-14,4,1-5d,21.272,22.519,21.886,22.493,23.310
2026-01-10,2026-01-15,5,1-5d,30.113,28.352,27.141,28.409,30.639
2026-01-10,2026-01-16,6,6-10d,30.408,28.494,26.212,27.763,29.572
2026-01-10,2026-01-17,7,6-10d,28.749,29.570,28.019,29.173,31.824
2026-01-10,2026-01-18,8,6-10d,26.360,31.754,31.895,31.369,33.928
2026-01-10,2026-01-19,9,6-10d,27.723,32.577,32.209,32.045,35.947
2026-01-10,2026-01-20,10,6-10d,33.037,31.460,28.848,30.915,35.431
2026-01-10,2026-01-21,11,11-15d,32.534,28.200,25.381,27.535,28.655
2026-01-10,2026-01-22,12,11-15d,26.800,25.270,23.700,24.949,27.689
2026-01-10,2026-01-23,13,11-15d,22.944,24.548,23.354,23.978,36.572
2026-01-11,2026-01-12,1,1-5d,23.255,25.301,24.151,25.114,25.761
2026-01-11,2026-01-13,2,1-5d,19.451,21.171,20.440,21.172,20.879
2026-01-11,2026-01-14,3,1-5d,21.284,22.770,22.022,22.748,23.310
2026-01-11,2026-01-15,4,1-5d,29.501,30.444,28.741,30.249,30.639
2026-01-11,2026-01-16,5,1-5d,29.642,30.793,29.232,30.472,29.572
2026-01-11,2026-01-17,6,6-10d,28.984,30.707,29.361,30.257,31.824
2026-01-11,2026-01-18,7,6-10d,27.500,31.278,32.298,31.099,33.928
2026-01-11,2026-01-19,8,6-10d,25.690,31.707,34.823,31.886,35.947
2026-01-11,2026-01-20,9,6-10d,23.750,32.173,32.671,31.549,35.431
2026-01-11,2026-01-21,10,6-10d,21.585,30.962,29.587,30.054,28.655
2026-01-11,2026-01-22,11,11-15d,20.316,29.178,25.876,27.733,27.689
2026-01-11,2026-01-23,12,11-15d,20.112,27.989,24.862,26.339,36.572
2026-01-11,2026-01-24,13,11-15d,21.665,28.757,27.195,27.491,42.811
2026-01-12,2026-01-13,1,1-5d,19.538,21.365,20.402,21.273,20.879
2026-01-12,2026-01-14,2,1-5d,21.933,23.459,22.889,23.541,23.310
2026-01-12,2026-01-15,3,1-5d,29.840,31.214,30.192,31.179,30.639
2026-01-12,2026-01-16,4,1-5d,29.751,30.594,30.434,30.723,29.572
2026-01-12,2026-01-17,5,1-5d,29.567,30.814,31.141,30.955,31.824
2026-01-12,2026-01-18,6,6-10d,32.467,32.481,35.043,33.203,33.928
2026-01-12,2026-01-19,7,6-10d,26.112,33.316,34.612,32.850,35.947
2026-01-12,2026-01-20,8,6-10d,22.281,33.862,31.164,32.600,35.431
2026-01-12,2026-01-21,9,6-10d,22.552,30.411,28.907,29.615,28.655
2026-01-12,2026-01-22,10,6-10d,25.503,26.801,26.380,26.440,27.689
2026-01-12,2026-01-23,11,11-15d,25.875,25.912,26.293,25.829,36.572
2026-01-12,2026-01-24,12,11-15d,23.035,28.351,29.707,28.077,42.811
2026-01-12,2026-01-25,13,11-15d,20.825,30.073,30.993,29.585,43.049
2026-01-13,2026-01-14,1,1-5d,22.020,24.008,22.890,23.844,23.310
2026-01-13,2026-01-15,2,1-5d,29.171,31.849,30.000,31.387,30.639
2026-01-13,2026-01-16,3,1-5d,27.334,29.717,29.006,29.476,29.572
2026-01-13,2026-01-17,4,1-5d,27.979,30.668,30.556,30.530,31.824
2026-01-13,2026-01-18,5,1-5d,32.743,32.463,35.780,33.504,33.928
2026-01-13,2026-01-19,6,6-10d,28.574,35.283,34.626,35.040,35.947
2026-01-13,2026-01-20,7,6-10d,29.973,36.340,33.254,35.081,35.431
2026-01-13,2026-01-21,8,6-10d,29.132,30.692,29.936,30.320,28.655
2026-01-13,2026-01-22,9,6-10d,22.606,28.368,26.469,27.637,27.689
2026-01-13,2026-01-23,10,6-10d,19.059,29.296,25.474,27.978,36.572
2026-01-13,2026-01-24,11,11-15d,20.800,32.165,27.211,30.181,42.811
2026-01-13,2026-01-25,12,11-15d,22.208,34.239,29.194,31.694,43.049
2026-01-13,2026-01-26,13,11-15d,23.947,33.098,29.145,30.670,43.266
2026-01-14,2026-01-15,1,1-5d,28.768,31.366,29.874,30.951,30.639
2026-01-14,2026-01-16,2,1-5d,27.080,29.394,28.688,29.252,29.572
2026-01-14,2026-01-17,3,1-5d,28.446,30.532,30.654,30.490,31.824
2026-01-14,2026-01-18,4,1-5d,32.543,33.213,35.454,33.848,33.928
2026-01-14,2026-01-19,5,1-5d,32.487,35.267,35.449,35.219,35.947
2026-01-14,2026-01-20,6,6-10d,33.928,37.855,35.907,37.224,35.431
2026-01-14,2026-01-21,7,6-10d,32.718,31.559,32.697,31.898,28.655
2026-01-14,2026-01-22,8,6-10d,29.119,28.308,29.577,28.459,27.689
2026-01-14,2026-01-23,9,6-10d,27.678,28.734,27.510,28.306,36.572
2026-01-14,2026-01-24,10,6-10d,27.583,30.168,28.769,29.596,42.811
2026-01-14,2026-01-25,11,11-15d,31.690,32.352,31.972,32.047,43.049
2026-01-14,2026-01-26,12,11-15d,35.680,33.211,32.416,33.178,43.266
2026-01-14,2026-01-27,13,11-15d,31.594,32.989,32.500,32.722,41.223
2026-01-15,2026-01-16,1,1-5d,27.412,29.232,28.564,29.172,29.572
2026-01-15,2026-01-17,2,1-5d,29.103,30.949,30.576,30.990,31.824
2026-01-15,2026-01-18,3,1-5d,32.679,34.020,33.989,34.141,33.928
2026-01-15,2026-01-19,4,1-5d,35.282,36.957,36.137,36.829,35.947
2026-01-15,2026-01-20,5,1-5d,35.221,39.002,37.773,38.501,35.431
2026-01-15,2026-01-21,6,6-10d,30.747,31.568,33.315,32.046,28.655
2026-01-15,2026-01-22,7,6-10d,26.509,28.926,29.729,28.840,27.689
2026-01-15,2026-01-23,8,6-10d,23.210,29.798,26.925,28.751,36.572
2026-01-15,2026-01-24,9,6-10d,23.752,31.142,26.648,30.070,42.811
2026-01-15,2026-01-25,10,6-10d,33.394,33.585,28.486,32.578,43.049
2026-01-15,2026-01-26,11,11-15d,37.585,35.010,29.306,33.536,43.266
2026-01-15,2026-01-27,12,11-15d,30.629,34.283,29.090,32.538,41.223
2026-01-15,2026-01-28,13,11-15d,27.622,32.667,29.517,30.971,39.498
2026-01-16,2026-01-17,1,1-5d,28.554,30.659,29.494,30.449,31.824
2026-01-16,2026-01-18,2,1-5d,30.980,33.593,32.061,33.211,33.928
2026-01-16,2026-01-19,3,1-5d,32.652,36.649,34.095,35.728,35.947
2026-01-16,2026-01-20,4,1-5d,34.311,37.468,36.035,36.995,35.431
2026-01-16,2026-01-21,5,1-5d,30.230,30.087,31.477,30.633,28.655
2026-01-16,2026-01-22,6,6-10d,29.783,29.478,28.243,29.061,27.689
2026-01-16,2026-01-23,7,6-10d,28.349,31.398,27.453,30.299,36.572
2026-01-16,2026-01-24,8,6-10d,28.797,32.886,28.611,31.684,42.811
2026-01-16,2026-01-25,9,6-10d,40.491,35.675,32.830,35.378,43.049
2026-01-16,2026-01-26,10,6-10d,40.024,36.560,34.832,36.242,43.266
2026-01-16,2026-01-27,11,11-15d,30.266,34.337,32.076,33.391,41.223
2026-01-16,2026-01-28,12,11-15d,25.523,33.715,30.805,32.087,39.498
2026-01-16,2026-01-29,13,11-15d,24.632,31.932,30.263,30.603,37.871
2026-01-17,2026-01-18,1,1-5d,31.447,34.127,32.433,33.663,33.928
2026-01-17,2026-01-19,2,1-5d,33.563,36.428,35.269,36.057,35.947
2026-01-17,2026-01-20,3,1-5d,33.874,37.153,35.909,36.608,35.431
2026-01-17,2026-01-21,4,1-5d,27.690,30.769,28.996,30.240,28.655
2026-01-17,2026-01-22,5,1-5d,27.896,30.806,27.815,29.951,27.689
2026-01-17,2026-01-23,6,6-10d,28.519,32.097,28.557,30.989,36.572
2026-01-17,2026-01-24,7,6-10d,30.856,32.799,30.415,32.123,42.811
2026-01-17,2026-01-25,8,6-10d,32.849,35.596,36.666,35.530,43.049
2026-01-17,2026-01-26,9,6-10d,34.402,37.024,39.035,36.841,43.266
2026-01-17,2026-01-27,10,6-10d,36.042,37.269,37.223,36.968,41.223
2026-01-17,2026-01-28,11,11-15d,39.963,38.600,36.076,37.860,39.498
2026-01-17,2026-01-29,12,11-15d,39.680,37.092,34.492,36.620,37.871
2026-01-17,2026-01-30,13,11-15d,34.980,32.843,31.542,32.605,38.829
2026-01-18,2026-01-19,1,1-5d,33.573,36.720,35.114,36.102,35.947
2026-01-18,2026-01-20,2,1-5d,33.309,37.202,35.353,36.436,35.431
2026-01-18,2026-01-21,3,1-5d,27.958,29.862,28.967,29.713,28.655
2026-01-18,2026-01-22,4,1-5d,27.767,30.175,28.218,29.710,27.689
2026-01-18,2026-01-23,5,1-5d,27.705,34.741,29.623,32.942,36.572
2026-01-18,2026-01-24,6,6-10d,30.597,38.729,33.298,37.053,42.811
2026-01-18,2026-01-25,7,6-10d,42.101,39.152,40.731,39.758,43.049
2026-01-18,2026-01-26,8,6-10d,39.606,39.065,41.134,39.363,43.266
2026-01-18,2026-01-27,9,6-10d,34.584,39.673,38.320,39.030,41.223
2026-01-18,2026-01-28,10,6-10d,31.517,42.050,36.789,40.502,39.498
2026-01-18,2026-01-29,11,11-15d,32.242,42.250,34.791,39.708,37.871
2026-01-18,2026-01-30,12,11-15d,31.659,38.235,31.305,35.764,38.829
2026-01-18,2026-01-31,13,11-15d,28.781,34.795,28.511,31.748,41.785
2026-01-19,2026-01-20,1,1-5d,33.701,36.604,34.334,36.005,35.431
2026-01-19,2026-01-21,2,1-5d,26.921,29.027,27.331,28.739,28.655
2026-01-19,2026-01-22,3,1-5d,25.665,28.808,26.893,28.196,27.689
2026-01-19,2026-01-23,4,1-5d,35.516,39.376,34.916,38.192,36.572
2026-01-19,2026-01-24,5,1-5d,43.595,46.032,41.959,44.954,42.811
2026-01-19,2026-01-25,6,6-10d,42.147,43.401,42.236,43.005,43.049
2026-01-19,2026-01-26,7,6-10d,38.408,40.045,39.579,39.783,43.266
2026-01-19,2026-01-27,8,6-10d,31.968,39.021,36.423,38.006,41.223
2026-01-19,2026-01-28,9,6-10d,30.937,40.218,35.611,39.040,39.498
2026-01-19,2026-01-29,10,6-10d,29.219,42.172,35.265,40.256,37.871
2026-01-19,2026-01-30,11,11-15d,28.055,39.364,32.592,36.929,38.829
2026-01-19,2026-01-31,12,11-15d,23.389,35.084,30.658,32.727,41.785
2026-01-19,2026-02-01,13,11-15d,25.981,33.224,29.323,31.008,39.652
2026-01-20,2026-01-21,1,1-5d,26.903,28.337,27.393,28.384,28.655
2026-01-20,2026-01-22,2,1-5d,25.819,28.629,26.921,28.162,27.689
2026-01-20,2026-01-23,3,1-5d,36.368,39.596,36.857,38.840,36.572
2026-01-20,2026-01-24,4,1-5d,42.496,47.172,42.595,45.843,42.811
2026-01-20,2026-01-25,5,1-5d,41.331,45.452,41.361,44.201,43.049
2026-01-20,2026-01-26,6,6-10d,39.128,42.842,40.561,42.111,43.266
2026-01-20,2026-01-27,7,6-10d,34.681,39.405,38.555,38.758,41.223
2026-01-20,2026-01-28,8,6-10d,33.923,36.989,36.350,36.565,39.498
2026-01-20,2026-01-29,9,6-10d,35.498,39.350,36.255,38.595,37.871
2026-01-20,2026-01-30,10,6-10d,31.291,38.669,35.432,37.582,38.829
2026-01-20,2026-01-31,11,11-15d,30.953,36.235,34.246,35.297,41.785
2026-01-20,2026-02-01,12,11-15d,31.605,34.023,32.853,33.408,39.652
2026-01-21,2026-01-22,1,1-5d,26.138,28.397,27.248,28.135,27.689
2026-01-21,2026-01-23,2,1-5d,36.070,38.559,36.948,38.192,36.572
2026-01-21,2026-01-24,3,1-5d,44.126,45.720,44.530,45.604,42.811
2026-01-21,2026-01-25,4,1-5d,43.176,45.965,44.482,45.538,43.049
2026-01-21,2026-01-26,5,1-5d,44.388,46.241,44.209,45.732,43.266
2026-01-21,2026-01-27,6,6-10d,43.825,43.591,42.108,43.100,41.223
2026-01-21,2026-01-28,7,6-10d,37.723,39.600,37.638,39.015,39.498
2026-01-21,2026-01-29,8,6-10d,36.012,41.025,37.601,39.947,37.871
2026-01-21,2026-01-30,9,6-10d,39.881,40.412,37.592,39.851,38.829
2026-01-21,2026-01-31,10,6-10d,41.385,38.375,35.287,37.830,41.785
2026-01-21,2026-02-01,11,11-15d,40.791,37.534,33.743,36.572,39.652
2026-01-21,2026-02-03,13,11-15d,32.642,34.157,28.863,31.956,29.014
2026-01-22,2026-01-23,1,1-5d,35.221,38.226,35.483,37.544,36.572
2026-01-22,2026-01-24,2,1-5d,41.493,44.418,41.780,43.736,42.811
2026-01-22,2026-01-25,3,1-5d,41.500,44.309,41.571,43.657,43.049
2026-01-22,2026-01-26,4,1-5d,42.455,46.475,43.306,45.526,43.266
2026-01-22,2026-01-27,5,1-5d,40.004,44.174,41.383,43.243,41.223
2026-01-22,2026-01-28,6,6-10d,35.263,40.508,37.944,39.692,39.498
2026-01-22,2026-01-29,7,6-10d,39.427,41.840,40.473,41.320,37.871
2026-01-22,2026-01-30,8,6-10d,42.043,43.300,42.442,42.923,38.829
2026-01-22,2026-01-31,9,6-10d,42.089,41.917,40.587,41.540,41.785
2026-01-22,2026-02-01,10,6-10d,38.579,39.422,37.170,38.810,39.652
2026-01-22,2026-02-03,12,11-15d,29.493,32.725,30.749,31.827,29.014
2026-01-22,2026-02-04,13,11-15d,27.300,30.061,29.254,29.530,30.239
2026-01-23,2026-01-24,1,1-5d,42.223,44.597,43.379,44.288,42.811
2026-01-23,2026-01-25,2,1-5d,42.125,43.750,42.606,43.692,43.049
2026-01-23,2026-01-26,3,1-5d,44.192,46.473,44.135,46.013,43.266
2026-01-23,2026-01-27,4,1-5d,42.898,45.182,43.424,44.775,41.223
2026-01-23,2026-01-28,5,1-5d,40.297,42.041,40.483,41.661,39.498
2026-01-23,2026-01-29,6,6-10d,40.605,43.899,42.221,43.349,37.871
2026-01-23,2026-01-30,7,6-10d,37.747,44.936,42.326,43.690,38.829
2026-01-23,2026-01-31,8,6-10d,38.680,41.147,38.955,40.442,41.785
2026-01-23,2026-02-01,9,6-10d,36.434,36.914,35.721,36.518,39.652
2026-01-23,2026-02-03,11,11-15d,31.928,32.036,30.315,31.424,29.014
2026-01-23,2026-02-04,12,11-15d,31.011,29.895,28.194,29.500,30.239
2026-01-23,2026-02-05,13,11-15d,29.404,29.228,27.250,28.523,31.027
2026-01-24,2026-01-25,1,1-5d,41.893,43.219,42.039,43.281,43.049
2026-01-24,2026-01-26,2,1-5d,44.490,46.112,44.251,45.912,43.266
2026-01-24,2026-01-27,3,1-5d,42.528,45.035,43.099,44.579,41.223
2026-01-24,2026-01-28,4,1-5d,39.641,43.018,40.203,42.236,39.498
2026-01-24,2026-01-29,5,1-5d,40.829,43.702,41.497,43.048,37.871
2026-01-24,2026-01-30,6,6-10d,39.168,43.855,41.705,43.164,38.829
2026-01-24,2026-01-31,7,6-10d,35.931,41.358,39.228,40.384,41.785
2026-01-24,2026-02-01,8,6-10d,36.840,38.732,35.780,37.904,39.652
2026-01-24,2026-02-03,10,6-10d,31.932,32.217,30.116,31.655,29.014
2026-01-24,2026-02-04,11,11-15d,30.880,30.416,29.197,29.958,30.239
2026-01-24,2026-02-05,12,11-15d,30.923,28.968,28.590,28.988,31.027
2026-01-24,2026-02-06,13,11-15d,30.041,29.066,28.991,29.202,27.189
2026-01-25,2026-01-26,1,1-5d,44.286,45.217,43.857,45.399,43.266
2026-01-25,2026-01-27,2,1-5d,42.766,44.372,42.526,44.179,41.223
2026-01-25,2026-01-28,3,1-5d,40.765,43.402,41.251,42.881,39.498
2026-01-25,2026-01-29,4,1-5d,39.937,44.075,41.538,43.234,37.871
2026-01-25,2026-01-30,5,1-5d,40.408,45.159,41.629,43.986,38.829
2026-01-25,2026-01-31,6,6-10d,41.598,43.550,39.387,42.255,41.785
2026-01-25,2026-02-01,7,6-10d,37.657,40.207,35.688,39.043,39.652
2026-01-25,2026-02-03,9,6-10d,28.390,31.834,28.554,31.081,29.014
2026-01-25,2026-02-04,10,6-10d,28.977,30.229,27.191,29.478,30.239
2026-01-25,2026-02-05,11,11-15d,28.842,28.765,26.780,28.096,31.027
2026-01-25,2026-02-06,12,11-15d,25.713,27.797,27.273,27.377,27.189
2026-01-25,2026-02-07,13,11-15d,24.255,28.962,27.545,27.993,29.896
2026-01-26,2026-01-27,1,1-5d,41.443,43.840,41.888,43.450,41.223
2026-01-26,2026-01-28,2,1-5d,39.089,42.415,40.097,41.697,39.498
2026-01-26,2026-01-29,3,1-5d,37.492,41.684,39.157,40.718,37.871
2026-01-26,2026-01-30,4,1-5d,41.241,43.991,41.049,43.278,38.829
2026-01-26,2026-01-31,5,1-5d,43.772,44.748,41.721,44.078,41.785
2026-01-26,2026-02-01,6,6-10d,39.183,40.549,37.693,39.646,39.652
2026-01-26,2026-02-03,8,6-10d,30.179,31.644,28.223,30.744,29.014
2026-01-26,2026-02-04,9,6-10d,30.219,30.226,26.656,29.616,30.239
2026-01-26,2026-02-05,10,6-10d,27.562,29.255,27.626,28.694,31.027
2026-01-26,2026-02-06,11,11-15d,29.115,28.126,28.862,28.183,27.189
2026-01-26,2026-02-07,12,11-15d,32.351,29.819,29.804,29.987,29.896
2026-01-26,2026-02-08,13,11-15d,35.802,30.593,31.467,31.532,30.207
2026-01-27,2026-01-28,1,1-5d,39.010,41.863,39.510,41.273,39.498
2026-01-27,2026-01-29,2,1-5d,37.187,41.657,38.214,40.428,37.871
2026-01-27,2026-01-30,3,1-5d,39.135,44.163,40.248,42.780,38.829
2026-01-27,2026-01-31,4,1-5d,42.255,45.228,42.750,44.574,41.785
2026-01-27,2026-02-01,5,1-5d,40.197,40.534,39.480,40.421,39.652
2026-01-27,2026-02-03,7,6-10d,30.635,32.882,29.340,31.944,29.014
2026-01-27,2026-02-04,8,6-10d,26.600,30.814,27.087,29.715,30.239
2026-01-27,2026-02-05,9,6-10d,23.855,27.551,26.466,27.005,31.027
2026-01-27,2026-02-06,10,6-10d,28.353,26.097,26.863,26.092,27.189
2026-01-27,2026-02-07,11,11-15d,27.240,28.001,28.949,28.023,29.896
2026-01-27,2026-02-08,12,11-15d,27.664,30.126,30.088,29.789,30.207
2026-01-27,2026-02-09,13,11-15d,33.190,31.722,30.334,31.382,26.086
2026-01-28,2026-01-29,1,1-5d,37.327,40.754,37.803,39.903,37.871
2026-01-28,2026-01-30,2,1-5d,38.413,42.565,39.426,41.476,38.829
2026-01-28,2026-01-31,3,1-5d,42.587,45.767,43.097,45.033,41.785
2026-01-28,2026-02-01,4,1-5d,39.208,41.625,39.147,41.054,39.652
2026-01-28,2026-02-03,6,6-10d,30.696,33.745,29.017,32.280,29.014
2026-01-28,2026-02-04,7,6-10d,27.563,32.418,28.034,31.051,30.239
2026-01-28,2026-02-05,8,6-10d,26.626,30.717,27.996,29.825,31.027
2026-01-28,2026-02-06,9,6-10d,24.903,29.084,27.199,28.434,27.189
2026-01-28,2026-02-07,10,6-10d,25.671,29.387,28.278,28.802,29.896
2026-01-28,2026-02-08,11,11-15d,24.354,31.222,29.392,30.244,30.207
2026-01-28,2026-02-09,12,11-15d,23.161,30.573,28.718,29.287,26.086
2026-01-28,2026-02-10,13,11-15d,26.321,30.113,28.726,29.247,21.235
2026-01-29,2026-01-30,1,1-5d,38.630,42.438,39.370,41.442,38.829
2026-01-29,2026-01-31,2,1-5d,42.214,45.636,42.800,44.791,41.785
2026-01-29,2026-02-01,3,1-5d,38.018,41.099,38.455,40.394,39.652
2026-01-29,2026-02-03,5,1-5d,28.681,33.255,29.037,31.927,29.014
2026-01-29,2026-02-04,6,6-10d,31.206,31.605,30.064,31.096,30.239
2026-01-29,2026-02-05,7,6-10d,30.725,31.301,30.380,31.054,31.027
2026-01-29,2026-02-06,8,6-10d,26.924,29.679,29.156,29.294,27.189
2026-01-29,2026-02-07,9,6-10d,31.344,29.619,29.951,29.486,29.896
2026-01-29,2026-02-08,10,6-10d,35.707,30.552,31.625,30.738,30.207
2026-01-29,2026-02-09,11,11-15d,35.262,29.588,32.007,30.300,26.086
2026-01-29,2026-02-10,12,11-15d,33.614,28.817,32.006,30.013,21.235
2026-01-29,2026-02-11,13,11-15d,31.945,28.855,32.326,30.621,21.157
2026-01-30,2026-01-31,1,1-5d,41.813,44.609,42.296,44.043,41.785
2026-01-30,2026-02-01,2,1-5d,37.664,41.037,38.257,40.215,39.652
2026-01-30,2026-02-03,4,1-5d,27.918,31.274,28.370,30.477,29.014
2026-01-30,2026-02-04,5,1-5d,27.370,32.696,29.346,31.510,30.239
2026-01-30,2026-02-05,6,6-10d,31.174,33.794,30.723,32.826,31.027
2026-01-30,2026-02-06,7,6-10d,31.287,30.747,28.855,30.418,27.189
2026-01-30,2026-02-07,8,6-10d,37.390,32.207,32.479,32.378,29.896
2026-01-30,2026-02-08,9,6-10d,36.047,34.336,32.688,34.004,30.207
2026-01-30,2026-02-09,10,6-10d,36.730,30.877,31.012,30.957,26.086
2026-01-30,2026-02-10,11,11-15d,35.856,28.608,30.560,29.282,21.235
2026-01-30,2026-02-11,12,11-15d,35.850,30.061,30.812,30.747,21.157
2026-01-30,2026-02-12,13,11-15d,36.081,31.457,30.945,31.783,23.308
2026-01-31,2026-02-01,1,1-5d,37.808,40.564,38.371,40.024,39.652
2026-01-31,2026-02-03,3,1-5d,28.792,31.476,29.008,30.896,29.014
2026-01-31,2026-02-04,4,1-5d,30.907,33.068,31.012,32.620,30.239
2026-01-31,2026-02-05,5,1-5d,30.620,33.049,31.325,32.559,31.027
2026-01-31,2026-02-06,6,6-10d,28.539,29.717,28.556,29.322,27.189
2026-01-31,2026-02-07,7,6-10d,31.589,32.803,30.920,32.300,29.896
2026-01-31,2026-02-08,8,6-10d,30.719,32.996,32.297,32.599,30.207
2026-01-31,2026-02-09,9,6-10d,29.878,29.173,32.512,29.289,26.086
2026-01-31,2026-02-10,10,6-10d,30.821,27.532,31.772,28.100,21.235
2026-01-31,2026-02-11,11,11-15d,38.129,27.215,31.335,28.614,21.157
2026-01-31,2026-02-12,12,11-15d,46.352,26.669,30.582,29.535,23.308
2026-01-31,2026-02-13,13,11-15d,49.260,26.678,29.479,30.125,22.302
2026-02-01,2026-02-03,2,1-5d,28.757,31.358,28.605,30.547,29.014
2026-02-01,2026-02-04,3,1-5d,30.318,32.848,30.484,32.160,30.239
2026-02-01,2026-02-05,4,1-5d,29.789,32.957,31.213,32.301,31.027
2026-02-01,2026-02-06,5,1-5d,27.421,30.346,28.767,29.775,27.189
2026-02-01,2026-02-07,6,6-10d,32.768,32.947,32.773,32.830,29.896
2026-02-01,2026-02-08,7,6-10d,31.907,30.061,32.092,30.686,30.207
2026-02-01,2026-02-09,8,6-10d,30.020,28.407,31.440,28.804,26.086
2026-02-01,2026-02-10,9,6-10d,31.964,26.431,28.842,26.742,21.235
2026-02-01,2026-02-11,10,6-10d,30.050,23.735,25.827,24.623,21.157
2026-02-01,2026-02-12,11,11-15d,24.118,22.616,24.261,23.178,23.308
2026-02-01,2026-02-13,12,11-15d,19.901,23.122,23.080,22.964,22.302
2026-02-01,2026-02-14,13,11-15d,17.971,24.335,23.227,23.723,20.163
2026-02-02,2026-02-03,1,1-5d,29.317,30.689,29.331,30.623,29.014
2026-02-02,2026-02-04,2,1-5d,30.420,32.317,30.737,31.999,30.239
2026-02-02,2026-02-05,3,1-5d,30.209,32.274,31.262,32.017,31.027
2026-02-02,2026-02-06,4,1-5d,28.087,29.142,28.994,29.202,27.189
2026-02-02,2026-02-07,5,1-5d,33.731,32.209,33.229,32.732,29.896
2026-02-02,2026-02-08,6,6-10d,33.148,30.195,32.790,30.908,30.207
2026-02-02,2026-02-09,7,6-10d,29.249,28.033,31.410,28.865,26.086
2026-02-02,2026-02-10,8,6-10d,24.052,25.253,28.469,25.537,21.235
2026-02-02,2026-02-11,9,6-10d,21.283,22.971,24.884,22.871,21.157
2026-02-02,2026-02-12,10,6-10d,18.161,22.076,21.582,21.553,23.308
2026-02-02,2026-02-13,11,11-15d,17.561,22.240,20.324,21.425,22.302
2026-02-02,2026-02-14,12,11-15d,17.541,23.285,21.534,22.488,20.163
2026-02-02,2026-02-15,13,11-15d,22.932,23.957,22.755,23.574,19.295
2026-02-03,2026-02-04,1,1-5d,30.529,31.957,30.604,31.875,30.239
2026-02-03,2026-02-05,2,1-5d,30.333,32.030,30.788,31.854,31.027
2026-02-03,2026-02-06,3,1-5d,27.509,29.356,28.037,29.066,27.189
2026-02-03,2026-02-07,4,1-5d,29.330,33.416,31.265,32.520,29.896
2026-02-03,2026-02-08,5,1-5d,29.743,32.324,29.684,31.522,30.207
2026-02-03,2026-02-09,6,6-10d,30.980,29.833,29.390,29.635,26.086
2026-02-03,2026-02-10,7,6-10d,25.136,26.327,26.865,26.350,21.235
2026-02-03,2026-02-11,8,6-10d,22.359,22.565,23.273,22.522,21.157
2026-02-03,2026-02-12,9,6-10d,21.477,20.272,20.805,20.179,23.308
2026-02-03,2026-02-13,10,6-10d,20.866,20.292,19.237,20.134,22.302
2026-02-03,2026-02-14,11,11-15d,19.691,21.407,19.063,20.612,20.163
2026-02-03,2026-02-15,12,11-15d,18.649,22.592,20.018,21.638,19.295
2026-02-03,2026-02-16,13,11-15d,18.187,23.088,21.335,22.291,19.038
2026-02-04,2026-02-05,1,1-5d,30.190,31.988,30.053,31.679,31.027
2026-02-04,2026-02-06,2,1-5d,26.575,28.661,26.978,28.274,27.189
2026-02-04,2026-02-07,3,1-5d,29.578,33.000,30.482,32.095,29.896
2026-02-04,2026-02-08,4,1-5d,27.565,32.416,29.029,31.097,30.207
2026-02-04,2026-02-09,5,1-5d,22.669,27.497,25.196,26.555,26.086
2026-02-04,2026-02-10,6,6-10d,19.440,24.638,22.528,23.940,21.235
2026-02-04,2026-02-11,7,6-10d,23.025,22.392,20.975,22.206,21.157
2026-02-04,2026-02-12,8,6-10d,23.850,21.297,20.233,21.126,23.308
2026-02-04,2026-02-13,9,6-10d,19.494,21.545,20.020,21.083,22.302
2026-02-04,2026-02-14,10,6-10d,17.339,22.604,20.708,21.736,20.163
2026-02-04,2026-02-15,11,11-15d,18.793,23.640,22.397,23.019,19.295
2026-02-04,2026-02-16,12,11-15d,19.819,23.112,23.172,22.981,19.038
2026-02-04,2026-02-17,13,11-15d,22.771,21.678,22.263,22.116,17.993
2026-02-05,2026-02-06,1,1-5d,26.474,28.658,27.125,28.313,27.189
2026-02-05,2026-02-07,2,1-5d,30.449,33.866,32.157,33.205,29.896
2026-02-05,2026-02-08,3,1-5d,28.804,32.986,30.437,31.921,30.207
2026-02-05,2026-02-09,4,1-5d,23.647,28.614,26.179,27.515,26.086
2026-02-05,2026-02-10,5,1-5d,21.894,24.094,23.768,23.908,21.235
2026-02-05,2026-02-11,6,6-10d,22.022,22.346,21.475,22.020,21.157
2026-02-05,2026-02-12,7,6-10d,22.294,22.608,20.958,22.281,23.308
2026-02-05,2026-02-13,8,6-10d,22.900,23.119,21.446,22.718,22.302
2026-02-05,2026-02-14,9,6-10d,23.965,23.684,22.035,23.326,20.163
2026-02-05,2026-02-15,10,6-10d,25.189,23.984,23.039,23.905,19.295
2026-02-05,2026-02-16,11,11-15d,25.052,22.665,23.112,22.912,19.038
2026-02-05,2026-02-17,12,11-15d,22.055,21.448,21.448,21.494,17.993
2026-02-05,2026-02-18,13,11-15d,18.135,21.802,20.556,21.269,16.637
2026-02-06,2026-02-07,1,1-5d,30.642,32.782,31.732,32.547,29.896
2026-02-06,2026-02-08,2,1-5d,28.201,31.902,29.422,30.953,30.207
2026-02-06,2026-02-09,3,1-5d,23.895,26.775,24.951,26.152,26.086
2026-02-06,2026-02-10,4,1-5d,21.176,23.174,21.617,22.740,21.235
2026-02-06,2026-02-11,5,1-5d,23.497,22.523,21.724,22.536,21.157
2026-02-06,2026-02-12,6,6-10d,25.446,23.206,22.842,23.032,23.308
2026-02-06,2026-02-13,7,6-10d,25.102,24.554,23.523,24.437,22.302
2026-02-06,2026-02-14,8,6-10d,24.247,25.237,23.461,24.782,20.163
2026-02-06,2026-02-15,9,6-10d,23.228,24.758,23.398,24.338,19.295
2026-02-06,2026-02-16,10,6-10d,20.426,22.915,22.443,22.538,19.038
2026-02-06,2026-02-17,11,11-15d,17.014,20.657,20.182,20.326,17.993
2026-02-06,2026-02-18,12,11-15d,16.233,20.549,19.986,20.180,16.637
2026-02-06,2026-02-19,13,11-15d,18.959,23.017,21.903,22.517,19.119
2026-02-07,2026-02-08,1,1-5d,29.002,31.577,29.755,31.057,30.207
2026-02-07,2026-02-09,2,1-5d,23.864,27.894,24.603,26.636,26.086
2026-02-07,2026-02-10,3,1-5d,19.836,23.488,20.360,22.385,21.235
2026-02-07,2026-02-11,4,1-5d,20.312,22.554,21.065,22.100,21.157
2026-02-07,2026-02-12,5,1-5d,22.188,24.296,22.726,23.809,23.308
2026-02-07,2026-02-13,6,6-10d,24.249,25.954,23.395,25.121,22.302
2026-02-07,2026-02-14,7,6-10d,23.866,27.145,23.554,26.133,20.163
2026-02-07,2026-02-15,8,6-10d,22.084,26.454,22.792,25.548,19.295
2026-02-07,2026-02-16,9,6-10d,18.473,23.839,21.192,23.099,19.038
2026-02-07,2026-02-17,10,6-10d,15.509,20.731,19.152,19.914,17.993
2026-02-07,2026-02-18,11,11-15d,14.308,19.295,19.414,19.075,16.637
2026-02-07,2026-02-19,12,11-15d,15.152,21.551,20.992,21.079,19.119
2026-02-07,2026-02-20,13,11-15d,15.252,23.580,21.883,22.634,22.519
2026-02-08,2026-02-09,1,1-5d,25.374,27.301,25.584,26.996,26.086
2026-02-08,2026-02-10,2,1-5d,20.659,22.567,21.367,22.361,21.235
2026-02-08,2026-02-11,3,1-5d,22.060,23.057,22.422,23.108,21.157
2026-02-08,2026-02-12,4,1-5d,23.408,25.075,24.025,24.817,23.308
2026-02-08,2026-02-13,5,1-5d,23.445,25.556,23.706,24.998,22.302
2026-02-08,2026-02-14,6,6-10d,22.209,26.108,22.908,25.083,20.163
2026-02-08,2026-02-15,7,6-10d,19.893,24.838,21.841,23.779,19.295
2026-02-08,2026-02-16,8,6-10d,18.620,22.422,20.627,21.824,19.038
2026-02-08,2026-02-17,9,6-10d,16.161,19.656,18.577,19.166,17.993
2026-02-08,2026-02-18,10,6-10d,14.579,18.935,18.282,18.344,16.637
2026-02-08,2026-02-19,11,11-15d,17.245,20.770,20.157,20.404,19.119
2026-02-08,2026-02-20,12,11-15d,19.935,22.443,22.105,22.232,22.519
2026-02-08,2026-02-21,13,11-15d,17.995,23.821,23.310,23.474,24.600
2026-02-09,2026-02-10,1,1-5d,20.491,22.141,20.796,21.994,21.235
2026-02-09,2026-02-11,2,1-5d,21.275,22.956,22.435,22.999,21.157
2026-02-09,2026-02-12,3,1-5d,22.296,25.055,23.785,24.595,23.308
2026-02-09,2026-02-13,4,1-5d,22.721,24.730,23.485,24.372,22.302
2026-02-09,2026-02-14,5,1-5d,21.718,23.786,23.140,23.534,20.163
2026-02-09,2026-02-15,6,6-10d,21.293,22.863,22.756,22.766,19.295
2026-02-09,2026-02-16,7,6-10d,18.946,21.934,20.622,21.407,19.038
2026-02-09,2026-02-17,8,6-10d,16.772,19.702,18.176,19.188,17.993
2026-02-09,2026-02-18,9,6-10d,15.470,18.838,17.500,18.329,16.637
2026-02-09,2026-02-19,10,6-10d,14.299,20.939,19.181,19.954,19.119
2026-02-09,2026-02-20,11,11-15d,14.080,22.894,21.550,22.044,22.519
2026-02-09,2026-02-21,12,11-15d,19.108,24.422,23.568,23.916,24.600
2026-02-09,2026-02-22,13,11-15d,21.593,25.136,24.633,24.907,28.809
2026-02-10,2026-02-11,1,1-5d,20.836,22.499,21.864,22.490,21.157
2026-02-10,2026-02-12,2,1-5d,21.681,24.927,23.121,24.272,23.308
2026-02-10,2026-02-13,3,1-5d,21.439,23.620,22.016,23.192,22.302
2026-02-10,2026-02-14,4,1-5d,18.676,21.842,20.181,21.207,20.163
2026-02-10,2026-02-15,5,1-5d,17.542,21.688,20.399,21.067,19.295
2026-02-10,2026-02-16,6,6-10d,16.876,20.767,18.820,20.118,19.038
2026-02-10,2026-02-17,7,6-10d,15.796,19.054,16.601,18.272,17.993
2026-02-10,2026-02-18,8,6-10d,13.156,17.960,16.222,17.320,16.637
2026-02-10,2026-02-19,9,6-10d,11.072,20.079,17.601,19.174,19.119
2026-02-10,2026-02-20,10,6-10d,13.803,21.705,19.194,20.481,22.519
2026-02-10,2026-02-21,11,11-15d,17.282,22.639,21.424,22.000,24.600
2026-02-10,2026-02-22,12,11-15d,16.608,23.491,22.151,22.760,28.809
2026-02-10,2026-02-23,13,11-15d,22.264,24.552,22.875,23.916,30.993
2026-02-11,2026-02-12,1,1-5d,22.022,24.786,23.015,24.220,23.308
2026-02-11,2026-02-13,2,1-5d,21.290,23.613,21.643,23.093,22.302
2026-02-11,2026-02-14,3,1-5d,18.189,20.700,19.392,20.280,20.163
2026-02-11,2026-02-15,4,1-5d,17.767,20.294,18.757,19.786,19.295
2026-02-11,2026-02-16,5,1-5d,18.064,19.850,17.933,19.308,19.038
2026-02-11,2026-02-17,6,6-10d,16.558,18.098,16.092,17.431,17.993
2026-02-11,2026-02-18,7,6-10d,14.437,17.346,14.281,16.477,16.637
2026-02-11,2026-02-19,8,6-10d,13.589,20.016,16.007,18.955,19.119
2026-02-11,2026-02-20,9,6-10d,14.682,23.080,18.520,21.997,22.519
2026-02-11,2026-02-21,10,6-10d,18.535,23.648,20.515,22.609,24.600
2026-02-11,2026-02-22,11,11-15d,21.077,23.675,21.818,22.982,28.809
2026-02-11,2026-02-23,12,11-15d,19.432,24.007,22.249,23.266,30.993
2026-02-11,2026-02-24,13,11-15d,20.620,23.596,22.841,23.294,28.596
2026-02-12,2026-02-13,1,1-5d,21.265,23.632,21.471,23.107,22.302
2026-02-12,2026-02-14,2,1-5d,18.279,21.080,19.076,20.454,20.163
2026-02-12,2026-02-15,3,1-5d,17.206,20.275,18.853,19.715,19.295
2026-02-12,2026-02-16,4,1-5d,17.735,19.409,18.425,19.167,19.038
2026-02-12,2026-02-17,5,1-5d,15.658,18.032,16.691,17.575,17.993
2026-02-12,2026-02-18,6,6-10d,14.049,17.180,15.010,16.464,16.637
2026-02-12,2026-02-19,7,6-10d,15.652,19.082,18.029,18.563,19.119
2026-02-12,2026-02-20,8,6-10d,16.099,22.607,20.012,21.754,22.519
2026-02-12,2026-02-21,9,6-10d,20.495,23.649,19.166,22.836,24.600
2026-02-12,2026-02-22,10,6-10d,20.436,24.029,19.727,22.967,28.809
2026-02-12,2026-02-23,11,11-15d,17.553,24.430,21.336,23.152,30.993
2026-02-12,2026-02-24,12,11-15d,15.644,24.314,21.835,23.152,28.596
2026-02-12,2026-02-25,13,11-15d,13.241,24.426,21.994,23.043,22.703
2026-02-13,2026-02-14,1,1-5d,18.690,20.760,19.112,20.426,20.163
2026-02-13,2026-02-15,2,1-5d,17.904,20.100,18.246,19.640,19.295
2026-02-13,2026-02-16,3,1-5d,17.183,18.971,17.461,18.645,19.038
2026-02-13,2026-02-17,4,1-5d,16.034,18.341,16.044,17.676,17.993
2026-02-13,2026-02-18,5,1-5d,15.316,18.837,14.902,17.617,16.637
2026-02-13,2026-02-19,6,6-10d,17.546,19.942,18.000,19.294,19.119
2026-02-13,2026-02-20,7,6-10d,21.657,20.848,20.063,20.806,22.519
2026-02-13,2026-02-21,8,6-10d,25.630,22.286,21.574,22.208,24.600
2026-02-13,2026-02-22,9,6-10d,25.079,23.546,22.458,23.307,28.809
2026-02-13,2026-02-23,10,6-10d,26.548,24.302,22.608,24.215,30.993
2026-02-13,2026-02-24,11,11-15d,27.578,23.936,21.951,23.516,28.596
2026-02-13,2026-02-25,12,11-15d,22.789,23.967,21.361,23.142,22.703
2026-02-13,2026-02-26,13,11-15d,18.894,23.645,21.658,22.762,19.442
2026-02-14,2026-02-15,1,1-5d,18.067,19.745,18.049,19.519,19.295
2026-02-14,2026-02-16,2,1-5d,18.195,19.485,17.753,19.243,19.038
2026-02-14,2026-02-17,3,1-5d,17.222,18.251,16.640,18.052,17.993
2026-02-14,2026-02-18,4,1-5d,15.695,16.109,14.913,16.003,16.637
2026-02-14,2026-02-19,5,1-5d,16.550,18.279,16.725,17.833,19.119
2026-02-14,2026-02-20,6,6-10d,18.234,21.760,20.047,21.181,22.519
2026-02-14,2026-02-21,7,6-10d,19.852,24.246,22.452,23.482,24.600
2026-02-14,2026-02-22,8,6-10d,22.244,25.222,22.918,24.589,28.809
2026-02-14,2026-02-23,9,6-10d,23.411,24.918,24.100,24.554,30.993
2026-02-14,2026-02-24,10,6-10d,20.567,24.128,24.172,23.721,28.596
2026-02-14,2026-02-25,11,11-15d,15.261,22.346,22.075,21.904,22.703
2026-02-14,2026-02-26,12,11-15d,14.135,21.346,21.272,20.979,19.442
2026-02-14,2026-02-27,13,11-15d,17.023,21.939,21.474,21.656,17.567
2026-02-15,2026-02-16,1,1-5d,17.559,19.435,17.793,19.161,19.038
2026-02-15,2026-02-17,2,1-5d,16.611,18.258,16.717,18.002,17.993
2026-02-15,2026-02-18,3,1-5d,15.855,16.072,15.597,16.319,16.637
2026-02-15,2026-02-19,4,1-5d,17.643,18.363,17.411,18.272,19.119
2026-02-15,2026-02-20,5,1-5d,19.542,20.686,19.867,20.483,22.519
2026-02-15,2026-02-21,6,6-10d,20.219,21.847,22.830,22.077,24.600
2026-02-15,2026-02-22,7,6-10d,23.903,24.538,24.300,24.461,28.809
2026-02-15,2026-02-23,8,6-10d,28.170,27.384,25.329,26.976,30.993
2026-02-15,2026-02-24,9,6-10d,26.697,26.649,23.911,26.171,28.596
2026-02-15,2026-02-25,10,6-10d,21.225,22.793,20.970,22.305,22.703
2026-02-15,2026-02-26,11,11-15d,16.513,20.289,18.876,19.670,19.442
2026-02-15,2026-02-27,12,11-15d,14.479,20.532,18.676,19.688,17.567
2026-02-15,2026-02-28,13,11-15d,15.620,21.422,18.226,20.002,17.516
2026-02-16,2026-02-17,1,1-5d,16.551,18.297,16.751,18.081,17.993
2026-02-16,2026-02-18,2,1-5d,15.250,16.118,15.291,16.232,16.637
2026-02-16,2026-02-19,3,1-5d,17.349,18.905,17.552,18.665,19.119
2026-02-16,2026-02-20,4,1-5d,19.834,21.832,20.033,21.338,22.519
2026-02-16,2026-02-21,5,1-5d,21.945,22.747,22.249,22.658,24.600
2026-02-16,2026-02-22,6,6-10d,26.006,23.557,25.445,24.058,28.809
2026-02-16,2026-02-23,7,6-10d,30.990,23.792,28.228,25.434,30.993
2026-02-16,2026-02-24,8,6-10d,28.967,22.575,26.389,23.328,28.596
2026-02-16,2026-02-25,9,6-10d,20.355,19.872,21.385,19.840,22.703
2026-02-16,2026-02-26,10,6-10d,15.492,17.961,18.899,17.797,19.442
2026-02-16,2026-02-27,11,11-15d,20.383,17.857,19.676,18.523,17.567
2026-02-16,2026-02-28,12,11-15d,27.678,20.767,20.042,20.911,17.516
2026-02-17,2026-02-18,1,1-5d,14.950,16.331,15.052,16.278,16.637
2026-02-17,2026-02-19,2,1-5d,17.269,19.200,17.248,18.764,19.119
2026-02-17,2026-02-20,3,1-5d,19.218,21.855,19.685,21.194,22.519
2026-02-17,2026-02-21,4,1-5d,22.388,24.003,22.980,23.760,24.600
2026-02-17,2026-02-22,5,1-5d,28.190,28.173,26.670,27.915,28.809
2026-02-17,2026-02-23,6,6-10d,30.470,29.595,28.334,29.152,30.993
2026-02-17,2026-02-24,7,6-10d,28.424,27.815,26.098,27.567,28.596
2026-02-17,2026-02-25,8,6-10d,23.433,22.850,21.734,22.573,22.703
2026-02-17,2026-02-26,9,6-10d,20.880,19.991,19.752,19.805,19.442
2026-02-17,2026-02-27,10,6-10d,19.938,19.809,20.772,19.909,17.567
2026-02-17,2026-02-28,11,11-15d,19.737,19.668,21.002,20.065,17.516
2026-02-17,2026-03-01,12,11-15d,16.767,19.194,20.041,19.342,20.540
2026-02-17,2026-03-02,13,11-15d,15.836,19.234,19.191,19.196,21.835
2026-02-18,2026-02-19,1,1-5d,17.224,19.373,17.457,18.962,19.119
2026-02-18,2026-02-20,2,1-5d,19.228,21.961,19.499,21.211,22.519
2026-02-18,2026-02-21,3,1-5d,21.515,23.857,22.574,23.477,24.600
2026-02-18,2026-02-22,4,1-5d,25.565,27.464,26.184,27.114,28.809
2026-02-18,2026-02-23,5,1-5d,26.562,29.261,27.442,28.652,30.993
2026-02-18,2026-02-24,6,6-10d,23.781,27.976,26.332,27.418,28.596
2026-02-18,2026-02-25,7,6-10d,20.235,23.155,22.081,22.683,22.703
2026-02-18,2026-02-26,8,6-10d,21.880,19.852,19.673,19.788,19.442
2026-02-18,2026-02-27,9,6-10d,22.369,19.862,20.072,19.801,17.567
2026-02-18,2026-02-28,10,6-10d,18.827,20.453,20.220,20.198,17.516
2026-02-18,2026-03-01,11,11-15d,14.905,20.791,19.050,19.968,20.540
2026-02-18,2026-03-02,12,11-15d,14.394,20.537,18.590,19.661,21.835
2026-02-18,2026-03-03,13,11-15d,16.655,19.699,18.327,19.147,19.118
2026-02-19,2026-02-20,1,1-5d,19.614,22.056,20.086,21.546,22.519
2026-02-19,2026-02-21,2,1-5d,22.249,24.089,22.837,23.881,24.600
2026-02-19,2026-02-22,3,1-5d,26.038,28.055,26.569,27.689,28.809
2026-02-19,2026-02-23,4,1-5d,27.373,29.905,27.995,29.303,30.993
2026-02-19,2026-02-24,5,1-5d,24.301,27.791,25.400,26.960,28.596
2026-02-19,2026-02-25,6,6-10d,20.348,21.979,20.464,21.459,22.703
2026-02-19,2026-02-26,7,6-10d,18.744,19.359,18.617,19.184,19.442
2026-02-19,2026-02-27,8,6-10d,17.878,18.882,17.173,18.437,17.567
2026-02-19,2026-02-28,9,6-10d,20.807,19.164,16.947,18.817,17.516
2026-02-19,2026-03-01,10,6-10d,27.049,21.626,19.524,21.795,20.540
2026-02-19,2026-03-02,11,11-15d,25.261,23.166,21.164,22.664,21.835
2026-02-19,2026-03-03,12,11-15d,22.652,23.039,19.866,22.083,19.118
2026-02-19,2026-03-04,13,11-15d,21.856,22.280,19.165,21.162,15.691
2026-02-20,2026-02-21,1,1-5d,22.454,24.275,23.210,24.133,24.600
2026-02-20,2026-02-22,2,1-5d,26.520,28.621,27.258,28.327,28.809
2026-02-20,2026-02-23,3,1-5d,28.525,31.118,29.260,30.544,30.993
2026-02-20,2026-02-24,4,1-5d,26.044,28.993,27.308,28.384,28.596
2026-02-20,2026-02-25,5,1-5d,20.534,22.580,21.297,22.170,22.703
2026-02-20,2026-02-26,6,6-10d,19.085,21.030,19.017,20.361,19.442
2026-02-20,2026-02-27,7,6-10d,20.639,20.671,17.886,20.145,17.567
2026-02-20,2026-02-28,8,6-10d,18.334,18.582,17.122,18.212,17.516
2026-02-20,2026-03-01,9,6-10d,17.692,19.114,18.339,18.758,20.540
2026-02-20,2026-03-02,10,6-10d,17.754,21.351,19.918,20.719,21.835
2026-02-20,2026-03-03,11,11-15d,16.932,22.562,20.252,21.581,19.118
2026-02-20,2026-03-04,12,11-15d,18.108,22.066,20.186,21.320,15.691
2026-02-20,2026-03-05,13,11-15d,15.488,21.358,20.084,20.704,14.688
2026-02-21,2026-02-22,1,1-5d,27.671,28.916,28.243,29.025,28.809
2026-02-21,2026-02-23,2,1-5d,29.624,31.970,30.502,31.596,30.993
2026-02-21,2026-02-24,3,1-5d,26.329,29.727,27.515,28.903,28.596
2026-02-21,2026-02-25,4,1-5d,21.518,22.434,21.403,22.294,22.703
2026-02-21,2026-02-26,5,1-5d,20.303,19.902,19.994,20.081,19.442
2026-02-21,2026-02-27,6,6-10d,20.205,19.635,19.930,19.658,17.567
2026-02-21,2026-02-28,7,6-10d,18.888,20.575,18.762,20.078,17.516
2026-02-21,2026-03-01,8,6-10d,22.147,23.610,20.390,22.915,20.540
2026-02-21,2026-03-02,9,6-10d,23.215,24.498,22.798,24.057,21.835
2026-02-21,2026-03-03,10,6-10d,19.166,23.992,22.492,23.227,19.118
2026-02-21,2026-03-04,11,11-15d,19.953,22.993,20.503,22.088,15.691
2026-02-21,2026-03-05,12,11-15d,19.199,22.153,19.890,21.342,14.688
2026-02-21,2026-03-06,13,11-15d,16.287,21.212,18.785,20.144,13.833
2026-02-22,2026-02-23,1,1-5d,29.647,31.746,30.785,31.541,30.993
2026-02-22,2026-02-24,2,1-5d,26.611,29.050,27.390,28.600,28.596
2026-02-22,2026-02-25,3,1-5d,21.051,23.557,21.415,22.929,22.703
2026-02-22,2026-02-26,4,1-5d,19.678,21.237,19.932,20.932,19.442
2026-02-22,2026-02-27,5,1-5d,20.023,19.951,20.818,20.291,17.567
2026-02-22,2026-02-28,6,6-10d,16.772,21.093,19.122,20.437,17.516
2026-02-22,2026-03-01,7,6-10d,16.168,25.326,19.245,23.229,20.540
2026-02-22,2026-03-02,8,6-10d,17.336,27.007,20.634,25.429,21.835
2026-02-22,2026-03-03,9,6-10d,13.648,24.328,20.555,23.210,19.118
2026-02-22,2026-03-04,10,6-10d,12.055,21.576,19.156,20.203,15.691
2026-02-22,2026-03-05,11,11-15d,9.697,22.810,18.601,20.885,14.688
2026-02-22,2026-03-06,12,11-15d,8.941,23.062,17.314,20.647,13.833
2026-02-22,2026-03-07,13,11-15d,9.647,20.720,16.186,18.502,13.464
2026-02-25,2026-02-26,1,1-5d,19.314,20.539,19.466,20.574,19.442
2026-02-25,2026-02-27,2,1-5d,16.688,18.168,16.754,17.983,17.567
2026-02-25,2026-02-28,3,1-5d,16.760,18.622,17.386,18.350,17.516
2026-02-25,2026-03-01,4,1-5d,21.241,22.878,22.161,22.708,20.540
2026-02-25,2026-03-02,5,1-5d,23.670,24.492,24.918,24.632,21.835
2026-02-25,2026-03-03,6,6-10d,22.652,21.393,24.770,22.341,19.118
2026-02-25,2026-03-04,7,6-10d,19.487,18.243,20.257,18.805,15.691
2026-02-25,2026-03-05,8,6-10d,15.727,17.644,16.943,17.304,14.688
2026-02-25,2026-03-06,9,6-10d,11.226,15.572,14.037,14.994,13.833
2026-02-25,2026-03-07,10,6-10d,10.982,14.631,12.501,13.889,13.464
2026-02-25,2026-03-08,11,11-15d,10.783,13.315,11.829,12.736,11.707
2026-02-25,2026-03-09,12,11-15d,11.246,13.214,11.871,12.728,10.286
2026-02-25,2026-03-10,13,11-15d,11.638,14.221,12.848,13.692,9.610
2026-02-26,2026-02-27,1,1-5d,16.252,18.210,16.462,17.890,17.567
2026-02-26,2026-02-28,2,1-5d,16.691,18.694,17.360,18.429,17.516
2026-02-26,2026-03-01,3,1-5d,21.940,23.036,22.734,23.150,20.540
2026-02-26,2026-03-02,4,1-5d,24.676,23.954,25.914,24.807,21.835
2026-02-26,2026-03-03,5,1-5d,22.716,20.690,24.055,21.850,19.118
2026-02-26,2026-03-04,6,6-10d,16.938,16.890,18.578,17.331,15.691
2026-02-26,2026-03-05,7,6-10d,12.841,14.156,14.748,14.177,14.688
2026-02-26,2026-03-06,8,6-10d,11.679,12.976,12.265,12.666,13.833
2026-02-26,2026-03-07,9,6-10d,14.499,12.600,11.378,12.366,13.464
2026-02-26,2026-03-08,10,6-10d,13.696,11.677,11.002,11.720,11.707
2026-02-27,2026-02-28,1,1-5d,16.345,18.215,16.755,17.979,17.516
2026-02-27,2026-03-01,2,1-5d,20.807,22.150,21.548,22.236,20.540
2026-02-27,2026-03-02,3,1-5d,22.415,22.858,23.061,23.229,21.835
2026-02-27,2026-03-03,4,1-5d,19.170,19.007,19.374,19.378,19.118
2026-02-27,2026-03-04,5,1-5d,15.024,16.757,14.206,16.062,15.691
2026-02-27,2026-03-05,6,6-10d,13.646,15.727,11.814,14.488,14.688
2026-03-04,2026-03-05,1,1-5d,13.189,13.699,12.705,13.927,14.688
2026-03-04,2026-03-06,2,1-5d,12.519,13.171,11.766,13.119,13.833
2026-03-04,2026-03-07,3,1-5d,12.423,12.224,11.414,12.438,13.464
2026-03-04,2026-03-08,4,1-5d,11.489,10.901,11.109,11.261,11.707
2026-03-04,2026-03-09,5,1-5d,10.027,9.822,9.324,9.787,10.286
2026-03-04,2026-03-10,6,6-10d,10.120,9.734,8.473,9.234,9.610
2026-03-04,2026-03-11,7,6-10d,13.187,13.566,12.370,13.267,12.681
2026-03-04,2026-03-12,8,6-10d,18.694,19.491,18.521,19.135,17.969
2026-03-04,2026-03-13,9,6-10d,20.176,18.455,18.965,18.373,19.005
2026-03-04,2026-03-14,10,6-10d,16.687,18.000,17.684,17.707,17.491
2026-03-04,2026-03-15,11,11-15d,17.463,18.678,18.700,18.474,17.308
2026-03-04,2026-03-16,12,11-15d,20.445,19.920,19.113,19.638,21.308
2026-03-04,2026-03-17,13,11-15d,18.952,21.931,18.949,20.717,26.901
2026-03-05,2026-03-06,1,1-5d,12.635,13.309,12.116,13.448,13.833
2026-03-05,2026-03-07,2,1-5d,12.090,12.335,11.141,12.428,13.464
2026-03-05,2026-03-08,3,1-5d,10.750,10.926,10.522,11.167,11.707
2026-03-05,2026-03-09,4,1-5d,8.936,9.655,9.244,9.664,10.286
2026-03-05,2026-03-10,5,1-5d,8.407,9.318,8.897,9.190,9.610
2026-03-05,2026-03-11,6,6-10d,9.131,12.282,11.404,11.897,12.681
2026-03-05,2026-03-12,7,6-10d,14.017,17.818,16.896,17.232,17.969
2026-03-05,2026-03-13,8,6-10d,16.858,17.900,17.785,17.660,19.005
2026-03-05,2026-03-14,9,6-10d,14.848,16.671,16.019,16.296,17.491
2026-03-05,2026-03-15,10,6-10d,15.079,17.601,16.929,17.152,17.308
2026-03-05,2026-03-16,11,11-15d,18.193,20.707,18.343,19.961,21.308
2026-03-05,2026-03-17,12,11-15d,21.404,22.651,20.179,21.864,26.901
2026-03-05,2026-03-18,13,11-15d,20.657,21.690,20.244,21.110,22.481
2026-03-06,2026-03-07,1,1-5d,11.527,12.516,10.818,12.460,13.464
2026-03-06,2026-03-08,2,1-5d,10.172,10.795,9.987,10.928,11.707
2026-03-06,2026-03-09,3,1-5d,9.228,10.125,9.492,10.164,10.286
2026-03-06,2026-03-10,4,1-5d,9.653,9.981,10.483,10.277,9.610
2026-03-06,2026-03-11,5,1-5d,12.540,12.180,12.375,12.333,12.681
2026-03-06,2026-03-12,6,6-10d,15.609,15.876,15.362,15.600,17.969
2026-03-06,2026-03-13,7,6-10d,14.696,15.178,14.519,14.976,19.005
2026-03-06,2026-03-14,8,6-10d,13.073,14.677,13.281,14.217,17.491
2026-03-06,2026-03-15,9,6-10d,15.529,17.220,14.834,16.678,17.308
2026-03-06,2026-03-16,10,6-10d,13.429,20.492,15.339,19.141,21.308
2026-03-06,2026-03-17,11,11-15d,14.603,21.170,16.408,19.742,26.901
2026-03-06,2026-03-18,12,11-15d,17.222,20.331,18.580,19.631,22.481
2026-03-06,2026-03-19,13,11-15d,16.831,18.515,19.238,18.662,16.283
2026-03-07,2026-03-08,1,1-5d,9.894,11.168,9.941,11.121,11.707
2026-03-07,2026-03-09,2,1-5d,9.164,10.243,9.639,10.346,10.286
2026-03-07,2026-03-10,3,1-5d,8.773,9.779,9.267,9.827,9.610
2026-03-07,2026-03-11,4,1-5d,11.855,12.239,12.129,12.374,12.681
2026-03-07,2026-03-12,5,1-5d,17.734,17.925,17.578,17.888,17.969
2026-03-07,2026-03-13,6,6-10d,15.995,17.837,17.102,17.495,19.005
2026-03-07,2026-03-14,7,6-10d,15.447,16.934,16.168,16.610,17.491
2026-03-07,2026-03-15,8,6-10d,17.126,17.402,16.899,17.142,17.308
2026-03-07,2026-03-16,9,6-10d,19.143,21.383,18.648,20.778,21.308
2026-03-07,2026-03-17,10,6-10d,22.172,23.011,21.615,22.658,26.901
2026-03-07,2026-03-18,11,11-15d,17.657,21.164,20.306,20.670,22.481
2026-03-07,2026-03-19,12,11-15d,13.403,18.577,18.006,18.069,16.283
2026-03-07,2026-03-20,13,11-15d,13.116,16.670,16.694,16.479,11.843
2026-03-08,2026-03-09,1,1-5d,9.089,10.263,9.625,10.363,10.286
2026-03-08,2026-03-10,2,1-5d,8.692,9.965,9.050,9.936,9.610
2026-03-08,2026-03-11,3,1-5d,12.320,12.446,11.975,12.680,12.681
2026-03-08,2026-03-12,4,1-5d,17.019,17.141,17.810,17.510,17.969
2026-03-08,2026-03-13,5,1-5d,14.900,16.868,17.377,16.867,19.005
2026-03-08,2026-03-14,6,6-10d,16.084,16.331,16.861,16.368,17.491
2026-03-08,2026-03-15,7,6-10d,14.566,16.741,15.863,16.326,17.308
2026-03-08,2026-03-16,8,6-10d,18.206,20.318,18.364,19.749,21.308
2026-03-08,2026-03-17,9,6-10d,21.116,23.735,22.403,23.252,26.901
2026-03-08,2026-03-18,10,6-10d,19.069,21.052,20.503,20.669,22.481
2026-03-08,2026-03-19,11,11-15d,15.774,17.679,17.161,17.333,16.283
2026-03-08,2026-03-20,12,11-15d,13.379,15.345,14.664,14.970,11.843
2026-03-08,2026-03-21,13,11-15d,12.745,15.322,14.356,14.833,11.098
2026-03-09,2026-03-10,1,1-5d,8.702,9.647,8.637,9.742,9.610
2026-03-09,2026-03-11,2,1-5d,10.901,11.991,10.914,11.950,12.681
2026-03-09,2026-03-12,3,1-5d,16.022,16.387,15.870,16.562,17.969
2026-03-09,2026-03-13,4,1-5d,15.663,16.766,16.561,16.769,19.005
2026-03-09,2026-03-14,5,1-5d,14.457,15.488,16.072,15.599,17.491
2026-03-09,2026-03-15,6,6-10d,14.437,15.144,15.900,15.249,17.308
2026-03-09,2026-03-16,7,6-10d,20.534,21.161,20.922,21.029,21.308
2026-03-09,2026-03-17,8,6-10d,25.014,23.922,24.580,23.905,26.901
2026-03-09,2026-03-18,9,6-10d,21.708,19.912,22.288,20.020,22.481
2026-03-09,2026-03-19,10,6-10d,17.038,16.379,19.162,16.593,16.283
2026-03-09,2026-03-20,11,11-15d,15.399,15.137,16.694,15.314,11.843
2026-03-09,2026-03-21,12,11-15d,19.294,16.003,16.016,16.064,11.098
2026-03-09,2026-03-22,13,11-15d,21.199,16.017,16.050,16.266,12.042
2026-03-10,2026-03-11,1,1-5d,11.338,12.425,11.121,12.418,12.681
2026-03-10,2026-03-12,2,1-5d,16.140,16.833,16.056,16.961,17.969
2026-03-10,2026-03-13,3,1-5d,16.314,16.908,16.652,17.102,19.005
2026-03-10,2026-03-14,4,1-5d,15.229,16.664,16.155,16.541,17.491
2026-03-10,2026-03-15,5,1-5d,15.461,15.330,16.595,15.728,17.308
2026-03-10,2026-03-16,6,6-10d,24.986,21.125,24.388,21.982,21.308
2026-03-10,2026-03-17,7,6-10d,28.649,24.894,26.850,25.639,26.901
2026-03-10,2026-03-18,8,6-10d,23.020,20.567,22.199,20.764,22.481
2026-03-10,2026-03-19,9,6-10d,17.280,15.621,18.047,15.727,16.283
2026-03-10,2026-03-20,10,6-10d,12.794,13.020,15.790,13.145,11.843
2026-03-10,2026-03-21,11,11-15d,10.239,13.077,14.814,13.135,11.098
2026-03-10,2026-03-22,12,11-15d,9.221,14.419,15.151,14.235,12.042
2026-03-10,2026-03-23,13,11-15d,12.229,14.526,15.317,14.666,16.350
2026-03-11,2026-03-12,1,1-5d,16.820,17.632,16.924,17.827,17.969
2026-03-11,2026-03-13,2,1-5d,16.727,17.823,17.136,17.898,19.005
2026-03-11,2026-03-14,3,1-5d,16.395,17.460,17.044,17.520,17.491
2026-03-11,2026-03-15,4,1-5d,16.628,16.172,17.172,16.710,17.308
2026-03-11,2026-03-16,5,1-5d,21.987,20.333,21.897,20.958,21.308
2026-03-11,2026-03-17,6,6-10d,24.913,24.697,24.731,24.585,26.901
2026-03-11,2026-03-18,7,6-10d,20.314,21.973,19.422,21.275,22.481
2026-03-11,2026-03-19,8,6-10d,18.148,17.584,15.236,17.089,16.283
2026-03-11,2026-03-20,9,6-10d,16.483,14.568,13.196,14.307,11.843
2026-03-11,2026-03-21,10,6-10d,11.483,14.004,13.316,13.553,11.098
2026-03-11,2026-03-22,11,11-15d,9.423,14.584,14.058,14.073,12.042
2026-03-11,2026-03-23,12,11-15d,10.614,15.368,13.816,14.636,16.350
2026-03-11,2026-03-24,13,11-15d,12.329,15.694,14.242,14.996,16.588
2026-03-12,2026-03-13,1,1-5d,16.369,17.961,17.131,17.898,19.005
2026-03-12,2026-03-14,2,1-5d,16.157,17.449,16.831,17.505,17.491
2026-03-12,2026-03-15,3,1-5d,16.602,17.057,17.044,17.340,17.308
2026-03-12,2026-03-16,4,1-5d,22.107,22.060,22.464,22.388,21.308
2026-03-12,2026-03-17,5,1-5d,27.506,26.762,26.995,26.963,26.901
2026-03-13,2026-03-14,1,1-5d,16.160,17.158,16.605,17.328,17.491
2026-03-13,2026-03-15,2,1-5d,16.579,16.759,16.672,17.197,17.308
2026-03-13,2026-03-16,3,1-5d,21.928,22.055,22.341,22.478,21.308
2026-03-13,2026-03-17,4,1-5d,27.103,27.010,27.868,27.458,26.901
2026-03-13,2026-03-18,5,1-5d,21.550,21.003,22.485,21.497,22.481
2026-03-13,2026-03-19,6,6-10d,15.049,15.133,16.261,15.350,16.283
2026-03-13,2026-03-20,7,6-10d,14.381,12.995,14.421,13.397,11.843
2026-03-13,2026-03-21,8,6-10d,13.253,12.629,13.511,12.622,11.098
2026-03-13,2026-03-22,9,6-10d,14.759,14.783,12.856,14.370,12.042
2026-03-13,2026-03-23,10,6-10d,14.385,15.846,14.296,15.415,16.350
2026-03-14,2026-03-15,1,1-5d,16.319,16.856,16.408,17.186,17.308
2026-03-14,2026-03-16,2,1-5d,22.640,22.338,23.281,23.181,21.308
2026-03-14,2026-03-17,3,1-5d,26.797,27.526,27.509,27.753,26.901
2026-03-14,2026-03-18,4,1-5d,20.434,21.703,20.503,21.432,22.481
2026-03-14,2026-03-19,5,1-5d,14.866,15.193,14.751,15.118,16.283
2026-03-14,2026-03-20,6,6-10d,11.972,12.935,13.183,12.888,11.843
2026-03-16,2026-03-17,1,1-5d,26.891,27.786,27.431,28.027,26.901
2026-03-16,2026-03-18,2,1-5d,21.362,22.120,21.365,22.242,22.481
2026-03-16,2026-03-19,3,1-5d,15.188,15.960,15.131,15.975,16.283
2026-03-16,2026-03-20,4,1-5d,11.730,13.466,12.452,13.172,11.843
2026-03-16,2026-03-21,5,1-5d,11.208,12.561,12.224,12.410,11.098
2026-03-16,2026-03-22,6,6-10d,12.512,15.473,13.977,14.902,12.042
2026-03-16,2026-03-23,7,6-10d,18.944,17.662,17.499,17.736,16.350
2026-03-16,2026-03-24,8,6-10d,19.057,16.754,17.588,16.824,16.588
2026-03-16,2026-03-25,9,6-10d,15.383,15.011,14.968,14.806,13.537
2026-03-16,2026-03-26,10,6-10d,13.953,15.341,14.466,14.985,10.726
2026-03-16,2026-03-27,11,11-15d,18.813,17.707,17.027,17.479,15.442
2026-03-16,2026-03-28,12,11-15d,20.296,17.394,18.190,17.631,19.196
2026-03-16,2026-03-29,13,11-15d,16.054,14.852,16.717,15.543,14.532
2026-03-17,2026-03-18,1,1-5d,21.435,22.404,21.582,22.529,22.481
2026-03-17,2026-03-19,2,1-5d,15.753,16.557,15.525,16.587,16.283
2026-03-17,2026-03-20,3,1-5d,12.357,13.944,12.640,13.678,11.843
2026-03-17,2026-03-21,4,1-5d,10.158,11.687,11.951,11.743,11.098
2026-03-17,2026-03-22,5,1-5d,9.334,14.422,12.038,13.386,12.042
2026-03-17,2026-03-23,6,6-10d,14.878,18.284,16.067,17.497,16.350
2026-03-17,2026-03-24,7,6-10d,16.079,17.232,16.493,16.947,16.588
2026-03-17,2026-03-25,8,6-10d,14.761,13.755,13.952,13.664,13.537
2026-03-17,2026-03-26,9,6-10d,11.968,12.219,12.432,12.009,10.726
2026-03-17,2026-03-27,10,6-10d,11.916,15.389,14.553,14.828,15.442
2026-03-17,2026-03-28,11,11-15d,16.880,17.352,15.880,16.887,19.196
2026-03-17,2026-03-29,12,11-15d,16.410,15.794,14.081,15.290,14.532
2026-03-17,2026-03-30,13,11-15d,16.670,14.745,12.595,14.067,8.885
2026-03-18,2026-03-19,1,1-5d,15.419,16.342,15.405,16.458,16.283
2026-03-18,2026-03-20,2,1-5d,11.473,13.021,11.596,12.784,11.843
2026-03-18,2026-03-21,3,1-5d,10.154,10.615,11.240,11.056,11.098
2026-03-18,2026-03-22,4,1-5d,10.956,13.035,13.523,13.065,12.042
2026-03-18,2026-03-23,5,1-5d,14.502,17.504,16.907,17.123,16.350
2026-03-18,2026-03-24,6,6-10d,17.311,15.904,18.050,16.426,16.588
2026-03-18,2026-03-25,7,6-10d,14.918,13.838,15.459,14.248,13.537
2026-03-18,2026-03-26,8,6-10d,13.697,13.536,13.657,13.392,10.726
2026-03-18,2026-03-27,9,6-10d,18.684,14.704,16.352,14.849,15.442
2026-03-18,2026-03-28,10,6-10d,23.174,16.412,18.349,17.152,19.196
2026-03-18,2026-03-29,11,11-15d,23.387,15.247,15.820,15.621,14.532
2026-03-18,2026-03-30,12,11-15d,19.831,13.932,13.756,14.076,8.885
2026-03-18,2026-03-31,13,11-15d,14.899,13.457,12.735,13.255,7.740
2026-03-19,2026-03-20,1,1-5d,10.884,12.134,10.992,12.111,11.843
2026-03-19,2026-03-21,2,1-5d,10.515,11.478,10.752,11.568,11.098
2026-03-19,2026-03-22,3,1-5d,9.890,11.981,11.127,11.726,12.042
2026-03-19,2026-03-23,4,1-5d,13.226,16.041,14.521,15.459,16.350
2026-03-19,2026-03-24,5,1-5d,15.917,16.466,16.386,16.460,16.588
2026-03-19,2026-03-25,6,6-10d,13.773,14.410,13.584,14.040,13.537
2026-03-19,2026-03-26,7,6-10d,11.734,13.096,12.094,12.738,10.726
2026-03-19,2026-03-27,8,6-10d,17.089,15.481,14.910,15.305,15.442
2026-03-19,2026-03-28,9,6-10d,16.667,17.745,16.650,17.362,19.196
2026-03-19,2026-03-29,10,6-10d,18.173,15.814,14.144,15.753,14.532
2026-03-19,2026-03-30,11,11-15d,18.058,14.634,12.753,14.282,8.885
2026-03-19,2026-03-31,12,11-15d,13.574,13.194,12.468,12.925,7.740
2026-03-19,2026-04-01,13,11-15d,9.423,12.691,12.173,12.767,10.647
2026-03-20,2026-03-21,1,1-5d,10.515,11.585,10.463,11.620,11.098
2026-03-20,2026-03-22,2,1-5d,10.793,11.233,10.816,11.520,12.042
2026-03-20,2026-03-23,3,1-5d,14.200,14.929,14.651,15.091,16.350
2026-03-20,2026-03-24,4,1-5d,15.728,16.036,15.005,15.952,16.588
2026-03-20,2026-03-25,5,1-5d,13.482,16.220,13.221,15.265,13.537
2026-03-20,2026-03-26,6,6-10d,10.898,16.786,11.967,15.218,10.726
2026-03-20,2026-03-27,7,6-10d,15.387,16.256,15.249,15.946,15.442
2026-03-20,2026-03-28,8,6-10d,15.233,18.896,17.342,18.309,19.196
2026-03-20,2026-03-29,9,6-10d,11.051,16.114,15.332,15.564,14.532
2026-03-20,2026-03-30,10,6-10d,10.391,13.309,13.825,12.939,8.885
2026-03-20,2026-03-31,11,11-15d,9.367,12.573,12.284,12.207,7.740
2026-03-20,2026-04-01,12,11-15d,12.102,12.123,11.440,12.483,10.647
2026-03-20,2026-04-02,13,11-15d,16.208,11.879,12.085,12.588,11.425
2026-03-21,2026-03-22,1,1-5d,10.519,11.626,10.488,11.647,12.042
2026-03-21,2026-03-23,2,1-5d,13.804,15.637,14.004,15.280,16.350
2026-03-21,2026-03-24,3,1-5d,14.321,15.745,14.191,15.449,16.588
2026-03-21,2026-03-25,4,1-5d,12.110,13.788,13.341,13.644,13.537
2026-03-21,2026-03-26,5,1-5d,11.021,13.128,11.876,12.673,10.726
2026-03-21,2026-03-27,6,6-10d,15.238,14.511,15.971,14.827,15.442
2026-03-21,2026-03-28,7,6-10d,16.202,16.736,17.035,16.721,19.196
2026-03-21,2026-03-29,8,6-10d,14.771,14.522,14.334,14.336,14.532
2026-03-21,2026-03-30,9,6-10d,10.388,12.406,12.491,12.094,8.885
2026-03-21,2026-03-31,10,6-10d,7.049,12.139,11.720,11.458,7.740
2026-03-21,2026-04-01,11,11-15d,8.201,12.265,11.922,12.608,10.647
2026-03-21,2026-04-02,12,11-15d,10.339,12.037,12.826,12.681,11.425
2026-03-21,2026-04-03,13,11-15d,11.402,12.189,12.567,12.702,10.410
2026-03-22,2026-03-23,1,1-5d,14.478,15.842,15.105,15.866,16.350
2026-03-22,2026-03-24,2,1-5d,15.024,15.692,15.520,16.007,16.588
2026-03-22,2026-03-25,3,1-5d,11.834,12.727,12.514,12.872,13.537
2026-03-22,2026-03-26,4,1-5d,10.192,11.929,10.560,11.546,10.726
2026-03-22,2026-03-27,5,1-5d,16.678,15.288,16.243,15.734,15.442
2026-03-22,2026-03-28,6,6-10d,18.903,17.626,17.853,17.572,19.196
2026-03-22,2026-03-29,7,6-10d,14.823,14.245,14.644,14.361,14.532
2026-03-22,2026-03-30,8,6-10d,11.307,11.519,12.496,11.484,8.885
2026-03-23,2026-03-24,1,1-5d,15.382,16.222,15.765,16.459,16.588
2026-03-23,2026-03-25,2,1-5d,11.805,12.705,12.287,12.900,13.537
2026-03-23,2026-03-26,3,1-5d,9.294,10.123,9.775,10.247,10.726
2026-03-23,2026-03-27,4,1-5d,15.217,14.920,15.982,15.450,15.442
2026-03-23,2026-03-28,5,1-5d,18.207,17.834,19.047,18.243,19.196
2026-03-23,2026-03-29,6,6-10d,12.670,14.852,16.287,15.161,14.532
2026-03-23,2026-03-30,7,6-10d,10.290,12.184,13.248,12.186,8.885
2026-03-23,2026-03-31,8,6-10d,10.462,12.433,10.362,11.853,7.740
2026-03-23,2026-04-01,9,6-10d,8.574,11.693,9.908,12.092,10.647
2026-03-23,2026-04-02,10,6-10d,7.838,11.820,11.566,12.073,11.425
2026-03-23,2026-04-03,11,11-15d,9.609,12.316,12.231,12.778,10.410
2026-03-23,2026-04-04,12,11-15d,9.384,11.652,12.121,12.187,10.802
2026-03-23,2026-04-05,13,11-15d,9.270,10.688,11.802,11.427,12.868
2026-03-24,2026-03-25,1,1-5d,11.776,12.609,12.104,12.838,13.537
2026-03-24,2026-03-26,2,1-5d,9.341,9.762,9.582,10.124,10.726
2026-03-24,2026-03-27,3,1-5d,14.131,14.941,15.190,15.218,15.442
2026-03-24,2026-03-28,4,1-5d,16.958,18.279,18.007,18.233,19.196
2026-03-24,2026-03-29,5,1-5d,12.220,14.690,13.964,14.330,14.532
2026-03-24,2026-03-30,6,6-10d,9.151,11.182,10.425,10.833,8.885
2026-03-24,2026-03-31,7,6-10d,6.445,12.003,8.885,10.802,7.740
2026-03-24,2026-04-01,8,6-10d,8.196,12.532,10.680,12.734,10.647
2026-03-24,2026-04-02,9,6-10d,12.487,12.413,12.243,13.133,11.425
2026-03-24,2026-04-03,10,6-10d,12.741,11.954,12.637,12.777,10.410
2026-03-24,2026-04-04,11,11-15d,10.565,11.198,12.459,12.033,10.802
2026-03-24,2026-04-05,12,11-15d,13.266,10.496,13.148,11.829,12.868
2026-03-24,2026-04-06,13,11-15d,16.213,10.856,13.705,12.541,15.150
2026-03-25,2026-03-26,1,1-5d,9.767,9.816,9.396,10.298,10.726
2026-03-25,2026-03-27,2,1-5d,14.598,14.703,14.757,15.198,15.442
2026-03-25,2026-03-28,3,1-5d,16.699,18.234,17.812,18.198,19.196
2026-03-25,2026-03-29,4,1-5d,13.238,13.549,13.697,13.759,14.532
2026-03-25,2026-03-30,5,1-5d,9.354,9.922,9.716,9.882,8.885
2026-03-25,2026-03-31,6,6-10d,7.292,10.811,9.061,10.164,7.740
2026-03-25,2026-04-01,7,6-10d,7.974,11.708,10.489,11.708,10.647
2026-03-25,2026-04-02,8,6-10d,9.499,11.992,10.855,12.393,11.425
2026-03-25,2026-04-03,9,6-10d,11.707,11.595,11.405,12.315,10.410
2026-03-25,2026-04-04,10,6-10d,14.029,11.090,12.787,12.230,10.802
2026-03-25,2026-04-05,11,11-15d,14.656,11.017,13.766,12.363,12.868
2026-03-25,2026-04-06,12,11-15d,12.893,12.039,14.548,13.241,15.150
2026-03-25,2026-04-07,13,11-15d,11.686,12.459,14.690,13.622,17.160
2026-03-26,2026-03-27,1,1-5d,14.650,14.833,14.745,15.341,15.442
2026-03-26,2026-03-28,2,1-5d,17.014,18.101,17.961,18.342,19.196
2026-03-26,2026-03-29,3,1-5d,12.288,12.902,13.605,13.332,14.532
2026-03-26,2026-03-30,4,1-5d,8.430,9.390,9.394,9.467,8.885
2026-03-26,2026-03-31,5,1-5d,7.817,8.798,9.048,8.831,7.740
2026-03-26,2026-04-01,6,6-10d,9.402,10.544,10.143,11.048,10.647
2026-03-26,2026-04-02,7,6-10d,11.292,12.493,11.019,12.696,11.425
2026-03-26,2026-04-03,8,6-10d,11.187,12.320,11.616,12.854,10.410
2026-03-26,2026-04-04,9,6-10d,13.492,11.436,11.837,12.312,10.802
2026-03-26,2026-04-05,10,6-10d,12.879,11.264,12.535,12.229,12.868
2026-03-26,2026-04-06,11,11-15d,11.523,13.026,13.093,13.579,15.150
2026-03-26,2026-04-07,12,11-15d,11.564,13.916,12.117,13.880,17.160
2026-03-26,2026-04-08,13,11-15d,11.412,13.031,11.636,12.882,14.433
2026-03-27,2026-03-28,1,1-5d,17.300,18.526,17.951,18.623,19.196
2026-03-27,2026-03-29,2,1-5d,12.260,13.289,13.101,13.527,14.532
2026-03-27,2026-03-30,3,1-5d,8.356,8.881,8.846,9.144,8.885
2026-03-27,2026-03-31,4,1-5d,7.281,8.730,7.416,8.404,7.740
2026-03-27,2026-04-01,5,1-5d,10.709,11.667,10.280,11.845,10.647
2026-03-27,2026-04-02,6,6-10d,15.701,14.427,13.784,14.858,11.425
2026-03-27,2026-04-03,7,6-10d,15.026,12.823,13.041,13.705,10.410
2026-03-27,2026-04-04,8,6-10d,12.853,10.835,11.418,11.720,10.802
2026-03-27,2026-04-05,9,6-10d,13.849,10.792,12.323,11.831,12.868
2026-03-27,2026-04-06,10,6-10d,15.584,13.214,13.634,14.169,15.150
2026-03-27,2026-04-07,11,11-15d,13.805,14.850,13.727,15.188,17.160
2026-03-27,2026-04-08,12,11-15d,12.017,14.284,13.337,14.466,14.433
2026-03-27,2026-04-09,13,11-15d,11.780,13.013,12.394,13.155,11.034
2026-03-28,2026-03-29,1,1-5d,12.378,13.264,13.306,13.587,14.532
2026-03-28,2026-03-30,2,1-5d,8.332,8.166,8.823,8.896,8.885
2026-03-28,2026-03-31,3,1-5d,7.213,8.422,7.844,8.413,7.740
2026-03-28,2026-04-01,4,1-5d,11.147,12.849,11.842,12.927,10.647
2026-03-28,2026-04-02,5,1-5d,15.166,15.500,14.849,15.925,11.425
2026-03-28,2026-04-03,6,6-10d,15.603,13.367,13.283,13.966,10.410
2026-03-28,2026-04-04,7,6-10d,12.849,11.314,11.653,12.153,10.802
2026-03-28,2026-04-05,8,6-10d,14.910,11.288,13.327,12.471,12.868
2026-03-28,2026-04-06,9,6-10d,15.026,13.285,14.496,14.226,15.150
2026-03-28,2026-04-07,10,6-10d,15.886,14.542,13.930,15.292,17.160
2026-03-28,2026-04-08,11,11-15d,13.238,13.650,12.914,14.097,14.433
2026-03-28,2026-04-09,12,11-15d,9.728,11.935,12.168,12.415,11.034
2026-03-28,2026-04-10,13,11-15d,9.771,11.127,12.197,11.854,10.350
2026-03-29,2026-03-30,1,1-5d,7.969,8.263,8.096,8.722,8.885
2026-03-29,2026-03-31,2,1-5d,6.933,7.711,7.139,7.884,7.740
2026-03-29,2026-04-01,3,1-5d,9.382,10.912,9.342,10.801,10.647
2026-03-29,2026-04-02,4,1-5d,10.753,12.134,11.522,12.359,11.425
2026-03-29,2026-04-03,5,1-5d,11.638,10.119,11.216,11.166,10.410
2026-03-29,2026-04-04,6,6-10d,11.331,10.144,10.219,10.791,10.802
2026-03-29,2026-04-05,7,6-10d,11.633,11.436,11.363,12.059,12.868
2026-03-29,2026-04-06,8,6-10d,14.306,12.662,14.283,13.684,15.150
2026-03-29,2026-04-07,9,6-10d,13.534,13.902,15.042,14.731,17.160
2026-03-29,2026-04-08,10,6-10d,11.100,13.116,14.251,13.704,14.433
2026-03-29,2026-04-09,11,11-15d,9.147,11.607,13.837,12.545,11.034
2026-03-30,2026-03-31,1,1-5d,7.223,7.424,6.963,7.852,7.740
2026-03-30,2026-04-01,2,1-5d,9.737,10.457,9.000,10.498,10.647
2026-03-30,2026-04-02,3,1-5d,9.666,11.212,9.537,11.072,11.425
2026-03-30,2026-04-03,4,1-5d,8.753,9.531,8.632,9.775,10.410
2026-03-30,2026-04-04,5,1-5d,9.097,9.874,9.066,10.215,10.802
2026-03-30,2026-04-05,6,6-10d,12.673,12.195,12.308,12.853,12.868
2026-03-30,2026-04-06,7,6-10d,13.572,14.076,14.340,14.696,15.150
2026-03-30,2026-04-07,8,6-10d,12.614,13.850,13.319,14.405,17.160
2026-03-30,2026-04-08,9,6-10d,12.141,12.595,12.741,13.320,14.433
2026-03-30,2026-04-09,10,6-10d,11.546,10.988,12.781,11.900,11.034
2026-03-30,2026-04-10,11,11-15d,12.825,9.921,12.231,11.143,10.350
2026-03-30,2026-04-11,12,11-15d,12.178,9.824,11.456,10.881,10.575
2026-03-30,2026-04-12,13,11-15d,11.448,9.967,10.992,10.820,9.458
2026-03-31,2026-04-01,1,1-5d,9.576,9.881,9.147,10.316,10.647
2026-03-31,2026-04-02,2,1-5d,10.017,10.116,9.635,10.574,11.425
2026-03-31,2026-04-03,3,1-5d,8.733,8.795,8.320,9.251,10.410
2026-03-31,2026-04-04,4,1-5d,8.926,9.628,8.824,9.907,10.802
2026-03-31,2026-04-05,5,1-5d,12.294,13.049,12.819,13.537,12.868
2026-03-31,2026-04-06,6,6-10d,14.143,15.241,15.450,15.928,15.150
2026-03-31,2026-04-07,7,6-10d,13.850,14.943,14.814,15.426,17.160
2026-03-31,2026-04-08,8,6-10d,14.314,14.066,13.718,14.723,14.433
2026-03-31,2026-04-09,9,6-10d,11.819,12.309,12.156,13.003,11.034
2026-03-31,2026-04-10,10,6-10d,9.318,10.438,10.744,11.033,10.350
2026-03-31,2026-04-11,11,11-15d,7.993,9.614,9.809,10.187,10.575
2026-03-31,2026-04-12,12,11-15d,7.108,9.648,9.661,10.056,9.458
2026-03-31,2026-04-13,13,11-15d,6.347,9.578,9.953,9.968,6.969
2026-04-01,2026-04-02,1,1-5d,10.529,10.507,10.407,11.167,11.425
2026-04-01,2026-04-03,2,1-5d,8.925,8.720,8.383,9.302,10.410
2026-04-01,2026-04-04,3,1-5d,9.147,8.818,8.792,9.476,10.802
2026-04-01,2026-04-05,4,1-5d,11.799,11.454,12.410,12.290,12.868
2026-04-01,2026-04-06,5,1-5d,13.571,14.185,14.158,14.738,15.150
2026-04-01,2026-04-07,6,6-10d,15.745,15.851,14.680,16.124,17.160
2026-04-01,2026-04-08,7,6-10d,17.131,15.077,14.838,15.913,14.433
2026-04-01,2026-04-09,8,6-10d,13.367,11.947,12.931,12.879,11.034
2026-04-01,2026-04-10,9,6-10d,10.793,10.159,11.279,11.036,10.350
2026-04-01,2026-04-11,10,6-10d,8.822,9.684,11.348,10.441,10.575
2026-04-01,2026-04-12,11,11-15d,8.946,9.704,11.442,10.628,9.458
2026-04-01,2026-04-13,12,11-15d,9.158,10.091,11.433,10.911,6.969
2026-04-01,2026-04-14,13,11-15d,10.487,10.092,10.957,10.835,7.189
2026-04-02,2026-04-03,1,1-5d,9.164,9.149,8.677,9.732,10.410
2026-04-02,2026-04-04,2,1-5d,9.150,9.154,8.691,9.652,10.802
2026-04-02,2026-04-05,3,1-5d,11.672,11.616,11.563,12.200,12.868
2026-04-02,2026-04-06,4,1-5d,14.519,14.618,14.243,15.099,15.150
2026-04-02,2026-04-07,5,1-5d,17.263,16.879,16.586,17.465,17.160
2026-04-02,2026-04-08,6,6-10d,16.517,14.762,15.847,15.712,14.433
2026-04-02,2026-04-09,7,6-10d,12.561,10.972,12.729,12.138,11.034
2026-04-04,2026-04-05,1,1-5d,11.583,11.913,11.830,12.471,12.868
2026-04-04,2026-04-06,2,1-5d,13.959,14.776,14.515,15.121,15.150
2026-04-04,2026-04-07,3,1-5d,17.351,18.004,17.531,18.327,17.160
2026-04-04,2026-04-08,4,1-5d,14.003,14.780,14.484,15.141,14.433
2026-04-04,2026-04-09,5,1-5d,10.510,10.378,11.430,11.275,11.034
2026-04-04,2026-04-10,6,6-10d,9.578,8.674,10.566,9.866,10.350
2026-04-04,2026-04-11,7,6-10d,8.512,8.595,9.697,9.379,10.575
2026-04-04,2026-04-12,8,6-10d,7.047,8.240,8.446,8.886,9.458
2026-04-04,2026-04-13,9,6-10d,7.893,7.843,8.122,8.607,6.969
2026-04-04,2026-04-14,10,6-10d,9.400,8.907,8.812,9.623,7.189
2026-04-04,2026-04-15,11,11-15d,9.534,9.854,9.377,10.357,6.942
2026-04-04,2026-04-16,12,11-15d,8.534,10.308,10.001,10.674,7.677
2026-04-04,2026-04-17,13,11-15d,7.200,10.299,10.005,10.462,8.531
2026-04-05,2026-04-06,1,1-5d,13.769,14.723,14.311,15.028,15.150
2026-04-05,2026-04-07,2,1-5d,16.078,18.326,16.473,17.915,17.160
2026-04-05,2026-04-08,3,1-5d,12.550,14.960,13.013,14.549,14.433
2026-04-05,2026-04-09,4,1-5d,9.328,10.486,9.849,10.703,11.034
2026-04-05,2026-04-10,5,1-5d,8.226,8.886,8.594,9.368,10.350
2026-04-05,2026-04-11,6,6-10d,7.167,8.690,7.815,9.052,10.575
2026-04-05,2026-04-12,7,6-10d,6.401,8.161,7.145,8.270,9.458
2026-04-05,2026-04-13,8,6-10d,6.835,7.489,7.610,8.145,6.969
2026-04-05,2026-04-14,9,6-10d,9.610,9.153,9.719,9.966,7.189
2026-04-05,2026-04-15,10,6-10d,12.696,11.250,11.411,12.087,6.942
2026-04-05,2026-04-16,11,11-15d,15.536,11.974,11.633,12.699,7.677
2026-04-05,2026-04-17,12,11-15d,14.984,11.357,11.724,12.162,8.531
2026-04-05,2026-04-18,13,11-15d,12.461,10.342,11.021,11.106,11.376
2026-04-06,2026-04-07,1,1-5d,16.146,18.121,16.639,17.905,17.160
2026-04-06,2026-04-08,2,1-5d,13.371,15.050,13.527,14.864,14.433
2026-04-06,2026-04-09,3,1-5d,9.631,10.902,10.270,11.038,11.034
2026-04-06,2026-04-10,4,1-5d,8.396,9.407,8.830,9.665,10.350
2026-04-06,2026-04-11,5,1-5d,8.092,9.232,8.386,9.527,10.575
2026-04-06,2026-04-12,6,6-10d,7.773,8.705,7.822,9.064,9.458
2026-04-06,2026-04-13,7,6-10d,6.716,7.139,6.992,7.622,6.969
2026-04-06,2026-04-14,8,6-10d,6.850,7.923,7.378,8.425,7.189
2026-04-06,2026-04-15,9,6-10d,8.732,9.407,8.488,10.015,6.942
2026-04-06,2026-04-16,10,6-10d,10.177,10.279,9.285,10.846,7.677
2026-04-06,2026-04-17,11,11-15d,10.017,10.080,9.266,10.529,8.531
2026-04-06,2026-04-18,12,11-15d,10.850,9.602,8.920,10.026,11.376
2026-04-06,2026-04-19,13,11-15d,12.207,9.486,9.428,10.022,14.636
2026-04-07,2026-04-08,1,1-5d,13.233,14.361,13.544,14.533,14.433
2026-04-07,2026-04-09,2,1-5d,9.893,10.735,10.309,11.033,11.034
2026-04-07,2026-04-10,3,1-5d,8.850,9.628,9.467,9.982,10.350
2026-04-07,2026-04-11,4,1-5d,8.801,10.043,9.527,10.267,10.575
2026-04-07,2026-04-12,5,1-5d,8.162,9.170,8.511,9.525,9.458
2026-04-07,2026-04-13,6,6-10d,6.680,7.183,6.932,7.732,6.969
2026-04-07,2026-04-14,7,6-10d,8.589,7.858,8.010,8.574,7.189
2026-04-07,2026-04-15,8,6-10d,11.091,9.813,10.131,10.605,6.942
2026-04-07,2026-04-16,9,6-10d,11.826,10.872,10.891,11.655,7.677
2026-04-07,2026-04-17,10,6-10d,11.097,10.519,10.137,11.215,8.531
2026-04-07,2026-04-18,11,11-15d,9.818,9.590,9.577,10.213,11.376
2026-04-07,2026-04-19,12,11-15d,8.977,8.913,9.315,9.548,14.636
2026-04-07,2026-04-20,13,11-15d,11.050,8.730,9.130,9.406,14.450
2026-04-08,2026-04-09,1,1-5d,9.023,10.612,10.266,10.739,11.034
2026-04-08,2026-04-10,2,1-5d,8.725,9.718,9.329,9.987,10.350
2026-04-08,2026-04-11,3,1-5d,7.709,9.887,9.217,9.789,10.575
2026-04-08,2026-04-12,4,1-5d,6.458,9.222,8.206,9.042,9.458
2026-04-08,2026-04-13,5,1-5d,7.432,7.071,6.657,7.624,6.969
2026-04-09,2026-04-10,1,1-5d,8.881,9.420,9.137,9.875,10.350
2026-04-09,2026-04-11,2,1-5d,9.108,9.854,9.565,10.210,10.575
2026-04-09,2026-04-12,3,1-5d,7.652,8.800,8.226,8.979,9.458
2026-04-09,2026-04-13,4,1-5d,5.997,6.758,6.421,7.114,6.969
2026-04-09,2026-04-14,5,1-5d,6.187,6.708,6.425,7.206,7.189
2026-04-09,2026-04-15,6,6-10d,6.332,7.128,7.274,7.796,6.942
2026-04-09,2026-04-16,7,6-10d,6.996,7.554,7.553,8.046,7.677
2026-04-09,2026-04-17,8,6-10d,8.401,8.293,8.022,8.909,8.531
2026-04-09,2026-04-18,9,6-10d,11.082,9.428,9.293,10.231,11.376
2026-04-09,2026-04-19,10,6-10d,10.936,9.931,9.850,10.700,14.636
2026-04-09,2026-04-20,11,11-15d,10.714,9.552,9.311,10.177,14.450
2026-04-09,2026-04-21,12,11-15d,10.884,8.989,8.860,9.583,12.041
2026-04-09,2026-04-22,13,11-15d,9.663,9.100,9.111,9.552,8.382
2026-04-10,2026-04-11,1,1-5d,9.294,10.060,9.577,10.407,10.575
2026-04-10,2026-04-12,2,1-5d,7.886,8.724,8.343,9.034,9.458
2026-04-10,2026-04-13,3,1-5d,6.070,6.689,6.375,7.052,6.969
2026-04-10,2026-04-14,4,1-5d,6.085,6.590,6.076,6.962,7.189
2026-04-10,2026-04-15,5,1-5d,6.014,6.530,6.272,7.035,6.942
2026-04-10,2026-04-16,6,6-10d,7.098,6.891,6.683,7.453,7.677
2026-04-10,2026-04-17,7,6-10d,7.759,8.111,7.638,8.540,8.531
2026-04-10,2026-04-18,8,6-10d,8.875,9.673,9.508,10.265,11.376
2026-04-10,2026-04-19,9,6-10d,10.127,10.504,10.818,11.250,14.636
2026-04-10,2026-04-20,10,6-10d,10.992,10.074,10.378,10.873,14.450
2026-04-10,2026-04-21,11,11-15d,10.452,9.333,9.350,10.007,12.041
2026-04-10,2026-04-22,12,11-15d,8.389,9.347,9.000,9.744,8.382
2026-04-10,2026-04-23,13,11-15d,7.864,9.852,9.526,10.059,7.736
2026-04-11,2026-04-12,1,1-5d,7.874,8.707,8.345,9.058,9.458
2026-04-11,2026-04-13,2,1-5d,6.246,6.806,6.565,7.220,6.969
2026-04-11,2026-04-14,3,1-5d,6.518,6.671,6.066,7.092,7.189
2026-04-11,2026-04-15,4,1-5d,6.129,6.554,6.033,6.940,6.942
2026-04-11,2026-04-16,5,1-5d,6.813,7.094,6.514,7.542,7.677
2026-04-11,2026-04-17,6,6-10d,7.423,8.282,7.635,8.712,8.531
2026-04-11,2026-04-18,7,6-10d,9.672,9.952,9.950,10.486,11.376
2026-04-12,2026-04-13,1,1-5d,6.204,6.844,6.502,7.257,6.969
2026-04-12,2026-04-14,2,1-5d,6.067,6.613,6.074,6.956,7.189
2026-04-12,2026-04-15,3,1-5d,5.928,6.385,5.997,6.774,6.942
2026-04-12,2026-04-16,4,1-5d,7.094,6.918,6.552,7.456,7.677
2026-04-12,2026-04-17,5,1-5d,7.606,8.071,7.643,8.538,8.531
2026-04-12,2026-04-18,6,6-10d,8.658,9.758,9.661,10.353,11.376
2026-04-12,2026-04-19,7,6-10d,11.055,11.400,11.435,11.931,14.636
2026-04-12,2026-04-20,8,6-10d,11.256,12.477,11.218,12.829,14.450
2026-04-12,2026-04-21,9,6-10d,9.407,11.691,9.801,12.121,12.041
2026-04-12,2026-04-22,10,6-10d,8.629,9.748,8.861,10.224,8.382
2026-04-12,2026-04-23,11,11-15d,7.603,9.116,8.975,9.627,7.736
2026-04-12,2026-04-24,12,11-15d,8.517,9.187,9.629,9.796,8.502
2026-04-12,2026-04-25,13,11-15d,10.858,9.491,9.423,9.956,10.863
2026-04-13,2026-04-14,1,1-5d,6.476,6.520,6.071,7.090,7.189
2026-04-13,2026-04-15,2,1-5d,5.930,6.203,5.849,6.661,6.942
2026-04-13,2026-04-16,3,1-5d,7.047,6.668,6.605,7.331,7.677
2026-04-13,2026-04-17,4,1-5d,7.535,7.825,7.560,8.290,8.531
2026-04-13,2026-04-18,5,1-5d,9.025,9.628,9.178,10.076,11.376
2026-04-13,2026-04-19,6,6-10d,12.639,11.963,11.222,12.365,14.636
2026-04-13,2026-04-20,7,6-10d,12.604,13.323,11.423,13.411,14.450
2026-04-13,2026-04-21,8,6-10d,8.774,10.987,9.489,11.241,12.041
2026-04-13,2026-04-22,9,6-10d,6.582,9.122,8.409,9.657,8.382
2026-04-13,2026-04-23,10,6-10d,6.703,9.625,8.959,9.943,7.736
2026-04-13,2026-04-24,11,11-15d,8.616,10.183,10.293,10.741,8.502
2026-04-13,2026-04-25,12,11-15d,10.682,10.868,10.644,11.334,10.863
2026-04-13,2026-04-26,13,11-15d,11.617,11.381,10.484,11.499,11.266
2026-04-14,2026-04-15,1,1-5d,5.982,6.178,5.796,6.716,6.942
2026-04-14,2026-04-16,2,1-5d,6.979,6.702,6.541,7.346,7.677
2026-04-14,2026-04-17,3,1-5d,7.846,8.039,7.406,8.445,8.531
2026-04-14,2026-04-18,4,1-5d,9.751,9.816,9.313,10.278,11.376
2026-04-14,2026-04-19,5,1-5d,11.956,12.402,11.831,12.835,14.636
2026-04-14,2026-04-20,6,6-10d,14.663,14.492,12.919,14.644,14.450
2026-04-14,2026-04-21,7,6-10d,14.124,12.296,10.799,12.847,12.041
2026-04-14,2026-04-22,8,6-10d,11.706,9.212,8.486,9.856,8.382
2026-04-14,2026-04-23,9,6-10d,9.348,8.666,8.385,9.405,7.736
2026-04-14,2026-04-24,10,6-10d,9.008,9.269,9.509,9.943,8.502
2026-04-14,2026-04-25,11,11-15d,9.994,9.903,10.121,10.566,10.863
2026-04-14,2026-04-26,12,11-15d,10.859,10.186,10.224,10.761,11.266
2026-04-14,2026-04-27,13,11-15d,10.490,10.097,9.877,10.460,10.731
2026-04-15,2026-04-16,1,1-5d,7.226,6.753,6.876,7.593,7.677
2026-04-15,2026-04-17,2,1-5d,7.834,8.062,7.764,8.545,8.531
2026-04-15,2026-04-18,3,1-5d,10.086,9.983,10.130,10.619,11.376
2026-04-15,2026-04-19,4,1-5d,13.283,12.843,12.985,13.535,14.636
2026-04-15,2026-04-20,5,1-5d,14.015,13.999,13.489,14.494,14.450
2026-04-15,2026-04-21,6,6-10d,10.255,11.096,9.876,11.354,12.041
2026-04-15,2026-04-22,7,6-10d,8.884,8.039,7.798,8.693,8.382
2026-04-15,2026-04-23,8,6-10d,10.060,8.452,8.249,9.156,7.736
2026-04-15,2026-04-24,9,6-10d,10.216,9.937,8.760,10.567,8.502
2026-04-15,2026-04-25,10,6-10d,12.234,11.029,9.358,11.659,10.863
2026-04-15,2026-04-26,11,11-15d,12.884,11.291,10.128,11.753,11.266
2026-04-15,2026-04-27,12,11-15d,11.645,11.001,11.046,11.576,10.731
2026-04-15,2026-04-28,13,11-15d,10.744,10.693,10.946,11.204,10.444
2026-04-16,2026-04-17,1,1-5d,7.776,8.118,7.716,8.608,8.531
2026-04-16,2026-04-18,2,1-5d,9.925,9.964,10.049,10.590,11.376
2026-04-16,2026-04-19,3,1-5d,12.936,12.943,13.349,13.603,14.636
2026-04-16,2026-04-20,4,1-5d,13.178,14.396,14.081,14.665,14.450
2026-04-16,2026-04-21,5,1-5d,9.225,11.364,10.476,11.549,12.041
2026-04-16,2026-04-22,6,6-10d,6.644,7.842,8.056,8.530,8.382
2026-04-16,2026-04-23,7,6-10d,7.126,8.034,8.401,8.547,7.736
2026-04-16,2026-04-24,8,6-10d,8.003,9.047,9.006,9.651,8.502
2026-04-16,2026-04-25,9,6-10d,10.476,10.363,10.249,11.091,10.863
2026-04-16,2026-04-26,10,6-10d,10.493,11.501,11.180,12.045,11.266
2026-04-16,2026-04-27,11,11-15d,9.987,11.814,11.230,12.220,10.731
2026-04-16,2026-04-28,12,11-15d,9.121,11.337,10.640,11.584,10.444
2026-04-16,2026-04-29,13,11-15d,9.145,10.888,10.415,11.056,10.799
2026-04-17,2026-04-18,1,1-5d,9.890,10.129,10.045,10.714,11.376
2026-04-17,2026-04-19,2,1-5d,12.349,13.112,12.415,13.362,14.636
2026-04-17,2026-04-20,3,1-5d,12.175,14.370,12.694,14.067,14.450
2026-04-17,2026-04-21,4,1-5d,9.307,11.571,9.835,11.347,12.041
2026-04-17,2026-04-22,5,1-5d,7.256,8.149,7.756,8.582,8.382
2026-04-17,2026-04-23,6,6-10d,6.803,8.471,7.743,8.877,7.736
2026-04-17,2026-04-24,7,6-10d,7.175,8.664,7.684,8.821,8.502
2026-04-17,2026-04-25,8,6-10d,9.162,9.353,8.650,9.867,10.863
2026-04-17,2026-04-26,9,6-10d,11.063,10.346,9.583,11.039,11.266
2026-04-17,2026-04-27,10,6-10d,12.649,10.509,9.777,11.326,10.731
2026-04-17,2026-04-28,11,11-15d,11.800,10.315,9.982,10.937,10.444
2026-04-17,2026-04-29,12,11-15d,11.336,10.218,10.257,10.815,10.799
2026-04-17,2026-04-30,13,11-15d,11.706,10.265,10.225,10.743,11.742
2026-04-18,2026-04-19,1,1-5d,12.729,13.136,12.554,13.571,14.636
2026-04-18,2026-04-20,2,1-5d,12.617,14.476,13.363,14.348,14.450
2026-04-18,2026-04-21,3,1-5d,10.261,12.079,10.579,11.905,12.041
2026-04-18,2026-04-22,4,1-5d,7.809,8.245,8.487,8.782,8.382
2026-04-18,2026-04-23,5,1-5d,7.587,7.844,8.670,8.646,7.736
2026-04-18,2026-04-24,6,6-10d,7.851,8.315,8.697,9.054,8.502
2026-04-18,2026-04-25,7,6-10d,9.239,9.713,9.980,10.271,10.863
2026-04-18,2026-04-26,8,6-10d,9.415,10.889,10.967,11.495,11.266
2026-04-18,2026-04-27,9,6-10d,8.749,11.382,11.013,11.947,10.731
2026-04-18,2026-04-28,10,6-10d,9.284,10.995,10.762,11.477,10.444
2026-04-18,2026-04-29,11,11-15d,9.954,10.940,10.624,11.442,10.799
2026-04-18,2026-04-30,12,11-15d,11.479,11.082,10.454,11.476,11.742
2026-04-18,2026-05-01,13,11-15d,12.225,11.024,10.315,11.256,13.026
2026-04-19,2026-04-20,1,1-5d,13.054,14.279,13.791,14.487,14.450
2026-04-19,2026-04-21,2,1-5d,10.666,11.778,11.014,11.924,12.041
2026-04-19,2026-04-22,3,1-5d,7.614,8.004,8.051,8.496,8.382
2026-04-19,2026-04-23,4,1-5d,7.093,7.578,7.905,8.122,7.736
2026-04-19,2026-04-24,5,1-5d,8.077,8.001,8.378,8.724,8.502
2026-04-19,2026-04-25,6,6-10d,8.523,9.315,10.162,10.193,10.863
2026-04-19,2026-04-26,7,6-10d,9.849,10.304,11.190,10.989,11.266
2026-04-19,2026-04-27,8,6-10d,11.063,10.676,10.885,11.402,10.731
2026-04-19,2026-04-28,9,6-10d,10.930,10.823,10.683,11.548,10.444
2026-04-19,2026-04-29,10,6-10d,10.847,10.869,10.569,11.513,10.799
2026-04-19,2026-04-30,11,11-15d,9.575,10.680,10.726,11.249,11.742
2026-04-19,2026-05-01,12,11-15d,8.909,10.641,10.585,11.072,13.026
2026-04-19,2026-05-02,13,11-15d,8.309,10.679,10.052,10.761,13.600
2026-04-20,2026-04-21,1,1-5d,10.883,11.435,11.064,11.869,12.041
2026-04-20,2026-04-22,2,1-5d,7.920,7.887,8.019,8.543,8.382
2026-04-20,2026-04-23,3,1-5d,7.161,7.302,7.457,7.878,7.736
2026-04-20,2026-04-24,4,1-5d,8.390,7.700,8.088,8.491,8.502
2026-04-20,2026-04-25,5,1-5d,10.451,8.955,9.694,9.910,10.863
2026-04-20,2026-04-26,6,6-10d,10.446,9.894,10.498,10.699,11.266
2026-04-20,2026-04-27,7,6-10d,10.652,10.203,10.171,10.840,10.731
2026-04-20,2026-04-28,8,6-10d,9.927,10.352,9.916,10.908,10.444
2026-04-20,2026-04-29,9,6-10d,9.892,10.954,9.886,11.527,10.799
2026-04-20,2026-04-30,10,6-10d,9.466,11.411,9.994,11.751,11.742
2026-04-20,2026-05-01,11,11-15d,8.868,11.327,9.807,11.515,13.026
2026-04-20,2026-05-02,12,11-15d,9.593,11.227,9.779,11.315,13.600
2026-04-20,2026-05-03,13,11-15d,10.588,10.827,9.830,10.886,11.778
2026-04-21,2026-04-22,1,1-5d,7.893,7.859,8.031,8.577,8.382
2026-04-21,2026-04-23,2,1-5d,7.044,7.511,7.462,7.997,7.736
2026-04-21,2026-04-24,3,1-5d,9.050,8.145,8.625,9.048,8.502
2026-04-21,2026-04-25,4,1-5d,11.102,9.735,10.437,10.724,10.863
2026-04-21,2026-04-26,5,1-5d,10.875,10.398,10.821,11.172,11.266
2026-04-21,2026-04-27,6,6-10d,9.526,10.257,10.429,10.933,10.731
2026-04-21,2026-04-28,7,6-10d,10.060,10.009,10.106,10.612,10.444
2026-04-21,2026-04-29,8,6-10d,9.988,10.018,10.152,10.708,10.799
2026-04-21,2026-04-30,9,6-10d,10.858,10.129,10.376,10.923,11.742
2026-04-21,2026-05-01,10,6-10d,12.549,10.410,10.562,11.316,13.026
2026-04-21,2026-05-02,11,11-15d,13.145,10.548,10.706,11.324,13.600
2026-04-21,2026-05-03,12,11-15d,12.378,10.405,10.718,11.114,11.778
2026-04-21,2026-05-04,13,11-15d,10.130,10.090,10.349,10.603,8.047
2026-04-22,2026-04-23,1,1-5d,7.183,7.434,7.365,8.018,7.736
2026-04-22,2026-04-24,2,1-5d,8.101,8.026,8.165,8.694,8.502
2026-04-22,2026-04-25,3,1-5d,10.047,9.423,10.047,10.284,10.863
2026-04-22,2026-04-26,4,1-5d,10.166,10.030,10.331,10.693,11.266
2026-04-22,2026-04-27,5,1-5d,10.073,9.685,9.842,10.384,10.731
2026-04-22,2026-04-28,6,6-10d,10.819,9.403,9.934,10.187,10.444
2026-04-22,2026-04-29,7,6-10d,11.247,9.783,9.822,10.586,10.799
2026-04-22,2026-04-30,8,6-10d,11.488,11.037,10.025,11.522,11.742
2026-04-22,2026-05-01,9,6-10d,10.718,11.971,10.672,12.512,13.026
2026-04-22,2026-05-02,10,6-10d,10.205,12.008,11.124,12.416,13.600
2026-04-22,2026-05-03,11,11-15d,9.973,11.183,10.947,11.690,11.778
2026-04-22,2026-05-04,12,11-15d,9.440,10.215,10.220,10.709,8.047
2026-04-22,2026-05-05,13,11-15d,9.609,9.685,9.709,10.110,8.834
2026-04-23,2026-04-24,1,1-5d,7.815,7.887,7.839,8.529,8.502
2026-04-23,2026-04-25,2,1-5d,10.385,9.624,10.242,10.583,10.863
2026-04-23,2026-04-26,3,1-5d,10.711,10.484,10.421,11.109,11.266
2026-04-23,2026-04-27,4,1-5d,10.064,10.025,9.833,10.570,10.731
2026-04-23,2026-04-28,5,1-5d,10.644,9.365,9.798,10.222,10.444
2026-04-23,2026-04-29,6,6-10d,9.583,9.207,9.373,9.881,10.799
2026-04-23,2026-04-30,7,6-10d,9.543,10.423,9.818,10.746,11.742
2026-04-23,2026-05-01,8,6-10d,9.952,11.484,10.745,11.924,13.026
2026-04-23,2026-05-02,9,6-10d,10.563,11.916,10.933,12.483,13.600
2026-04-23,2026-05-03,10,6-10d,10.549,11.344,10.118,11.818,11.778
2026-04-23,2026-05-04,11,11-15d,9.300,10.407,9.338,10.752,8.047
2026-04-23,2026-05-05,12,11-15d,8.834,9.711,9.173,10.064,8.834
2026-04-23,2026-05-06,13,11-15d,7.423,9.753,8.998,9.793,10.521
2026-04-24,2026-04-25,1,1-5d,10.247,10.010,10.293,10.811,10.863
2026-04-24,2026-04-26,2,1-5d,10.866,10.273,10.900,11.193,11.266
2026-04-24,2026-04-27,3,1-5d,10.070,9.875,10.300,10.589,10.731
2026-04-24,2026-04-28,4,1-5d,9.621,9.085,9.810,9.913,10.444
2026-04-24,2026-04-29,5,1-5d,10.089,8.702,9.779,9.731,10.799
2026-04-24,2026-04-30,6,6-10d,11.283,9.649,10.397,10.498,11.742
2026-04-24,2026-05-01,7,6-10d,10.912,11.216,10.861,11.675,13.026
2026-04-24,2026-05-02,8,6-10d,9.957,11.954,11.305,12.389,13.600
2026-04-24,2026-05-03,9,6-10d,9.091,11.465,11.103,12.043,11.778
2026-04-24,2026-05-04,10,6-10d,10.113,10.128,9.880,10.778,8.047
2026-04-24,2026-05-05,11,11-15d,9.468,8.963,9.026,9.615,8.834
2026-04-24,2026-05-06,12,11-15d,9.262,8.823,8.470,9.288,10.521
2026-04-25,2026-04-26,1,1-5d,10.803,10.333,10.792,11.239,11.266
2026-04-25,2026-04-27,2,1-5d,10.150,9.773,10.155,10.577,10.731
2026-04-25,2026-04-28,3,1-5d,9.570,9.412,9.790,10.108,10.444
2026-04-25,2026-04-29,4,1-5d,10.429,9.420,9.536,10.221,10.799
2026-04-25,2026-04-30,5,1-5d,11.346,10.182,10.110,10.901,11.742
2026-04-25,2026-05-01,6,6-10d,13.322,11.871,11.028,12.242,13.026
2026-04-26,2026-04-27,1,1-5d,10.037,9.520,9.910,10.426,10.731
2026-04-26,2026-04-28,2,1-5d,9.908,9.366,9.721,10.205,10.444
2026-04-26,2026-04-29,3,1-5d,9.734,9.325,9.385,10.020,10.799
2026-04-26,2026-04-30,4,1-5d,10.378,10.427,9.835,10.874,11.742
2026-04-26,2026-05-01,5,1-5d,11.850,12.464,10.563,12.548,13.026
2026-04-27,2026-04-28,1,1-5d,9.858,9.392,9.664,10.260,10.444
2026-04-27,2026-04-29,2,1-5d,9.823,9.596,9.682,10.289,10.799
2026-04-27,2026-04-30,3,1-5d,10.625,10.812,10.443,11.272,11.742
2026-04-27,2026-05-01,4,1-5d,11.762,12.638,11.498,12.810,13.026
2026-04-27,2026-05-02,5,1-5d,12.382,13.155,11.943,13.395,13.600
2026-04-27,2026-05-03,6,6-10d,11.379,11.642,11.258,12.151,11.778
2026-04-27,2026-05-04,7,6-10d,9.316,9.728,9.636,10.224,8.047
2026-04-27,2026-05-05,8,6-10d,8.648,9.172,8.897,9.755,8.834
2026-04-27,2026-05-06,9,6-10d,9.921,9.091,8.897,9.846,10.521
2026-04-27,2026-05-07,10,6-10d,10.118,9.268,9.416,10.044,11.008
2026-04-27,2026-05-08,11,11-15d,9.015,9.545,9.497,10.124,10.157
2026-04-27,2026-05-09,12,11-15d,8.831,9.702,9.190,10.062,9.278
2026-04-27,2026-05-10,13,11-15d,9.224,9.672,8.796,9.763,9.973
2026-04-28,2026-04-29,1,1-5d,9.749,10.154,10.007,10.676,10.799
2026-04-28,2026-04-30,2,1-5d,10.653,11.127,10.787,11.538,11.742
2026-04-28,2026-05-01,3,1-5d,12.286,12.964,12.111,13.204,13.026
2026-04-28,2026-05-02,4,1-5d,13.445,13.690,12.463,13.971,13.600
2026-04-28,2026-05-03,5,1-5d,11.444,12.028,11.613,12.487,11.778
2026-04-28,2026-05-04,6,6-10d,8.479,9.558,10.178,10.368,8.047
2026-04-28,2026-05-05,7,6-10d,7.625,8.978,9.127,9.381,8.834
2026-04-28,2026-05-06,8,6-10d,7.960,9.381,8.563,9.811,10.521
2026-04-29,2026-04-30,1,1-5d,11.157,11.132,10.769,11.740,11.742
2026-04-29,2026-05-01,2,1-5d,12.692,12.952,12.386,13.360,13.026
2026-04-29,2026-05-02,3,1-5d,12.816,13.427,12.793,13.728,13.600
2026-04-29,2026-05-03,4,1-5d,11.104,11.801,11.702,12.217,11.778
2026-04-29,2026-05-04,5,1-5d,8.281,9.141,9.394,9.739,8.047
2026-04-29,2026-05-05,6,6-10d,7.265,8.375,8.204,8.948,8.834
2026-04-29,2026-05-06,7,6-10d,8.022,8.473,7.983,8.883,10.521
2026-04-29,2026-05-07,8,6-10d,8.879,9.238,8.267,9.690,11.008
2026-04-29,2026-05-08,9,6-10d,9.275,11.032,8.955,11.470,10.157
2026-04-29,2026-05-09,10,6-10d,9.148,10.634,9.499,11.048,9.278
2026-04-29,2026-05-10,11,11-15d,9.500,9.198,9.191,9.826,9.973
2026-04-30,2026-05-01,1,1-5d,12.309,12.471,12.052,13.012,13.026
2026-04-30,2026-05-02,2,1-5d,12.373,13.144,12.282,13.350,13.600
2026-04-30,2026-05-03,3,1-5d,10.262,11.670,10.971,11.759,11.778
2026-04-30,2026-05-04,4,1-5d,7.684,8.533,8.533,8.939,8.047
2026-04-30,2026-05-05,5,1-5d,8.923,7.465,7.784,8.311,8.834
2026-04-30,2026-05-06,6,6-10d,10.316,8.519,8.704,9.199,10.521
2026-05-02,2026-05-03,1,1-5d,10.575,11.164,10.898,11.615,11.778
2026-05-02,2026-05-04,2,1-5d,7.612,8.004,7.966,8.523,8.047
2026-05-02,2026-05-05,3,1-5d,8.572,8.283,8.310,8.949,8.834
2026-05-02,2026-05-06,4,1-5d,10.273,9.731,9.507,10.380,10.521
2026-05-02,2026-05-07,5,1-5d,10.760,10.661,9.853,11.090,11.008
2026-05-03,2026-05-04,1,1-5d,7.616,7.671,7.813,8.364,8.047
2026-05-03,2026-05-05,2,1-5d,8.660,8.442,8.605,9.164,8.834
2026-05-03,2026-05-06,3,1-5d,9.693,9.984,9.801,10.482,10.521
2026-05-03,2026-05-07,4,1-5d,10.573,11.114,10.136,11.395,11.008
2026-05-03,2026-05-08,5,1-5d,9.213,10.828,9.549,10.968,10.157
2026-05-03,2026-05-09,6,6-10d,8.239,10.064,8.661,10.264,9.278
2026-05-03,2026-05-10,7,6-10d,8.876,9.504,8.455,9.772,9.973
2026-05-03,2026-05-11,8,6-10d,8.315,8.728,8.620,9.332,10.253
2026-05-03,2026-05-12,9,6-10d,9.695,7.993,8.784,8.858,10.168
2026-05-03,2026-05-13,10,6-10d,8.356,7.549,8.510,8.372,8.972
2026-05-03,2026-05-14,11,11-15d,7.438,7.488,7.685,8.115,9.699
2026-05-03,2026-05-15,12,11-15d,7.123,7.816,7.531,8.230,9.657
2026-05-03,2026-05-16,13,11-15d,7.636,7.931,7.585,8.211,7.728
2026-05-06,2026-05-07,1,1-5d,9.771,10.344,9.923,10.769,11.008
2026-05-06,2026-05-08,2,1-5d,9.233,9.400,9.116,9.914,10.157
2026-05-06,2026-05-09,3,1-5d,8.403,7.885,8.212,8.672,9.278
2026-05-06,2026-05-10,4,1-5d,8.462,7.998,8.272,8.731,9.973
2026-05-06,2026-05-11,5,1-5d,9.767,9.257,9.151,9.903,10.253
2026-05-06,2026-05-12,6,6-10d,9.790,9.888,9.584,10.417,10.168
2026-05-06,2026-05-13,7,6-10d,9.023,8.497,8.411,9.131,8.972
2026-05-06,2026-05-14,8,6-10d,8.180,7.668,7.798,8.366,9.699
2026-05-06,2026-05-15,9,6-10d,6.476,6.873,7.168,7.584,9.657
2026-05-06,2026-05-16,10,6-10d,6.730,6.823,7.075,7.485,7.728
2026-05-06,2026-05-17,11,11-15d,6.909,7.174,7.108,7.738,7.199
2026-05-06,2026-05-18,12,11-15d,7.816,6.898,7.241,7.549,7.952
2026-05-07,2026-05-08,1,1-5d,9.041,9.275,9.252,9.881,10.157
2026-05-07,2026-05-09,2,1-5d,7.888,8.091,8.064,8.660,9.278
2026-05-07,2026-05-10,3,1-5d,8.512,8.375,8.577,9.054,9.973
2026-05-07,2026-05-11,4,1-5d,9.724,10.022,9.661,10.475,10.253
2026-05-07,2026-05-12,5,1-5d,9.394,10.408,9.518,10.706,10.168
2026-05-07,2026-05-13,6,6-10d,8.891,9.333,8.207,9.616,8.972
2026-05-07,2026-05-14,7,6-10d,9.185,8.424,7.830,8.992,9.699
2026-05-08,2026-05-09,1,1-5d,7.968,7.862,8.114,8.625,9.278
2026-05-08,2026-05-10,2,1-5d,8.813,8.256,8.471,9.076,9.973
2026-05-08,2026-05-11,3,1-5d,9.789,9.920,9.279,10.335,10.253
2026-05-08,2026-05-12,4,1-5d,9.590,9.904,9.515,10.348,10.168
2026-05-08,2026-05-13,5,1-5d,9.044,9.109,8.604,9.598,8.972
2026-05-08,2026-05-14,6,6-10d,8.768,8.989,8.368,9.423,9.699
2026-05-08,2026-05-15,7,6-10d,8.075,8.157,7.755,8.637,9.657
2026-05-08,2026-05-16,8,6-10d,7.486,7.215,7.582,7.948,7.728
2026-05-08,2026-05-17,9,6-10d,7.222,6.723,7.431,7.520,7.199
2026-05-08,2026-05-18,10,6-10d,8.333,6.352,7.177,7.279,7.952
2026-05-09,2026-05-10,1,1-5d,8.833,8.287,8.887,9.252,9.973
2026-05-09,2026-05-11,2,1-5d,9.345,9.730,9.263,10.144,10.253
2026-05-09,2026-05-12,3,1-5d,8.911,9.373,9.041,9.799,10.168
2026-05-09,2026-05-13,4,1-5d,7.973,8.393,8.223,8.860,8.972
2026-05-09,2026-05-14,5,1-5d,7.982,8.354,8.237,8.909,9.699
2026-05-09,2026-05-15,6,6-10d,8.344,8.091,7.912,8.658,9.657
2026-05-09,2026-05-16,7,6-10d,7.731,7.230,7.572,7.946,7.728
2026-05-09,2026-05-17,8,6-10d,7.069,6.936,7.321,7.666,7.199
2026-05-09,2026-05-18,9,6-10d,7.044,6.641,7.386,7.437,7.952
2026-05-10,2026-05-11,1,1-5d,8.754,9.115,8.847,9.634,10.253
2026-05-10,2026-05-12,2,1-5d,8.635,8.863,8.712,9.395,10.168
2026-05-10,2026-05-13,3,1-5d,8.125,7.747,8.052,8.500,8.972
2026-05-10,2026-05-14,4,1-5d,8.662,8.232,8.450,8.947,9.699
2026-05-10,2026-05-15,5,1-5d,8.812,8.260,8.110,8.899,9.657
2026-05-10,2026-05-16,6,6-10d,8.084,7.221,7.351,7.880,7.728
2026-05-10,2026-05-17,7,6-10d,7.194,7.000,7.308,7.663,7.199
2026-05-10,2026-05-18,8,6-10d,7.272,6.673,7.410,7.497,7.952
2026-05-11,2026-05-12,1,1-5d,8.735,8.802,8.986,9.500,10.168
2026-05-11,2026-05-13,2,1-5d,8.354,7.772,8.518,8.731,8.972
2026-05-11,2026-05-14,3,1-5d,9.759,8.358,9.166,9.442,9.699
2026-05-11,2026-05-15,4,1-5d,8.898,8.127,8.379,8.917,9.657
2026-05-11,2026-05-16,5,1-5d,6.923,6.820,7.046,7.508,7.728
2026-05-11,2026-05-17,6,6-10d,6.887,6.847,6.960,7.501,7.199
2026-05-11,2026-05-18,7,6-10d,6.800,6.938,7.076,7.517,7.952
2026-05-13,2026-05-14,1,1-5d,9.442,8.449,8.998,9.538,9.699
2026-05-13,2026-05-15,2,1-5d,8.694,8.225,8.350,9.000,9.657
2026-05-13,2026-05-16,3,1-5d,7.460,6.766,6.883,7.536,7.728
2026-05-13,2026-05-17,4,1-5d,7.482,6.563,7.074,7.434,7.199
2026-05-13,2026-05-18,5,1-5d,8.357,6.958,7.642,7.890,7.952
2026-05-14,2026-05-15,1,1-5d,8.856,8.218,8.584,9.164,9.657
2026-05-14,2026-05-16,2,1-5d,7.420,6.720,6.910,7.569,7.728
2026-05-14,2026-05-17,3,1-5d,7.026,6.605,6.847,7.351,7.199
2026-05-14,2026-05-18,4,1-5d,8.047,7.125,7.512,7.972,7.952
2026-05-16,2026-05-17,1,1-5d,7.384,6.749,7.101,7.691,7.199
2026-05-16,2026-05-18,2,1-5d,8.209,7.150,7.626,8.161,7.952
2026-05-17,2026-05-18,1,1-5d,8.443,6.971,7.653,8.230,7.952
