ForecastDate,GWDD,Anomaly,Chg1,Chg2,Chg4,RunDate,Model,Region
2023-07-03,8.332,-0.762,-0.048,-0.183,-0.261,2023-07-03,00Z-ECE,GWUS
2023-07-04,8.655,-0.448,0.016,-0.097,-0.282,2023-07-03,00Z-ECE,GWUS
2023-07-05,9.12,-0.166,0.024,-0.005,-0.216,2023-07-03,00Z-ECE,GWUS
2023-07-06,8.12,-1.213,0.136,0.071,-0.025,2023-07-03,00Z-ECE,GWUS
2023-07-07,7.561,-1.728,0.081,0.2,0.404,2023-07-03,00Z-ECE,GWUS
2023-07-08,7.735,-1.482,,-0.18,0.127,2023-07-03,00Z-ECE,GWUS
2023-07-09,8.614,-0.402,,0.059,0.41,2023-07-03,00Z-ECE,GWUS
2023-07-10,9.074,-0.031,,0.235,0.513,2023-07-03,00Z-ECE,GWUS
2023-07-11,9.348,0.129,,0.664,0.826,2023-07-03,00Z-ECE,GWUS
2023-07-12,9.218,-0.023,,0.345,0.717,2023-07-03,00Z-ECE,GWUS
2023-07-13,9.489,0.241,,0.26,0.716,2023-07-03,00Z-ECE,GWUS
2023-07-14,9.863,0.551,,0.43,0.706,2023-07-03,00Z-ECE,GWUS
2023-07-15,10.224,0.721,,0.463,0.735,2023-07-03,00Z-ECE,GWUS
2023-07-16,10.309,0.51,,0.147,,2023-07-03,00Z-ECE,GWUS
2023-07-17,10.587,0.787,,,,2023-07-03,00Z-ECE,GWUS
2023-07-04,8.459,-0.644,0.103,-0.066,-0.196,2023-07-04,00Z-ECE,GWUS
2023-07-05,9.034,-0.251,0.178,-0.015,-0.085,2023-07-04,00Z-ECE,GWUS
2023-07-06,7.806,-1.527,-0.066,-0.171,-0.314,2023-07-04,00Z-ECE,GWUS
2023-07-07,7.565,-1.723,-0.001,0.061,0.005,2023-07-04,00Z-ECE,GWUS
2023-07-08,7.811,-1.406,-0.126,-0.22,0.076,2023-07-04,00Z-ECE,GWUS
2023-07-09,7.644,-1.372,,-0.922,-0.97,2023-07-04,00Z-ECE,GWUS
2023-07-10,8.123,-0.982,,-0.559,-0.951,2023-07-04,00Z-ECE,GWUS
2023-07-11,8.484,-0.735,,-0.483,-0.861,2023-07-04,00Z-ECE,GWUS
2023-07-12,8.681,-0.56,,-0.443,-0.537,2023-07-04,00Z-ECE,GWUS
2023-07-13,8.988,-0.26,,-0.258,-0.501,2023-07-04,00Z-ECE,GWUS
2023-07-14,9.268,-0.044,,-0.256,-0.642,2023-07-04,00Z-ECE,GWUS
2023-07-15,9.749,0.246,,-0.114,-0.475,2023-07-04,00Z-ECE,GWUS
2023-07-16,10.016,0.217,,-0.122,-0.293,2023-07-04,00Z-ECE,GWUS
2023-07-17,10.327,0.354,,-0.06,,2023-07-04,00Z-ECE,GWUS
2023-07-18,10.774,0.801,,,,2023-07-04,00Z-ECE,GWUS
2023-07-05,8.891,-0.395,-0.078,-0.056,-0.143,2023-07-05,00Z-ECE,GWUS
2023-07-06,7.748,-1.586,0.121,0.126,-0.058,2023-07-05,00Z-ECE,GWUS
2023-07-07,7.68,-1.608,0.267,0.258,0.114,2023-07-05,00Z-ECE,GWUS
2023-07-08,7.757,-1.46,0.093,-0.018,-0.053,2023-07-05,00Z-ECE,GWUS
2023-07-09,7.59,-1.426,-0.018,-0.212,-0.054,2023-07-05,00Z-ECE,GWUS
2023-07-10,8.059,-1.046,,-0.297,-0.064,2023-07-05,00Z-ECE,GWUS
2023-07-11,8.98,-0.239,,0.185,0.496,2023-07-05,00Z-ECE,GWUS
2023-07-12,9.365,0.123,,0.209,0.683,2023-07-05,00Z-ECE,GWUS
2023-07-13,9.364,0.117,,0.008,0.376,2023-07-05,00Z-ECE,GWUS
2023-07-14,9.246,-0.066,,-0.177,-0.037,2023-07-05,00Z-ECE,GWUS
2023-07-15,9.362,-0.141,,-0.23,-0.387,2023-07-05,00Z-ECE,GWUS
2023-07-16,9.566,-0.233,,-0.188,-0.451,2023-07-05,00Z-ECE,GWUS
2023-07-17,9.912,-0.061,,-0.171,-0.415,2023-07-05,00Z-ECE,GWUS
2023-07-18,10.327,0.272,,-0.148,,2023-07-05,00Z-ECE,GWUS
2023-07-19,10.67,0.615,,,,2023-07-05,00Z-ECE,GWUS
2023-07-06,7.624,-1.709,0.035,0.074,-0.123,2023-07-06,00Z-ECE,GWUS
2023-07-07,7.523,-1.765,0.068,-0.048,-0.157,2023-07-06,00Z-ECE,GWUS
2023-07-08,7.845,-1.372,0.163,0.051,0.088,2023-07-06,00Z-ECE,GWUS
2023-07-09,7.547,-1.47,0.186,-0.021,-0.044,2023-07-06,00Z-ECE,GWUS
2023-07-10,8.029,-1.076,0.063,-0.324,-0.03,2023-07-06,00Z-ECE,GWUS
2023-07-11,8.929,-0.29,,-0.381,-0.052,2023-07-06,00Z-ECE,GWUS
2023-07-12,9.376,0.135,,-0.027,0.012,2023-07-06,00Z-ECE,GWUS
2023-07-13,9.385,0.138,,0.336,0.021,2023-07-06,00Z-ECE,GWUS
2023-07-14,9.377,0.065,,0.474,0.131,2023-07-06,00Z-ECE,GWUS
2023-07-15,9.326,-0.178,,0.341,-0.037,2023-07-06,00Z-ECE,GWUS
2023-07-16,9.454,-0.345,,0.2,-0.112,2023-07-06,00Z-ECE,GWUS
2023-07-17,9.669,-0.304,,0.075,-0.243,2023-07-06,00Z-ECE,GWUS
2023-07-18,10.076,0.021,,-0.029,-0.251,2023-07-06,00Z-ECE,GWUS
2023-07-19,10.477,0.318,,0.137,,2023-07-06,00Z-ECE,GWUS
2023-07-20,10.78,0.621,,,,2023-07-06,00Z-ECE,GWUS
2023-07-07,7.297,-1.992,-0.019,-0.249,-0.226,2023-07-07,00Z-ECE,GWUS
2023-07-08,7.573,-1.644,0.267,0.114,-0.272,2023-07-07,00Z-ECE,GWUS
2023-07-09,7.111,-1.906,0.209,-0.087,-0.436,2023-07-07,00Z-ECE,GWUS
2023-07-10,7.768,-1.337,0.054,-0.342,-0.261,2023-07-07,00Z-ECE,GWUS
2023-07-11,8.988,-0.231,0.125,-0.17,0.06,2023-07-07,00Z-ECE,GWUS
2023-07-12,9.489,0.248,,-0.047,0.113,2023-07-07,00Z-ECE,GWUS
2023-07-13,9.44,0.193,,-0.084,0.055,2023-07-07,00Z-ECE,GWUS
2023-07-14,9.481,0.169,,-0.138,0.104,2023-07-07,00Z-ECE,GWUS
2023-07-15,9.816,0.312,,0.186,0.49,2023-07-07,00Z-ECE,GWUS
2023-07-16,9.762,-0.037,,0.243,0.308,2023-07-07,00Z-ECE,GWUS
2023-07-17,9.767,-0.206,,0.167,0.098,2023-07-07,00Z-ECE,GWUS
2023-07-18,10.066,0.011,,0.156,-0.01,2023-07-07,00Z-ECE,GWUS
2023-07-19,10.496,0.337,,0.137,0.019,2023-07-07,00Z-ECE,GWUS
2023-07-20,10.722,0.583,,0.077,,2023-07-07,00Z-ECE,GWUS
2023-07-21,10.708,0.568,,,,2023-07-07,00Z-ECE,GWUS
2023-07-08,7.29,-1.926,-0.13,-0.222,-0.283,2023-07-08,00Z-ECE,GWUS
2023-07-09,7.106,-1.911,-0.152,-0.091,-0.005,2023-07-08,00Z-ECE,GWUS
2023-07-10,7.565,-1.54,0.087,-0.177,-0.204,2023-07-08,00Z-ECE,GWUS
2023-07-11,8.931,-0.288,0.24,0.001,-0.057,2023-07-08,00Z-ECE,GWUS
2023-07-12,9.518,0.276,0.206,-0.054,0.029,2023-07-08,00Z-ECE,GWUS
2023-07-13,9.35,0.103,,-0.405,-0.09,2023-07-08,00Z-ECE,GWUS
2023-07-14,9.594,0.282,,0.196,0.113,2023-07-08,00Z-ECE,GWUS
2023-07-15,9.837,0.333,,0.158,0.021,2023-07-08,00Z-ECE,GWUS
2023-07-16,9.724,-0.075,,0.055,-0.038,2023-07-08,00Z-ECE,GWUS
2023-07-17,9.613,-0.36,,-0.114,-0.154,2023-07-08,00Z-ECE,GWUS
2023-07-18,9.657,-0.398,,-0.423,-0.409,2023-07-08,00Z-ECE,GWUS
2023-07-19,9.918,-0.241,,-0.516,-0.577,2023-07-08,00Z-ECE,GWUS
2023-07-20,10.262,0.123,,-0.337,-0.46,2023-07-08,00Z-ECE,GWUS
2023-07-21,10.555,0.651,,-0.253,,2023-07-08,00Z-ECE,GWUS
2023-07-22,10.791,0.887,,,,2023-07-08,00Z-ECE,GWUS
2023-07-09,6.926,-2.091,-0.033,-0.102,-0.18,2023-07-09,00Z-ECE,GWUS
2023-07-10,7.206,-1.899,0.002,-0.122,-0.359,2023-07-09,00Z-ECE,GWUS
2023-07-11,8.711,-0.508,0.047,-0.013,-0.221,2023-07-09,00Z-ECE,GWUS
2023-07-12,9.129,-0.112,-0.059,-0.244,-0.389,2023-07-09,00Z-ECE,GWUS
2023-07-13,9.087,-0.16,-0.036,-0.305,-0.263,2023-07-09,00Z-ECE,GWUS
2023-07-14,9.079,-0.233,,-0.747,-0.515,2023-07-09,00Z-ECE,GWUS
2023-07-15,9.471,-0.032,,-0.362,-0.366,2023-07-09,00Z-ECE,GWUS
2023-07-16,9.547,-0.252,,-0.482,-0.177,2023-07-09,00Z-ECE,GWUS
2023-07-17,9.876,-0.097,,-0.351,0.263,2023-07-09,00Z-ECE,GWUS
2023-07-18,10.344,0.29,,0.011,0.688,2023-07-09,00Z-ECE,GWUS
2023-07-19,10.806,0.647,,0.339,0.887,2023-07-09,00Z-ECE,GWUS
2023-07-20,11.125,0.986,,0.562,0.863,2023-07-09,00Z-ECE,GWUS
2023-07-21,11.292,1.388,,0.778,0.737,2023-07-09,00Z-ECE,GWUS
2023-07-22,11.049,1.403,,0.503,,2023-07-09,00Z-ECE,GWUS
2023-07-23,10.877,1.23,,,,2023-07-09,00Z-ECE,GWUS
2023-07-10,7.204,-1.901,0.044,-0.037,-0.002,2023-07-10,00Z-ECE,GWUS
2023-07-11,8.752,-0.467,0.119,0.126,0.042,2023-07-10,00Z-ECE,GWUS
2023-07-12,9.331,0.09,0.128,0.271,0.202,2023-07-10,00Z-ECE,GWUS
2023-07-13,9.64,0.393,0.191,0.511,0.553,2023-07-10,00Z-ECE,GWUS
2023-07-14,9.739,0.427,0.207,0.43,0.656,2023-07-10,00Z-ECE,GWUS
2023-07-15,10.032,0.529,,0.167,0.561,2023-07-10,00Z-ECE,GWUS
2023-07-16,10.196,0.397,,0.241,0.649,2023-07-10,00Z-ECE,GWUS
2023-07-17,10.254,0.281,,-0.015,0.378,2023-07-10,00Z-ECE,GWUS
2023-07-18,10.213,0.159,,-0.383,-0.131,2023-07-10,00Z-ECE,GWUS
2023-07-19,10.427,0.268,,-0.441,-0.379,2023-07-10,00Z-ECE,GWUS
2023-07-20,10.967,0.828,,-0.095,-0.139,2023-07-10,00Z-ECE,GWUS
2023-07-21,11.224,1.32,,0.163,-0.068,2023-07-10,00Z-ECE,GWUS
2023-07-22,11.203,1.557,,0.287,0.154,2023-07-10,00Z-ECE,GWUS
2023-07-23,11.079,1.555,,0.327,,2023-07-10,00Z-ECE,GWUS
2023-07-24,11.032,1.509,,,,2023-07-10,00Z-ECE,GWUS
2023-07-11,8.638,-0.581,0.056,-0.037,-0.114,2023-07-11,00Z-ECE,GWUS
2023-07-12,9.441,0.2,0.275,0.181,0.11,2023-07-11,00Z-ECE,GWUS
2023-07-13,9.784,0.537,0.272,0.149,0.144,2023-07-11,00Z-ECE,GWUS
2023-07-14,9.908,0.596,0.205,0.114,0.169,2023-07-11,00Z-ECE,GWUS
2023-07-15,10.001,0.497,0.244,0.06,-0.031,2023-07-11,00Z-ECE,GWUS
2023-07-16,10.11,0.311,,-0.05,-0.086,2023-07-11,00Z-ECE,GWUS
2023-07-17,10.513,0.54,,0.366,0.26,2023-07-11,00Z-ECE,GWUS
2023-07-18,10.729,0.675,,0.538,0.516,2023-07-11,00Z-ECE,GWUS
2023-07-19,10.864,0.705,,0.472,0.437,2023-07-11,00Z-ECE,GWUS
2023-07-20,11.052,0.912,,0.218,0.103,2023-07-11,00Z-ECE,GWUS
2023-07-21,11.365,1.461,,-0.006,0.141,2023-07-11,00Z-ECE,GWUS
2023-07-22,11.368,1.721,,-0.171,0.165,2023-07-11,00Z-ECE,GWUS
2023-07-23,11.142,1.618,,-0.446,0.063,2023-07-11,00Z-ECE,GWUS
2023-07-24,11.106,1.563,,-0.514,,2023-07-11,00Z-ECE,GWUS
2023-07-25,11.184,1.641,,,,2023-07-11,00Z-ECE,GWUS
2023-07-12,9.103,-0.138,0.082,-0.253,-0.338,2023-07-12,00Z-ECE,GWUS
2023-07-13,9.551,0.304,0.133,0.019,-0.232,2023-07-12,00Z-ECE,GWUS
2023-07-14,9.656,0.344,0.254,0.204,-0.252,2023-07-12,00Z-ECE,GWUS
2023-07-15,9.654,0.151,0.111,0.252,-0.347,2023-07-12,00Z-ECE,GWUS
2023-07-16,9.615,-0.184,-0.171,-0.139,-0.495,2023-07-12,00Z-ECE,GWUS
2023-07-17,9.902,-0.07,,-0.594,-0.611,2023-07-12,00Z-ECE,GWUS
2023-07-18,10.102,0.047,,-0.467,-0.627,2023-07-12,00Z-ECE,GWUS
2023-07-19,10.101,-0.058,,-0.76,-0.763,2023-07-12,00Z-ECE,GWUS
2023-07-20,10.371,0.232,,-0.923,-0.678,2023-07-12,00Z-ECE,GWUS
2023-07-21,10.426,0.522,,-1.112,-0.939,2023-07-12,00Z-ECE,GWUS
2023-07-22,10.047,0.401,,-1.108,-1.321,2023-07-12,00Z-ECE,GWUS
2023-07-23,9.727,0.204,,-1.139,-1.396,2023-07-12,00Z-ECE,GWUS
2023-07-24,9.643,0.1,,-1.371,-1.463,2023-07-12,00Z-ECE,GWUS
2023-07-25,9.666,0.183,,-1.58,,2023-07-12,00Z-ECE,GWUS
2023-07-26,9.749,0.267,,,,2023-07-12,00Z-ECE,GWUS
2023-07-13,9.278,0.031,-0.087,-0.322,-0.273,2023-07-13,00Z-ECE,GWUS
2023-07-14,9.618,0.306,-0.089,-0.154,-0.038,2023-07-13,00Z-ECE,GWUS
2023-07-15,9.378,-0.126,-0.055,-0.294,-0.277,2023-07-13,00Z-ECE,GWUS
2023-07-16,9.387,-0.412,-0.107,-0.352,-0.228,2023-07-13,00Z-ECE,GWUS
2023-07-17,9.719,-0.254,-0.105,-0.266,-0.183,2023-07-13,00Z-ECE,GWUS
2023-07-18,9.789,-0.266,,-0.571,-0.313,2023-07-13,00Z-ECE,GWUS
2023-07-19,10.21,0.051,,-0.252,0.109,2023-07-13,00Z-ECE,GWUS
2023-07-20,10.499,0.36,,-0.417,0.114,2023-07-13,00Z-ECE,GWUS
2023-07-21,10.166,0.262,,-0.565,-0.26,2023-07-13,00Z-ECE,GWUS
2023-07-22,9.664,0.018,,-0.44,-0.383,2023-07-13,00Z-ECE,GWUS
2023-07-23,9.392,-0.132,,-0.473,-0.305,2023-07-13,00Z-ECE,GWUS
2023-07-24,9.395,-0.148,,-0.601,-0.248,2023-07-13,00Z-ECE,GWUS
2023-07-25,9.597,0.115,,-0.436,-0.069,2023-07-13,00Z-ECE,GWUS
2023-07-26,9.787,0.227,,-0.068,,2023-07-13,00Z-ECE,GWUS
2023-07-27,10.071,0.512,,,,2023-07-13,00Z-ECE,GWUS
2023-07-14,9.523,0.211,-0.064,-0.246,-0.095,2023-07-14,00Z-ECE,GWUS
2023-07-15,9.477,-0.026,0.151,0.043,0.1,2023-07-14,00Z-ECE,GWUS
2023-07-16,9.298,-0.501,-0.056,-0.204,-0.089,2023-07-14,00Z-ECE,GWUS
2023-07-17,9.856,-0.117,0.041,-0.067,0.136,2023-07-14,00Z-ECE,GWUS
2023-07-18,10.152,0.098,0.119,-0.066,0.364,2023-07-14,00Z-ECE,GWUS
2023-07-19,10.287,0.128,,-0.509,0.077,2023-07-14,00Z-ECE,GWUS
2023-07-20,10.299,0.16,,-0.41,-0.2,2023-07-14,00Z-ECE,GWUS
2023-07-21,9.715,-0.189,,-0.321,-0.451,2023-07-14,00Z-ECE,GWUS
2023-07-22,9.291,-0.355,,-0.154,-0.373,2023-07-14,00Z-ECE,GWUS
2023-07-23,9.343,-0.18,,-0.164,-0.048,2023-07-14,00Z-ECE,GWUS
2023-07-24,9.749,0.205,,0.026,0.354,2023-07-14,00Z-ECE,GWUS
2023-07-25,9.931,0.448,,0.27,0.334,2023-07-14,00Z-ECE,GWUS
2023-07-26,10.07,0.51,,0.213,0.282,2023-07-14,00Z-ECE,GWUS
2023-07-27,10.037,0.352,,0.039,,2023-07-14,00Z-ECE,GWUS
2023-07-28,10.162,0.478,,,,2023-07-14,00Z-ECE,GWUS
2023-07-15,9.082,-0.421,-0.213,-0.64,-0.395,2023-07-15,00Z-ECE,GWUS
2023-07-16,9.097,-0.703,-0.065,-0.197,-0.202,2023-07-15,00Z-ECE,GWUS
2023-07-17,9.689,-0.284,-0.089,-0.228,-0.167,2023-07-15,00Z-ECE,GWUS
2023-07-18,9.937,-0.117,-0.039,-0.279,-0.215,2023-07-15,00Z-ECE,GWUS
2023-07-19,10.183,0.024,-0.004,-0.541,-0.104,2023-07-15,00Z-ECE,GWUS
2023-07-20,10.16,0.021,,-0.867,-0.139,2023-07-15,00Z-ECE,GWUS
2023-07-21,9.719,-0.185,,-0.17,0.004,2023-07-15,00Z-ECE,GWUS
2023-07-22,9.319,-0.327,,-0.127,0.028,2023-07-15,00Z-ECE,GWUS
2023-07-23,9.575,0.052,,-0.084,0.232,2023-07-15,00Z-ECE,GWUS
2023-07-24,10.054,0.511,,0.192,0.306,2023-07-15,00Z-ECE,GWUS
2023-07-25,10.4,0.918,,0.331,0.469,2023-07-15,00Z-ECE,GWUS
2023-07-26,10.706,1.146,,0.608,0.636,2023-07-15,00Z-ECE,GWUS
2023-07-27,10.72,1.036,,0.515,0.683,2023-07-15,00Z-ECE,GWUS
2023-07-28,10.77,1.389,,0.223,,2023-07-15,00Z-ECE,GWUS
2023-07-29,10.89,1.508,,,,2023-07-15,00Z-ECE,GWUS
2023-07-16,8.499,-1.3,-0.189,-0.406,-0.598,2023-07-16,00Z-ECE,GWUS
2023-07-17,9.404,-0.569,-0.088,-0.264,-0.285,2023-07-16,00Z-ECE,GWUS
2023-07-18,9.602,-0.453,-0.019,-0.189,-0.335,2023-07-16,00Z-ECE,GWUS
2023-07-19,9.829,-0.33,-0.052,-0.286,-0.354,2023-07-16,00Z-ECE,GWUS
2023-07-20,10.098,-0.041,-0.061,-0.193,-0.062,2023-07-16,00Z-ECE,GWUS
2023-07-21,9.435,-0.469,,-0.462,-0.284,2023-07-16,00Z-ECE,GWUS
2023-07-22,8.849,-0.797,,-0.281,-0.47,2023-07-16,00Z-ECE,GWUS
2023-07-23,9.111,-0.412,,-0.22,-0.464,2023-07-16,00Z-ECE,GWUS
2023-07-24,9.804,0.261,,-0.009,-0.25,2023-07-16,00Z-ECE,GWUS
2023-07-25,10.266,0.784,,0.044,-0.134,2023-07-16,00Z-ECE,GWUS
2023-07-26,10.472,0.912,,-0.148,-0.234,2023-07-16,00Z-ECE,GWUS
2023-07-27,10.315,0.63,,-0.207,-0.405,2023-07-16,00Z-ECE,GWUS
2023-07-28,10.259,0.878,,-0.304,-0.511,2023-07-16,00Z-ECE,GWUS
2023-07-29,10.346,1.02,,-0.358,,2023-07-16,00Z-ECE,GWUS
2023-07-30,10.473,1.147,,,,2023-07-16,00Z-ECE,GWUS
2023-07-17,9.04,-0.933,-0.015,-0.26,-0.364,2023-07-17,00Z-ECE,GWUS
2023-07-18,9.618,-0.437,0.148,-0.007,0.016,2023-07-17,00Z-ECE,GWUS
2023-07-19,10.019,-0.14,0.335,0.042,0.19,2023-07-17,00Z-ECE,GWUS
2023-07-20,10.011,-0.129,0.307,-0.104,-0.087,2023-07-17,00Z-ECE,GWUS
2023-07-21,9.195,-0.709,0.076,-0.294,-0.24,2023-07-17,00Z-ECE,GWUS
2023-07-22,8.54,-1.107,,-0.277,-0.309,2023-07-17,00Z-ECE,GWUS
2023-07-23,8.794,-0.729,,-0.042,-0.317,2023-07-17,00Z-ECE,GWUS
2023-07-24,9.517,-0.027,,-0.184,-0.287,2023-07-17,00Z-ECE,GWUS
2023-07-25,10.446,0.964,,0.063,0.18,2023-07-17,00Z-ECE,GWUS
2023-07-26,11.138,1.579,,0.549,0.667,2023-07-17,00Z-ECE,GWUS
2023-07-27,11.106,1.422,,0.48,0.792,2023-07-17,00Z-ECE,GWUS
2023-07-28,10.889,1.508,,0.122,0.63,2023-07-17,00Z-ECE,GWUS
2023-07-29,10.76,1.434,,-0.252,0.414,2023-07-17,00Z-ECE,GWUS
2023-07-30,10.869,1.283,,-0.166,,2023-07-17,00Z-ECE,GWUS
2023-07-31,10.66,1.074,,,,2023-07-17,00Z-ECE,GWUS
2023-07-18,9.344,-0.71,0.023,-0.107,-0.273,2023-07-18,00Z-ECE,GWUS
2023-07-19,9.66,-0.499,0.098,-0.149,-0.359,2023-07-18,00Z-ECE,GWUS
2023-07-20,9.739,-0.4,-0.105,-0.117,-0.272,2023-07-18,00Z-ECE,GWUS
2023-07-21,8.99,-0.914,-0.045,-0.059,-0.205,2023-07-18,00Z-ECE,GWUS
2023-07-22,8.609,-1.038,-0.055,-0.039,0.069,2023-07-18,00Z-ECE,GWUS
2023-07-23,9.016,-0.507,,-0.416,0.221,2023-07-18,00Z-ECE,GWUS
2023-07-24,9.784,0.241,,-0.178,0.267,2023-07-18,00Z-ECE,GWUS
2023-07-25,10.582,1.1,,-0.114,0.136,2023-07-18,00Z-ECE,GWUS
2023-07-26,11.559,1.999,,0.314,0.42,2023-07-18,00Z-ECE,GWUS
2023-07-27,11.964,2.279,,0.764,0.798,2023-07-18,00Z-ECE,GWUS
2023-07-28,11.74,2.359,,0.824,0.851,2023-07-18,00Z-ECE,GWUS
2023-07-29,11.472,2.146,,0.675,0.713,2023-07-18,00Z-ECE,GWUS
2023-07-30,10.973,1.387,,0.294,0.104,2023-07-18,00Z-ECE,GWUS
2023-07-31,10.565,0.747,,-0.021,,2023-07-18,00Z-ECE,GWUS
2023-08-01,10.378,0.561,,,,2023-07-18,00Z-ECE,GWUS
2023-07-19,9.171,-0.988,-0.221,-0.381,-0.489,2023-07-19,00Z-ECE,GWUS
2023-07-20,9.439,-0.701,-0.065,-0.179,-0.3,2023-07-19,00Z-ECE,GWUS
2023-07-21,8.877,-1.027,0.048,0.059,-0.112,2023-07-19,00Z-ECE,GWUS
2023-07-22,8.529,-1.117,-0.076,0.058,-0.08,2023-07-19,00Z-ECE,GWUS
2023-07-23,9.001,-0.523,-0.065,-0.035,-0.015,2023-07-19,00Z-ECE,GWUS
2023-07-24,9.603,0.06,,-0.583,-0.181,2023-07-19,00Z-ECE,GWUS
2023-07-25,10.367,0.885,,-0.153,-0.215,2023-07-19,00Z-ECE,GWUS
2023-07-26,11.281,1.721,,-0.007,-0.278,2023-07-19,00Z-ECE,GWUS
2023-07-27,11.872,2.187,,0.505,-0.055,2023-07-19,00Z-ECE,GWUS
2023-07-28,12.037,2.656,,0.651,0.297,2023-07-19,00Z-ECE,GWUS
2023-07-29,11.952,2.626,,0.562,0.48,2023-07-19,00Z-ECE,GWUS
2023-07-30,11.714,2.128,,0.515,0.741,2023-07-19,00Z-ECE,GWUS
2023-07-31,11.524,1.707,,0.577,0.96,2023-07-19,00Z-ECE,GWUS
2023-08-01,11.326,1.381,,0.814,,2023-07-19,00Z-ECE,GWUS
2023-08-02,10.878,0.933,,,,2023-07-19,00Z-ECE,GWUS
2023-07-20,9.224,-0.916,-0.029,-0.261,-0.215,2023-07-20,00Z-ECE,GWUS
2023-07-21,8.612,-1.292,0.067,-0.145,-0.266,2023-07-20,00Z-ECE,GWUS
2023-07-22,8.488,-1.159,0.124,0.008,-0.041,2023-07-20,00Z-ECE,GWUS
2023-07-23,8.777,-0.747,0.04,-0.151,-0.224,2023-07-20,00Z-ECE,GWUS
2023-07-24,9.346,-0.197,0.09,-0.208,-0.257,2023-07-20,00Z-ECE,GWUS
2023-07-25,10.081,0.598,,-0.473,-0.287,2023-07-20,00Z-ECE,GWUS
2023-07-26,11.156,1.597,,0.044,-0.124,2023-07-20,00Z-ECE,GWUS
2023-07-27,11.833,2.148,,0.24,-0.039,2023-07-20,00Z-ECE,GWUS
2023-07-28,12.242,2.86,,0.595,0.205,2023-07-20,00Z-ECE,GWUS
2023-07-29,11.985,2.659,,0.607,0.033,2023-07-20,00Z-ECE,GWUS
2023-07-30,11.554,1.969,,0.596,-0.159,2023-07-20,00Z-ECE,GWUS
2023-07-31,11.558,1.741,,0.817,0.034,2023-07-20,00Z-ECE,GWUS
2023-08-01,11.238,1.292,,0.72,-0.088,2023-07-20,00Z-ECE,GWUS
2023-08-02,10.793,0.898,,0.519,,2023-07-20,00Z-ECE,GWUS
2023-08-03,10.589,0.693,,,,2023-07-20,00Z-ECE,GWUS
2023-07-21,8.175,-1.729,-0.16,-0.332,-0.437,2023-07-21,00Z-ECE,GWUS
2023-07-22,8.16,-1.487,-0.153,-0.261,-0.328,2023-07-21,00Z-ECE,GWUS
2023-07-23,8.603,-0.92,-0.179,-0.207,-0.174,2023-07-21,00Z-ECE,GWUS
2023-07-24,9.379,-0.164,-0.044,0.059,0.033,2023-07-21,00Z-ECE,GWUS
2023-07-25,10.188,0.706,-0.035,-0.021,0.107,2023-07-21,00Z-ECE,GWUS
2023-07-26,10.964,1.404,,-0.608,-0.192,2023-07-21,00Z-ECE,GWUS
2023-07-27,11.883,2.198,,0.218,0.051,2023-07-21,00Z-ECE,GWUS
2023-07-28,12.303,2.921,,0.366,0.061,2023-07-21,00Z-ECE,GWUS
2023-07-29,12.037,2.712,,0.505,0.053,2023-07-21,00Z-ECE,GWUS
2023-07-30,11.353,1.767,,0.361,-0.202,2023-07-21,00Z-ECE,GWUS
2023-07-31,11.049,1.232,,0.214,-0.509,2023-07-21,00Z-ECE,GWUS
2023-08-01,10.794,0.849,,0.118,-0.444,2023-07-21,00Z-ECE,GWUS
2023-08-02,10.637,0.741,,0.255,-0.157,2023-07-21,00Z-ECE,GWUS
2023-08-03,10.198,0.409,,0.292,,2023-07-21,00Z-ECE,GWUS
2023-08-04,9.958,0.168,,,,2023-07-21,00Z-ECE,GWUS
2023-07-22,7.927,-1.719,-0.116,-0.246,-0.232,2023-07-22,00Z-ECE,GWUS
2023-07-23,8.579,-0.945,-0.044,-0.116,-0.024,2023-07-22,00Z-ECE,GWUS
2023-07-24,9.345,-0.199,-0.14,-0.095,-0.035,2023-07-22,00Z-ECE,GWUS
2023-07-25,10.325,0.842,-0.207,-0.359,0.137,2023-07-22,00Z-ECE,GWUS
2023-07-26,11.2,1.641,-0.394,-0.524,0.236,2023-07-22,00Z-ECE,GWUS
2023-07-27,11.793,2.108,,-0.893,-0.09,2023-07-22,00Z-ECE,GWUS
2023-07-28,12.15,2.769,,-0.214,-0.152,2023-07-22,00Z-ECE,GWUS
2023-07-29,11.865,2.54,,0.069,-0.172,2023-07-22,00Z-ECE,GWUS
2023-07-30,11.018,1.432,,-0.166,-0.335,2023-07-22,00Z-ECE,GWUS
2023-07-31,10.873,1.055,,-0.12,-0.176,2023-07-22,00Z-ECE,GWUS
2023-08-01,10.66,0.715,,-0.224,-0.134,2023-07-22,00Z-ECE,GWUS
2023-08-02,10.414,0.518,,-0.043,-0.223,2023-07-22,00Z-ECE,GWUS
2023-08-03,9.954,0.164,,-0.069,-0.245,2023-07-22,00Z-ECE,GWUS
2023-08-04,9.572,-0.218,,0.081,,2023-07-22,00Z-ECE,GWUS
2023-08-05,9.791,0.094,,,,2023-07-22,00Z-ECE,GWUS
2023-07-23,8.146,-1.377,-0.121,-0.268,-0.433,2023-07-23,00Z-ECE,GWUS
2023-07-24,9.176,-0.367,-0.031,0.033,-0.169,2023-07-23,00Z-ECE,GWUS
2023-07-25,10.432,0.95,0.061,-0.142,0.108,2023-07-23,00Z-ECE,GWUS
2023-07-26,11.72,2.161,0.299,0.184,0.52,2023-07-23,00Z-ECE,GWUS
2023-07-27,12.29,2.605,0.327,0.163,0.497,2023-07-23,00Z-ECE,GWUS
2023-07-28,12.315,2.933,,-0.608,0.164,2023-07-23,00Z-ECE,GWUS
2023-07-29,12.191,2.865,,0.367,0.326,2023-07-23,00Z-ECE,GWUS
2023-07-30,11.442,1.857,,0.098,0.424,2023-07-23,00Z-ECE,GWUS
2023-07-31,10.802,0.984,,-0.372,-0.071,2023-07-23,00Z-ECE,GWUS
2023-08-01,10.355,0.41,,-0.352,-0.305,2023-07-23,00Z-ECE,GWUS
2023-08-02,9.955,0.059,,-0.207,-0.459,2023-07-23,00Z-ECE,GWUS
2023-08-03,9.646,-0.144,,0.06,-0.308,2023-07-23,00Z-ECE,GWUS
2023-08-04,9.25,-0.447,,-0.206,-0.426,2023-07-23,00Z-ECE,GWUS
2023-08-05,9.066,-0.466,,-0.747,,2023-07-23,00Z-ECE,GWUS
2023-08-06,9.359,-0.173,,,,2023-07-23,00Z-ECE,GWUS
2023-07-24,8.823,-0.721,-0.019,-0.155,-0.353,2023-07-24,00Z-ECE,GWUS
2023-07-25,10.28,0.797,-0.052,-0.191,-0.153,2023-07-24,00Z-ECE,GWUS
2023-07-26,11.713,2.153,0.141,0.291,-0.008,2023-07-24,00Z-ECE,GWUS
2023-07-27,12.247,2.563,0.036,0.364,-0.043,2023-07-24,00Z-ECE,GWUS
2023-07-28,13.068,3.686,0.461,0.816,0.753,2023-07-24,00Z-ECE,GWUS
2023-07-29,12.486,3.16,,0.653,0.295,2023-07-24,00Z-ECE,GWUS
2023-07-30,11.084,1.499,,-0.02,-0.358,2023-07-24,00Z-ECE,GWUS
2023-07-31,10.435,0.618,,-0.104,-0.367,2023-07-24,00Z-ECE,GWUS
2023-08-01,10.298,0.353,,0.227,-0.057,2023-07-24,00Z-ECE,GWUS
2023-08-02,10.1,0.204,,0.39,0.145,2023-07-24,00Z-ECE,GWUS
2023-08-03,9.812,0.023,,0.516,0.166,2023-07-24,00Z-ECE,GWUS
2023-08-04,9.619,-0.078,,0.409,0.369,2023-07-24,00Z-ECE,GWUS
2023-08-05,9.334,-0.198,,0.127,0.268,2023-07-24,00Z-ECE,GWUS
2023-08-06,9.466,0.005,,0.194,,2023-07-24,00Z-ECE,GWUS
2023-08-07,9.663,0.202,,,,2023-07-24,00Z-ECE,GWUS
2023-07-25,9.838,0.356,-0.284,-0.421,-0.441,2023-07-25,00Z-ECE,GWUS
2023-07-26,11.336,1.776,-0.002,-0.233,-0.377,2023-07-25,00Z-ECE,GWUS
2023-07-27,12.08,2.395,-0.165,-0.125,-0.167,2023-07-25,00Z-ECE,GWUS
2023-07-28,12.97,3.589,-0.05,0.041,-0.097,2023-07-25,00Z-ECE,GWUS
2023-07-29,11.793,2.467,0.063,0.011,-0.693,2023-07-25,00Z-ECE,GWUS
2023-07-30,10.182,0.596,,-0.303,-0.902,2023-07-25,00Z-ECE,GWUS
2023-07-31,10.465,0.648,,0.272,0.03,2023-07-25,00Z-ECE,GWUS
2023-08-01,10.827,0.882,,0.599,0.529,2023-07-25,00Z-ECE,GWUS
2023-08-02,10.843,0.947,,0.507,0.743,2023-07-25,00Z-ECE,GWUS
2023-08-03,10.491,0.702,,0.406,0.679,2023-07-25,00Z-ECE,GWUS
2023-08-04,9.925,0.227,,0.249,0.306,2023-07-25,00Z-ECE,GWUS
2023-08-05,9.576,0.044,,0.05,0.242,2023-07-25,00Z-ECE,GWUS
2023-08-06,9.418,-0.043,,0.028,-0.048,2023-07-25,00Z-ECE,GWUS
2023-08-07,9.43,-0.18,,-0.001,,2023-07-25,00Z-ECE,GWUS
2023-08-08,9.654,0.045,,,,2023-07-25,00Z-ECE,GWUS
2023-07-26,10.839,1.279,-0.111,-0.611,-0.497,2023-07-26,00Z-ECE,GWUS
2023-07-27,11.704,2.019,-0.31,-0.519,-0.376,2023-07-26,00Z-ECE,GWUS
2023-07-28,12.745,3.363,0.016,-0.1,-0.225,2023-07-26,00Z-ECE,GWUS
2023-07-29,11.529,2.204,0.16,-0.091,-0.264,2023-07-26,00Z-ECE,GWUS
2023-07-30,9.901,0.316,-0.035,-0.205,-0.281,2023-07-26,00Z-ECE,GWUS
2023-07-31,10.049,0.232,,-0.32,-0.416,2023-07-26,00Z-ECE,GWUS
2023-08-01,10.358,0.413,,-0.281,-0.469,2023-07-26,00Z-ECE,GWUS
2023-08-02,10.677,0.781,,0.109,-0.166,2023-07-26,00Z-ECE,GWUS
2023-08-03,10.821,1.031,,0.638,0.33,2023-07-26,00Z-ECE,GWUS
2023-08-04,10.397,0.7,,0.52,0.472,2023-07-26,00Z-ECE,GWUS
2023-08-05,9.942,0.41,,0.292,0.37,2023-07-26,00Z-ECE,GWUS
2023-08-06,9.853,0.392,,0.506,0.434,2023-07-26,00Z-ECE,GWUS
2023-08-07,9.898,0.289,,0.695,0.468,2023-07-26,00Z-ECE,GWUS
2023-08-08,9.825,0.095,,0.567,,2023-07-26,00Z-ECE,GWUS
2023-08-09,9.688,-0.041,,,,2023-07-26,00Z-ECE,GWUS
2023-07-27,11.024,1.339,-0.229,-0.294,-0.68,2023-07-27,00Z-ECE,GWUS
2023-07-28,12.1,2.719,-0.133,-0.212,-0.645,2023-07-27,00Z-ECE,GWUS
2023-07-29,11.198,1.873,0.031,-0.179,-0.331,2023-07-27,00Z-ECE,GWUS
2023-07-30,9.81,0.224,0.117,0.149,-0.091,2023-07-27,00Z-ECE,GWUS
2023-07-31,9.909,0.092,0.096,0.167,-0.14,2023-07-27,00Z-ECE,GWUS
2023-08-01,9.821,-0.124,,-0.565,-0.537,2023-07-27,00Z-ECE,GWUS
2023-08-02,10.581,0.686,,-0.191,-0.095,2023-07-27,00Z-ECE,GWUS
2023-08-03,10.999,1.21,,-0.21,0.178,2023-07-27,00Z-ECE,GWUS
2023-08-04,10.641,0.944,,-0.374,0.244,2023-07-27,00Z-ECE,GWUS
2023-08-05,10.084,0.552,,-0.349,0.153,2023-07-27,00Z-ECE,GWUS
2023-08-06,9.71,0.249,,-0.182,-0.143,2023-07-27,00Z-ECE,GWUS
2023-08-07,9.588,-0.021,,0.173,-0.31,2023-07-27,00Z-ECE,GWUS
2023-08-08,9.414,-0.316,,0.182,-0.411,2023-07-27,00Z-ECE,GWUS
2023-08-09,9.395,-0.243,,0.141,,2023-07-27,00Z-ECE,GWUS
2023-08-10,9.238,-0.399,,,,2023-07-27,00Z-ECE,GWUS
2023-07-28,11.167,1.786,-0.286,-0.487,-0.933,2023-07-28,00Z-ECE,GWUS
2023-07-29,10.517,1.191,0.037,-0.238,-0.681,2023-07-28,00Z-ECE,GWUS
2023-07-30,9.724,0.138,0.106,0.072,-0.086,2023-07-28,00Z-ECE,GWUS
2023-07-31,9.676,-0.141,0.202,0.116,-0.232,2023-07-28,00Z-ECE,GWUS
2023-08-01,9.568,-0.377,0.004,0.119,-0.253,2023-07-28,00Z-ECE,GWUS
2023-08-02,9.755,-0.141,,-0.161,-0.827,2023-07-28,00Z-ECE,GWUS
2023-08-03,10.412,0.623,,0.1,-0.587,2023-07-28,00Z-ECE,GWUS
2023-08-04,10.131,0.434,,0.181,-0.51,2023-07-28,00Z-ECE,GWUS
2023-08-05,9.909,0.377,,0.217,-0.175,2023-07-28,00Z-ECE,GWUS
2023-08-06,9.566,0.105,,0.14,-0.144,2023-07-28,00Z-ECE,GWUS
2023-08-07,9.388,-0.221,,0.009,-0.2,2023-07-28,00Z-ECE,GWUS
2023-08-08,9.328,-0.401,,-0.145,-0.086,2023-07-28,00Z-ECE,GWUS
2023-08-09,9.216,-0.422,,-0.238,-0.18,2023-07-28,00Z-ECE,GWUS
2023-08-10,9.066,-0.407,,-0.331,,2023-07-28,00Z-ECE,GWUS
2023-08-11,9.226,-0.248,,,,2023-07-28,00Z-ECE,GWUS
2023-07-29,10.091,0.765,-0.046,-0.325,-0.426,2023-07-29,00Z-ECE,GWUS
2023-07-30,9.317,-0.269,-0.039,-0.323,-0.407,2023-07-29,00Z-ECE,GWUS
2023-07-31,9.353,-0.464,0.102,-0.01,-0.323,2023-07-29,00Z-ECE,GWUS
2023-08-01,9.356,-0.589,0.107,0.038,-0.213,2023-07-29,00Z-ECE,GWUS
2023-08-02,9.747,-0.148,0.136,0.074,-0.008,2023-07-29,00Z-ECE,GWUS
2023-08-03,10.212,0.423,,-0.201,-0.2,2023-07-29,00Z-ECE,GWUS
2023-08-04,10.372,0.675,,0.302,0.241,2023-07-29,00Z-ECE,GWUS
2023-08-05,10.236,0.703,,0.32,0.326,2023-07-29,00Z-ECE,GWUS
2023-08-06,9.688,0.227,,0.115,0.121,2023-07-29,00Z-ECE,GWUS
2023-08-07,8.877,-0.733,,-0.317,-0.511,2023-07-29,00Z-ECE,GWUS
2023-08-08,8.35,-1.379,,-0.766,-0.978,2023-07-29,00Z-ECE,GWUS
2023-08-09,8.322,-1.316,,-0.907,-0.894,2023-07-29,00Z-ECE,GWUS
2023-08-10,8.516,-0.958,,-0.643,-0.55,2023-07-29,00Z-ECE,GWUS
2023-08-11,8.731,-0.634,,-0.562,,2023-07-29,00Z-ECE,GWUS
2023-08-12,9.07,-0.296,,,,2023-07-29,00Z-ECE,GWUS
2023-07-30,8.903,-0.683,-0.014,-0.229,-0.414,2023-07-30,00Z-ECE,GWUS
2023-07-31,9.099,-0.718,0.06,-0.146,-0.254,2023-07-30,00Z-ECE,GWUS
2023-08-01,9.357,-0.588,0.172,0.085,0.001,2023-07-30,00Z-ECE,GWUS
2023-08-02,9.716,-0.179,0.031,0.092,-0.031,2023-07-30,00Z-ECE,GWUS
2023-08-03,9.917,0.127,-0.006,0.147,-0.296,2023-07-30,00Z-ECE,GWUS
2023-08-04,9.838,0.141,,-0.028,-0.534,2023-07-30,00Z-ECE,GWUS
2023-08-05,9.893,0.361,,0.267,-0.342,2023-07-30,00Z-ECE,GWUS
2023-08-06,9.952,0.491,,0.805,0.264,2023-07-30,00Z-ECE,GWUS
2023-08-07,9.453,-0.157,,0.726,0.576,2023-07-30,00Z-ECE,GWUS
2023-08-08,8.852,-0.877,,0.328,0.502,2023-07-30,00Z-ECE,GWUS
2023-08-09,8.486,-1.151,,-0.007,0.165,2023-07-30,00Z-ECE,GWUS
2023-08-10,8.512,-0.961,,-0.041,-0.004,2023-07-30,00Z-ECE,GWUS
2023-08-11,8.782,-0.584,,0.043,0.05,2023-07-30,00Z-ECE,GWUS
2023-08-12,9.026,-0.225,,0.033,,2023-07-30,00Z-ECE,GWUS
2023-08-13,9.409,0.158,,,,2023-07-30,00Z-ECE,GWUS
2023-07-31,8.889,-0.928,-0.025,-0.015,-0.211,2023-07-31,00Z-ECE,GWUS
2023-08-01,9.083,-0.862,0.08,-0.07,-0.274,2023-07-31,00Z-ECE,GWUS
2023-08-02,9.504,-0.392,0.044,0.009,-0.213,2023-07-31,00Z-ECE,GWUS
2023-08-03,9.614,-0.176,0.073,-0.009,-0.302,2023-07-31,00Z-ECE,GWUS
2023-08-04,9.685,-0.012,0.159,-0.117,-0.152,2023-07-31,00Z-ECE,GWUS
2023-08-05,10.203,0.67,,0.043,0.31,2023-07-31,00Z-ECE,GWUS
2023-08-06,10.518,1.058,,0.189,0.567,2023-07-31,00Z-ECE,GWUS
2023-08-07,9.93,0.321,,0.077,0.478,2023-07-31,00Z-ECE,GWUS
2023-08-08,9.384,-0.346,,0.278,0.532,2023-07-31,00Z-ECE,GWUS
2023-08-09,9.256,-0.382,,0.542,0.77,2023-07-31,00Z-ECE,GWUS
2023-08-10,9.248,-0.226,,0.322,0.735,2023-07-31,00Z-ECE,GWUS
2023-08-11,9.334,-0.032,,-0.007,0.552,2023-07-31,00Z-ECE,GWUS
2023-08-12,9.593,0.343,,-0.189,0.568,2023-07-31,00Z-ECE,GWUS
2023-08-13,9.718,0.593,,-0.123,0.329,2023-07-31,00Z-ECE,GWUS
2023-08-14,9.658,0.534,,,,2023-07-31,00Z-ECE,GWUS
2023-08-01,8.469,-1.476,-0.225,-0.397,-0.614,2023-08-01,00Z-ECE,GWUS
2023-08-02,9.303,-0.593,-0.025,-0.185,-0.201,2023-08-01,00Z-ECE,GWUS
2023-08-03,9.371,-0.418,0.036,-0.151,-0.243,2023-08-01,00Z-ECE,GWUS
2023-08-04,9.068,-0.63,-0.066,-0.22,-0.618,2023-08-01,00Z-ECE,GWUS
2023-08-05,9.684,0.152,0.072,-0.128,-0.519,2023-08-01,00Z-ECE,GWUS
2023-08-06,10.321,0.86,,-0.101,-0.197,2023-08-01,00Z-ECE,GWUS
2023-08-07,9.915,0.306,,0.183,-0.015,2023-08-01,00Z-ECE,GWUS
2023-08-08,9.341,-0.389,,0.009,-0.043,2023-08-01,00Z-ECE,GWUS
2023-08-09,8.999,-0.638,,-0.208,-0.257,2023-08-01,00Z-ECE,GWUS
2023-08-10,9.034,-0.439,,-0.42,-0.213,2023-08-01,00Z-ECE,GWUS
2023-08-11,9.218,-0.148,,-0.641,-0.115,2023-08-01,00Z-ECE,GWUS
2023-08-12,9.069,-0.182,,-0.829,-0.525,2023-08-01,00Z-ECE,GWUS
2023-08-13,9.084,-0.041,,-0.652,-0.634,2023-08-01,00Z-ECE,GWUS
2023-08-14,9.075,-0.086,,-0.472,-0.566,2023-08-01,00Z-ECE,GWUS
2023-08-15,9.143,-0.018,,,,2023-08-01,00Z-ECE,GWUS
2023-08-02,8.967,-0.928,-0.058,-0.098,-0.336,2023-08-02,00Z-ECE,GWUS
2023-08-03,9.252,-0.538,0.076,-0.001,-0.12,2023-08-02,00Z-ECE,GWUS
2023-08-04,9.275,-0.422,0.13,0.173,0.207,2023-08-02,00Z-ECE,GWUS
2023-08-05,9.769,0.237,-0.053,0.136,0.085,2023-08-02,00Z-ECE,GWUS
2023-08-06,10.13,0.669,-0.033,0.012,-0.191,2023-08-02,00Z-ECE,GWUS
2023-08-07,9.56,-0.049,,-0.024,-0.355,2023-08-02,00Z-ECE,GWUS
2023-08-08,9.252,-0.478,,0.139,-0.089,2023-08-02,00Z-ECE,GWUS
2023-08-09,8.89,-0.747,,-0.093,-0.109,2023-08-02,00Z-ECE,GWUS
2023-08-10,9.129,-0.345,,-0.073,0.094,2023-08-02,00Z-ECE,GWUS
2023-08-11,9.217,-0.148,,-0.032,-0.001,2023-08-02,00Z-ECE,GWUS
2023-08-12,9.103,-0.148,,-0.062,0.034,2023-08-02,00Z-ECE,GWUS
2023-08-13,9.027,-0.098,,0.081,-0.057,2023-08-02,00Z-ECE,GWUS
2023-08-14,8.924,-0.237,,0.055,-0.151,2023-08-02,00Z-ECE,GWUS
2023-08-15,8.961,-0.402,,0.133,-0.155,2023-08-02,00Z-ECE,GWUS
2023-08-16,9.125,-0.237,,,,2023-08-02,00Z-ECE,GWUS
2023-08-03,8.897,-0.893,-0.128,-0.205,-0.355,2023-08-03,00Z-ECE,GWUS
2023-08-04,9.226,-0.471,0.023,-0.075,-0.049,2023-08-03,00Z-ECE,GWUS
2023-08-05,9.876,0.344,0.046,0.05,0.107,2023-08-03,00Z-ECE,GWUS
2023-08-06,10.411,0.95,0.17,0.308,0.281,2023-08-03,00Z-ECE,GWUS
2023-08-07,9.654,0.045,0.365,0.287,0.094,2023-08-03,00Z-ECE,GWUS
2023-08-08,8.985,-0.744,,-0.089,-0.267,2023-08-03,00Z-ECE,GWUS
2023-08-09,9.192,-0.445,,0.179,0.302,2023-08-03,00Z-ECE,GWUS
2023-08-10,9.687,0.213,,0.39,0.558,2023-08-03,00Z-ECE,GWUS
2023-08-11,9.894,0.528,,0.478,0.676,2023-08-03,00Z-ECE,GWUS
2023-08-12,9.815,0.564,,0.621,0.712,2023-08-03,00Z-ECE,GWUS
2023-08-13,9.591,0.466,,0.716,0.564,2023-08-03,00Z-ECE,GWUS
2023-08-14,9.411,0.25,,0.685,0.487,2023-08-03,00Z-ECE,GWUS
2023-08-15,9.27,-0.093,,0.643,0.309,2023-08-03,00Z-ECE,GWUS
2023-08-16,9.041,-0.266,,0.561,-0.039,2023-08-03,00Z-ECE,GWUS
2023-08-17,8.766,-0.541,,,,2023-08-03,00Z-ECE,GWUS
2023-08-04,8.697,-1.0,-0.032,-0.206,-0.529,2023-08-04,00Z-ECE,GWUS
2023-08-05,9.597,0.065,-0.003,-0.255,-0.279,2023-08-04,00Z-ECE,GWUS
2023-08-06,10.214,0.753,0.1,-0.094,-0.197,2023-08-04,00Z-ECE,GWUS
2023-08-07,9.393,-0.216,0.136,0.125,-0.261,2023-08-04,00Z-ECE,GWUS
2023-08-08,9.228,-0.502,0.239,0.322,0.243,2023-08-04,00Z-ECE,GWUS
2023-08-09,9.31,-0.328,,-0.052,0.117,2023-08-04,00Z-ECE,GWUS
2023-08-10,9.676,0.202,,0.134,-0.011,2023-08-04,00Z-ECE,GWUS
2023-08-11,9.574,0.208,,0.0,-0.319,2023-08-04,00Z-ECE,GWUS
2023-08-12,9.66,0.409,,0.027,-0.155,2023-08-04,00Z-ECE,GWUS
2023-08-13,9.659,0.535,,0.316,0.068,2023-08-04,00Z-ECE,GWUS
2023-08-14,9.568,0.407,,0.272,0.157,2023-08-04,00Z-ECE,GWUS
2023-08-15,9.505,0.143,,0.163,0.235,2023-08-04,00Z-ECE,GWUS
2023-08-16,9.284,-0.023,,0.073,0.243,2023-08-04,00Z-ECE,GWUS
2023-08-17,8.97,-0.164,,-0.01,0.244,2023-08-04,00Z-ECE,GWUS
2023-08-18,8.799,-0.335,,,,2023-08-04,00Z-ECE,GWUS
2023-08-05,9.164,-0.369,-0.098,-0.068,-0.434,2023-08-05,00Z-ECE,GWUS
2023-08-06,9.649,0.188,0.02,-0.03,-0.566,2023-08-05,00Z-ECE,GWUS
2023-08-07,9.171,-0.438,0.232,-0.001,-0.222,2023-08-05,00Z-ECE,GWUS
2023-08-08,9.005,-0.724,0.217,0.103,-0.223,2023-08-05,00Z-ECE,GWUS
2023-08-09,8.992,-0.645,-0.002,-0.301,-0.317,2023-08-05,00Z-ECE,GWUS
2023-08-10,9.078,-0.396,,-0.408,-0.598,2023-08-05,00Z-ECE,GWUS
2023-08-11,9.328,-0.038,,-0.225,-0.246,2023-08-05,00Z-ECE,GWUS
2023-08-12,9.618,0.368,,-0.083,-0.041,2023-08-05,00Z-ECE,GWUS
2023-08-13,9.808,0.684,,-0.036,0.149,2023-08-05,00Z-ECE,GWUS
2023-08-14,9.875,0.714,,0.025,0.307,2023-08-05,00Z-ECE,GWUS
2023-08-15,9.951,0.588,,0.235,0.446,2023-08-05,00Z-ECE,GWUS
2023-08-16,9.716,0.409,,0.331,0.432,2023-08-05,00Z-ECE,GWUS
2023-08-17,9.016,-0.118,,0.066,0.047,2023-08-05,00Z-ECE,GWUS
2023-08-18,8.596,-0.436,,-0.003,-0.164,2023-08-05,00Z-ECE,GWUS
2023-08-19,8.41,-0.622,,,,2023-08-05,00Z-ECE,GWUS
2023-08-06,9.377,-0.084,-0.032,-0.319,-0.272,2023-08-06,00Z-ECE,GWUS
2023-08-07,9.08,-0.529,0.078,0.107,-0.091,2023-08-06,00Z-ECE,GWUS
2023-08-08,8.641,-1.089,-0.02,0.002,-0.364,2023-08-06,00Z-ECE,GWUS
2023-08-09,8.859,-0.778,0.056,-0.035,-0.133,2023-08-06,00Z-ECE,GWUS
2023-08-10,9.199,-0.275,0.234,0.137,0.121,2023-08-06,00Z-ECE,GWUS
2023-08-11,9.831,0.465,,0.466,0.503,2023-08-06,00Z-ECE,GWUS
2023-08-12,10.107,0.856,,0.322,0.488,2023-08-06,00Z-ECE,GWUS
2023-08-13,9.743,0.619,,-0.129,-0.065,2023-08-06,00Z-ECE,GWUS
2023-08-14,9.77,0.609,,0.037,-0.105,2023-08-06,00Z-ECE,GWUS
2023-08-15,10.278,0.915,,0.483,0.327,2023-08-06,00Z-ECE,GWUS
2023-08-16,10.481,1.174,,0.692,0.765,2023-08-06,00Z-ECE,GWUS
2023-08-17,9.813,0.679,,0.283,0.797,2023-08-06,00Z-ECE,GWUS
2023-08-18,9.091,0.06,,0.134,0.496,2023-08-06,00Z-ECE,GWUS
2023-08-19,8.906,-0.083,,0.403,0.522,2023-08-06,00Z-ECE,GWUS
2023-08-20,8.905,-0.084,,,,2023-08-06,00Z-ECE,GWUS
2023-08-07,8.534,-1.075,-0.116,-0.258,-0.546,2023-08-07,00Z-ECE,GWUS
2023-08-08,8.342,-1.387,-0.035,-0.12,-0.299,2023-08-07,00Z-ECE,GWUS
2023-08-09,8.767,-0.871,0.007,-0.225,-0.092,2023-08-07,00Z-ECE,GWUS
2023-08-10,8.858,-0.615,-0.009,-0.173,-0.34,2023-08-07,00Z-ECE,GWUS
2023-08-11,9.527,0.161,0.028,-0.034,-0.304,2023-08-07,00Z-ECE,GWUS
2023-08-12,10.013,0.762,,0.035,-0.094,2023-08-07,00Z-ECE,GWUS
2023-08-13,9.969,0.844,,0.31,0.226,2023-08-07,00Z-ECE,GWUS
2023-08-14,9.55,0.389,,0.061,-0.22,2023-08-07,00Z-ECE,GWUS
2023-08-15,9.772,0.41,,0.05,-0.506,2023-08-07,00Z-ECE,GWUS
2023-08-16,10.308,1.001,,-0.016,-0.173,2023-08-07,00Z-ECE,GWUS
2023-08-17,10.116,0.982,,-0.062,0.303,2023-08-07,00Z-ECE,GWUS
2023-08-18,9.479,0.447,,0.059,0.387,2023-08-07,00Z-ECE,GWUS
2023-08-19,9.094,0.105,,0.037,0.188,2023-08-07,00Z-ECE,GWUS
2023-08-20,8.912,-0.16,,-0.049,0.028,2023-08-07,00Z-ECE,GWUS
2023-08-21,8.988,-0.084,,,,2023-08-07,00Z-ECE,GWUS
2023-08-08,8.077,-1.653,-0.067,-0.196,-0.266,2023-08-08,00Z-ECE,GWUS
2023-08-09,8.67,-0.967,0.033,-0.092,-0.097,2023-08-08,00Z-ECE,GWUS
2023-08-10,8.519,-0.954,0.135,-0.248,-0.339,2023-08-08,00Z-ECE,GWUS
2023-08-11,9.283,-0.083,-0.007,-0.299,-0.244,2023-08-08,00Z-ECE,GWUS
2023-08-12,9.938,0.687,0.108,-0.167,-0.075,2023-08-08,00Z-ECE,GWUS
2023-08-13,10.068,0.943,,-0.048,0.099,2023-08-08,00Z-ECE,GWUS
2023-08-14,9.967,0.806,,0.109,0.417,2023-08-08,00Z-ECE,GWUS
2023-08-15,10.129,0.767,,0.014,0.357,2023-08-08,00Z-ECE,GWUS
2023-08-16,10.428,1.121,,-0.11,0.121,2023-08-08,00Z-ECE,GWUS
2023-08-17,10.287,1.153,,0.083,0.171,2023-08-08,00Z-ECE,GWUS
2023-08-18,9.634,0.602,,0.042,0.155,2023-08-08,00Z-ECE,GWUS
2023-08-19,9.054,0.065,,-0.229,-0.04,2023-08-08,00Z-ECE,GWUS
2023-08-20,8.991,-0.082,,-0.234,0.079,2023-08-08,00Z-ECE,GWUS
2023-08-21,9.112,0.176,,-0.276,0.14,2023-08-08,00Z-ECE,GWUS
2023-08-22,9.083,0.147,,,,2023-08-08,00Z-ECE,GWUS
2023-08-09,8.376,-1.262,-0.183,-0.276,-0.294,2023-08-09,00Z-ECE,GWUS
2023-08-10,8.557,-0.917,0.049,-0.028,0.037,2023-08-09,00Z-ECE,GWUS
2023-08-11,9.316,-0.05,0.009,-0.024,0.033,2023-08-09,00Z-ECE,GWUS
2023-08-12,9.8,0.549,-0.068,-0.131,-0.138,2023-08-09,00Z-ECE,GWUS
2023-08-13,9.911,0.786,0.01,-0.078,-0.157,2023-08-09,00Z-ECE,GWUS
2023-08-14,9.296,0.135,,-0.507,-0.671,2023-08-09,00Z-ECE,GWUS
2023-08-15,9.088,-0.274,,-0.953,-1.041,2023-08-09,00Z-ECE,GWUS
2023-08-16,9.606,0.299,,-1.086,-0.823,2023-08-09,00Z-ECE,GWUS
2023-08-17,10.159,1.025,,-0.468,-0.128,2023-08-09,00Z-ECE,GWUS
2023-08-18,10.352,1.321,,0.236,0.718,2023-08-09,00Z-ECE,GWUS
2023-08-19,9.974,0.985,,0.204,0.921,2023-08-09,00Z-ECE,GWUS
2023-08-20,9.582,0.51,,0.144,0.591,2023-08-09,00Z-ECE,GWUS
2023-08-21,9.46,0.524,,0.253,0.348,2023-08-09,00Z-ECE,GWUS
2023-08-22,9.453,0.612,,0.371,0.388,2023-08-09,00Z-ECE,GWUS
2023-08-23,9.424,0.583,,,,2023-08-09,00Z-ECE,GWUS
2023-08-10,7.839,-1.635,-0.035,-0.387,-0.718,2023-08-10,00Z-ECE,GWUS
2023-08-11,9.112,-0.253,0.095,-0.194,-0.203,2023-08-10,00Z-ECE,GWUS
2023-08-12,9.771,0.52,0.027,-0.073,-0.03,2023-08-10,00Z-ECE,GWUS
2023-08-13,9.726,0.601,-0.247,-0.288,-0.185,2023-08-10,00Z-ECE,GWUS
2023-08-14,9.394,0.233,-0.107,-0.128,0.098,2023-08-10,00Z-ECE,GWUS
2023-08-15,9.06,-0.303,,-0.095,-0.028,2023-08-10,00Z-ECE,GWUS
2023-08-16,9.231,-0.076,,-0.191,-0.375,2023-08-10,00Z-ECE,GWUS
2023-08-17,9.683,0.549,,-0.122,-0.476,2023-08-10,00Z-ECE,GWUS
2023-08-18,9.589,0.558,,0.099,-0.763,2023-08-10,00Z-ECE,GWUS
2023-08-19,9.657,0.668,,0.299,-0.317,2023-08-10,00Z-ECE,GWUS
2023-08-20,9.686,0.614,,0.398,0.104,2023-08-10,00Z-ECE,GWUS
2023-08-21,9.564,0.274,,0.226,0.104,2023-08-10,00Z-ECE,GWUS
2023-08-22,9.464,0.624,,0.16,0.011,2023-08-10,00Z-ECE,GWUS
2023-08-23,9.258,0.315,,0.003,-0.15,2023-08-10,00Z-ECE,GWUS
2023-08-24,9.197,0.255,,,,2023-08-10,00Z-ECE,GWUS
2023-08-11,9.025,-0.341,0.13,-0.054,-0.087,2023-08-11,00Z-ECE,GWUS
2023-08-12,9.67,0.419,0.169,0.005,-0.101,2023-08-11,00Z-ECE,GWUS
2023-08-13,9.606,0.481,0.1,0.015,-0.12,2023-08-11,00Z-ECE,GWUS
2023-08-14,9.259,0.098,0.028,-0.046,-0.136,2023-08-11,00Z-ECE,GWUS
2023-08-15,8.896,-0.467,-0.182,-0.093,-0.164,2023-08-11,00Z-ECE,GWUS
2023-08-16,8.496,-0.811,,-0.475,-0.735,2023-08-11,00Z-ECE,GWUS
2023-08-17,9.555,0.421,,-0.256,-0.128,2023-08-11,00Z-ECE,GWUS
2023-08-18,9.634,0.602,,-0.308,0.044,2023-08-11,00Z-ECE,GWUS
2023-08-19,9.715,0.726,,-0.074,0.058,2023-08-11,00Z-ECE,GWUS
2023-08-20,10.162,1.09,,0.264,0.476,2023-08-11,00Z-ECE,GWUS
2023-08-21,10.316,1.38,,0.474,0.753,2023-08-11,00Z-ECE,GWUS
2023-08-22,10.124,1.284,,0.381,0.66,2023-08-11,00Z-ECE,GWUS
2023-08-23,9.806,0.864,,0.146,0.549,2023-08-11,00Z-ECE,GWUS
2023-08-24,9.551,0.575,,0.1,0.359,2023-08-11,00Z-ECE,GWUS
2023-08-25,9.413,0.437,,,,2023-08-11,00Z-ECE,GWUS
2023-08-12,9.387,0.136,-0.143,-0.228,-0.283,2023-08-12,00Z-ECE,GWUS
2023-08-13,9.626,0.501,-0.189,-0.165,0.02,2023-08-12,00Z-ECE,GWUS
2023-08-14,9.181,0.02,0.03,-0.11,-0.077,2023-08-12,00Z-ECE,GWUS
2023-08-15,8.712,-0.651,0.275,0.125,-0.184,2023-08-12,00Z-ECE,GWUS
2023-08-16,8.147,-1.16,0.027,-0.002,-0.349,2023-08-12,00Z-ECE,GWUS
2023-08-17,9.271,0.137,,-0.071,-0.284,2023-08-12,00Z-ECE,GWUS
2023-08-18,9.638,0.607,,0.149,0.005,2023-08-12,00Z-ECE,GWUS
2023-08-19,9.956,0.967,,0.05,0.24,2023-08-12,00Z-ECE,GWUS
2023-08-20,10.545,1.473,,0.276,0.383,2023-08-12,00Z-ECE,GWUS
2023-08-21,10.61,1.674,,0.189,0.293,2023-08-12,00Z-ECE,GWUS
2023-08-22,10.547,1.707,,0.053,0.423,2023-08-12,00Z-ECE,GWUS
2023-08-23,10.376,1.433,,0.082,0.57,2023-08-12,00Z-ECE,GWUS
2023-08-24,9.772,0.796,,0.03,0.221,2023-08-12,00Z-ECE,GWUS
2023-08-25,9.327,0.299,,0.085,-0.064,2023-08-12,00Z-ECE,GWUS
2023-08-26,8.878,-0.151,,,,2023-08-12,00Z-ECE,GWUS
2023-08-13,9.214,0.089,-0.24,-0.358,-0.412,2023-08-13,00Z-ECE,GWUS
2023-08-14,9.05,-0.111,-0.045,-0.095,-0.132,2023-08-13,00Z-ECE,GWUS
2023-08-15,8.451,-0.912,-0.109,-0.129,-0.261,2023-08-13,00Z-ECE,GWUS
2023-08-16,7.674,-1.633,-0.142,-0.163,-0.473,2023-08-13,00Z-ECE,GWUS
2023-08-17,8.795,-0.339,-0.118,-0.076,-0.476,2023-08-13,00Z-ECE,GWUS
2023-08-18,9.212,0.18,,-0.194,-0.427,2023-08-13,00Z-ECE,GWUS
2023-08-19,9.937,0.948,,0.015,-0.019,2023-08-13,00Z-ECE,GWUS
2023-08-20,10.53,1.458,,-0.048,-0.015,2023-08-13,00Z-ECE,GWUS
2023-08-21,10.338,1.402,,-0.306,-0.272,2023-08-13,00Z-ECE,GWUS
2023-08-22,10.28,1.44,,-0.464,-0.267,2023-08-13,00Z-ECE,GWUS
2023-08-23,10.506,1.563,,-0.166,0.13,2023-08-13,00Z-ECE,GWUS
2023-08-24,10.185,1.209,,-0.202,0.413,2023-08-13,00Z-ECE,GWUS
2023-08-25,9.554,0.526,,-0.346,0.227,2023-08-13,00Z-ECE,GWUS
2023-08-26,9.076,0.16,,-0.181,0.294,2023-08-13,00Z-ECE,GWUS
2023-08-27,8.747,-0.169,,,,2023-08-13,00Z-ECE,GWUS
2023-08-14,8.884,-0.277,-0.064,-0.183,-0.165,2023-08-14,00Z-ECE,GWUS
2023-08-15,8.464,-0.899,-0.008,-0.006,0.013,2023-08-14,00Z-ECE,GWUS
2023-08-16,7.659,-1.648,0.016,0.111,-0.015,2023-08-14,00Z-ECE,GWUS
2023-08-17,8.736,-0.398,-0.131,0.033,-0.059,2023-08-14,00Z-ECE,GWUS
2023-08-18,8.965,-0.067,-0.327,-0.283,-0.247,2023-08-14,00Z-ECE,GWUS
2023-08-19,9.128,0.139,,-0.874,-0.809,2023-08-14,00Z-ECE,GWUS
2023-08-20,10.375,1.303,,-0.271,-0.155,2023-08-14,00Z-ECE,GWUS
2023-08-21,10.796,1.86,,0.064,0.458,2023-08-14,00Z-ECE,GWUS
2023-08-22,10.763,1.923,,0.097,0.483,2023-08-14,00Z-ECE,GWUS
2023-08-23,10.76,1.817,,0.081,0.254,2023-08-14,00Z-ECE,GWUS
2023-08-24,10.363,1.387,,0.11,0.178,2023-08-14,00Z-ECE,GWUS
2023-08-25,9.69,0.662,,-0.109,0.136,2023-08-14,00Z-ECE,GWUS
2023-08-26,9.156,0.24,,-0.212,0.08,2023-08-14,00Z-ECE,GWUS
2023-08-27,8.841,-0.02,,-0.075,0.096,2023-08-14,00Z-ECE,GWUS
2023-08-28,8.617,-0.244,,,,2023-08-14,00Z-ECE,GWUS
2023-08-15,8.17,-1.193,-0.002,-0.12,-0.294,2023-08-15,00Z-ECE,GWUS
2023-08-16,7.476,-1.831,0.032,0.02,-0.183,2023-08-15,00Z-ECE,GWUS
2023-08-17,8.661,-0.473,0.12,0.138,-0.075,2023-08-15,00Z-ECE,GWUS
2023-08-18,8.711,-0.32,-0.018,-0.019,-0.254,2023-08-15,00Z-ECE,GWUS
2023-08-19,9.071,0.083,-0.089,-0.099,-0.056,2023-08-15,00Z-ECE,GWUS
2023-08-20,10.099,1.027,,-0.273,-0.276,2023-08-15,00Z-ECE,GWUS
2023-08-21,10.971,2.035,,-0.056,0.175,2023-08-15,00Z-ECE,GWUS
2023-08-22,10.842,2.002,,-0.159,0.079,2023-08-15,00Z-ECE,GWUS
2023-08-23,10.921,1.978,,0.048,0.161,2023-08-15,00Z-ECE,GWUS
2023-08-24,10.321,1.345,,0.006,-0.042,2023-08-15,00Z-ECE,GWUS
2023-08-25,9.531,0.503,,-0.213,-0.159,2023-08-15,00Z-ECE,GWUS
2023-08-26,8.956,0.04,,-0.401,-0.199,2023-08-15,00Z-ECE,GWUS
2023-08-27,8.582,-0.278,,-0.323,-0.259,2023-08-15,00Z-ECE,GWUS
2023-08-28,8.377,-0.361,,-0.279,-0.234,2023-08-15,00Z-ECE,GWUS
2023-08-29,7.979,-0.759,,,,2023-08-15,00Z-ECE,GWUS
2023-08-16,7.129,-2.178,-0.076,-0.168,-0.347,2023-08-16,00Z-ECE,GWUS
2023-08-17,8.222,-0.912,0.033,-0.074,-0.44,2023-08-16,00Z-ECE,GWUS
2023-08-18,8.652,-0.38,0.099,0.068,-0.06,2023-08-16,00Z-ECE,GWUS
2023-08-19,9.078,0.089,0.088,0.087,0.006,2023-08-16,00Z-ECE,GWUS
2023-08-20,10.057,0.985,-0.061,-0.201,-0.042,2023-08-16,00Z-ECE,GWUS
2023-08-21,10.856,1.92,,-0.097,-0.115,2023-08-16,00Z-ECE,GWUS
2023-08-22,10.944,2.104,,0.012,0.102,2023-08-16,00Z-ECE,GWUS
2023-08-23,10.271,1.328,,-0.722,-0.651,2023-08-16,00Z-ECE,GWUS
2023-08-24,9.646,0.67,,-0.905,-0.675,2023-08-16,00Z-ECE,GWUS
2023-08-25,9.254,0.225,,-0.759,-0.277,2023-08-16,00Z-ECE,GWUS
2023-08-26,8.891,-0.025,,-0.612,-0.065,2023-08-16,00Z-ECE,GWUS
2023-08-27,8.638,-0.223,,-0.54,0.055,2023-08-16,00Z-ECE,GWUS
2023-08-28,8.712,-0.027,,-0.211,0.334,2023-08-16,00Z-ECE,GWUS
2023-08-29,8.531,-0.029,,-0.234,0.541,2023-08-16,00Z-ECE,GWUS
2023-08-30,8.393,-0.167,,,,2023-08-16,00Z-ECE,GWUS
2023-08-17,8.078,-1.056,-0.092,-0.203,-0.144,2023-08-17,00Z-ECE,GWUS
2023-08-18,8.735,-0.296,0.123,0.047,0.084,2023-08-17,00Z-ECE,GWUS
2023-08-19,9.222,0.233,0.027,0.062,0.144,2023-08-17,00Z-ECE,GWUS
2023-08-20,10.088,1.016,0.008,-0.071,0.031,2023-08-17,00Z-ECE,GWUS
2023-08-21,10.643,1.707,0.085,-0.317,-0.213,2023-08-17,00Z-ECE,GWUS
2023-08-22,10.334,1.494,,-0.67,-0.61,2023-08-17,00Z-ECE,GWUS
2023-08-23,10.228,1.285,,-0.134,-0.043,2023-08-17,00Z-ECE,GWUS
2023-08-24,10.276,1.301,,0.551,0.63,2023-08-17,00Z-ECE,GWUS
2023-08-25,10.349,1.32,,0.999,1.095,2023-08-17,00Z-ECE,GWUS
2023-08-26,9.88,0.964,,0.921,0.989,2023-08-17,00Z-ECE,GWUS
2023-08-27,9.435,0.575,,0.74,0.798,2023-08-17,00Z-ECE,GWUS
2023-08-28,9.151,0.412,,0.737,0.439,2023-08-17,00Z-ECE,GWUS
2023-08-29,8.732,0.172,,0.38,0.201,2023-08-17,00Z-ECE,GWUS
2023-08-30,8.488,0.029,,0.236,0.096,2023-08-17,00Z-ECE,GWUS
2023-08-31,8.473,0.014,,,,2023-08-17,00Z-ECE,GWUS
2023-08-18,8.407,-0.624,-0.169,-0.222,-0.328,2023-08-18,00Z-ECE,GWUS
2023-08-19,9.071,0.082,0.011,-0.121,-0.151,2023-08-18,00Z-ECE,GWUS
2023-08-20,10.289,1.217,0.072,0.036,0.201,2023-08-18,00Z-ECE,GWUS
2023-08-21,10.377,1.441,-0.07,-0.296,-0.266,2023-08-18,00Z-ECE,GWUS
2023-08-22,9.93,1.09,-0.137,-0.643,-0.404,2023-08-18,00Z-ECE,GWUS
2023-08-23,9.984,1.041,,-0.598,-0.244,2023-08-18,00Z-ECE,GWUS
2023-08-24,10.804,1.829,,-0.224,0.528,2023-08-18,00Z-ECE,GWUS
2023-08-25,10.516,1.487,,0.013,0.167,2023-08-18,00Z-ECE,GWUS
2023-08-26,9.648,0.732,,0.063,-0.232,2023-08-18,00Z-ECE,GWUS
2023-08-27,8.965,0.104,,0.12,-0.471,2023-08-18,00Z-ECE,GWUS
2023-08-28,8.454,-0.285,,0.024,-0.697,2023-08-18,00Z-ECE,GWUS
2023-08-29,8.187,-0.374,,-0.166,-0.545,2023-08-18,00Z-ECE,GWUS
2023-08-30,8.128,-0.331,,-0.192,-0.36,2023-08-18,00Z-ECE,GWUS
2023-08-31,8.038,-0.476,,-0.417,-0.457,2023-08-18,00Z-ECE,GWUS
2023-09-01,8.16,-0.353,,,,2023-08-18,00Z-ECE,GWUS
2023-08-19,8.82,-0.169,-0.198,-0.267,-0.251,2023-08-19,00Z-ECE,GWUS
2023-08-20,10.243,1.17,0.047,-0.235,-0.046,2023-08-19,00Z-ECE,GWUS
2023-08-21,10.484,1.548,-0.1,-0.233,0.107,2023-08-19,00Z-ECE,GWUS
2023-08-22,10.294,1.454,-0.179,0.104,0.364,2023-08-19,00Z-ECE,GWUS
2023-08-23,10.841,1.898,-0.135,-0.014,0.857,2023-08-19,00Z-ECE,GWUS
2023-08-24,11.681,2.705,,-0.14,0.876,2023-08-19,00Z-ECE,GWUS
2023-08-25,11.648,2.619,,0.102,1.132,2023-08-19,00Z-ECE,GWUS
2023-08-26,10.412,1.495,,-0.016,0.763,2023-08-19,00Z-ECE,GWUS
2023-08-27,9.219,0.358,,-0.198,0.254,2023-08-19,00Z-ECE,GWUS
2023-08-28,8.56,-0.179,,-0.26,0.106,2023-08-19,00Z-ECE,GWUS
2023-08-29,8.267,-0.294,,-0.365,0.08,2023-08-19,00Z-ECE,GWUS
2023-08-30,8.233,-0.226,,-0.256,0.105,2023-08-19,00Z-ECE,GWUS
2023-08-31,8.233,-0.281,,-0.19,0.195,2023-08-19,00Z-ECE,GWUS
2023-09-01,8.489,-0.082,,-0.011,0.311,2023-08-19,00Z-ECE,GWUS
2023-09-02,8.342,-0.229,,,,2023-08-19,00Z-ECE,GWUS
2023-08-20,9.944,0.871,-0.059,-0.287,-0.299,2023-08-20,00Z-ECE,GWUS
2023-08-21,10.178,1.242,-0.134,-0.298,-0.305,2023-08-20,00Z-ECE,GWUS
2023-08-22,10.22,1.38,-0.165,0.029,-0.074,2023-08-20,00Z-ECE,GWUS
2023-08-23,11.011,2.069,0.152,0.107,0.171,2023-08-20,00Z-ECE,GWUS
2023-08-24,12.421,3.445,0.193,0.178,0.741,2023-08-20,00Z-ECE,GWUS
2023-08-25,11.195,2.167,,-0.204,-0.452,2023-08-20,00Z-ECE,GWUS
2023-08-26,10.138,1.221,,0.091,-0.274,2023-08-20,00Z-ECE,GWUS
2023-08-27,9.158,0.298,,0.234,-0.06,2023-08-20,00Z-ECE,GWUS
2023-08-28,8.635,-0.103,,0.285,0.075,2023-08-20,00Z-ECE,GWUS
2023-08-29,8.296,-0.264,,0.287,0.03,2023-08-20,00Z-ECE,GWUS
2023-08-30,8.134,-0.325,,0.065,-0.099,2023-08-20,00Z-ECE,GWUS
2023-08-31,8.211,-0.303,,-0.04,-0.022,2023-08-20,00Z-ECE,GWUS
2023-09-01,8.428,-0.143,,-0.089,-0.061,2023-08-20,00Z-ECE,GWUS
2023-09-02,8.544,0.168,,-0.163,0.187,2023-08-20,00Z-ECE,GWUS
2023-09-03,8.749,0.373,,,,2023-08-20,00Z-ECE,GWUS
2023-08-21,9.743,0.807,-0.139,-0.449,-0.436,2023-08-21,00Z-ECE,GWUS
2023-08-22,9.578,0.738,-0.208,-0.483,-0.642,2023-08-21,00Z-ECE,GWUS
2023-08-23,10.931,1.988,-0.094,-0.167,-0.08,2023-08-21,00Z-ECE,GWUS
2023-08-24,11.887,2.911,-0.187,-0.315,-0.534,2023-08-21,00Z-ECE,GWUS
2023-08-25,11.039,2.01,-0.174,-0.172,-0.157,2023-08-21,00Z-ECE,GWUS
2023-08-26,9.848,0.931,,-0.15,-0.29,2023-08-21,00Z-ECE,GWUS
2023-08-27,9.403,0.542,,0.353,0.245,2023-08-21,00Z-ECE,GWUS
2023-08-28,8.993,0.255,,0.554,0.358,2023-08-21,00Z-ECE,GWUS
2023-08-29,8.474,-0.087,,0.508,0.177,2023-08-21,00Z-ECE,GWUS
2023-08-30,7.987,-0.471,,0.065,-0.147,2023-08-21,00Z-ECE,GWUS
2023-08-31,8.014,-0.499,,-0.045,-0.197,2023-08-21,00Z-ECE,GWUS
2023-09-01,8.617,0.046,,0.213,0.188,2023-08-21,00Z-ECE,GWUS
2023-09-02,9.069,0.693,,0.383,0.525,2023-08-21,00Z-ECE,GWUS
2023-09-03,9.206,0.952,,0.354,0.448,2023-08-21,00Z-ECE,GWUS
2023-09-04,9.224,0.969,,,,2023-08-21,00Z-ECE,GWUS
2023-08-22,9.215,0.375,-0.159,-0.313,-0.363,2023-08-22,00Z-ECE,GWUS
2023-08-23,10.506,1.563,-0.213,-0.413,-0.425,2023-08-22,00Z-ECE,GWUS
2023-08-24,11.521,2.545,-0.141,-0.152,-0.366,2023-08-22,00Z-ECE,GWUS
2023-08-25,10.936,1.907,0.071,0.014,-0.103,2023-08-22,00Z-ECE,GWUS
2023-08-26,10.035,1.119,0.238,-0.109,0.188,2023-08-22,00Z-ECE,GWUS
2023-08-27,9.048,0.187,,-0.435,-0.355,2023-08-22,00Z-ECE,GWUS
2023-08-28,8.535,-0.203,,-0.401,-0.458,2023-08-22,00Z-ECE,GWUS
2023-08-29,7.73,-0.83,,-0.654,-0.743,2023-08-22,00Z-ECE,GWUS
2023-08-30,7.454,-1.005,,-0.668,-0.534,2023-08-22,00Z-ECE,GWUS
2023-08-31,7.701,-0.813,,-0.291,-0.314,2023-08-22,00Z-ECE,GWUS
2023-09-01,8.117,-0.454,,-0.205,-0.5,2023-08-22,00Z-ECE,GWUS
2023-09-02,8.431,0.055,,-0.294,-0.638,2023-08-22,00Z-ECE,GWUS
2023-09-03,8.602,0.348,,-0.349,-0.604,2023-08-22,00Z-ECE,GWUS
2023-09-04,8.738,0.494,,-0.113,-0.494,2023-08-22,00Z-ECE,GWUS
2023-09-05,8.725,0.481,,,,2023-08-22,00Z-ECE,GWUS
2023-08-23,10.118,1.175,-0.183,-0.414,-0.388,2023-08-23,00Z-ECE,GWUS
2023-08-24,11.3,2.324,0.077,-0.132,-0.221,2023-08-23,00Z-ECE,GWUS
2023-08-25,10.71,1.682,-0.073,-0.248,-0.226,2023-08-23,00Z-ECE,GWUS
2023-08-26,9.93,1.013,-0.064,-0.06,-0.106,2023-08-23,00Z-ECE,GWUS
2023-08-27,9.092,0.232,-0.233,-0.062,0.044,2023-08-23,00Z-ECE,GWUS
2023-08-28,8.892,0.154,,0.209,0.357,2023-08-23,00Z-ECE,GWUS
2023-08-29,8.064,-0.496,,0.053,0.334,2023-08-23,00Z-ECE,GWUS
2023-08-30,7.483,-0.976,,-0.245,0.03,2023-08-23,00Z-ECE,GWUS
2023-08-31,7.394,-1.12,,-0.443,-0.307,2023-08-23,00Z-ECE,GWUS
2023-09-01,7.911,-0.66,,-0.415,-0.206,2023-08-23,00Z-ECE,GWUS
2023-09-02,8.474,0.098,,-0.272,0.042,2023-08-23,00Z-ECE,GWUS
2023-09-03,8.613,0.359,,-0.243,0.011,2023-08-23,00Z-ECE,GWUS
2023-09-04,8.754,0.51,,-0.208,0.017,2023-08-23,00Z-ECE,GWUS
2023-09-05,8.749,0.521,,-0.117,0.02,2023-08-23,00Z-ECE,GWUS
2023-09-06,8.779,0.551,,,,2023-08-23,00Z-ECE,GWUS
2023-08-24,10.652,1.676,-0.268,-0.518,-0.648,2023-08-24,00Z-ECE,GWUS
2023-08-25,10.327,1.298,0.011,-0.13,-0.378,2023-08-24,00Z-ECE,GWUS
2023-08-26,9.921,1.004,0.03,0.025,-0.009,2023-08-24,00Z-ECE,GWUS
2023-08-27,9.242,0.381,0.051,0.096,0.15,2023-08-24,00Z-ECE,GWUS
2023-08-28,8.841,0.103,-0.111,-0.067,-0.051,2023-08-24,00Z-ECE,GWUS
2023-08-29,7.772,-0.789,,-0.279,-0.293,2023-08-24,00Z-ECE,GWUS
2023-08-30,7.755,-0.704,,0.065,0.272,2023-08-24,00Z-ECE,GWUS
2023-08-31,7.666,-0.848,,0.025,0.272,2023-08-24,00Z-ECE,GWUS
2023-09-01,7.854,-0.717,,-0.107,-0.057,2023-08-24,00Z-ECE,GWUS
2023-09-02,8.138,-0.238,,-0.288,-0.335,2023-08-24,00Z-ECE,GWUS
2023-09-03,8.268,0.014,,-0.403,-0.345,2023-08-24,00Z-ECE,GWUS
2023-09-04,8.519,0.275,,-0.379,-0.235,2023-08-24,00Z-ECE,GWUS
2023-09-05,8.895,0.666,,-0.108,0.146,2023-08-24,00Z-ECE,GWUS
2023-09-06,9.101,1.049,,0.061,0.304,2023-08-24,00Z-ECE,GWUS
2023-09-07,8.924,0.871,,,,2023-08-24,00Z-ECE,GWUS
2023-08-25,10.024,0.995,-0.34,-0.341,-0.306,2023-08-25,00Z-ECE,GWUS
2023-08-26,9.577,0.66,-0.069,-0.194,-0.344,2023-08-25,00Z-ECE,GWUS
2023-08-27,8.712,-0.149,0.056,-0.034,-0.53,2023-08-25,00Z-ECE,GWUS
2023-08-28,7.951,-0.787,-0.181,-0.103,-0.89,2023-08-25,00Z-ECE,GWUS
2023-08-29,7.248,-1.313,-0.211,-0.137,-0.524,2023-08-25,00Z-ECE,GWUS
2023-08-30,7.271,-1.188,,-0.096,-0.484,2023-08-25,00Z-ECE,GWUS
2023-08-31,7.497,-1.017,,0.084,-0.169,2023-08-25,00Z-ECE,GWUS
2023-09-01,7.904,-0.666,,0.0,0.051,2023-08-25,00Z-ECE,GWUS
2023-09-02,8.421,0.045,,-0.124,0.283,2023-08-25,00Z-ECE,GWUS
2023-09-03,9.033,0.779,,0.056,0.765,2023-08-25,00Z-ECE,GWUS
2023-09-04,9.537,1.294,,0.478,1.018,2023-08-25,00Z-ECE,GWUS
2023-09-05,9.729,1.5,,0.438,0.834,2023-08-25,00Z-ECE,GWUS
2023-09-06,9.697,1.644,,0.21,0.596,2023-08-25,00Z-ECE,GWUS
2023-09-07,9.48,1.718,,0.122,0.544,2023-08-25,00Z-ECE,GWUS
2023-09-08,9.387,1.625,,,,2023-08-25,00Z-ECE,GWUS
2023-08-26,9.44,0.523,-0.017,-0.17,-0.137,2023-08-26,00Z-ECE,GWUS
2023-08-27,8.567,-0.294,0.142,-0.068,-0.145,2023-08-26,00Z-ECE,GWUS
2023-08-28,7.736,-1.002,0.23,0.158,-0.215,2023-08-26,00Z-ECE,GWUS
2023-08-29,7.295,-1.265,0.279,0.313,0.047,2023-08-26,00Z-ECE,GWUS
2023-08-30,7.513,-0.946,0.365,0.173,0.242,2023-08-26,00Z-ECE,GWUS
2023-08-31,7.387,-1.127,,-0.163,-0.11,2023-08-26,00Z-ECE,GWUS
2023-09-01,7.977,-0.594,,-0.105,0.073,2023-08-26,00Z-ECE,GWUS
2023-09-02,8.902,0.526,,0.023,0.481,2023-08-26,00Z-ECE,GWUS
2023-09-03,9.777,1.523,,0.228,0.744,2023-08-26,00Z-ECE,GWUS
2023-09-04,10.003,1.759,,0.221,0.465,2023-08-26,00Z-ECE,GWUS
2023-09-05,9.861,1.632,,0.214,0.132,2023-08-26,00Z-ECE,GWUS
2023-09-06,9.691,1.638,,-0.048,-0.006,2023-08-26,00Z-ECE,GWUS
2023-09-07,9.37,1.608,,-0.139,-0.11,2023-08-26,00Z-ECE,GWUS
2023-09-08,8.993,1.358,,-0.171,-0.397,2023-08-26,00Z-ECE,GWUS
2023-09-09,8.942,1.306,,,,2023-08-26,00Z-ECE,GWUS
2023-08-27,8.434,-0.427,-0.094,-0.072,-0.133,2023-08-27,00Z-ECE,GWUS
2023-08-28,7.847,-0.892,0.128,0.161,0.111,2023-08-27,00Z-ECE,GWUS
2023-08-29,7.396,-1.165,0.075,0.161,0.101,2023-08-27,00Z-ECE,GWUS
2023-08-30,7.401,-1.058,0.0,0.082,-0.112,2023-08-27,00Z-ECE,GWUS
2023-08-31,7.617,-0.896,-0.009,0.108,0.23,2023-08-27,00Z-ECE,GWUS
2023-09-01,7.993,-0.578,,0.199,0.016,2023-08-27,00Z-ECE,GWUS
2023-09-02,8.935,0.559,,0.064,0.033,2023-08-27,00Z-ECE,GWUS
2023-09-03,9.414,1.16,,-0.155,-0.363,2023-08-27,00Z-ECE,GWUS
2023-09-04,9.881,1.638,,-0.141,-0.121,2023-08-27,00Z-ECE,GWUS
2023-09-05,10.203,1.974,,-0.135,0.341,2023-08-27,00Z-ECE,GWUS
2023-09-06,10.321,2.268,,-0.024,0.63,2023-08-27,00Z-ECE,GWUS
2023-09-07,10.166,2.404,,0.166,0.796,2023-08-27,00Z-ECE,GWUS
2023-09-08,9.781,2.146,,0.287,0.788,2023-08-27,00Z-ECE,GWUS
2023-09-09,9.579,1.962,,0.343,0.64,2023-08-27,00Z-ECE,GWUS
2023-09-10,9.523,1.905,,,,2023-08-27,00Z-ECE,GWUS
2023-08-28,7.191,-1.547,-0.405,-0.356,-0.656,2023-08-28,00Z-ECE,GWUS
2023-08-29,7.053,-1.507,-0.127,-0.135,-0.343,2023-08-28,00Z-ECE,GWUS
2023-08-30,7.001,-1.458,0.027,-0.017,-0.4,2023-08-28,00Z-ECE,GWUS
2023-08-31,7.278,-1.236,-0.057,-0.067,-0.34,2023-08-28,00Z-ECE,GWUS
2023-09-01,7.349,-1.222,-0.26,-0.247,-0.644,2023-08-28,00Z-ECE,GWUS
2023-09-02,7.702,-0.674,,-0.702,-1.233,2023-08-28,00Z-ECE,GWUS
2023-09-03,8.87,0.616,,-0.512,-0.543,2023-08-28,00Z-ECE,GWUS
2023-09-04,9.598,1.354,,-0.435,-0.284,2023-08-28,00Z-ECE,GWUS
2023-09-05,10.054,1.826,,-0.385,-0.148,2023-08-28,00Z-ECE,GWUS
2023-09-06,10.1,2.047,,-0.314,-0.221,2023-08-28,00Z-ECE,GWUS
2023-09-07,9.76,1.998,,-0.486,-0.406,2023-08-28,00Z-ECE,GWUS
2023-09-08,9.489,1.854,,-0.414,-0.292,2023-08-28,00Z-ECE,GWUS
2023-09-09,9.271,1.654,,-0.223,-0.308,2023-08-28,00Z-ECE,GWUS
2023-09-10,9.198,1.565,,-0.144,-0.331,2023-08-28,00Z-ECE,GWUS
2023-09-11,9.145,1.511,,,,2023-08-28,00Z-ECE,GWUS
2023-08-29,7.27,-1.29,-0.076,-0.01,0.217,2023-08-29,00Z-ECE,GWUS
2023-08-30,7.296,-1.162,-0.011,0.044,0.295,2023-08-29,00Z-ECE,GWUS
2023-08-31,7.386,-1.128,-0.018,-0.072,0.108,2023-08-29,00Z-ECE,GWUS
2023-09-01,7.462,-1.109,0.01,0.062,0.112,2023-08-29,00Z-ECE,GWUS
2023-09-02,8.066,-0.31,0.028,0.157,0.364,2023-08-29,00Z-ECE,GWUS
2023-09-03,9.152,0.898,,-0.052,0.282,2023-08-29,00Z-ECE,GWUS
2023-09-04,10.124,1.881,,-0.1,0.527,2023-08-29,00Z-ECE,GWUS
2023-09-05,10.539,2.311,,-0.237,0.485,2023-08-29,00Z-ECE,GWUS
2023-09-06,10.255,2.203,,-0.226,0.155,2023-08-29,00Z-ECE,GWUS
2023-09-07,9.73,1.968,,0.059,-0.031,2023-08-29,00Z-ECE,GWUS
2023-09-08,9.296,1.66,,0.075,-0.194,2023-08-29,00Z-ECE,GWUS
2023-09-09,9.17,1.553,,0.169,-0.101,2023-08-29,00Z-ECE,GWUS
2023-09-10,9.148,1.514,,-0.066,-0.051,2023-08-29,00Z-ECE,GWUS
2023-09-11,9.28,1.758,,0.187,0.113,2023-08-29,00Z-ECE,GWUS
2023-09-12,9.21,1.689,,,,2023-08-29,00Z-ECE,GWUS
2023-08-30,7.198,-1.261,0.023,-0.142,-0.098,2023-08-30,00Z-ECE,GWUS
2023-08-31,7.332,-1.182,0.012,0.002,-0.054,2023-08-30,00Z-ECE,GWUS
2023-09-01,7.242,-1.329,0.047,-0.08,-0.219,2023-08-30,00Z-ECE,GWUS
2023-09-02,7.721,-0.655,0.035,-0.114,-0.345,2023-08-30,00Z-ECE,GWUS
2023-09-03,8.901,0.647,-0.015,-0.228,-0.251,2023-08-30,00Z-ECE,GWUS
2023-09-04,9.793,1.55,,-0.653,-0.331,2023-08-30,00Z-ECE,GWUS
2023-09-05,10.557,2.328,,-0.17,0.018,2023-08-30,00Z-ECE,GWUS
2023-09-06,10.279,2.226,,-0.091,0.023,2023-08-30,00Z-ECE,GWUS
2023-09-07,9.515,1.753,,0.061,-0.214,2023-08-30,00Z-ECE,GWUS
2023-09-08,8.994,1.359,,0.124,-0.302,2023-08-30,00Z-ECE,GWUS
2023-09-09,8.794,1.177,,0.142,-0.376,2023-08-30,00Z-ECE,GWUS
2023-09-10,8.778,1.144,,0.002,-0.37,2023-08-30,00Z-ECE,GWUS
2023-09-11,9.212,1.691,,0.343,-0.068,2023-08-30,00Z-ECE,GWUS
2023-09-12,9.373,1.834,,0.529,0.135,2023-08-30,00Z-ECE,GWUS
2023-09-13,9.078,1.539,,,,2023-08-30,00Z-ECE,GWUS
2023-08-31,6.924,-1.589,-0.049,-0.195,-0.407,2023-08-31,00Z-ECE,GWUS
2023-09-01,7.066,-1.505,0.051,0.01,-0.177,2023-08-31,00Z-ECE,GWUS
2023-09-02,7.436,-0.94,-0.122,-0.147,-0.286,2023-08-31,00Z-ECE,GWUS
2023-09-03,8.675,0.421,-0.125,-0.217,-0.226,2023-08-31,00Z-ECE,GWUS
2023-09-04,9.557,1.313,-0.299,-0.486,-0.236,2023-08-31,00Z-ECE,GWUS
2023-09-05,9.605,1.377,,-1.218,-0.952,2023-08-31,00Z-ECE,GWUS
2023-09-06,9.857,1.805,,-0.392,-0.421,2023-08-31,00Z-ECE,GWUS
2023-09-07,9.461,1.699,,0.169,-0.054,2023-08-31,00Z-ECE,GWUS
2023-09-08,9.126,1.49,,0.399,0.132,2023-08-31,00Z-ECE,GWUS
2023-09-09,8.99,1.373,,0.342,0.196,2023-08-31,00Z-ECE,GWUS
2023-09-10,8.995,1.361,,0.207,0.217,2023-08-31,00Z-ECE,GWUS
2023-09-11,9.068,1.547,,-0.225,-0.144,2023-08-31,00Z-ECE,GWUS
2023-09-12,8.952,1.412,,-0.311,-0.421,2023-08-31,00Z-ECE,GWUS
2023-09-13,8.742,1.097,,-0.384,-0.364,2023-08-31,00Z-ECE,GWUS
2023-09-14,8.365,0.72,,,,2023-08-31,00Z-ECE,GWUS
2023-09-01,6.85,-1.721,-0.004,0.073,-0.216,2023-09-01,00Z-ECE,GWUS
2023-09-02,7.269,-1.107,0.112,0.059,-0.167,2023-09-01,00Z-ECE,GWUS
2023-09-03,8.566,0.312,0.033,-0.044,-0.109,2023-09-01,00Z-ECE,GWUS
2023-09-04,9.485,1.241,0.028,0.04,-0.072,2023-09-01,00Z-ECE,GWUS
2023-09-05,10.03,1.801,0.17,0.222,0.425,2023-09-01,00Z-ECE,GWUS
2023-09-06,10.38,2.327,,0.617,0.522,2023-09-01,00Z-ECE,GWUS
2023-09-07,10.419,2.657,,1.062,0.958,2023-09-01,00Z-ECE,GWUS
2023-09-08,9.799,2.163,,0.812,0.673,2023-09-01,00Z-ECE,GWUS
2023-09-09,9.328,1.711,,0.565,0.338,2023-09-01,00Z-ECE,GWUS
2023-09-10,8.744,1.11,,0.103,-0.252,2023-09-01,00Z-ECE,GWUS
2023-09-11,8.449,0.927,,-0.195,-0.62,2023-09-01,00Z-ECE,GWUS
2023-09-12,8.214,0.675,,-0.396,-0.738,2023-09-01,00Z-ECE,GWUS
2023-09-13,7.798,0.152,,-0.571,-0.945,2023-09-01,00Z-ECE,GWUS
2023-09-14,7.353,-0.265,,-0.857,-1.051,2023-09-01,00Z-ECE,GWUS
2023-09-15,6.995,-0.623,,,,2023-09-01,00Z-ECE,GWUS
2023-09-02,7.138,-1.629,0.018,-0.091,-0.131,2023-09-02,00Z-ECE,GWUS
2023-09-03,8.664,0.41,0.098,-0.046,0.098,2023-09-02,00Z-ECE,GWUS
2023-09-04,9.726,1.482,0.093,0.13,0.241,2023-09-02,00Z-ECE,GWUS
2023-09-05,10.258,2.03,-0.088,0.074,0.229,2023-09-02,00Z-ECE,GWUS
2023-09-06,10.454,1.978,0.09,0.118,0.075,2023-09-02,00Z-ECE,GWUS
2023-09-07,9.919,2.157,,-0.317,-0.5,2023-09-02,00Z-ECE,GWUS
2023-09-08,9.754,2.118,,0.19,-0.045,2023-09-02,00Z-ECE,GWUS
2023-09-09,8.899,1.282,,0.056,-0.429,2023-09-02,00Z-ECE,GWUS
2023-09-10,8.214,0.581,,-0.113,-0.529,2023-09-02,00Z-ECE,GWUS
2023-09-11,7.828,0.307,,-0.215,-0.62,2023-09-02,00Z-ECE,GWUS
2023-09-12,7.539,-0.001,,-0.118,-0.675,2023-09-02,00Z-ECE,GWUS
2023-09-13,7.246,-0.4,,-0.006,-0.552,2023-09-02,00Z-ECE,GWUS
2023-09-14,6.952,-0.665,,0.104,-0.401,2023-09-02,00Z-ECE,GWUS
2023-09-15,6.859,-0.726,,0.145,-0.222,2023-09-02,00Z-ECE,GWUS
2023-09-16,6.61,-0.975,,,,2023-09-02,00Z-ECE,GWUS
2023-09-03,8.548,0.294,-0.013,-0.097,-0.116,2023-09-03,00Z-ECE,GWUS
2023-09-04,9.775,1.531,0.071,-0.061,0.048,2023-09-03,00Z-ECE,GWUS
2023-09-05,10.192,1.963,0.178,-0.02,-0.067,2023-09-03,00Z-ECE,GWUS
2023-09-06,10.013,1.96,0.14,-0.241,-0.442,2023-09-03,00Z-ECE,GWUS
2023-09-07,9.598,1.836,0.029,-0.343,-0.32,2023-09-03,00Z-ECE,GWUS
2023-09-08,8.923,1.288,,-0.449,-0.831,2023-09-03,00Z-ECE,GWUS
2023-09-09,8.175,0.558,,-0.496,-0.724,2023-09-03,00Z-ECE,GWUS
2023-09-10,7.648,0.014,,-0.591,-0.567,2023-09-03,00Z-ECE,GWUS
2023-09-11,7.433,-0.088,,-0.623,-0.395,2023-09-03,00Z-ECE,GWUS
2023-09-12,7.305,-0.234,,-0.555,-0.234,2023-09-03,00Z-ECE,GWUS
2023-09-13,7.198,-0.447,,-0.363,-0.048,2023-09-03,00Z-ECE,GWUS
2023-09-14,7.001,-0.616,,-0.259,0.049,2023-09-03,00Z-ECE,GWUS
2023-09-15,6.654,-0.931,,-0.474,-0.205,2023-09-03,00Z-ECE,GWUS
2023-09-16,6.407,-1.2,,-0.657,-0.256,2023-09-03,00Z-ECE,GWUS
2023-09-17,6.224,-1.383,,,,2023-09-03,00Z-ECE,GWUS
2023-09-04,9.511,1.268,0.035,-0.096,-0.263,2023-09-04,00Z-ECE,GWUS
2023-09-05,10.15,1.922,0.183,0.067,-0.041,2023-09-04,00Z-ECE,GWUS
2023-09-06,9.707,1.655,0.099,-0.128,-0.305,2023-09-04,00Z-ECE,GWUS
2023-09-07,9.456,1.694,0.097,0.043,-0.142,2023-09-04,00Z-ECE,GWUS
2023-09-08,9.017,1.381,0.201,0.205,0.093,2023-09-04,00Z-ECE,GWUS
2023-09-09,7.769,0.152,,-0.192,-0.406,2023-09-04,00Z-ECE,GWUS
2023-09-10,7.423,-0.21,,-0.049,-0.224,2023-09-04,00Z-ECE,GWUS
2023-09-11,7.284,-0.237,,-0.041,-0.149,2023-09-04,00Z-ECE,GWUS
2023-09-12,7.028,-0.511,,0.011,-0.277,2023-09-04,00Z-ECE,GWUS
2023-09-13,6.861,-0.784,,0.168,-0.337,2023-09-04,00Z-ECE,GWUS
2023-09-14,6.751,-0.866,,0.164,-0.25,2023-09-04,00Z-ECE,GWUS
2023-09-15,6.498,-1.087,,0.098,-0.156,2023-09-04,00Z-ECE,GWUS
2023-09-16,6.221,-1.387,,-0.044,-0.187,2023-09-04,00Z-ECE,GWUS
2023-09-17,6.138,-1.464,,-0.079,-0.153,2023-09-04,00Z-ECE,GWUS
2023-09-18,6.267,-1.335,,,,2023-09-04,00Z-ECE,GWUS
2023-09-05,9.929,1.701,-0.081,-0.229,-0.221,2023-09-05,00Z-ECE,GWUS
2023-09-06,9.537,1.485,0.125,0.045,-0.17,2023-09-05,00Z-ECE,GWUS
2023-09-07,9.378,1.616,0.278,0.089,-0.078,2023-09-05,00Z-ECE,GWUS
2023-09-08,8.882,1.247,0.151,0.02,-0.134,2023-09-05,00Z-ECE,GWUS
2023-09-09,7.569,-0.048,0.015,-0.019,-0.199,2023-09-05,00Z-ECE,GWUS
2023-09-10,7.149,-0.484,,-0.098,-0.274,2023-09-05,00Z-ECE,GWUS
2023-09-11,7.074,-0.448,,0.008,-0.211,2023-09-05,00Z-ECE,GWUS
2023-09-12,6.579,-0.961,,-0.189,-0.449,2023-09-05,00Z-ECE,GWUS
2023-09-13,6.292,-1.353,,-0.149,-0.569,2023-09-05,00Z-ECE,GWUS
2023-09-14,6.092,-1.526,,-0.206,-0.66,2023-09-05,00Z-ECE,GWUS
2023-09-15,6.058,-1.527,,-0.136,-0.44,2023-09-05,00Z-ECE,GWUS
2023-09-16,6.1,-1.508,,0.013,-0.121,2023-09-05,00Z-ECE,GWUS
2023-09-17,6.102,-1.5,,-0.057,-0.036,2023-09-05,00Z-ECE,GWUS
2023-09-18,6.26,-1.481,,-0.013,-0.11,2023-09-05,00Z-ECE,GWUS
2023-09-19,6.373,-1.368,,,,2023-09-05,00Z-ECE,GWUS
2023-09-06,9.175,1.122,-0.088,-0.159,-0.362,2023-09-06,00Z-ECE,GWUS
2023-09-07,9.24,1.478,0.134,-0.081,-0.138,2023-09-06,00Z-ECE,GWUS
2023-09-08,8.982,1.346,0.189,0.062,0.099,2023-09-06,00Z-ECE,GWUS
2023-09-09,7.608,-0.009,0.329,0.074,0.039,2023-09-06,00Z-ECE,GWUS
2023-09-10,7.066,-0.568,0.265,-0.016,-0.084,2023-09-06,00Z-ECE,GWUS
2023-09-11,6.835,-0.687,,-0.171,-0.239,2023-09-06,00Z-ECE,GWUS
2023-09-12,6.59,-0.95,,0.018,0.011,2023-09-06,00Z-ECE,GWUS
2023-09-13,6.181,-1.464,,-0.05,-0.111,2023-09-06,00Z-ECE,GWUS
2023-09-14,6.182,-1.436,,0.011,0.09,2023-09-06,00Z-ECE,GWUS
2023-09-15,6.051,-1.534,,-0.015,-0.008,2023-09-06,00Z-ECE,GWUS
2023-09-16,5.901,-1.707,,-0.158,-0.199,2023-09-06,00Z-ECE,GWUS
2023-09-17,5.946,-1.657,,-0.12,-0.157,2023-09-06,00Z-ECE,GWUS
2023-09-18,6.119,-1.623,,0.006,-0.141,2023-09-06,00Z-ECE,GWUS
2023-09-19,6.276,-1.398,,-0.017,-0.208,2023-09-06,00Z-ECE,GWUS
2023-09-20,6.19,-1.484,,,,2023-09-06,00Z-ECE,GWUS
2023-09-07,9.045,1.283,0.009,-0.161,-0.195,2023-09-07,00Z-ECE,GWUS
2023-09-08,8.754,1.118,0.033,-0.091,-0.228,2023-09-07,00Z-ECE,GWUS
2023-09-09,7.436,-0.182,0.084,0.008,-0.172,2023-09-07,00Z-ECE,GWUS
2023-09-10,6.795,-0.839,-0.059,-0.05,-0.271,2023-09-07,00Z-ECE,GWUS
2023-09-11,6.833,-0.689,0.061,-0.031,-0.002,2023-09-07,00Z-ECE,GWUS
2023-09-12,6.147,-1.392,,-0.365,-0.442,2023-09-07,00Z-ECE,GWUS
2023-09-13,6.105,-1.54,,0.035,-0.076,2023-09-07,00Z-ECE,GWUS
2023-09-14,6.246,-1.371,,0.161,0.065,2023-09-07,00Z-ECE,GWUS
2023-09-15,6.254,-1.33,,0.106,0.204,2023-09-07,00Z-ECE,GWUS
2023-09-16,6.048,-1.56,,-0.005,0.147,2023-09-07,00Z-ECE,GWUS
2023-09-17,6.067,-1.535,,0.032,0.122,2023-09-07,00Z-ECE,GWUS
2023-09-18,6.159,-1.582,,0.129,0.041,2023-09-07,00Z-ECE,GWUS
2023-09-19,6.288,-1.386,,0.081,0.012,2023-09-07,00Z-ECE,GWUS
2023-09-20,6.28,-1.58,,-0.048,0.027,2023-09-07,00Z-ECE,GWUS
2023-09-21,6.104,-1.755,,,,2023-09-07,00Z-ECE,GWUS
2023-09-08,8.492,0.856,-0.069,-0.084,-0.262,2023-09-08,00Z-ECE,GWUS
2023-09-09,7.451,-0.166,0.24,0.056,0.016,2023-09-08,00Z-ECE,GWUS
2023-09-10,6.664,-0.97,-0.048,-0.17,-0.131,2023-09-08,00Z-ECE,GWUS
2023-09-11,6.842,-0.68,0.043,-0.005,0.009,2023-09-08,00Z-ECE,GWUS
2023-09-12,6.375,-1.164,0.023,-0.005,0.228,2023-09-08,00Z-ECE,GWUS
2023-09-13,5.949,-1.697,,-0.012,-0.157,2023-09-08,00Z-ECE,GWUS
2023-09-14,6.212,-1.406,,0.12,-0.035,2023-09-08,00Z-ECE,GWUS
2023-09-15,6.177,-1.408,,0.15,-0.077,2023-09-08,00Z-ECE,GWUS
2023-09-16,5.972,-1.636,,-0.006,-0.076,2023-09-08,00Z-ECE,GWUS
2023-09-17,5.992,-1.61,,-0.118,-0.075,2023-09-08,00Z-ECE,GWUS
2023-09-18,6.098,-1.644,,-0.264,-0.061,2023-09-08,00Z-ECE,GWUS
2023-09-19,6.231,-1.443,,-0.163,-0.057,2023-09-08,00Z-ECE,GWUS
2023-09-20,6.232,-1.628,,-0.093,-0.048,2023-09-08,00Z-ECE,GWUS
2023-09-21,6.235,-1.782,,-0.065,0.038,2023-09-08,00Z-ECE,GWUS
2023-09-22,6.169,-1.847,,,,2023-09-08,00Z-ECE,GWUS
2023-09-09,7.009,-0.609,-0.351,-0.255,-0.443,2023-09-09,00Z-ECE,GWUS
2023-09-10,6.441,-1.605,-0.129,-0.173,-0.222,2023-09-09,00Z-ECE,GWUS
2023-09-11,6.543,-1.392,-0.131,-0.237,-0.299,2023-09-09,00Z-ECE,GWUS
2023-09-12,6.452,-1.088,-0.066,-0.091,0.076,2023-09-09,00Z-ECE,GWUS
2023-09-13,6.43,-1.215,0.119,0.183,0.482,2023-09-09,00Z-ECE,GWUS
2023-09-14,6.672,-0.946,,0.235,0.46,2023-09-09,00Z-ECE,GWUS
2023-09-15,6.226,-1.359,,0.007,0.049,2023-09-09,00Z-ECE,GWUS
2023-09-16,5.781,-1.826,,-0.122,-0.19,2023-09-09,00Z-ECE,GWUS
2023-09-17,5.867,-1.735,,-0.056,-0.125,2023-09-09,00Z-ECE,GWUS
2023-09-18,6.147,-1.594,,0.066,0.049,2023-09-09,00Z-ECE,GWUS
2023-09-19,6.353,-1.321,,0.135,0.121,2023-09-09,00Z-ECE,GWUS
2023-09-20,6.397,-1.463,,-0.013,0.165,2023-09-09,00Z-ECE,GWUS
2023-09-21,6.325,-1.692,,0.053,0.09,2023-09-09,00Z-ECE,GWUS
2023-09-22,6.4,-1.526,,0.172,0.149,2023-09-09,00Z-ECE,GWUS
2023-09-23,6.411,-1.515,,,,2023-09-09,00Z-ECE,GWUS
2023-09-10,6.228,-1.406,0.004,-0.137,-0.213,2023-09-10,00Z-ECE,GWUS
2023-09-11,6.299,-1.223,-0.097,-0.135,-0.244,2023-09-10,00Z-ECE,GWUS
2023-09-12,6.225,-1.315,-0.015,-0.109,-0.227,2023-09-10,00Z-ECE,GWUS
2023-09-13,6.276,-1.369,-0.089,0.016,-0.154,2023-09-10,00Z-ECE,GWUS
2023-09-14,6.593,-1.024,-0.175,-0.114,-0.078,2023-09-10,00Z-ECE,GWUS
2023-09-15,5.928,-1.657,,-0.091,-0.298,2023-09-10,00Z-ECE,GWUS
2023-09-16,5.822,-1.785,,0.041,0.041,2023-09-10,00Z-ECE,GWUS
2023-09-17,5.865,-1.737,,0.116,-0.002,2023-09-10,00Z-ECE,GWUS
2023-09-18,6.066,-1.676,,0.018,-0.082,2023-09-10,00Z-ECE,GWUS
2023-09-19,6.22,-1.454,,0.027,-0.133,2023-09-10,00Z-ECE,GWUS
2023-09-20,6.291,-1.569,,0.081,-0.106,2023-09-10,00Z-ECE,GWUS
2023-09-21,6.252,-1.765,,0.052,-0.074,2023-09-10,00Z-ECE,GWUS
2023-09-22,6.349,-1.578,,0.114,-0.052,2023-09-10,00Z-ECE,GWUS
2023-09-23,6.359,-1.615,,0.057,-0.149,2023-09-10,00Z-ECE,GWUS
2023-09-24,6.374,-1.6,,,,2023-09-10,00Z-ECE,GWUS
2023-09-11,6.291,-1.231,0.07,0.072,-0.008,2023-09-11,00Z-ECE,GWUS
2023-09-12,6.189,-1.351,0.027,0.075,-0.036,2023-09-11,00Z-ECE,GWUS
2023-09-13,5.882,-1.763,0.052,0.027,-0.394,2023-09-11,00Z-ECE,GWUS
2023-09-14,6.284,-1.334,-0.078,-0.106,-0.31,2023-09-11,00Z-ECE,GWUS
2023-09-15,6.437,-1.148,0.046,0.031,0.509,2023-09-11,00Z-ECE,GWUS
2023-09-16,5.769,-1.838,,-0.127,-0.053,2023-09-11,00Z-ECE,GWUS
2023-09-17,5.817,-1.786,,0.048,-0.048,2023-09-11,00Z-ECE,GWUS
2023-09-18,5.948,-1.794,,0.124,-0.118,2023-09-11,00Z-ECE,GWUS
2023-09-19,6.084,-1.59,,0.182,-0.136,2023-09-11,00Z-ECE,GWUS
2023-09-20,6.112,-1.748,,0.108,-0.178,2023-09-11,00Z-ECE,GWUS
2023-09-21,6.178,-1.839,,0.097,-0.074,2023-09-11,00Z-ECE,GWUS
2023-09-22,6.277,-1.65,,-0.067,-0.072,2023-09-11,00Z-ECE,GWUS
2023-09-23,6.271,-1.703,,-0.128,-0.088,2023-09-11,00Z-ECE,GWUS
2023-09-24,6.324,-1.374,,0.008,-0.133,2023-09-11,00Z-ECE,GWUS
2023-09-25,6.257,-1.442,,,,2023-09-11,00Z-ECE,GWUS
2023-09-12,6.188,-1.351,0.013,-0.085,-0.001,2023-09-12,00Z-ECE,GWUS
2023-09-13,5.843,-1.802,0.111,-0.064,-0.039,2023-09-12,00Z-ECE,GWUS
2023-09-14,6.109,-1.509,0.013,-0.124,-0.175,2023-09-12,00Z-ECE,GWUS
2023-09-15,6.272,-1.313,-0.06,-0.063,-0.165,2023-09-12,00Z-ECE,GWUS
2023-09-16,5.745,-1.862,0.062,-0.059,-0.024,2023-09-12,00Z-ECE,GWUS
2023-09-17,5.477,-2.125,,-0.149,-0.349,2023-09-12,00Z-ECE,GWUS
2023-09-18,5.825,-1.917,,-0.091,-0.123,2023-09-12,00Z-ECE,GWUS
2023-09-19,6.034,-1.64,,-0.017,-0.05,2023-09-12,00Z-ECE,GWUS
2023-09-20,6.089,-1.771,,0.04,-0.023,2023-09-12,00Z-ECE,GWUS
2023-09-21,6.142,-1.875,,0.113,-0.036,2023-09-12,00Z-ECE,GWUS
2023-09-22,6.164,-1.762,,0.132,-0.113,2023-09-12,00Z-ECE,GWUS
2023-09-23,6.204,-1.77,,-0.044,-0.067,2023-09-12,00Z-ECE,GWUS
2023-09-24,6.333,-1.365,,-0.059,0.009,2023-09-12,00Z-ECE,GWUS
2023-09-25,6.338,-1.139,,-0.08,-0.026,2023-09-12,00Z-ECE,GWUS
2023-09-26,6.276,-1.201,,,,2023-09-12,00Z-ECE,GWUS
2023-09-13,5.977,-1.668,0.139,-0.047,0.134,2023-09-13,00Z-ECE,GWUS
2023-09-14,5.845,-1.773,0.093,-0.155,-0.264,2023-09-13,00Z-ECE,GWUS
2023-09-15,5.948,-1.637,-0.031,-0.119,-0.324,2023-09-13,00Z-ECE,GWUS
2023-09-16,5.627,-1.98,-0.096,-0.107,-0.118,2023-09-13,00Z-ECE,GWUS
2023-09-17,5.543,-2.06,-0.05,-0.256,0.067,2023-09-13,00Z-ECE,GWUS
2023-09-18,5.392,-2.349,,-0.343,-0.432,2023-09-13,00Z-ECE,GWUS
2023-09-19,5.956,-1.718,,-0.094,-0.077,2023-09-13,00Z-ECE,GWUS
2023-09-20,6.074,-1.786,,-0.043,-0.015,2023-09-13,00Z-ECE,GWUS
2023-09-21,5.98,-2.037,,-0.177,-0.162,2023-09-13,00Z-ECE,GWUS
2023-09-22,5.785,-2.141,,-0.185,-0.379,2023-09-13,00Z-ECE,GWUS
2023-09-23,5.773,-2.201,,-0.213,-0.431,2023-09-13,00Z-ECE,GWUS
2023-09-24,5.907,-1.792,,-0.238,-0.426,2023-09-13,00Z-ECE,GWUS
2023-09-25,6.06,-1.417,,-0.263,-0.278,2023-09-13,00Z-ECE,GWUS
2023-09-26,6.191,-1.375,,-0.218,-0.179,2023-09-13,00Z-ECE,GWUS
2023-09-27,6.21,-1.356,,,,2023-09-13,00Z-ECE,GWUS
2023-09-14,5.552,-2.066,-0.054,-0.209,-0.293,2023-09-14,00Z-ECE,GWUS
2023-09-15,5.71,-1.875,-0.109,-0.137,-0.238,2023-09-14,00Z-ECE,GWUS
2023-09-16,5.489,-2.118,-0.07,-0.11,-0.138,2023-09-14,00Z-ECE,GWUS
2023-09-17,5.7,-1.902,0.005,-0.033,0.158,2023-09-14,00Z-ECE,GWUS
2023-09-18,5.769,-1.973,-0.055,-0.156,0.377,2023-09-14,00Z-ECE,GWUS
2023-09-19,5.544,-2.13,,-0.28,-0.412,2023-09-14,00Z-ECE,GWUS
2023-09-20,5.773,-2.087,,-0.254,-0.301,2023-09-14,00Z-ECE,GWUS
2023-09-21,5.706,-2.311,,-0.324,-0.274,2023-09-14,00Z-ECE,GWUS
2023-09-22,5.642,-2.285,,-0.362,-0.144,2023-09-14,00Z-ECE,GWUS
2023-09-23,5.743,-2.231,,-0.285,-0.03,2023-09-14,00Z-ECE,GWUS
2023-09-24,5.861,-1.838,,-0.248,-0.046,2023-09-14,00Z-ECE,GWUS
2023-09-25,5.934,-1.543,,-0.361,-0.125,2023-09-14,00Z-ECE,GWUS
2023-09-26,6.131,-1.436,,-0.247,-0.061,2023-09-14,00Z-ECE,GWUS
2023-09-27,6.197,-1.284,,-0.304,-0.282,2023-09-14,00Z-ECE,GWUS
2023-09-28,6.252,-1.229,,,,2023-09-14,00Z-ECE,GWUS
2023-09-15,5.665,-1.92,-0.043,-0.055,-0.045,2023-09-15,00Z-ECE,GWUS
2023-09-16,5.591,-2.017,0.035,0.034,0.102,2023-09-15,00Z-ECE,GWUS
2023-09-17,5.661,-1.941,0.024,0.074,-0.039,2023-09-15,00Z-ECE,GWUS
2023-09-18,5.682,-2.06,0.119,0.098,-0.087,2023-09-15,00Z-ECE,GWUS
2023-09-19,6.138,-1.536,0.179,0.187,0.594,2023-09-15,00Z-ECE,GWUS
2023-09-20,5.713,-2.147,,0.115,-0.06,2023-09-15,00Z-ECE,GWUS
2023-09-21,6.059,-1.958,,0.174,0.354,2023-09-15,00Z-ECE,GWUS
2023-09-22,6.02,-1.906,,0.082,0.379,2023-09-15,00Z-ECE,GWUS
2023-09-23,6.119,-1.855,,0.037,0.376,2023-09-15,00Z-ECE,GWUS
2023-09-24,6.139,-1.559,,-0.092,0.278,2023-09-15,00Z-ECE,GWUS
2023-09-25,6.151,-1.326,,-0.224,0.217,2023-09-15,00Z-ECE,GWUS
2023-09-26,6.304,-1.262,,-0.333,0.174,2023-09-15,00Z-ECE,GWUS
2023-09-27,6.498,-0.983,,-0.254,0.301,2023-09-15,00Z-ECE,GWUS
2023-09-28,6.79,-1.142,,-0.099,0.382,2023-09-15,00Z-ECE,GWUS
2023-09-29,6.693,-1.239,,,,2023-09-15,00Z-ECE,GWUS
2023-09-16,5.744,-1.864,0.079,0.175,0.153,2023-09-16,00Z-ECE,GWUS
2023-09-17,5.763,-1.839,0.004,0.082,0.103,2023-09-16,00Z-ECE,GWUS
2023-09-18,5.454,-2.287,0.013,0.017,-0.228,2023-09-16,00Z-ECE,GWUS
2023-09-19,5.933,-1.741,0.018,-0.049,-0.205,2023-09-16,00Z-ECE,GWUS
2023-09-20,5.759,-2.101,-0.081,-0.162,0.046,2023-09-16,00Z-ECE,GWUS
2023-09-21,5.256,-2.761,,-0.507,-0.803,2023-09-16,00Z-ECE,GWUS
2023-09-22,5.494,-2.432,,-0.401,-0.526,2023-09-16,00Z-ECE,GWUS
2023-09-23,5.543,-2.431,,-0.429,-0.576,2023-09-16,00Z-ECE,GWUS
2023-09-24,5.594,-2.104,,-0.578,-0.545,2023-09-16,00Z-ECE,GWUS
2023-09-25,5.705,-1.772,,-0.724,-0.446,2023-09-16,00Z-ECE,GWUS
2023-09-26,5.895,-1.671,,-0.67,-0.409,2023-09-16,00Z-ECE,GWUS
2023-09-27,6.083,-1.398,,-0.531,-0.415,2023-09-16,00Z-ECE,GWUS
2023-09-28,6.188,-1.744,,-0.461,-0.602,2023-09-16,00Z-ECE,GWUS
2023-09-29,6.556,-1.721,,-0.228,-0.281,2023-09-16,00Z-ECE,GWUS
2023-09-30,6.556,-1.72,,,,2023-09-16,00Z-ECE,GWUS
2023-09-17,5.872,-1.731,0.068,0.027,0.108,2023-09-17,00Z-ECE,GWUS
2023-09-18,5.67,-2.071,0.103,0.119,0.216,2023-09-17,00Z-ECE,GWUS
2023-09-19,6.115,-1.559,0.108,0.226,0.182,2023-09-17,00Z-ECE,GWUS
2023-09-20,6.082,-1.778,0.096,0.116,0.322,2023-09-17,00Z-ECE,GWUS
2023-09-21,5.941,-2.494,0.062,0.163,0.684,2023-09-17,00Z-ECE,GWUS
2023-09-22,5.697,-2.23,,0.058,0.203,2023-09-17,00Z-ECE,GWUS
2023-09-23,5.623,-2.351,,0.073,0.08,2023-09-17,00Z-ECE,GWUS
2023-09-24,5.615,-2.083,,0.094,0.021,2023-09-17,00Z-ECE,GWUS
2023-09-25,5.428,-2.048,,-0.054,-0.276,2023-09-17,00Z-ECE,GWUS
2023-09-26,5.421,-2.146,,-0.115,-0.474,2023-09-17,00Z-ECE,GWUS
2023-09-27,5.668,-1.813,,-0.013,-0.415,2023-09-17,00Z-ECE,GWUS
2023-09-28,5.795,-2.137,,-0.02,-0.393,2023-09-17,00Z-ECE,GWUS
2023-09-29,5.949,-2.327,,-0.032,-0.607,2023-09-17,00Z-ECE,GWUS
2023-09-30,6.174,-2.206,,0.049,-0.478,2023-09-17,00Z-ECE,GWUS
2023-10-01,6.226,-2.155,,,,2023-09-17,00Z-ECE,GWUS
2023-09-18,5.67,-2.072,0.004,0.061,-0.001,2023-09-18,00Z-ECE,GWUS
2023-09-19,6.178,-1.496,0.077,0.14,0.063,2023-09-18,00Z-ECE,GWUS
2023-09-20,6.206,-1.654,0.075,0.191,0.125,2023-09-18,00Z-ECE,GWUS
2023-09-21,6.162,-1.855,0.107,0.26,0.221,2023-09-18,00Z-ECE,GWUS
2023-09-22,6.092,-1.835,0.127,0.377,0.395,2023-09-18,00Z-ECE,GWUS
2023-09-23,5.878,-2.096,,0.138,0.255,2023-09-18,00Z-ECE,GWUS
2023-09-24,5.882,-1.817,,0.094,0.266,2023-09-18,00Z-ECE,GWUS
2023-09-25,5.57,-1.907,,-0.062,0.142,2023-09-18,00Z-ECE,GWUS
2023-09-26,5.65,-1.917,,0.077,0.229,2023-09-18,00Z-ECE,GWUS
2023-09-27,5.681,-1.799,,0.122,0.014,2023-09-18,00Z-ECE,GWUS
2023-09-28,5.924,-2.007,,0.267,0.129,2023-09-18,00Z-ECE,GWUS
2023-09-29,6.166,-2.11,,0.277,0.217,2023-09-18,00Z-ECE,GWUS
2023-09-30,6.34,-2.041,,0.305,0.166,2023-09-18,00Z-ECE,GWUS
2023-10-01,6.443,-2.08,,0.379,0.11,2023-09-18,00Z-ECE,GWUS
2023-10-02,6.276,-2.248,,,,2023-09-18,00Z-ECE,GWUS
2023-09-19,6.237,-1.437,0.059,0.084,0.059,2023-09-19,00Z-ECE,GWUS
2023-09-20,6.161,-1.699,-0.004,-0.01,-0.045,2023-09-19,00Z-ECE,GWUS
2023-09-21,6.263,-1.754,0.118,0.041,0.101,2023-09-19,00Z-ECE,GWUS
2023-09-22,6.195,-1.731,0.128,0.076,0.103,2023-09-19,00Z-ECE,GWUS
2023-09-23,6.254,-1.72,0.154,0.132,0.376,2023-09-19,00Z-ECE,GWUS
2023-09-24,5.62,-2.078,,-0.288,-0.261,2023-09-19,00Z-ECE,GWUS
2023-09-25,5.572,-1.905,,-0.074,0.002,2023-09-19,00Z-ECE,GWUS
2023-09-26,5.572,-1.994,,0.007,-0.078,2023-09-19,00Z-ECE,GWUS
2023-09-27,5.771,-1.71,,0.17,0.09,2023-09-19,00Z-ECE,GWUS
2023-09-28,5.993,-1.938,,0.195,0.069,2023-09-19,00Z-ECE,GWUS
2023-09-29,6.281,-1.995,,0.172,0.116,2023-09-19,00Z-ECE,GWUS
2023-09-30,6.423,-1.957,,0.032,0.084,2023-09-19,00Z-ECE,GWUS
2023-10-01,6.63,-1.893,,0.086,0.186,2023-09-19,00Z-ECE,GWUS
2023-10-02,6.716,-1.829,,0.132,0.326,2023-09-19,00Z-ECE,GWUS
2023-10-03,6.483,-2.062,,,,2023-09-19,00Z-ECE,GWUS
2023-09-20,6.134,-1.726,0.073,-0.066,-0.027,2023-09-20,00Z-ECE,GWUS
2023-09-21,6.03,-1.987,-0.057,-0.17,-0.233,2023-09-20,00Z-ECE,GWUS
2023-09-22,6.03,-1.896,-0.047,-0.067,-0.165,2023-09-20,00Z-ECE,GWUS
2023-09-23,6.308,-1.666,0.115,0.189,0.054,2023-09-20,00Z-ECE,GWUS
2023-09-24,6.323,-1.376,0.069,0.045,0.702,2023-09-20,00Z-ECE,GWUS
2023-09-25,5.192,-2.285,,-0.443,-0.38,2023-09-20,00Z-ECE,GWUS
2023-09-26,5.544,-2.022,,-0.113,-0.028,2023-09-20,00Z-ECE,GWUS
2023-09-27,5.74,-1.74,,-0.049,-0.031,2023-09-20,00Z-ECE,GWUS
2023-09-28,5.852,-2.08,,-0.174,-0.141,2023-09-20,00Z-ECE,GWUS
2023-09-29,5.967,-2.309,,-0.283,-0.314,2023-09-20,00Z-ECE,GWUS
2023-09-30,6.19,-2.191,,-0.257,-0.234,2023-09-20,00Z-ECE,GWUS
2023-10-01,6.395,-2.128,,-0.3,-0.235,2023-09-20,00Z-ECE,GWUS
2023-10-02,6.521,-2.024,,-0.259,-0.195,2023-09-20,00Z-ECE,GWUS
2023-10-03,6.5,-2.231,,-0.272,-0.178,2023-09-20,00Z-ECE,GWUS
2023-10-04,6.319,-2.412,,,,2023-09-20,00Z-ECE,GWUS
2023-09-21,5.98,-2.037,0.087,-0.008,-0.05,2023-09-21,00Z-ECE,GWUS
2023-09-22,5.88,-2.047,0.019,-0.154,-0.15,2023-09-21,00Z-ECE,GWUS
2023-09-23,6.343,-1.631,0.135,0.087,0.035,2023-09-21,00Z-ECE,GWUS
2023-09-24,6.407,-1.291,0.048,-0.038,0.085,2023-09-21,00Z-ECE,GWUS
2023-09-25,5.722,-1.755,-0.049,-0.079,0.53,2023-09-21,00Z-ECE,GWUS
2023-09-26,5.493,-2.074,,-0.088,-0.051,2023-09-21,00Z-ECE,GWUS
2023-09-27,6.154,-1.327,,0.204,0.413,2023-09-21,00Z-ECE,GWUS
2023-09-28,6.338,-1.594,,0.206,0.486,2023-09-21,00Z-ECE,GWUS
2023-09-29,6.333,-1.943,,0.134,0.366,2023-09-21,00Z-ECE,GWUS
2023-09-30,6.37,-2.011,,-0.03,0.18,2023-09-21,00Z-ECE,GWUS
2023-10-01,6.532,-1.991,,-0.003,0.137,2023-09-21,00Z-ECE,GWUS
2023-10-02,6.704,-1.841,,0.183,0.183,2023-09-21,00Z-ECE,GWUS
2023-10-03,6.756,-1.974,,0.097,0.257,2023-09-21,00Z-ECE,GWUS
2023-10-04,6.647,-2.439,,-0.144,0.147,2023-09-21,00Z-ECE,GWUS
2023-10-05,6.352,-2.733,,,,2023-09-21,00Z-ECE,GWUS
2023-09-22,5.927,-1.999,-0.144,0.0,0.047,2023-09-22,00Z-ECE,GWUS
2023-09-23,6.39,-1.584,-0.067,-0.014,0.047,2023-09-22,00Z-ECE,GWUS
2023-09-24,6.174,-1.525,-0.097,-0.269,-0.233,2023-09-22,00Z-ECE,GWUS
2023-09-25,5.373,-2.104,-0.077,-0.138,-0.349,2023-09-22,00Z-ECE,GWUS
2023-09-26,5.523,-2.043,0.036,-0.152,0.03,2023-09-22,00Z-ECE,GWUS
2023-09-27,5.572,-1.909,,-0.521,-0.582,2023-09-22,00Z-ECE,GWUS
2023-09-28,6.121,-1.811,,-0.024,-0.217,2023-09-22,00Z-ECE,GWUS
2023-09-29,6.247,-2.029,,0.117,-0.085,2023-09-22,00Z-ECE,GWUS
2023-09-30,6.402,-1.978,,0.202,0.032,2023-09-22,00Z-ECE,GWUS
2023-10-01,6.591,-1.932,,0.2,0.058,2023-09-22,00Z-ECE,GWUS
2023-10-02,6.729,-1.816,,0.195,0.025,2023-09-22,00Z-ECE,GWUS
2023-10-03,6.797,-1.933,,0.213,0.041,2023-09-22,00Z-ECE,GWUS
2023-10-04,6.707,-2.379,,0.159,0.06,2023-09-22,00Z-ECE,GWUS
2023-10-05,6.728,-2.436,,0.328,0.14,2023-09-22,00Z-ECE,GWUS
2023-10-06,6.524,-2.639,,,,2023-09-22,00Z-ECE,GWUS
2023-09-23,6.49,-1.484,-0.048,-0.127,0.1,2023-09-23,00Z-ECE,GWUS
2023-09-24,6.56,-1.549,0.047,-0.012,0.386,2023-09-23,00Z-ECE,GWUS
2023-09-25,5.903,-1.574,0.101,0.144,0.531,2023-09-23,00Z-ECE,GWUS
2023-09-26,5.987,-1.58,0.006,0.074,0.464,2023-09-23,00Z-ECE,GWUS
2023-09-27,6.102,-1.379,0.019,0.045,0.53,2023-09-23,00Z-ECE,GWUS
2023-09-28,5.794,-2.138,,-0.407,-0.327,2023-09-23,00Z-ECE,GWUS
2023-09-29,6.125,-2.151,,-0.149,-0.122,2023-09-23,00Z-ECE,GWUS
2023-09-30,6.132,-2.248,,-0.142,-0.27,2023-09-23,00Z-ECE,GWUS
2023-10-01,6.16,-2.363,,-0.162,-0.431,2023-09-23,00Z-ECE,GWUS
2023-10-02,6.196,-2.349,,-0.358,-0.533,2023-09-23,00Z-ECE,GWUS
2023-10-03,6.287,-2.444,,-0.454,-0.51,2023-09-23,00Z-ECE,GWUS
2023-10-04,6.345,-2.741,,-0.376,-0.362,2023-09-23,00Z-ECE,GWUS
2023-10-05,6.452,-2.711,,-0.175,-0.276,2023-09-23,00Z-ECE,GWUS
2023-10-06,6.602,-2.303,,-0.11,-0.151,2023-09-23,00Z-ECE,GWUS
2023-10-07,6.58,-2.325,,,,2023-09-23,00Z-ECE,GWUS
2023-09-24,6.744,-0.954,0.23,0.315,0.184,2023-09-24,00Z-ECE,GWUS
2023-09-25,5.751,-1.726,0.148,0.089,-0.152,2023-09-24,00Z-ECE,GWUS
2023-09-26,5.913,-1.654,0.132,0.128,-0.074,2023-09-24,00Z-ECE,GWUS
2023-09-27,6.176,-1.304,0.123,0.151,0.074,2023-09-24,00Z-ECE,GWUS
2023-09-28,6.212,-1.72,0.149,0.056,0.418,2023-09-24,00Z-ECE,GWUS
2023-09-29,6.028,-2.248,,-0.122,-0.098,2023-09-24,00Z-ECE,GWUS
2023-09-30,6.317,-2.064,,0.174,0.184,2023-09-24,00Z-ECE,GWUS
2023-10-01,6.492,-2.031,,0.265,0.332,2023-09-24,00Z-ECE,GWUS
2023-10-02,6.49,-2.055,,0.154,0.294,2023-09-24,00Z-ECE,GWUS
2023-10-03,6.438,-2.292,,0.082,0.152,2023-09-24,00Z-ECE,GWUS
2023-10-04,6.598,-2.488,,0.256,0.253,2023-09-24,00Z-ECE,GWUS
2023-10-05,6.941,-2.223,,0.568,0.489,2023-09-24,00Z-ECE,GWUS
2023-10-06,7.345,-1.56,,0.651,0.743,2023-09-24,00Z-ECE,GWUS
2023-10-07,7.633,-1.323,,0.353,0.831,2023-09-24,00Z-ECE,GWUS
2023-10-08,7.356,-1.601,,,,2023-09-24,00Z-ECE,GWUS
2023-09-25,5.577,-1.9,-0.078,-0.191,-0.174,2023-09-25,00Z-ECE,GWUS
2023-09-26,5.775,-1.792,0.016,-0.086,-0.138,2023-09-25,00Z-ECE,GWUS
2023-09-27,6.102,-1.379,0.042,-0.04,-0.074,2023-09-25,00Z-ECE,GWUS
2023-09-28,6.023,-1.908,-0.017,-0.175,-0.189,2023-09-25,00Z-ECE,GWUS
2023-09-29,5.911,-2.365,-0.061,-0.309,-0.116,2023-09-25,00Z-ECE,GWUS
2023-09-30,5.938,-2.443,,-0.328,-0.379,2023-09-25,00Z-ECE,GWUS
2023-10-01,6.017,-2.506,,-0.266,-0.475,2023-09-25,00Z-ECE,GWUS
2023-10-02,6.179,-2.366,,-0.091,-0.311,2023-09-25,00Z-ECE,GWUS
2023-10-03,6.1,-2.63,,-0.114,-0.338,2023-09-25,00Z-ECE,GWUS
2023-10-04,6.201,-2.885,,-0.083,-0.397,2023-09-25,00Z-ECE,GWUS
2023-10-05,6.428,-2.736,,-0.13,-0.513,2023-09-25,00Z-ECE,GWUS
2023-10-06,6.505,-2.4,,-0.323,-0.84,2023-09-25,00Z-ECE,GWUS
2023-10-07,6.814,-2.143,,-0.243,-0.819,2023-09-25,00Z-ECE,GWUS
2023-10-08,7.02,-1.505,,-0.18,-0.584,2023-09-25,00Z-ECE,GWUS
2023-10-09,6.785,-1.739,,,,2023-09-25,00Z-ECE,GWUS
2023-09-26,6.025,-1.541,0.136,0.107,0.251,2023-09-26,00Z-ECE,GWUS
2023-09-27,6.156,-1.325,0.014,0.105,0.054,2023-09-26,00Z-ECE,GWUS
2023-09-28,6.325,-1.607,0.109,0.252,0.302,2023-09-26,00Z-ECE,GWUS
2023-09-29,6.128,-2.149,0.081,0.207,0.216,2023-09-26,00Z-ECE,GWUS
2023-09-30,6.242,-2.138,0.044,0.183,0.305,2023-09-26,00Z-ECE,GWUS
2023-10-01,6.34,-2.183,,0.243,0.323,2023-09-26,00Z-ECE,GWUS
2023-10-02,6.539,-2.006,,0.356,0.36,2023-09-26,00Z-ECE,GWUS
2023-10-03,6.496,-2.234,,0.359,0.396,2023-09-26,00Z-ECE,GWUS
2023-10-04,6.604,-2.481,,0.231,0.404,2023-09-26,00Z-ECE,GWUS
2023-10-05,6.628,-2.535,,0.18,0.201,2023-09-26,00Z-ECE,GWUS
2023-10-06,6.692,-2.212,,0.029,0.188,2023-09-26,00Z-ECE,GWUS
2023-10-07,6.775,-2.182,,-0.133,-0.039,2023-09-26,00Z-ECE,GWUS
2023-10-08,6.951,-1.574,,-0.296,-0.069,2023-09-26,00Z-ECE,GWUS
2023-10-09,7.05,-1.886,,-0.489,0.038,2023-09-26,00Z-ECE,GWUS
2023-10-10,6.991,-1.945,,,,2023-09-26,00Z-ECE,GWUS
2023-09-27,6.253,-1.227,0.186,0.152,0.098,2023-09-27,00Z-ECE,GWUS
2023-09-28,6.361,-1.57,0.142,0.063,0.036,2023-09-27,00Z-ECE,GWUS
2023-09-29,6.186,-2.09,0.175,0.155,0.058,2023-09-27,00Z-ECE,GWUS
2023-09-30,6.413,-1.968,0.284,0.338,0.171,2023-09-27,00Z-ECE,GWUS
2023-10-01,6.616,-1.908,0.248,0.337,0.276,2023-09-27,00Z-ECE,GWUS
2023-10-02,6.099,-2.446,,-0.358,-0.44,2023-09-27,00Z-ECE,GWUS
2023-10-03,6.667,-2.063,,0.226,0.171,2023-09-27,00Z-ECE,GWUS
2023-10-04,6.592,-2.494,,0.215,-0.012,2023-09-27,00Z-ECE,GWUS
2023-10-05,6.434,-2.729,,0.172,-0.194,2023-09-27,00Z-ECE,GWUS
2023-10-06,6.669,-2.235,,0.247,-0.023,2023-09-27,00Z-ECE,GWUS
2023-10-07,6.943,-2.014,,0.298,0.168,2023-09-27,00Z-ECE,GWUS
2023-10-08,7.269,-1.256,,0.235,0.318,2023-09-27,00Z-ECE,GWUS
2023-10-09,7.563,-1.373,,0.181,0.512,2023-09-27,00Z-ECE,GWUS
2023-10-10,7.838,-1.186,,0.118,0.57,2023-09-27,00Z-ECE,GWUS
2023-10-11,7.718,-1.306,,,,2023-09-27,00Z-ECE,GWUS
2023-09-28,6.352,-1.58,0.066,0.032,-0.01,2023-09-28,00Z-ECE,GWUS
2023-09-29,6.268,-2.008,0.147,0.032,0.083,2023-09-28,00Z-ECE,GWUS
2023-09-30,6.362,-2.019,0.142,0.053,-0.051,2023-09-28,00Z-ECE,GWUS
2023-10-01,6.432,-2.091,0.056,-0.045,-0.184,2023-09-28,00Z-ECE,GWUS
2023-10-02,6.439,-2.106,0.055,-0.039,0.34,2023-09-28,00Z-ECE,GWUS
2023-10-03,5.924,-2.807,,-0.663,-0.743,2023-09-28,00Z-ECE,GWUS
2023-10-04,6.087,-2.998,,-0.348,-0.505,2023-09-28,00Z-ECE,GWUS
2023-10-05,5.794,-3.37,,-0.518,-0.64,2023-09-28,00Z-ECE,GWUS
2023-10-06,6.023,-2.882,,-0.43,-0.646,2023-09-28,00Z-ECE,GWUS
2023-10-07,6.843,-2.113,,0.027,-0.099,2023-09-28,00Z-ECE,GWUS
2023-10-08,7.805,-0.719,,0.554,0.537,2023-09-28,00Z-ECE,GWUS
2023-10-09,8.367,-0.57,,0.724,0.804,2023-09-28,00Z-ECE,GWUS
2023-10-10,8.311,-0.713,,0.453,0.473,2023-09-28,00Z-ECE,GWUS
2023-10-11,8.125,-1.189,,0.479,0.205,2023-09-28,00Z-ECE,GWUS
2023-10-12,7.733,-1.581,,,,2023-09-28,00Z-ECE,GWUS
2023-09-29,6.153,-2.123,-0.073,-0.14,-0.107,2023-09-29,00Z-ECE,GWUS
2023-09-30,6.299,-2.081,-0.075,-0.169,-0.062,2023-09-29,00Z-ECE,GWUS
2023-10-01,6.353,-2.17,-0.033,-0.14,-0.079,2023-09-29,00Z-ECE,GWUS
2023-10-02,6.385,-2.16,0.046,-0.076,-0.055,2023-09-29,00Z-ECE,GWUS
2023-10-03,6.274,-2.456,-0.047,-0.036,0.35,2023-09-29,00Z-ECE,GWUS
2023-10-04,5.938,-3.147,,-0.124,-0.149,2023-09-29,00Z-ECE,GWUS
2023-10-05,5.741,-3.422,,-0.053,-0.053,2023-09-29,00Z-ECE,GWUS
2023-10-06,6.009,-2.896,,-0.071,-0.015,2023-09-29,00Z-ECE,GWUS
2023-10-07,6.969,-1.988,,-0.048,0.125,2023-09-29,00Z-ECE,GWUS
2023-10-08,7.96,-0.565,,-0.057,0.155,2023-09-29,00Z-ECE,GWUS
2023-10-09,8.333,-0.603,,-0.186,-0.034,2023-09-29,00Z-ECE,GWUS
2023-10-10,8.362,-0.662,,0.003,0.05,2023-09-29,00Z-ECE,GWUS
2023-10-11,8.24,-1.075,,0.103,0.114,2023-09-29,00Z-ECE,GWUS
2023-10-12,8.243,-1.107,,0.228,0.233,2023-09-29,00Z-ECE,GWUS
2023-10-13,7.993,-1.357,,,,2023-09-29,00Z-ECE,GWUS
2023-09-30,6.44,-1.94,-0.032,-0.028,0.141,2023-09-30,00Z-ECE,GWUS
2023-10-01,6.387,-2.136,-0.053,-0.061,0.034,2023-09-30,00Z-ECE,GWUS
2023-10-02,6.363,-2.182,0.043,-0.011,-0.022,2023-09-30,00Z-ECE,GWUS
2023-10-03,6.345,-2.385,0.073,-0.061,0.071,2023-09-30,00Z-ECE,GWUS
2023-10-04,5.88,-3.206,-0.145,-0.237,-0.059,2023-09-30,00Z-ECE,GWUS
2023-10-05,4.929,-4.234,,-0.677,-0.812,2023-09-30,00Z-ECE,GWUS
2023-10-06,5.711,-3.194,,-0.25,-0.297,2023-09-30,00Z-ECE,GWUS
2023-10-07,7.126,-1.831,,-0.215,0.157,2023-09-30,00Z-ECE,GWUS
2023-10-08,8.367,-0.157,,-0.065,0.408,2023-09-30,00Z-ECE,GWUS
2023-10-09,9.065,0.129,,0.37,0.732,2023-09-30,00Z-ECE,GWUS
2023-10-10,9.1,0.075,,0.51,0.738,2023-09-30,00Z-ECE,GWUS
2023-10-11,8.541,-0.774,,0.037,0.301,2023-09-30,00Z-ECE,GWUS
2023-10-12,8.018,-1.333,,-0.197,-0.225,2023-09-30,00Z-ECE,GWUS
2023-10-13,7.859,-1.61,,-0.242,-0.442,2023-09-30,00Z-ECE,GWUS
2023-10-14,7.74,-1.729,,,,2023-09-30,00Z-ECE,GWUS
2023-10-01,6.367,-2.156,0.03,-0.009,-0.02,2023-10-01,00Z-ECE,GWUS
2023-10-02,6.273,-2.272,-0.09,-0.047,-0.09,2023-10-01,00Z-ECE,GWUS
2023-10-03,6.348,-2.383,-0.081,0.051,0.003,2023-10-01,00Z-ECE,GWUS
2023-10-04,5.977,-3.108,-0.045,0.028,0.098,2023-10-01,00Z-ECE,GWUS
2023-10-05,5.336,-3.828,-0.094,-0.12,0.407,2023-10-01,00Z-ECE,GWUS
2023-10-06,6.03,-2.875,,-0.109,0.319,2023-10-01,00Z-ECE,GWUS
2023-10-07,7.711,-1.245,,0.161,0.586,2023-10-01,00Z-ECE,GWUS
2023-10-08,8.469,-0.055,,-0.117,0.102,2023-10-01,00Z-ECE,GWUS
2023-10-09,8.063,-0.873,,-0.632,-1.002,2023-10-01,00Z-ECE,GWUS
2023-10-10,7.766,-1.258,,-0.498,-1.334,2023-10-01,00Z-ECE,GWUS
2023-10-11,7.643,-1.672,,0.005,-0.898,2023-10-01,00Z-ECE,GWUS
2023-10-12,7.239,-2.111,,0.06,-0.779,2023-10-01,00Z-ECE,GWUS
2023-10-13,7.016,-2.453,,-0.058,-0.843,2023-10-01,00Z-ECE,GWUS
2023-10-14,7.049,-2.761,,-0.181,-0.988,2023-10-01,00Z-ECE,GWUS
2023-10-15,7.024,-2.786,,,,2023-10-01,00Z-ECE,GWUS
2023-10-02,6.249,-2.296,0.061,-0.017,-0.024,2023-10-02,00Z-ECE,GWUS
2023-10-03,6.27,-2.46,-0.007,-0.127,-0.078,2023-10-02,00Z-ECE,GWUS
2023-10-04,5.742,-3.343,-0.106,-0.108,-0.235,2023-10-02,00Z-ECE,GWUS
2023-10-05,5.184,-3.979,-0.077,-0.056,-0.151,2023-10-02,00Z-ECE,GWUS
2023-10-06,5.945,-2.96,-0.077,-0.165,-0.085,2023-10-02,00Z-ECE,GWUS
2023-10-07,7.424,-1.532,,-0.489,-0.287,2023-10-02,00Z-ECE,GWUS
2023-10-08,9.067,0.543,,0.4,0.598,2023-10-02,00Z-ECE,GWUS
2023-10-09,9.026,0.089,,0.775,0.963,2023-10-02,00Z-ECE,GWUS
2023-10-10,8.504,-0.52,,0.575,0.738,2023-10-02,00Z-ECE,GWUS
2023-10-11,8.018,-1.297,,0.391,0.375,2023-10-02,00Z-ECE,GWUS
2023-10-12,7.603,-1.747,,0.357,0.364,2023-10-02,00Z-ECE,GWUS
2023-10-13,7.264,-2.205,,0.201,0.248,2023-10-02,00Z-ECE,GWUS
2023-10-14,7.259,-2.551,,0.085,0.21,2023-10-02,00Z-ECE,GWUS
2023-10-15,7.532,-2.545,,0.283,0.155,2023-10-02,00Z-ECE,GWUS
2023-10-16,7.612,-2.464,,,,2023-10-02,00Z-ECE,GWUS
2023-10-03,6.124,-2.606,0.028,0.016,-0.145,2023-10-03,00Z-ECE,GWUS
2023-10-04,5.736,-3.349,0.072,0.064,-0.006,2023-10-03,00Z-ECE,GWUS
2023-10-05,5.186,-3.977,0.022,-0.033,0.002,2023-10-03,00Z-ECE,GWUS
2023-10-06,6.398,-2.507,0.095,0.28,0.453,2023-10-03,00Z-ECE,GWUS
2023-10-07,8.48,-0.477,0.24,0.474,1.055,2023-10-03,00Z-ECE,GWUS
2023-10-08,9.417,0.893,,0.094,0.35,2023-10-03,00Z-ECE,GWUS
2023-10-09,9.368,0.431,,0.009,0.342,2023-10-03,00Z-ECE,GWUS
2023-10-10,8.774,-0.25,,0.049,0.269,2023-10-03,00Z-ECE,GWUS
2023-10-11,8.105,-1.21,,0.102,0.087,2023-10-03,00Z-ECE,GWUS
2023-10-12,7.562,-1.789,,-0.075,-0.041,2023-10-03,00Z-ECE,GWUS
2023-10-13,7.402,-2.067,,0.001,0.138,2023-10-03,00Z-ECE,GWUS
2023-10-14,7.336,-2.474,,0.043,0.077,2023-10-03,00Z-ECE,GWUS
2023-10-15,7.545,-2.531,,0.022,0.013,2023-10-03,00Z-ECE,GWUS
2023-10-16,7.893,-2.635,,0.015,-0.072,2023-10-03,00Z-ECE,GWUS
2023-10-17,8.027,-2.501,,,,2023-10-03,00Z-ECE,GWUS
2023-10-04,5.873,-3.213,0.193,0.119,0.137,2023-10-04,00Z-ECE,GWUS
2023-10-05,5.084,-4.079,0.009,-0.06,-0.102,2023-10-04,00Z-ECE,GWUS
2023-10-06,5.914,-2.991,-0.076,0.058,-0.484,2023-10-04,00Z-ECE,GWUS
2023-10-07,8.368,-0.589,-0.113,0.055,-0.112,2023-10-04,00Z-ECE,GWUS
2023-10-08,9.296,0.771,-0.092,-0.094,-0.122,2023-10-04,00Z-ECE,GWUS
2023-10-09,9.162,0.226,,0.092,-0.206,2023-10-04,00Z-ECE,GWUS
2023-10-10,8.955,-0.069,,0.482,0.181,2023-10-04,00Z-ECE,GWUS
2023-10-11,8.427,-0.888,,0.547,0.322,2023-10-04,00Z-ECE,GWUS
2023-10-12,7.719,-1.631,,0.192,0.157,2023-10-04,00Z-ECE,GWUS
2023-10-13,7.309,-2.16,,-0.175,-0.093,2023-10-04,00Z-ECE,GWUS
2023-10-14,7.525,-2.285,,-0.014,0.189,2023-10-04,00Z-ECE,GWUS
2023-10-15,8.049,-2.027,,0.338,0.504,2023-10-04,00Z-ECE,GWUS
2023-10-16,8.413,-2.115,,0.304,0.521,2023-10-04,00Z-ECE,GWUS
2023-10-17,8.799,-1.969,,0.264,0.348,2023-10-04,00Z-ECE,GWUS
2023-10-18,8.832,-1.935,,,,2023-10-04,00Z-ECE,GWUS
2023-10-05,5.133,-4.03,0.046,0.081,0.049,2023-10-05,00Z-ECE,GWUS
2023-10-06,6.088,-2.817,0.086,-0.005,0.174,2023-10-05,00Z-ECE,GWUS
2023-10-07,8.051,-0.906,0.055,-0.175,-0.317,2023-10-05,00Z-ECE,GWUS
2023-10-08,9.629,1.105,0.041,0.056,0.334,2023-10-05,00Z-ECE,GWUS
2023-10-09,9.898,0.961,0.169,0.125,0.736,2023-10-05,00Z-ECE,GWUS
2023-10-10,9.304,0.28,,-0.058,0.349,2023-10-05,00Z-ECE,GWUS
2023-10-11,8.88,-0.434,,-0.322,0.454,2023-10-05,00Z-ECE,GWUS
2023-10-12,8.54,-0.81,,-0.075,0.821,2023-10-05,00Z-ECE,GWUS
2023-10-13,8.48,-0.989,,0.25,1.171,2023-10-05,00Z-ECE,GWUS
2023-10-14,8.737,-1.074,,0.394,1.211,2023-10-05,00Z-ECE,GWUS
2023-10-15,9.102,-0.974,,0.484,1.053,2023-10-05,00Z-ECE,GWUS
2023-10-16,9.283,-1.245,,0.724,0.87,2023-10-05,00Z-ECE,GWUS
2023-10-17,9.074,-1.693,,0.416,0.276,2023-10-05,00Z-ECE,GWUS
2023-10-18,8.948,-1.904,,0.104,-0.107,2023-10-05,00Z-ECE,GWUS
2023-10-19,8.361,-2.491,,,,2023-10-05,00Z-ECE,GWUS
2023-10-06,6.166,-2.739,,-0.006,0.079,2023-10-06,00Z-ECE,GWUS
2023-10-07,8.092,-0.865,,0.023,0.041,2023-10-06,00Z-ECE,GWUS
2023-10-08,9.409,0.885,,-0.065,-0.22,2023-10-06,00Z-ECE,GWUS
2023-10-09,9.595,0.658,,-0.269,-0.303,2023-10-06,00Z-ECE,GWUS
2023-10-10,8.859,-0.165,,-0.436,-0.445,2023-10-06,00Z-ECE,GWUS
2023-10-11,8.414,-0.901,,0.022,-0.467,2023-10-06,00Z-ECE,GWUS
2023-10-12,8.103,-1.247,,-0.07,-0.437,2023-10-06,00Z-ECE,GWUS
2023-10-13,8.044,-1.425,,-0.138,-0.436,2023-10-06,00Z-ECE,GWUS
2023-10-14,8.971,-0.839,,0.279,0.235,2023-10-06,00Z-ECE,GWUS
2023-10-15,9.69,-0.386,,0.545,0.588,2023-10-06,00Z-ECE,GWUS
2023-10-16,9.865,-0.663,,0.689,0.582,2023-10-06,00Z-ECE,GWUS
2023-10-17,10.004,-0.763,,0.662,0.93,2023-10-06,00Z-ECE,GWUS
2023-10-18,10.015,-0.837,,0.654,1.067,2023-10-06,00Z-ECE,GWUS
2023-10-19,9.737,-0.852,,0.661,1.13,2023-10-06,00Z-ECE,GWUS
2023-10-20,8.957,-1.632,,,,2023-10-06,00Z-ECE,GWUS
2023-10-07,8.243,-0.714,-0.098,-0.036,0.151,2023-10-07,00Z-ECE,GWUS
2023-10-08,9.448,0.923,-0.008,0.026,0.038,2023-10-07,00Z-ECE,GWUS
2023-10-09,9.616,0.68,-0.013,-0.054,0.022,2023-10-07,00Z-ECE,GWUS
2023-10-10,8.668,-0.356,-0.15,-0.23,-0.191,2023-10-07,00Z-ECE,GWUS
2023-10-11,8.166,-1.149,-0.09,-0.161,-0.248,2023-10-07,00Z-ECE,GWUS
2023-10-12,8.246,-1.104,,0.156,0.143,2023-10-07,00Z-ECE,GWUS
2023-10-13,8.151,-1.318,,0.05,0.107,2023-10-07,00Z-ECE,GWUS
2023-10-14,8.708,-1.102,,-0.217,-0.263,2023-10-07,00Z-ECE,GWUS
2023-10-15,9.252,-0.824,,-0.38,-0.438,2023-10-07,00Z-ECE,GWUS
2023-10-16,9.676,-0.852,,-0.138,-0.189,2023-10-07,00Z-ECE,GWUS
2023-10-17,10.003,-0.764,,-0.017,-0.001,2023-10-07,00Z-ECE,GWUS
2023-10-18,9.928,-0.924,,0.028,-0.087,2023-10-07,00Z-ECE,GWUS
2023-10-19,9.408,-1.181,,-0.075,-0.329,2023-10-07,00Z-ECE,GWUS
2023-10-20,8.845,-1.635,,0.023,-0.377,2023-10-07,00Z-ECE,GWUS
2023-10-21,8.372,-2.107,,,,2023-10-07,00Z-ECE,GWUS
2023-10-08,9.283,0.758,-0.143,-0.105,-0.165,2023-10-08,00Z-ECE,GWUS
2023-10-09,9.589,0.653,-0.027,0.008,-0.028,2023-10-08,00Z-ECE,GWUS
2023-10-10,8.698,-0.326,-0.053,-0.018,0.03,2023-10-08,00Z-ECE,GWUS
2023-10-11,8.16,-1.154,-0.044,-0.122,-0.005,2023-10-08,00Z-ECE,GWUS
2023-10-12,8.097,-1.254,-0.144,-0.153,-0.149,2023-10-08,00Z-ECE,GWUS
2023-10-13,8.042,-1.427,,0.036,-0.109,2023-10-08,00Z-ECE,GWUS
2023-10-14,8.669,-1.141,,-2.014,-0.039,2023-10-08,00Z-ECE,GWUS
2023-10-15,9.19,-0.886,,,-0.062,2023-10-08,00Z-ECE,GWUS
2023-10-16,9.622,-0.906,,,-0.054,2023-10-08,00Z-ECE,GWUS
2023-10-17,9.978,-0.789,,,-0.025,2023-10-08,00Z-ECE,GWUS
2023-10-18,9.828,-1.024,,,-0.1,2023-10-08,00Z-ECE,GWUS
2023-10-19,9.123,-1.466,,,-0.286,2023-10-08,00Z-ECE,GWUS
2023-10-20,8.576,-1.904,,,-0.269,2023-10-08,00Z-ECE,GWUS
2023-10-21,8.693,-2.143,,,0.006,2023-10-08,00Z-ECE,GWUS
2023-10-22,8.333,-2.881,,,,2023-10-08,00Z-ECE,GWUS
2023-10-09,9.434,0.498,-0.116,-0.255,-0.154,2023-10-09,00Z-ECE,GWUS
2023-10-10,8.803,-0.221,-0.008,0.0,0.105,2023-10-09,00Z-ECE,GWUS
2023-10-11,8.051,-1.264,-0.173,-0.126,-0.109,2023-10-09,00Z-ECE,GWUS
2023-10-12,7.826,-1.524,-0.152,0.039,-0.271,2023-10-09,00Z-ECE,GWUS
2023-10-13,7.99,-1.479,-0.112,0.017,-0.052,2023-10-09,00Z-ECE,GWUS
2023-10-14,8.048,-1.762,,-0.256,-0.621,2023-10-09,00Z-ECE,GWUS
2023-10-15,8.854,-1.223,,0.112,-0.336,2023-10-09,00Z-ECE,GWUS
2023-10-16,9.497,-1.031,,0.268,-0.125,2023-10-09,00Z-ECE,GWUS
2023-10-17,9.873,-0.894,,0.067,-0.105,2023-10-09,00Z-ECE,GWUS
2023-10-18,9.711,-1.141,,-0.185,-0.117,2023-10-09,00Z-ECE,GWUS
2023-10-19,9.03,-1.56,,-0.103,-0.093,2023-10-09,00Z-ECE,GWUS
2023-10-20,8.411,-2.069,,-0.082,-0.165,2023-10-09,00Z-ECE,GWUS
2023-10-21,8.305,-2.532,,-0.442,-0.389,2023-10-09,00Z-ECE,GWUS
2023-10-22,8.701,-2.515,,-0.487,-0.009,2023-10-09,00Z-ECE,GWUS
2023-10-23,8.73,-2.486,,,,2023-10-09,00Z-ECE,GWUS
2023-10-10,8.632,-0.392,-0.107,-0.097,-0.171,2023-10-10,00Z-ECE,GWUS
2023-10-11,7.977,-1.338,0.027,0.028,-0.074,2023-10-10,00Z-ECE,GWUS
2023-10-12,7.817,-1.533,0.079,0.19,-0.009,2023-10-10,00Z-ECE,GWUS
2023-10-13,8.165,-1.304,-0.009,0.198,0.174,2023-10-10,00Z-ECE,GWUS
2023-10-14,8.194,-1.617,-0.105,0.018,0.145,2023-10-10,00Z-ECE,GWUS
2023-10-15,8.894,-1.183,,0.176,0.04,2023-10-10,00Z-ECE,GWUS
2023-10-16,9.905,-0.623,,0.435,0.408,2023-10-10,00Z-ECE,GWUS
2023-10-17,10.397,-0.37,,0.341,0.524,2023-10-10,00Z-ECE,GWUS
2023-10-18,10.201,-0.651,,0.299,0.49,2023-10-10,00Z-ECE,GWUS
2023-10-19,9.471,-1.119,,0.271,0.441,2023-10-10,00Z-ECE,GWUS
2023-10-20,8.671,-1.808,,0.216,0.26,2023-10-10,00Z-ECE,GWUS
2023-10-21,8.16,-2.677,,-0.273,-0.145,2023-10-10,00Z-ECE,GWUS
2023-10-22,8.451,-2.765,,-0.494,-0.25,2023-10-10,00Z-ECE,GWUS
2023-10-23,9.314,-2.233,,-0.482,0.035,2023-10-10,00Z-ECE,GWUS
2023-10-24,9.999,-1.548,,,,2023-10-10,00Z-ECE,GWUS
2023-10-11,7.69,-1.625,-0.111,,-0.287,2023-10-11,00Z-ECE,GWUS
2023-10-12,7.586,-1.764,-0.072,,-0.231,2023-10-11,00Z-ECE,GWUS
2023-10-13,7.925,-1.544,-0.248,,-0.24,2023-10-11,00Z-ECE,GWUS
2023-10-14,8.226,-1.584,-0.161,,0.032,2023-10-11,00Z-ECE,GWUS
2023-10-15,9.278,-0.799,-0.079,,0.384,2023-10-11,00Z-ECE,GWUS
2023-10-16,10.01,-0.518,,,0.105,2023-10-11,00Z-ECE,GWUS
2023-10-17,10.824,0.057,,,0.427,2023-10-11,00Z-ECE,GWUS
2023-10-18,10.025,-0.827,,,-0.176,2023-10-11,00Z-ECE,GWUS
2023-10-19,8.893,-1.696,,,-0.577,2023-10-11,00Z-ECE,GWUS
2023-10-20,8.119,-2.36,,,-0.552,2023-10-11,00Z-ECE,GWUS
2023-10-21,8.142,-2.695,,,-0.018,2023-10-11,00Z-ECE,GWUS
2023-10-22,8.656,-2.56,,,0.205,2023-10-11,00Z-ECE,GWUS
2023-10-23,9.726,-1.821,,,0.412,2023-10-11,00Z-ECE,GWUS
2023-10-24,10.862,-0.739,,,0.415,2023-10-11,00Z-ECE,GWUS
2023-10-25,10.943,-0.659,,,,2023-10-11,00Z-ECE,GWUS
2023-10-12,7.703,-1.647,-0.097,-0.077,0.117,2023-10-12,00Z-ECE,GWUS
2023-10-13,8.213,-1.256,0.045,0.058,0.289,2023-10-12,00Z-ECE,GWUS
2023-10-14,7.971,-1.84,-0.102,-0.133,-0.255,2023-10-12,00Z-ECE,GWUS
2023-10-15,9.089,-0.987,-0.104,-0.113,-0.189,2023-10-12,00Z-ECE,GWUS
2023-10-16,10.171,-0.357,-0.129,-0.169,0.161,2023-10-12,00Z-ECE,GWUS
2023-10-17,9.976,-0.791,,-0.421,-0.848,2023-10-12,00Z-ECE,GWUS
2023-10-18,9.489,-1.363,,-0.354,-0.536,2023-10-12,00Z-ECE,GWUS
2023-10-19,8.514,-2.075,,-0.335,-0.379,2023-10-12,00Z-ECE,GWUS
2023-10-20,7.863,-2.617,,-0.308,-0.257,2023-10-12,00Z-ECE,GWUS
2023-10-21,7.657,-3.18,,-0.348,-0.485,2023-10-12,00Z-ECE,GWUS
2023-10-22,7.952,-3.264,,-0.56,-0.704,2023-10-12,00Z-ECE,GWUS
2023-10-23,9.034,-2.513,,-0.795,-0.692,2023-10-12,00Z-ECE,GWUS
2023-10-24,10.394,-1.207,,-1.025,-0.469,2023-10-12,00Z-ECE,GWUS
2023-10-25,10.839,-1.112,,-0.754,-0.48,2023-10-12,00Z-ECE,GWUS
2023-10-26,10.363,-1.588,,,,2023-10-12,00Z-ECE,GWUS
2023-10-13,8.16,-1.309,-0.129,-0.099,-0.053,2023-10-13,00Z-ECE,GWUS
2023-10-14,8.501,-1.31,-0.019,0.183,0.53,2023-10-13,00Z-ECE,GWUS
2023-10-15,9.284,-0.793,0.081,0.201,0.195,2023-10-13,00Z-ECE,GWUS
2023-10-16,10.446,-0.082,0.041,0.007,0.275,2023-10-13,00Z-ECE,GWUS
2023-10-17,10.038,-0.729,-0.092,-0.153,0.062,2023-10-13,00Z-ECE,GWUS
2023-10-18,8.703,-2.149,,-0.347,-0.786,2023-10-13,00Z-ECE,GWUS
2023-10-19,8.135,-2.454,,-0.214,-0.38,2023-10-13,00Z-ECE,GWUS
2023-10-20,8.021,-2.458,,0.142,0.159,2023-10-13,00Z-ECE,GWUS
2023-10-21,8.111,-2.726,,0.377,0.454,2023-10-13,00Z-ECE,GWUS
2023-10-22,7.98,-3.237,,-0.03,0.027,2023-10-13,00Z-ECE,GWUS
2023-10-23,8.294,-3.253,,-0.78,-0.741,2023-10-13,00Z-ECE,GWUS
2023-10-24,9.278,-2.323,,-1.318,-1.116,2023-10-13,00Z-ECE,GWUS
2023-10-25,10.002,-1.949,,-1.279,-0.837,2023-10-13,00Z-ECE,GWUS
2023-10-26,10.283,-2.204,,-0.872,-0.421,2023-10-13,00Z-ECE,GWUS
2023-10-27,10.119,-2.368,,,,2023-10-13,00Z-ECE,GWUS
2023-10-14,8.657,-1.153,-0.046,0.056,0.156,2023-10-14,00Z-ECE,GWUS
2023-10-15,9.602,-0.474,0.064,0.191,0.319,2023-10-14,00Z-ECE,GWUS
2023-10-16,10.412,-0.116,0.218,0.238,-0.034,2023-10-14,00Z-ECE,GWUS
2023-10-17,10.156,-0.611,0.071,0.1,0.118,2023-10-14,00Z-ECE,GWUS
2023-10-18,8.895,-1.957,0.154,-0.072,0.192,2023-10-14,00Z-ECE,GWUS
2023-10-19,7.431,-3.159,,-0.386,-0.704,2023-10-14,00Z-ECE,GWUS
2023-10-20,7.357,-3.122,,-0.321,-0.664,2023-10-14,00Z-ECE,GWUS
2023-10-21,7.782,-3.055,,0.143,-0.329,2023-10-14,00Z-ECE,GWUS
2023-10-22,8.479,-2.737,,0.741,0.499,2023-10-14,00Z-ECE,GWUS
2023-10-23,9.342,-2.205,,0.963,1.049,2023-10-14,00Z-ECE,GWUS
2023-10-24,9.997,-1.604,,0.405,0.72,2023-10-14,00Z-ECE,GWUS
2023-10-25,10.251,-1.7,,-0.271,0.249,2023-10-14,00Z-ECE,GWUS
2023-10-26,10.572,-1.915,,-0.048,0.289,2023-10-14,00Z-ECE,GWUS
2023-10-27,10.863,-2.227,,0.431,0.23,2023-10-14,00Z-ECE,GWUS
2023-10-28,10.943,-2.147,,,,2023-10-14,00Z-ECE,GWUS
2023-10-15,9.989,-0.088,-0.021,0.238,0.387,2023-10-15,00Z-ECE,GWUS
2023-10-16,10.447,-0.081,-0.11,0.085,0.035,2023-10-15,00Z-ECE,GWUS
2023-10-17,10.176,-0.592,-0.118,0.03,0.02,2023-10-15,00Z-ECE,GWUS
2023-10-18,8.732,-2.12,-0.159,0.034,-0.163,2023-10-15,00Z-ECE,GWUS
2023-10-19,7.677,-2.912,-0.059,0.032,0.247,2023-10-15,00Z-ECE,GWUS
2023-10-20,7.09,-3.39,,-0.275,-0.268,2023-10-15,00Z-ECE,GWUS
2023-10-21,8.613,-2.224,,0.508,0.831,2023-10-15,00Z-ECE,GWUS
2023-10-22,10.422,-0.794,,1.205,1.943,2023-10-15,00Z-ECE,GWUS
2023-10-23,11.202,-0.345,,0.99,1.859,2023-10-15,00Z-ECE,GWUS
2023-10-24,10.488,-1.113,,0.17,0.491,2023-10-15,00Z-ECE,GWUS
2023-10-25,9.363,-2.587,,-0.32,-0.887,2023-10-15,00Z-ECE,GWUS
2023-10-26,9.387,-3.101,,-0.031,-1.185,2023-10-15,00Z-ECE,GWUS
2023-10-27,10.455,-2.636,,0.41,-0.409,2023-10-15,00Z-ECE,GWUS
2023-10-28,11.699,-1.571,,1.068,0.148,2023-10-15,00Z-ECE,GWUS
2023-10-29,11.848,-1.422,,,,2023-10-15,00Z-ECE,GWUS
2023-10-16,10.69,0.162,0.084,0.098,0.243,2023-10-16,00Z-ECE,GWUS
2023-10-17,10.108,-0.66,0.068,0.077,-0.068,2023-10-16,00Z-ECE,GWUS
2023-10-18,8.61,-2.242,0.196,0.14,-0.122,2023-10-16,00Z-ECE,GWUS
2023-10-19,7.529,-3.061,0.177,0.062,-0.149,2023-10-16,00Z-ECE,GWUS
2023-10-20,7.28,-3.199,0.196,0.037,0.191,2023-10-16,00Z-ECE,GWUS
2023-10-21,7.99,-2.847,,-0.091,-0.623,2023-10-16,00Z-ECE,GWUS
2023-10-22,9.972,-1.244,,0.611,-0.45,2023-10-16,00Z-ECE,GWUS
2023-10-23,10.639,-0.908,,0.769,-0.563,2023-10-16,00Z-ECE,GWUS
2023-10-24,9.734,-1.868,,0.432,-0.755,2023-10-16,00Z-ECE,GWUS
2023-10-25,8.788,-3.163,,0.162,-0.576,2023-10-16,00Z-ECE,GWUS
2023-10-26,8.637,-3.851,,0.085,-0.75,2023-10-16,00Z-ECE,GWUS
2023-10-27,9.785,-3.305,,0.243,-0.669,2023-10-16,00Z-ECE,GWUS
2023-10-28,11.55,-1.72,,0.571,-0.149,2023-10-16,00Z-ECE,GWUS
2023-10-29,12.721,-0.603,,0.342,0.329,2023-10-16,00Z-ECE,GWUS
2023-10-30,12.838,-0.486,,,,2023-10-16,00Z-ECE,GWUS
2023-10-17,9.923,-0.844,-0.198,-0.258,-0.185,2023-10-17,00Z-ECE,GWUS
2023-10-18,8.567,-2.285,0.008,-0.044,-0.043,2023-10-17,00Z-ECE,GWUS
2023-10-19,7.325,-3.264,-0.045,-0.071,-0.203,2023-10-17,00Z-ECE,GWUS
2023-10-20,7.432,-3.048,0.237,0.176,0.151,2023-10-17,00Z-ECE,GWUS
2023-10-21,8.2,-2.637,0.271,0.277,0.21,2023-10-17,00Z-ECE,GWUS
2023-10-22,9.761,-1.455,,0.306,-0.211,2023-10-17,00Z-ECE,GWUS
2023-10-23,10.533,-1.014,,0.262,-0.106,2023-10-17,00Z-ECE,GWUS
2023-10-24,9.501,-2.1,,-0.139,-0.233,2023-10-17,00Z-ECE,GWUS
2023-10-25,8.46,-3.491,,-0.258,-0.328,2023-10-17,00Z-ECE,GWUS
2023-10-26,8.745,-3.742,,0.122,0.108,2023-10-17,00Z-ECE,GWUS
2023-10-27,10.295,-2.796,,0.601,0.509,2023-10-17,00Z-ECE,GWUS
2023-10-28,12.577,-0.693,,1.498,1.027,2023-10-17,00Z-ECE,GWUS
2023-10-29,14.23,0.907,,2.003,1.509,2023-10-17,00Z-ECE,GWUS
2023-10-30,14.345,1.033,,1.265,1.159,2023-10-17,00Z-ECE,GWUS
2023-10-31,13.183,-0.129,,,,2023-10-17,00Z-ECE,GWUS
2023-10-18,8.571,-2.281,-0.098,-0.059,0.003,2023-10-18,00Z-ECE,GWUS
2023-10-19,7.326,-3.263,-0.054,0.021,0.001,2023-10-18,00Z-ECE,GWUS
2023-10-20,7.24,-3.239,0.013,0.022,-0.192,2023-10-18,00Z-ECE,GWUS
2023-10-21,8.26,-2.577,-0.049,-0.065,0.06,2023-10-18,00Z-ECE,GWUS
2023-10-22,10.25,-0.967,-0.021,0.079,0.489,2023-10-18,00Z-ECE,GWUS
2023-10-23,10.431,-1.116,,-0.142,-0.102,2023-10-18,00Z-ECE,GWUS
2023-10-24,9.463,-2.138,,-0.123,-0.038,2023-10-18,00Z-ECE,GWUS
2023-10-25,8.422,-3.529,,0.077,-0.038,2023-10-18,00Z-ECE,GWUS
2023-10-26,8.993,-3.494,,0.346,0.248,2023-10-18,00Z-ECE,GWUS
2023-10-27,10.607,-2.484,,0.415,0.312,2023-10-18,00Z-ECE,GWUS
2023-10-28,12.461,-0.81,,0.035,-0.117,2023-10-18,00Z-ECE,GWUS
2023-10-29,13.868,0.545,,-0.461,-0.362,2023-10-18,00Z-ECE,GWUS
2023-10-30,14.573,1.261,,0.012,0.229,2023-10-18,00Z-ECE,GWUS
2023-10-31,14.849,1.08,,0.716,1.164,2023-10-18,00Z-ECE,GWUS
2023-11-01,14.375,0.606,,,,2023-10-18,00Z-ECE,GWUS
2023-10-19,7.26,-3.33,-0.121,-0.058,-0.067,2023-10-19,00Z-ECE,GWUS
2023-10-20,7.115,-3.365,-0.108,-0.047,-0.126,2023-10-19,00Z-ECE,GWUS
2023-10-21,8.146,-2.691,0.049,0.151,-0.114,2023-10-19,00Z-ECE,GWUS
2023-10-22,10.318,-0.899,0.008,-0.02,0.068,2023-10-19,00Z-ECE,GWUS
2023-10-23,10.458,-1.089,0.065,-0.001,0.027,2023-10-19,00Z-ECE,GWUS
2023-10-24,8.742,-2.86,,-0.118,-0.721,2023-10-19,00Z-ECE,GWUS
2023-10-25,7.654,-4.296,,-0.587,-0.767,2023-10-19,00Z-ECE,GWUS
2023-10-26,8.152,-4.335,,-0.296,-0.841,2023-10-19,00Z-ECE,GWUS
2023-10-27,9.684,-3.406,,-0.232,-0.922,2023-10-19,00Z-ECE,GWUS
2023-10-28,10.89,-2.38,,-0.686,-1.57,2023-10-19,00Z-ECE,GWUS
2023-10-29,11.415,-1.909,,-1.524,-2.454,2023-10-19,00Z-ECE,GWUS
2023-10-30,12.323,-0.989,,-1.929,-2.25,2023-10-19,00Z-ECE,GWUS
2023-10-31,13.935,0.167,,-1.191,-0.914,2023-10-19,00Z-ECE,GWUS
2023-11-01,14.848,0.696,,-0.106,-0.111,2023-10-19,00Z-ECE,GWUS
2023-11-02,14.144,-0.321,,,,2023-10-19,00Z-ECE,GWUS
2023-10-20,7.23,-3.249,-0.007,-0.006,0.116,2023-10-20,00Z-ECE,GWUS
2023-10-21,8.28,-2.557,-0.036,0.078,0.134,2023-10-20,00Z-ECE,GWUS
2023-10-22,9.764,-1.453,-0.266,-0.112,-0.554,2023-10-20,00Z-ECE,GWUS
2023-10-23,9.932,-1.615,-0.007,-0.217,-0.527,2023-10-20,00Z-ECE,GWUS
2023-10-24,8.271,-3.33,-0.033,-0.278,-0.47,2023-10-20,00Z-ECE,GWUS
2023-10-25,7.2,-4.75,,-0.106,-0.454,2023-10-20,00Z-ECE,GWUS
2023-10-26,8.05,-4.438,,0.102,-0.102,2023-10-20,00Z-ECE,GWUS
2023-10-27,9.626,-3.465,,-0.278,-0.059,2023-10-20,00Z-ECE,GWUS
2023-10-28,10.638,-2.632,,-0.68,-0.252,2023-10-20,00Z-ECE,GWUS
2023-10-29,11.147,-2.176,,-0.79,-0.267,2023-10-20,00Z-ECE,GWUS
2023-10-30,12.905,-0.407,,-0.096,0.765,2023-10-20,00Z-ECE,GWUS
2023-10-31,14.279,0.51,,-0.474,0.344,2023-10-20,00Z-ECE,GWUS
2023-11-01,14.094,-0.059,,-0.949,-0.754,2023-10-20,00Z-ECE,GWUS
2023-11-02,13.391,-1.559,,-1.041,-1.113,2023-10-20,00Z-ECE,GWUS
2023-11-03,12.473,-2.476,,,,2023-10-20,00Z-ECE,GWUS
2023-10-21,8.365,-2.472,-0.079,-0.017,0.085,2023-10-21,00Z-ECE,GWUS
2023-10-22,9.829,-1.388,-0.126,-0.12,0.065,2023-10-21,00Z-ECE,GWUS
2023-10-23,9.688,-1.859,0.027,0.037,-0.244,2023-10-21,00Z-ECE,GWUS
2023-10-24,7.913,-3.688,-0.05,-0.132,-0.358,2023-10-21,00Z-ECE,GWUS
2023-10-25,7.242,-4.709,-0.299,-0.193,0.041,2023-10-21,00Z-ECE,GWUS
2023-10-26,8.205,-4.283,,-0.459,0.155,2023-10-21,00Z-ECE,GWUS
2023-10-27,9.913,-3.178,,-0.695,0.287,2023-10-21,00Z-ECE,GWUS
2023-10-28,10.839,-2.431,,-0.875,0.201,2023-10-21,00Z-ECE,GWUS
2023-10-29,12.786,-0.538,,0.371,1.638,2023-10-21,00Z-ECE,GWUS
2023-10-30,15.157,1.845,,1.329,2.328,2023-10-21,00Z-ECE,GWUS
2023-10-31,15.745,1.977,,0.775,1.466,2023-10-21,00Z-ECE,GWUS
2023-11-01,15.049,0.897,,0.122,0.955,2023-10-21,00Z-ECE,GWUS
2023-11-02,14.151,-0.798,,0.289,0.761,2023-10-21,00Z-ECE,GWUS
2023-11-03,13.423,-1.444,,0.67,0.598,2023-10-21,00Z-ECE,GWUS
2023-11-04,12.038,-2.829,,,,2023-10-21,00Z-ECE,GWUS
2023-10-22,10.019,-1.198,0.165,0.235,0.19,2023-10-22,00Z-ECE,GWUS
2023-10-23,9.573,-1.974,0.129,-0.004,-0.115,2023-10-22,00Z-ECE,GWUS
2023-10-24,7.78,-3.821,0.022,-0.115,-0.133,2023-10-22,00Z-ECE,GWUS
2023-10-25,6.686,-5.264,-0.161,-0.102,-0.555,2023-10-22,00Z-ECE,GWUS
2023-10-26,6.819,-5.668,-0.16,-0.306,-1.385,2023-10-22,00Z-ECE,GWUS
2023-10-27,8.041,-5.05,,-0.499,-1.872,2023-10-22,00Z-ECE,GWUS
2023-10-28,9.244,-4.027,,-0.808,-1.595,2023-10-22,00Z-ECE,GWUS
2023-10-29,11.04,-2.284,,-0.979,-1.746,2023-10-22,00Z-ECE,GWUS
2023-10-30,13.988,0.676,,-0.717,-1.169,2023-10-22,00Z-ECE,GWUS
2023-10-31,17.276,3.508,,0.488,1.531,2023-10-22,00Z-ECE,GWUS
2023-11-01,18.196,4.044,,1.22,3.147,2023-10-22,00Z-ECE,GWUS
2023-11-02,16.686,1.736,,0.834,2.535,2023-10-22,00Z-ECE,GWUS
2023-11-03,14.58,-0.287,,0.62,1.157,2023-10-22,00Z-ECE,GWUS
2023-11-04,13.056,-1.811,,0.763,0.707,2023-10-22,00Z-ECE,GWUS
2023-11-05,12.267,-2.482,,,,2023-10-22,00Z-ECE,GWUS
2023-10-23,9.395,-2.152,1.858,,-0.178,2023-10-23,00Z-ECE,GWUS
2023-10-24,7.795,-3.806,,,0.015,2023-10-23,00Z-ECE,GWUS
2023-10-25,6.615,-5.335,,,-0.071,2023-10-23,00Z-ECE,GWUS
2023-10-26,6.864,-5.624,,,0.044,2023-10-23,00Z-ECE,GWUS
2023-10-27,8.317,-4.774,,,0.276,2023-10-23,00Z-ECE,GWUS
2023-10-28,9.732,-3.538,,,0.488,2023-10-23,00Z-ECE,GWUS
2023-10-29,11.119,-2.205,,,0.079,2023-10-23,00Z-ECE,GWUS
2023-10-30,13.688,0.376,,,-0.3,2023-10-23,00Z-ECE,GWUS
2023-10-31,17.131,3.363,,,-0.145,2023-10-23,00Z-ECE,GWUS
2023-11-01,18.78,4.627,,,0.584,2023-10-23,00Z-ECE,GWUS
2023-11-02,18.258,3.308,,,1.572,2023-10-23,00Z-ECE,GWUS
2023-11-03,16.693,1.825,,,2.113,2023-10-23,00Z-ECE,GWUS
2023-11-04,14.185,-0.682,,,1.129,2023-10-23,00Z-ECE,GWUS
2023-11-05,12.866,-2.161,,,0.139,2023-10-23,00Z-ECE,GWUS
2023-11-06,12.332,-2.695,,,,2023-10-23,00Z-ECE,GWUS
2023-10-24,7.646,-3.955,-0.045,-0.161,-0.157,2023-10-24,00Z-ECE,GWUS
2023-10-25,6.541,-5.409,0.011,-0.02,-0.074,2023-10-24,00Z-ECE,GWUS
2023-10-26,6.491,-5.997,0.069,-0.088,-0.373,2023-10-24,00Z-ECE,GWUS
2023-10-27,7.886,-5.204,-0.016,-0.072,-0.43,2023-10-24,00Z-ECE,GWUS
2023-10-28,9.402,-3.868,0.113,0.088,-0.329,2023-10-24,00Z-ECE,GWUS
2023-10-29,11.262,-2.061,,0.653,0.143,2023-10-24,00Z-ECE,GWUS
2023-10-30,15.151,1.839,,2.086,1.464,2023-10-24,00Z-ECE,GWUS
2023-10-31,18.773,5.005,,2.381,1.642,2023-10-24,00Z-ECE,GWUS
2023-11-01,20.285,6.133,,1.608,1.506,2023-10-24,00Z-ECE,GWUS
2023-11-02,18.747,3.797,,0.233,0.489,2023-10-24,00Z-ECE,GWUS
2023-11-03,16.202,1.335,,-0.426,-0.491,2023-10-24,00Z-ECE,GWUS
2023-11-04,14.021,-0.846,,-0.405,-0.165,2023-10-24,00Z-ECE,GWUS
2023-11-05,12.943,-2.083,,0.081,0.077,2023-10-24,00Z-ECE,GWUS
2023-11-06,13.133,-2.159,,0.011,0.197,2023-10-24,00Z-ECE,GWUS
2023-11-07,13.378,-1.915,,,,2023-10-24,00Z-ECE,GWUS
2023-10-25,6.7,-5.251,0.018,-0.023,0.159,2023-10-25,00Z-ECE,GWUS
2023-10-26,6.643,-5.845,0.029,-0.026,0.152,2023-10-25,00Z-ECE,GWUS
2023-10-27,8.069,-5.022,0.13,-0.023,0.183,2023-10-25,00Z-ECE,GWUS
2023-10-28,10.169,-3.101,0.3,0.143,0.766,2023-10-25,00Z-ECE,GWUS
2023-10-29,12.542,-0.781,0.378,0.327,1.28,2023-10-25,00Z-ECE,GWUS
2023-10-30,16.857,3.545,,0.228,1.706,2023-10-25,00Z-ECE,GWUS
2023-10-31,20.865,7.096,,0.196,2.091,2023-10-25,00Z-ECE,GWUS
2023-11-01,21.502,7.35,,0.441,1.217,2023-10-25,00Z-ECE,GWUS
2023-11-02,18.808,3.858,,0.657,0.061,2023-10-25,00Z-ECE,GWUS
2023-11-03,15.84,0.71,,0.847,-0.362,2023-10-25,00Z-ECE,GWUS
2023-11-04,13.569,-1.298,,0.837,-0.451,2023-10-25,00Z-ECE,GWUS
2023-11-05,12.313,-2.713,,0.417,-0.63,2023-10-25,00Z-ECE,GWUS
2023-11-06,12.103,-3.189,,-0.549,-1.03,2023-10-25,00Z-ECE,GWUS
2023-11-07,12.484,-3.69,,-1.429,-1.522,2023-10-25,00Z-ECE,GWUS
2023-11-08,13.049,-3.125,,,,2023-10-25,00Z-ECE,GWUS
2023-10-26,6.665,-5.823,-0.129,0.039,0.022,2023-10-26,00Z-ECE,GWUS
2023-10-27,8.07,-5.021,-0.144,-0.043,0.001,2023-10-26,00Z-ECE,GWUS
2023-10-28,10.368,-2.902,-0.085,-0.004,0.199,2023-10-26,00Z-ECE,GWUS
2023-10-29,13.19,-0.134,0.043,0.109,0.648,2023-10-26,00Z-ECE,GWUS
2023-10-30,17.032,3.72,-0.097,-0.239,0.175,2023-10-26,00Z-ECE,GWUS
2023-10-31,20.26,6.491,,0.101,-0.605,2023-10-26,00Z-ECE,GWUS
2023-11-01,22.017,7.865,,0.496,0.515,2023-10-26,00Z-ECE,GWUS
2023-11-02,19.728,4.779,,0.503,0.921,2023-10-26,00Z-ECE,GWUS
2023-11-03,16.602,1.735,,0.42,0.763,2023-10-26,00Z-ECE,GWUS
2023-11-04,14.222,-0.645,,-1.102,0.652,2023-10-26,00Z-ECE,GWUS
2023-11-05,12.325,-2.702,,-1.138,0.012,2023-10-26,00Z-ECE,GWUS
2023-11-06,11.789,-3.504,,2.069,-0.314,2023-10-26,00Z-ECE,GWUS
2023-11-07,12.535,-3.639,,-1.993,0.051,2023-10-26,00Z-ECE,GWUS
2023-11-08,13.88,-2.261,,-1.706,0.117,2023-10-26,00Z-ECE,GWUS
2023-11-09,14.681,-1.459,,,,2023-10-26,00Z-ECE,GWUS
2023-10-27,8.333,-4.758,0.07,0.059,0.263,2023-10-27,00Z-ECE,GWUS
2023-10-28,10.85,-2.421,0.207,0.049,0.482,2023-10-27,00Z-ECE,GWUS
2023-10-29,13.559,0.235,0.295,0.153,0.369,2023-10-27,00Z-ECE,GWUS
2023-10-30,17.504,4.192,0.036,-0.146,0.472,2023-10-27,00Z-ECE,GWUS
2023-10-31,20.736,6.968,0.227,-0.161,0.476,2023-10-27,00Z-ECE,GWUS
2023-11-01,22.554,8.402,,0.08,0.537,2023-10-27,00Z-ECE,GWUS
2023-11-02,20.613,5.663,,0.261,0.885,2023-10-27,00Z-ECE,GWUS
2023-11-03,17.094,2.227,,0.067,0.491,2023-10-27,00Z-ECE,GWUS
2023-11-04,14.266,-0.601,,-0.39,0.044,2023-10-27,00Z-ECE,GWUS
2023-11-05,13.405,-1.621,,-0.104,1.081,2023-10-27,00Z-ECE,GWUS
2023-11-06,14.137,-1.155,,1.114,2.349,2023-10-27,00Z-ECE,GWUS
2023-11-07,15.176,-0.998,,1.756,2.641,2023-10-27,00Z-ECE,GWUS
2023-11-08,15.269,-1.134,,0.686,1.39,2023-10-27,00Z-ECE,GWUS
2023-11-09,15.087,-1.199,,-0.682,-0.112,2023-10-27,00Z-ECE,GWUS
2023-11-10,14.864,-1.423,,,,2023-10-27,00Z-ECE,GWUS
2023-10-28,11.048,-2.222,0.073,0.176,0.199,2023-10-28,00Z-ECE,GWUS
2023-10-29,13.771,0.447,0.041,0.096,0.212,2023-10-28,00Z-ECE,GWUS
2023-10-30,17.367,4.055,0.089,0.234,-0.137,2023-10-28,00Z-ECE,GWUS
2023-10-31,21.077,7.308,0.294,0.434,0.341,2023-10-28,00Z-ECE,GWUS
2023-11-01,22.672,8.519,0.507,0.422,0.117,2023-10-28,00Z-ECE,GWUS
2023-11-02,19.832,4.883,,-0.259,-0.781,2023-10-28,00Z-ECE,GWUS
2023-11-03,15.465,0.598,,-0.74,-1.629,2023-10-28,00Z-ECE,GWUS
2023-11-04,12.499,-2.368,,-0.641,-1.766,2023-10-28,00Z-ECE,GWUS
2023-11-05,12.548,-2.479,,0.223,-0.858,2023-10-28,00Z-ECE,GWUS
2023-11-06,13.586,-1.706,,0.466,-0.551,2023-10-28,00Z-ECE,GWUS
2023-11-07,14.05,-2.124,,-0.08,-1.126,2023-10-28,00Z-ECE,GWUS
2023-11-08,14.317,-1.824,,-0.955,-0.952,2023-10-28,00Z-ECE,GWUS
2023-11-09,15.05,-1.236,,-1.347,-0.038,2023-10-28,00Z-ECE,GWUS
2023-11-10,16.176,-1.067,,-0.863,0.599,2023-10-28,00Z-ECE,GWUS
2023-11-11,15.647,-1.595,,,,2023-10-28,00Z-ECE,GWUS
2023-10-29,14.068,0.744,0.127,0.233,0.297,2023-10-29,00Z-ECE,GWUS
2023-10-30,17.726,4.414,0.178,0.208,0.359,2023-10-29,00Z-ECE,GWUS
2023-10-31,21.004,7.235,-0.117,-0.124,-0.073,2023-10-29,00Z-ECE,GWUS
2023-11-01,22.42,8.267,-0.103,-0.133,-0.252,2023-10-29,00Z-ECE,GWUS
2023-11-02,19.333,4.384,-0.328,-0.345,-0.499,2023-10-29,00Z-ECE,GWUS
2023-11-03,14.779,-0.088,,-0.674,-0.686,2023-10-29,00Z-ECE,GWUS
2023-11-04,11.84,-3.028,,-0.818,-0.66,2023-10-29,00Z-ECE,GWUS
2023-11-05,11.418,-3.609,,-1.571,-1.13,2023-10-29,00Z-ECE,GWUS
2023-11-06,12.438,-2.854,,-2.012,-1.148,2023-10-29,00Z-ECE,GWUS
2023-11-07,12.956,-3.218,,-2.258,-1.094,2023-10-29,00Z-ECE,GWUS
2023-11-08,14.205,-1.935,,-1.341,-0.112,2023-10-29,00Z-ECE,GWUS
2023-11-09,15.552,-0.735,,-0.432,0.502,2023-10-29,00Z-ECE,GWUS
2023-11-10,16.789,-0.453,,0.37,0.613,2023-10-29,00Z-ECE,GWUS
2023-11-11,16.842,-1.341,,0.374,0.75,2023-10-29,00Z-ECE,GWUS
2023-11-12,15.521,-2.662,,,,2023-10-29,00Z-ECE,GWUS
2023-10-30,18.226,4.914,0.182,0.216,0.5,2023-10-30,00Z-ECE,GWUS
2023-10-31,21.126,7.358,0.06,-0.023,0.122,2023-10-30,00Z-ECE,GWUS
2023-11-01,22.079,7.927,0.031,0.034,-0.34,2023-10-30,00Z-ECE,GWUS
2023-11-02,18.704,3.754,-0.12,-0.21,-0.63,2023-10-30,00Z-ECE,GWUS
2023-11-03,13.921,-0.946,-0.327,-0.375,-0.858,2023-10-30,00Z-ECE,GWUS
2023-11-04,11.492,-3.375,,-0.073,-0.348,2023-10-30,00Z-ECE,GWUS
2023-11-05,11.506,-3.52,,0.385,0.089,2023-10-30,00Z-ECE,GWUS
2023-11-06,12.133,-3.16,,0.176,-0.306,2023-10-30,00Z-ECE,GWUS
2023-11-07,12.32,-3.854,,-0.21,-0.636,2023-10-30,00Z-ECE,GWUS
2023-11-08,13.068,-3.073,,-0.955,-1.138,2023-10-30,00Z-ECE,GWUS
2023-11-09,14.744,-1.542,,-1.949,-0.807,2023-10-30,00Z-ECE,GWUS
2023-11-10,16.961,-0.282,,-1.523,0.172,2023-10-30,00Z-ECE,GWUS
2023-11-11,17.406,-0.778,,0.087,0.563,2023-10-30,00Z-ECE,GWUS
2023-11-12,16.222,-2.087,,0.426,0.332,2023-10-30,00Z-ECE,GWUS
2023-11-13,14.853,-3.456,,,,2023-10-30,00Z-ECE,GWUS
2023-10-31,20.984,7.216,-0.201,-0.284,-0.142,2023-10-31,00Z-ECE,GWUS
2023-11-01,22.173,8.021,-0.045,-0.144,0.094,2023-10-31,00Z-ECE,GWUS
2023-11-02,19.082,4.132,0.166,0.047,0.378,2023-10-31,00Z-ECE,GWUS
2023-11-03,13.945,-0.922,-0.018,-0.057,0.024,2023-10-31,00Z-ECE,GWUS
2023-11-04,10.915,-3.952,-0.529,-0.498,-0.577,2023-10-31,00Z-ECE,GWUS
2023-11-05,10.303,-4.724,,-0.728,-1.204,2023-10-31,00Z-ECE,GWUS
2023-11-06,10.722,-4.57,,-0.518,-1.411,2023-10-31,00Z-ECE,GWUS
2023-11-07,12.881,-3.293,,0.385,0.562,2023-10-31,00Z-ECE,GWUS
2023-11-08,15.916,-0.225,,1.323,2.848,2023-10-31,00Z-ECE,GWUS
2023-11-09,17.452,1.166,,1.077,2.708,2023-10-31,00Z-ECE,GWUS
2023-11-10,18.071,0.829,,0.388,1.11,2023-10-31,00Z-ECE,GWUS
2023-11-11,17.935,-0.249,,0.586,0.529,2023-10-31,00Z-ECE,GWUS
2023-11-12,16.523,-1.786,,0.993,0.301,2023-10-31,00Z-ECE,GWUS
2023-11-13,15.377,-2.335,,0.958,0.038,2023-10-31,00Z-ECE,GWUS
2023-11-14,15.1,-2.612,,,,2023-10-31,00Z-ECE,GWUS
2023-11-01,22.316,8.163,-0.193,-0.206,0.142,2023-11-01,00Z-ECE,GWUS
2023-11-02,19.227,4.277,-0.056,-0.184,0.145,2023-11-01,00Z-ECE,GWUS
2023-11-03,14.129,-0.738,-0.173,-0.096,0.184,2023-11-01,00Z-ECE,GWUS
2023-11-04,11.632,-3.236,0.095,0.287,0.716,2023-11-01,00Z-ECE,GWUS
2023-11-05,10.765,-4.262,0.276,0.508,0.462,2023-11-01,00Z-ECE,GWUS
2023-11-06,10.271,-5.021,,0.211,-0.451,2023-11-01,00Z-ECE,GWUS
2023-11-07,11.786,-4.388,,-0.873,-1.095,2023-11-01,00Z-ECE,GWUS
2023-11-08,14.112,-2.028,,-1.406,-1.804,2023-11-01,00Z-ECE,GWUS
2023-11-09,15.431,-0.855,,-1.585,-2.021,2023-11-01,00Z-ECE,GWUS
2023-11-10,16.777,-0.466,,-1.784,-1.294,2023-11-01,00Z-ECE,GWUS
2023-11-11,17.597,-0.587,,-1.669,-0.338,2023-11-01,00Z-ECE,GWUS
2023-11-12,16.606,-1.703,,-1.316,0.083,2023-11-01,00Z-ECE,GWUS
2023-11-13,15.223,-2.489,,-1.003,-0.154,2023-11-01,00Z-ECE,GWUS
2023-11-14,15.068,-2.625,,-0.688,-0.645,2023-11-01,00Z-ECE,GWUS
2023-11-15,15.113,-2.58,,,,2023-11-01,00Z-ECE,GWUS
2023-11-02,19.004,4.054,-0.337,-0.42,-0.223,2023-11-02,00Z-ECE,GWUS
2023-11-03,14.034,-0.833,-0.33,-0.322,-0.095,2023-11-02,00Z-ECE,GWUS
2023-11-04,11.573,-3.294,-0.227,-0.189,0.01,2023-11-02,00Z-ECE,GWUS
2023-11-05,10.486,-4.54,-0.305,-0.182,-0.279,2023-11-02,00Z-ECE,GWUS
2023-11-06,9.404,-5.889,-0.503,-0.51,-0.868,2023-11-02,00Z-ECE,GWUS
2023-11-07,10.634,-5.54,,-0.89,-1.152,2023-11-02,00Z-ECE,GWUS
2023-11-08,13.002,-3.139,,-0.666,-1.111,2023-11-02,00Z-ECE,GWUS
2023-11-09,14.829,-1.457,,0.263,-0.602,2023-11-02,00Z-ECE,GWUS
2023-11-10,16.698,-0.544,,0.385,-0.079,2023-11-02,00Z-ECE,GWUS
2023-11-11,17.419,-0.765,,-0.906,-0.178,2023-11-02,00Z-ECE,GWUS
2023-11-12,16.872,-1.437,,-0.585,0.266,2023-11-02,00Z-ECE,GWUS
2023-11-13,15.643,-2.069,,-0.286,0.42,2023-11-02,00Z-ECE,GWUS
2023-11-14,14.952,-2.742,,-0.296,-0.117,2023-11-02,00Z-ECE,GWUS
2023-11-15,15.451,-2.797,,-0.123,-0.268,2023-11-02,00Z-ECE,GWUS
2023-11-16,15.515,-2.734,,,,2023-11-02,00Z-ECE,GWUS
2023-11-03,13.951,-0.916,-0.157,-0.413,-0.083,2023-11-03,00Z-ECE,GWUS
2023-11-04,11.793,-3.074,-0.199,-0.389,0.219,2023-11-03,00Z-ECE,GWUS
2023-11-05,11.251,-3.775,-0.196,-0.054,0.765,2023-11-03,00Z-ECE,GWUS
2023-11-06,10.391,-4.901,0.112,0.318,0.988,2023-11-03,00Z-ECE,GWUS
2023-11-07,10.325,-5.849,0.283,0.037,-0.309,2023-11-03,00Z-ECE,GWUS
2023-11-08,12.114,-4.027,,-0.302,-0.888,2023-11-03,00Z-ECE,GWUS
2023-11-09,13.301,-2.985,,-1.05,-1.528,2023-11-03,00Z-ECE,GWUS
2023-11-10,16.164,-1.079,,-0.861,-0.534,2023-11-03,00Z-ECE,GWUS
2023-11-11,18.163,-0.02,,-0.25,0.745,2023-11-03,00Z-ECE,GWUS
2023-11-12,18.151,-0.158,,0.027,1.279,2023-11-03,00Z-ECE,GWUS
2023-11-13,16.85,-0.862,,0.175,1.207,2023-11-03,00Z-ECE,GWUS
2023-11-14,15.646,-2.048,,0.009,0.694,2023-11-03,00Z-ECE,GWUS
2023-11-15,15.346,-2.903,,0.01,-0.105,2023-11-03,00Z-ECE,GWUS
2023-11-16,15.199,-3.564,,-0.101,-0.797,2023-11-03,00Z-ECE,GWUS
2023-11-17,14.617,-4.146,,,,2023-11-03,00Z-ECE,GWUS
2023-11-04,11.627,-3.24,-0.105,-0.331,-0.166,2023-11-04,00Z-ECE,GWUS
2023-11-05,11.12,-3.906,-0.082,-0.231,-0.131,2023-11-04,00Z-ECE,GWUS
2023-11-06,10.24,-5.052,-0.05,-0.071,-0.151,2023-11-04,00Z-ECE,GWUS
2023-11-07,9.847,-6.327,0.03,-0.291,-0.478,2023-11-04,00Z-ECE,GWUS
2023-11-08,11.947,-4.194,0.469,0.059,-0.167,2023-11-04,00Z-ECE,GWUS
2023-11-09,13.208,-3.079,,0.376,-0.094,2023-11-04,00Z-ECE,GWUS
2023-11-10,15.765,-1.478,,0.413,-0.399,2023-11-04,00Z-ECE,GWUS
2023-11-11,17.506,-0.677,,0.24,-0.657,2023-11-04,00Z-ECE,GWUS
2023-11-12,17.656,-0.653,,0.487,-0.495,2023-11-04,00Z-ECE,GWUS
2023-11-13,16.262,-1.45,,0.707,-0.588,2023-11-04,00Z-ECE,GWUS
2023-11-14,15.31,-2.383,,0.857,-0.335,2023-11-04,00Z-ECE,GWUS
2023-11-15,14.668,-3.581,,0.768,-0.678,2023-11-04,00Z-ECE,GWUS
2023-11-16,13.676,-5.087,,0.114,-1.523,2023-11-04,00Z-ECE,GWUS
2023-11-17,13.695,-5.048,,-0.176,-1.576,2023-11-04,00Z-ECE,GWUS
2023-11-18,14.035,-4.708,,,,2023-11-04,00Z-ECE,GWUS
2023-11-05,10.888,-4.138,-0.158,-0.202,-0.232,2023-11-05,00Z-ECE,GWUS
2023-11-06,10.259,-5.034,-0.058,-0.162,0.018,2023-11-05,00Z-ECE,GWUS
2023-11-07,9.789,-6.385,-0.14,0.157,-0.058,2023-11-05,00Z-ECE,GWUS
2023-11-08,12.029,-4.112,0.092,0.611,0.082,2023-11-05,00Z-ECE,GWUS
2023-11-09,13.284,-3.003,0.319,0.516,0.076,2023-11-05,00Z-ECE,GWUS
2023-11-10,15.665,-1.577,,0.241,-0.1,2023-11-05,00Z-ECE,GWUS
2023-11-11,17.357,-0.826,,-0.319,-0.149,2023-11-05,00Z-ECE,GWUS
2023-11-12,17.793,-0.516,,-0.335,0.137,2023-11-05,00Z-ECE,GWUS
2023-11-13,17.591,-0.12,,0.934,1.329,2023-11-05,00Z-ECE,GWUS
2023-11-14,16.796,-0.897,,1.544,1.486,2023-11-05,00Z-ECE,GWUS
2023-11-15,14.853,-3.395,,0.369,0.186,2023-11-05,00Z-ECE,GWUS
2023-11-16,13.159,-5.604,,-0.847,-0.517,2023-11-05,00Z-ECE,GWUS
2023-11-17,12.607,-6.136,,-1.396,-1.088,2023-11-05,00Z-ECE,GWUS
2023-11-18,12.903,-5.164,,-1.807,-1.856,2023-11-05,00Z-ECE,GWUS
2023-11-19,13.801,-4.266,,,,2023-11-05,00Z-ECE,GWUS
2023-11-06,9.994,-5.298,-0.127,-0.279,-0.265,2023-11-06,00Z-ECE,GWUS
2023-11-07,9.623,-6.551,-0.06,-0.055,-0.167,2023-11-06,00Z-ECE,GWUS
2023-11-08,11.813,-4.328,-0.059,0.125,-0.216,2023-11-06,00Z-ECE,GWUS
2023-11-09,13.049,-3.493,-0.077,0.169,-0.235,2023-11-06,00Z-ECE,GWUS
2023-11-10,15.654,-1.588,0.305,0.154,-0.011,2023-11-06,00Z-ECE,GWUS
2023-11-11,17.344,-0.839,,0.195,-0.013,2023-11-06,00Z-ECE,GWUS
2023-11-12,18.273,-0.036,,0.77,0.48,2023-11-06,00Z-ECE,GWUS
2023-11-13,18.047,0.335,,0.948,0.455,2023-11-06,00Z-ECE,GWUS
2023-11-14,16.863,-0.831,,1.08,0.067,2023-11-06,00Z-ECE,GWUS
2023-11-15,14.44,-3.808,,0.915,-0.413,2023-11-06,00Z-ECE,GWUS
2023-11-16,12.338,-6.425,,0.489,-0.821,2023-11-06,00Z-ECE,GWUS
2023-11-17,11.447,-7.296,,-0.5,-1.16,2023-11-06,00Z-ECE,GWUS
2023-11-18,11.77,-6.297,,-1.456,-1.133,2023-11-06,00Z-ECE,GWUS
2023-11-19,13.658,-4.5,,-1.565,-1.035,2023-11-06,00Z-ECE,GWUS
2023-11-20,15.184,-2.973,,,,2023-11-06,00Z-ECE,GWUS
2023-11-07,9.695,-6.479,-0.009,-0.03,0.072,2023-11-07,00Z-ECE,GWUS
2023-11-08,12.267,-3.873,0.047,0.213,0.455,2023-11-07,00Z-ECE,GWUS
2023-11-09,12.691,-3.595,-0.028,-0.155,-0.358,2023-11-07,00Z-ECE,GWUS
2023-11-10,15.469,-1.774,-0.064,-0.255,-0.185,2023-11-07,00Z-ECE,GWUS
2023-11-11,16.753,-1.431,-0.145,-0.38,-0.592,2023-11-07,00Z-ECE,GWUS
2023-11-12,16.6,-1.709,,-0.931,-1.673,2023-11-07,00Z-ECE,GWUS
2023-11-13,15.808,-1.904,,-1.356,-2.239,2023-11-07,00Z-ECE,GWUS
2023-11-14,14.549,-3.144,,-1.03,-2.314,2023-11-07,00Z-ECE,GWUS
2023-11-15,12.786,-5.462,,-0.456,-1.654,2023-11-07,00Z-ECE,GWUS
2023-11-16,11.4,-7.363,,-0.182,-0.938,2023-11-07,00Z-ECE,GWUS
2023-11-17,11.077,-7.666,,-0.227,-0.37,2023-11-07,00Z-ECE,GWUS
2023-11-18,12.284,-5.782,,-0.088,0.515,2023-11-07,00Z-ECE,GWUS
2023-11-19,14.055,-4.103,,-0.149,0.397,2023-11-07,00Z-ECE,GWUS
2023-11-20,16.083,-2.757,,-0.254,0.152,2023-11-07,00Z-ECE,GWUS
2023-11-21,16.999,-1.841,,,,2023-11-07,00Z-ECE,GWUS
2023-11-08,12.122,-4.019,-0.105,-0.123,-0.145,2023-11-08,00Z-ECE,GWUS
2023-11-09,12.321,-3.965,-0.161,-0.236,-0.37,2023-11-08,00Z-ECE,GWUS
2023-11-10,15.402,-1.84,0.045,-0.11,-0.066,2023-11-08,00Z-ECE,GWUS
2023-11-11,17.497,-0.686,0.254,0.35,0.745,2023-11-08,00Z-ECE,GWUS
2023-11-12,17.251,-1.058,0.161,0.3,0.651,2023-11-08,00Z-ECE,GWUS
2023-11-13,15.942,-1.77,,-0.093,0.134,2023-11-08,00Z-ECE,GWUS
2023-11-14,14.557,-3.137,,-0.005,0.008,2023-11-08,00Z-ECE,GWUS
2023-11-15,12.958,-5.29,,0.299,0.172,2023-11-08,00Z-ECE,GWUS
2023-11-16,11.169,-7.594,,0.083,-0.232,2023-11-08,00Z-ECE,GWUS
2023-11-17,10.496,-8.246,,-0.385,-0.58,2023-11-08,00Z-ECE,GWUS
2023-11-18,11.794,-6.273,,-0.379,-0.49,2023-11-08,00Z-ECE,GWUS
2023-11-19,13.864,-4.293,,-0.518,-0.191,2023-11-08,00Z-ECE,GWUS
2023-11-20,15.552,-3.289,,-1.203,-0.531,2023-11-08,00Z-ECE,GWUS
2023-11-21,16.881,-2.601,,-1.708,-0.873,2023-11-08,00Z-ECE,GWUS
2023-11-22,17.173,-2.31,,,,2023-11-08,00Z-ECE,GWUS
2023-11-09,12.495,-3.791,0.051,0.168,0.174,2023-11-09,00Z-ECE,GWUS
2023-11-10,15.497,-1.745,-0.064,0.058,0.095,2023-11-09,00Z-ECE,GWUS
2023-11-11,17.441,-0.743,0.005,-0.029,-0.057,2023-11-09,00Z-ECE,GWUS
2023-11-12,17.159,-1.15,-0.059,0.146,-0.092,2023-11-09,00Z-ECE,GWUS
2023-11-13,15.858,-1.854,0.143,0.505,-0.084,2023-11-09,00Z-ECE,GWUS
2023-11-14,14.373,-3.32,,-0.288,-0.184,2023-11-09,00Z-ECE,GWUS
2023-11-15,13.231,-5.017,,-0.516,0.273,2023-11-09,00Z-ECE,GWUS
2023-11-16,11.264,-7.499,,-0.745,0.096,2023-11-09,00Z-ECE,GWUS
2023-11-17,10.643,-8.1,,-0.445,0.146,2023-11-09,00Z-ECE,GWUS
2023-11-18,11.81,-6.257,,0.62,0.016,2023-11-09,00Z-ECE,GWUS
2023-11-19,13.59,-4.568,,0.727,-0.274,2023-11-09,00Z-ECE,GWUS
2023-11-20,15.608,-3.232,,0.656,0.057,2023-11-09,00Z-ECE,GWUS
2023-11-21,17.471,-2.011,,0.885,0.59,2023-11-09,00Z-ECE,GWUS
2023-11-22,17.71,-2.424,,0.197,0.011,2023-11-09,00Z-ECE,GWUS
2023-11-23,17.29,-2.844,,,,2023-11-09,00Z-ECE,GWUS
2023-11-10,15.534,-1.708,-0.054,0.144,0.037,2023-11-10,00Z-ECE,GWUS
2023-11-11,16.886,-1.298,-0.143,-0.368,-0.555,2023-11-10,00Z-ECE,GWUS
2023-11-12,15.93,-2.379,-0.325,-0.617,-1.229,2023-11-10,00Z-ECE,GWUS
2023-11-13,15.082,-2.63,0.09,0.017,-0.776,2023-11-10,00Z-ECE,GWUS
2023-11-14,14.546,-3.147,0.371,0.601,0.173,2023-11-10,00Z-ECE,GWUS
2023-11-15,13.912,-4.337,,0.872,0.681,2023-11-10,00Z-ECE,GWUS
2023-11-16,11.905,-6.859,,0.928,0.64,2023-11-10,00Z-ECE,GWUS
2023-11-17,10.856,-7.887,,0.447,0.214,2023-11-10,00Z-ECE,GWUS
2023-11-18,11.911,-6.155,,-0.012,0.102,2023-11-10,00Z-ECE,GWUS
2023-11-19,14.273,-3.884,,0.371,0.683,2023-11-10,00Z-ECE,GWUS
2023-11-20,16.31,-2.53,,0.846,0.702,2023-11-10,00Z-ECE,GWUS
2023-11-21,17.983,-1.499,,0.854,0.512,2023-11-10,00Z-ECE,GWUS
2023-11-22,17.988,-2.146,,0.286,0.278,2023-11-10,00Z-ECE,GWUS
2023-11-23,17.9,-2.896,,-0.769,-0.006,2023-11-10,00Z-ECE,GWUS
2023-11-24,17.98,-2.816,,,,2023-11-10,00Z-ECE,GWUS
2023-11-11,16.88,-1.303,-0.038,-0.071,-0.005,2023-11-11,00Z-ECE,GWUS
2023-11-12,15.624,-2.887,-0.086,-0.096,-0.307,2023-11-11,00Z-ECE,GWUS
2023-11-13,14.798,-2.914,0.08,0.056,-0.284,2023-11-11,00Z-ECE,GWUS
2023-11-14,14.203,-3.49,-0.032,0.096,-0.344,2023-11-11,00Z-ECE,GWUS
2023-11-15,13.716,-4.532,0.234,0.198,-0.196,2023-11-11,00Z-ECE,GWUS
2023-11-16,11.396,-7.368,,-0.268,-0.509,2023-11-11,00Z-ECE,GWUS
2023-11-17,10.812,-7.93,,-0.769,-0.044,2023-11-11,00Z-ECE,GWUS
2023-11-18,11.79,-6.276,,-0.87,-0.121,2023-11-11,00Z-ECE,GWUS
2023-11-19,13.884,-4.274,,-0.388,-0.389,2023-11-11,00Z-ECE,GWUS
2023-11-20,15.526,-3.314,,-0.358,-0.784,2023-11-11,00Z-ECE,GWUS
2023-11-21,16.738,-2.745,,-0.436,-1.246,2023-11-11,00Z-ECE,GWUS
2023-11-22,17.653,-2.481,,-0.457,-0.335,2023-11-11,00Z-ECE,GWUS
2023-11-23,19.343,-1.453,,0.202,1.443,2023-11-11,00Z-ECE,GWUS
2023-11-24,21.022,0.267,,1.129,2.403,2023-11-11,00Z-ECE,GWUS
2023-11-25,20.648,-0.108,,,,2023-11-11,00Z-ECE,GWUS
2023-11-12,15.346,-2.963,-0.279,-0.18,-0.278,2023-11-12,00Z-ECE,GWUS
2023-11-13,14.844,-2.867,-0.043,0.021,0.047,2023-11-12,00Z-ECE,GWUS
2023-11-14,14.495,-3.199,0.239,0.503,0.292,2023-11-12,00Z-ECE,GWUS
2023-11-15,14.17,-4.079,0.172,0.761,0.454,2023-11-12,00Z-ECE,GWUS
2023-11-16,11.72,-7.044,0.257,0.493,0.324,2023-11-12,00Z-ECE,GWUS
2023-11-17,11.696,-7.047,,0.66,0.883,2023-11-12,00Z-ECE,GWUS
2023-11-18,13.753,-4.314,,0.946,1.963,2023-11-12,00Z-ECE,GWUS
2023-11-19,15.424,-2.733,,0.471,1.541,2023-11-12,00Z-ECE,GWUS
2023-11-20,16.12,-2.721,,0.015,0.593,2023-11-12,00Z-ECE,GWUS
2023-11-21,16.724,-2.759,,-0.365,-0.014,2023-11-12,00Z-ECE,GWUS
2023-11-22,16.934,-3.2,,-0.985,-0.719,2023-11-12,00Z-ECE,GWUS
2023-11-23,18.144,-2.652,,-1.348,-1.199,2023-11-12,00Z-ECE,GWUS
2023-11-24,19.451,-1.305,,-1.283,-1.572,2023-11-12,00Z-ECE,GWUS
2023-11-25,20.489,0.055,,-0.948,-0.814,2023-11-12,00Z-ECE,GWUS
2023-11-26,20.906,0.471,,,,2023-11-12,00Z-ECE,GWUS
2023-11-13,14.753,-2.958,-0.15,-0.263,-0.091,2023-11-13,00Z-ECE,GWUS
2023-11-14,14.372,-3.322,-0.121,-0.232,-0.123,2023-11-13,00Z-ECE,GWUS
2023-11-15,13.925,-4.323,-0.008,-0.109,-0.245,2023-11-13,00Z-ECE,GWUS
2023-11-16,11.642,-7.121,0.144,-0.014,-0.077,2023-11-13,00Z-ECE,GWUS
2023-11-17,11.958,-6.785,0.178,0.319,0.262,2023-11-13,00Z-ECE,GWUS
2023-11-18,14.997,-3.07,,1.106,1.244,2023-11-13,00Z-ECE,GWUS
2023-11-19,16.609,-1.548,,1.045,1.185,2023-11-13,00Z-ECE,GWUS
2023-11-20,16.893,-1.948,,0.512,0.773,2023-11-13,00Z-ECE,GWUS
2023-11-21,18.019,-1.464,,1.061,1.295,2023-11-13,00Z-ECE,GWUS
2023-11-22,18.918,-1.215,,1.748,1.985,2023-11-13,00Z-ECE,GWUS
2023-11-23,20.369,-0.427,,1.654,2.225,2023-11-13,00Z-ECE,GWUS
2023-11-24,21.715,0.96,,1.951,2.265,2023-11-13,00Z-ECE,GWUS
2023-11-25,22.199,1.764,,1.945,1.709,2023-11-13,00Z-ECE,GWUS
2023-11-26,22.062,0.889,,1.864,0.615,2023-11-13,00Z-ECE,GWUS
2023-11-27,21.816,0.643,,,,2023-11-13,00Z-ECE,GWUS
2023-11-14,14.253,-3.441,-0.24,-0.371,-0.119,2023-11-14,00Z-ECE,GWUS
2023-11-15,13.671,-4.578,-0.21,-0.345,-0.254,2023-11-14,00Z-ECE,GWUS
2023-11-16,11.781,-6.982,-0.162,-0.149,0.139,2023-11-14,00Z-ECE,GWUS
2023-11-17,12.194,-6.549,-0.133,-0.465,0.236,2023-11-14,00Z-ECE,GWUS
2023-11-18,16.192,-1.875,-0.035,-0.344,1.195,2023-11-14,00Z-ECE,GWUS
2023-11-19,18.207,0.049,,-0.632,1.597,2023-11-14,00Z-ECE,GWUS
2023-11-20,18.49,-0.35,,-1.325,1.597,2023-11-14,00Z-ECE,GWUS
2023-11-21,18.524,-0.959,,-1.634,0.505,2023-11-14,00Z-ECE,GWUS
2023-11-22,19.426,-0.707,,-1.264,0.508,2023-11-14,00Z-ECE,GWUS
2023-11-23,22.173,1.377,,-0.301,1.804,2023-11-14,00Z-ECE,GWUS
2023-11-24,23.307,2.551,,-0.198,1.591,2023-11-14,00Z-ECE,GWUS
2023-11-25,22.84,2.405,,-0.798,0.641,2023-11-14,00Z-ECE,GWUS
2023-11-26,22.451,1.278,,-1.239,0.39,2023-11-14,00Z-ECE,GWUS
2023-11-27,22.833,1.562,,-0.641,0.381,2023-11-14,00Z-ECE,GWUS
2023-11-28,22.706,1.434,,,,2023-11-14,00Z-ECE,GWUS
2023-11-15,13.239,-5.01,-0.212,-0.411,-0.432,2023-11-15,00Z-ECE,GWUS
2023-11-16,11.354,-7.409,-0.139,-0.19,-0.427,2023-11-15,00Z-ECE,GWUS
2023-11-17,11.807,-6.936,-0.111,0.035,-0.387,2023-11-15,00Z-ECE,GWUS
2023-11-18,16.606,-1.46,0.266,0.648,0.414,2023-11-15,00Z-ECE,GWUS
2023-11-19,17.736,-0.421,-0.246,0.141,-0.47,2023-11-15,00Z-ECE,GWUS
2023-11-20,18.245,-0.595,,0.151,-0.245,2023-11-15,00Z-ECE,GWUS
2023-11-21,19.251,-0.232,,0.288,0.727,2023-11-15,00Z-ECE,GWUS
2023-11-22,21.354,1.221,,0.921,1.928,2023-11-15,00Z-ECE,GWUS
2023-11-23,23.522,2.727,,0.966,1.35,2023-11-15,00Z-ECE,GWUS
2023-11-24,23.917,3.161,,0.963,0.61,2023-11-15,00Z-ECE,GWUS
2023-11-25,23.724,3.289,,1.041,0.884,2023-11-15,00Z-ECE,GWUS
2023-11-26,23.951,2.778,,0.786,1.499,2023-11-15,00Z-ECE,GWUS
2023-11-27,23.939,2.667,,0.876,1.106,2023-11-15,00Z-ECE,GWUS
2023-11-28,23.915,3.06,,1.628,0.621,2023-11-15,00Z-ECE,GWUS
2023-11-29,22.94,2.086,,,,2023-11-15,00Z-ECE,GWUS
2023-11-16,10.94,-7.823,-0.219,-0.288,-0.414,2023-11-16,00Z-ECE,GWUS
2023-11-17,11.636,-7.107,-0.04,0.025,-0.171,2023-11-16,00Z-ECE,GWUS
2023-11-18,15.482,-2.585,-0.407,-0.403,-1.124,2023-11-16,00Z-ECE,GWUS
2023-11-19,16.791,-1.367,-0.106,-0.45,-0.946,2023-11-16,00Z-ECE,GWUS
2023-11-20,17.488,-1.353,-0.092,-0.834,-0.757,2023-11-16,00Z-ECE,GWUS
2023-11-21,18.684,-0.799,,-0.562,-0.567,2023-11-16,00Z-ECE,GWUS
2023-11-22,22.922,2.788,,1.764,1.567,2023-11-16,00Z-ECE,GWUS
2023-11-23,25.979,5.183,,3.704,2.456,2023-11-16,00Z-ECE,GWUS
2023-11-24,25.907,5.152,,3.896,1.99,2023-11-16,00Z-ECE,GWUS
2023-11-25,25.373,4.938,,2.866,1.649,2023-11-16,00Z-ECE,GWUS
2023-11-26,24.874,3.701,,0.906,0.923,2023-11-16,00Z-ECE,GWUS
2023-11-27,24.475,3.203,,-0.556,0.536,2023-11-16,00Z-ECE,GWUS
2023-11-28,23.769,2.914,,-0.623,-0.146,2023-11-16,00Z-ECE,GWUS
2023-11-29,22.802,1.706,,-0.29,-0.691,2023-11-16,00Z-ECE,GWUS
2023-11-30,22.217,1.12,,,,2023-11-16,00Z-ECE,GWUS
2023-11-17,11.528,-7.214,-0.021,,-0.108,2023-11-17,00Z-ECE,GWUS
2023-11-18,14.865,-3.201,-0.32,,-0.617,2023-11-17,00Z-ECE,GWUS
2023-11-19,16.208,-1.949,-0.093,,-0.583,2023-11-17,00Z-ECE,GWUS
2023-11-20,17.334,-1.506,0.404,,-0.154,2023-11-17,00Z-ECE,GWUS
2023-11-21,18.081,-1.401,0.654,,-0.603,2023-11-17,00Z-ECE,GWUS
2023-11-22,21.481,1.348,,,-1.44,2023-11-17,00Z-ECE,GWUS
2023-11-23,24.606,3.81,,,-1.373,2023-11-17,00Z-ECE,GWUS
2023-11-24,24.32,3.564,,,-1.587,2023-11-17,00Z-ECE,GWUS
2023-11-25,24.765,4.33,,,-0.608,2023-11-17,00Z-ECE,GWUS
2023-11-26,25.572,4.399,,,0.698,2023-11-17,00Z-ECE,GWUS
2023-11-27,25.628,4.356,,,1.153,2023-11-17,00Z-ECE,GWUS
2023-11-28,25.228,4.373,,,1.459,2023-11-17,00Z-ECE,GWUS
2023-11-29,23.978,2.881,,,1.175,2023-11-17,00Z-ECE,GWUS
2023-11-30,22.562,0.572,,,-0.064,2023-11-17,00Z-ECE,GWUS
2023-12-01,20.982,-1.008,,,,2023-11-17,00Z-ECE,GWUS
2023-11-18,14.686,-3.381,-0.163,-0.198,-0.179,2023-11-18,00Z-ECE,GWUS
2023-11-19,16.202,-1.956,-0.156,-0.195,-0.007,2023-11-18,00Z-ECE,GWUS
2023-11-20,17.708,-1.132,-0.078,-0.084,0.375,2023-11-18,00Z-ECE,GWUS
2023-11-21,18.071,-1.412,-0.067,-0.146,-0.011,2023-11-18,00Z-ECE,GWUS
2023-11-22,20.532,0.398,-0.3,-0.785,-0.95,2023-11-18,00Z-ECE,GWUS
2023-11-23,22.955,2.16,,-1.037,-1.65,2023-11-18,00Z-ECE,GWUS
2023-11-24,23.171,2.416,,-0.725,-1.149,2023-11-18,00Z-ECE,GWUS
2023-11-25,24.041,3.607,,-0.795,-0.723,2023-11-18,00Z-ECE,GWUS
2023-11-26,26.282,5.109,,-0.578,0.71,2023-11-18,00Z-ECE,GWUS
2023-11-27,27.232,5.961,,-0.32,1.604,2023-11-18,00Z-ECE,GWUS
2023-11-28,26.689,5.834,,-0.469,1.461,2023-11-18,00Z-ECE,GWUS
2023-11-29,25.689,4.593,,-0.555,1.712,2023-11-18,00Z-ECE,GWUS
2023-11-30,24.955,2.965,,-0.33,2.393,2023-11-18,00Z-ECE,GWUS
2023-12-01,24.264,1.993,,-0.449,2.856,2023-11-18,00Z-ECE,GWUS
2023-12-02,23.032,0.76,,,,2023-11-18,00Z-ECE,GWUS
2023-11-19,15.843,-2.314,-0.309,-0.421,-0.358,2023-11-19,00Z-ECE,GWUS
2023-11-20,17.563,-1.277,-0.216,-0.186,-0.145,2023-11-19,00Z-ECE,GWUS
2023-11-21,17.867,-1.616,-0.258,-0.08,-0.204,2023-11-19,00Z-ECE,GWUS
2023-11-22,19.163,-0.971,-0.323,-0.157,-1.369,2023-11-19,00Z-ECE,GWUS
2023-11-23,20.549,-0.247,-0.403,-0.42,-2.407,2023-11-19,00Z-ECE,GWUS
2023-11-24,21.661,0.905,,0.091,-1.51,2023-11-19,00Z-ECE,GWUS
2023-11-25,23.004,2.57,,-0.17,-1.037,2023-11-19,00Z-ECE,GWUS
2023-11-26,24.985,3.812,,-1.283,-1.297,2023-11-19,00Z-ECE,GWUS
2023-11-27,25.854,4.583,,-2.064,-1.378,2023-11-19,00Z-ECE,GWUS
2023-11-28,25.76,4.905,,-1.888,-0.929,2023-11-19,00Z-ECE,GWUS
2023-11-29,26.064,4.967,,-0.759,0.375,2023-11-19,00Z-ECE,GWUS
2023-11-30,26.721,4.731,,0.364,1.766,2023-11-19,00Z-ECE,GWUS
2023-12-01,26.599,4.327,,0.674,2.335,2023-11-19,00Z-ECE,GWUS
2023-12-02,25.631,3.541,,0.171,2.212,2023-11-19,00Z-ECE,GWUS
2023-12-03,24.1,2.011,,,,2023-11-19,00Z-ECE,GWUS
2023-11-20,17.11,-1.73,-0.246,-0.32,-0.453,2023-11-20,00Z-ECE,GWUS
2023-11-21,17.587,-1.895,-0.12,-0.161,-0.279,2023-11-20,00Z-ECE,GWUS
2023-11-22,18.865,-1.269,-0.064,-0.343,-0.298,2023-11-20,00Z-ECE,GWUS
2023-11-23,20.616,-0.18,-0.46,-0.245,0.067,2023-11-20,00Z-ECE,GWUS
2023-11-24,23.03,2.274,-0.272,0.709,1.369,2023-11-20,00Z-ECE,GWUS
2023-11-25,24.521,4.086,,1.007,1.516,2023-11-20,00Z-ECE,GWUS
2023-11-26,24.744,3.571,,0.222,-0.241,2023-11-20,00Z-ECE,GWUS
2023-11-27,24.411,3.14,,-0.416,-1.443,2023-11-20,00Z-ECE,GWUS
2023-11-28,24.285,3.43,,-1.361,-1.475,2023-11-20,00Z-ECE,GWUS
2023-11-29,24.036,2.939,,-2.225,-2.028,2023-11-20,00Z-ECE,GWUS
2023-11-30,24.555,2.565,,-2.192,-2.165,2023-11-20,00Z-ECE,GWUS
2023-12-01,24.773,2.501,,-1.246,-1.826,2023-11-20,00Z-ECE,GWUS
2023-12-02,23.752,1.663,,-0.921,-1.878,2023-11-20,00Z-ECE,GWUS
2023-12-03,22.448,-0.114,,-1.583,-2.001,2023-11-20,00Z-ECE,GWUS
2023-12-04,21.144,-1.418,,,,2023-11-20,00Z-ECE,GWUS
2023-11-21,17.717,-1.765,0.133,0.155,0.13,2023-11-21,00Z-ECE,GWUS
2023-11-22,18.111,-2.023,0.011,-0.29,-0.754,2023-11-21,00Z-ECE,GWUS
2023-11-23,20.112,-0.684,0.003,-0.099,-0.504,2023-11-21,00Z-ECE,GWUS
2023-11-24,23.629,2.874,-0.066,0.335,0.6,2023-11-21,00Z-ECE,GWUS
2023-11-25,24.229,3.794,-0.328,0.104,-0.292,2023-11-21,00Z-ECE,GWUS
2023-11-26,22.557,1.21,,-0.883,-2.187,2023-11-21,00Z-ECE,GWUS
2023-11-27,23.241,1.969,,-0.59,-1.17,2023-11-21,00Z-ECE,GWUS
2023-11-28,24.713,3.859,,-0.376,0.428,2023-11-21,00Z-ECE,GWUS
2023-11-29,25.216,4.12,,-0.306,1.181,2023-11-21,00Z-ECE,GWUS
2023-11-30,26.164,4.174,,-0.064,1.609,2023-11-21,00Z-ECE,GWUS
2023-12-01,26.15,3.878,,0.463,1.377,2023-11-21,00Z-ECE,GWUS
2023-12-02,25.165,3.076,,0.956,1.413,2023-11-21,00Z-ECE,GWUS
2023-12-03,23.392,0.83,,0.518,0.943,2023-11-21,00Z-ECE,GWUS
2023-12-04,22.327,-1.839,,0.018,0.771,2023-11-21,00Z-ECE,GWUS
2023-12-05,21.524,-2.643,,,,2023-11-21,00Z-ECE,GWUS
2023-11-22,18.166,-1.967,-0.036,0.009,0.056,2023-11-22,00Z-ECE,GWUS
2023-11-23,20.316,-0.479,0.048,0.021,0.205,2023-11-22,00Z-ECE,GWUS
2023-11-24,23.764,3.009,0.128,0.037,0.135,2023-11-22,00Z-ECE,GWUS
2023-11-25,25.262,4.827,0.214,-0.028,1.033,2023-11-22,00Z-ECE,GWUS
2023-11-26,24.293,3.12,0.334,0.194,1.736,2023-11-22,00Z-ECE,GWUS
2023-11-27,24.527,3.255,,0.618,1.286,2023-11-22,00Z-ECE,GWUS
2023-11-28,25.331,4.476,,-0.239,0.618,2023-11-22,00Z-ECE,GWUS
2023-11-29,26.192,5.095,,-0.422,0.975,2023-11-22,00Z-ECE,GWUS
2023-11-30,26.95,4.96,,0.41,0.786,2023-11-22,00Z-ECE,GWUS
2023-12-01,25.927,3.655,,0.612,-0.223,2023-11-22,00Z-ECE,GWUS
2023-12-02,24.714,2.625,,0.42,-0.451,2023-11-22,00Z-ECE,GWUS
2023-12-03,23.216,0.654,,0.457,-0.176,2023-11-22,00Z-ECE,GWUS
2023-12-04,21.503,-2.664,,-0.121,-0.824,2023-11-22,00Z-ECE,GWUS
2023-12-05,20.621,-4.46,,-0.749,-1.324,2023-11-22,00Z-ECE,GWUS
2023-12-06,19.807,-5.273,,,,2023-11-22,00Z-ECE,GWUS
2023-11-23,20.475,-0.32,-0.174,-0.073,0.159,2023-11-23,00Z-ECE,GWUS
2023-11-24,24.146,3.39,-0.091,-0.064,0.381,2023-11-23,00Z-ECE,GWUS
2023-11-25,25.368,4.933,-0.113,-0.105,0.106,2023-11-23,00Z-ECE,GWUS
2023-11-26,23.814,2.641,-0.024,-0.102,-0.479,2023-11-23,00Z-ECE,GWUS
2023-11-27,25.679,4.408,0.02,0.314,1.152,2023-11-23,00Z-ECE,GWUS
2023-11-28,27.513,6.658,,0.677,2.182,2023-11-23,00Z-ECE,GWUS
2023-11-29,26.406,5.309,,-0.237,0.214,2023-11-23,00Z-ECE,GWUS
2023-11-30,24.577,2.588,,-1.731,-2.373,2023-11-23,00Z-ECE,GWUS
2023-12-01,24.256,1.985,,-0.782,-1.67,2023-11-23,00Z-ECE,GWUS
2023-12-02,23.923,1.834,,0.669,-0.791,2023-11-23,00Z-ECE,GWUS
2023-12-03,22.661,0.099,,1.294,-0.555,2023-11-23,00Z-ECE,GWUS
2023-12-04,21.884,-2.283,,1.473,0.38,2023-11-23,00Z-ECE,GWUS
2023-12-05,22.015,-3.066,,1.307,1.394,2023-11-23,00Z-ECE,GWUS
2023-12-06,22.912,-2.774,,1.412,2.444,2023-11-23,00Z-ECE,GWUS
2023-12-07,23.05,-2.636,,,,2023-11-23,00Z-ECE,GWUS
2023-11-24,24.017,3.262,0.096,-0.079,-0.128,2023-11-24,00Z-ECE,GWUS
2023-11-25,25.283,4.848,0.14,-0.008,-0.085,2023-11-24,00Z-ECE,GWUS
2023-11-26,23.777,2.605,0.282,0.054,-0.036,2023-11-24,00Z-ECE,GWUS
2023-11-27,25.915,4.643,0.378,0.131,0.236,2023-11-24,00Z-ECE,GWUS
2023-11-28,27.544,6.689,-0.076,-0.273,0.031,2023-11-24,00Z-ECE,GWUS
2023-11-29,26.158,5.061,,-0.23,-0.248,2023-11-24,00Z-ECE,GWUS
2023-11-30,23.176,1.186,,-0.812,-1.401,2023-11-24,00Z-ECE,GWUS
2023-12-01,21.83,-0.441,,-1.5,-2.426,2023-11-24,00Z-ECE,GWUS
2023-12-02,21.473,-0.616,,-1.629,-2.45,2023-11-24,00Z-ECE,GWUS
2023-12-03,21.283,-1.279,,-1.341,-1.379,2023-11-24,00Z-ECE,GWUS
2023-12-04,21.087,-3.08,,-1.308,-0.797,2023-11-24,00Z-ECE,GWUS
2023-12-05,21.264,-3.816,,-1.39,-0.75,2023-11-24,00Z-ECE,GWUS
2023-12-06,21.918,-3.769,,-1.674,-0.994,2023-11-24,00Z-ECE,GWUS
2023-12-07,22.892,-3.108,,-1.574,-0.796,2023-11-24,00Z-ECE,GWUS
2023-12-08,22.612,-3.388,,,,2023-11-24,00Z-ECE,GWUS
2023-11-25,25.345,4.911,-0.071,-0.036,0.063,2023-11-25,00Z-ECE,GWUS
2023-11-26,23.698,2.525,-0.117,-0.031,-0.08,2023-11-25,00Z-ECE,GWUS
2023-11-27,26.193,4.921,-0.076,0.08,0.277,2023-11-25,00Z-ECE,GWUS
2023-11-28,28.42,7.565,0.169,0.305,0.875,2023-11-25,00Z-ECE,GWUS
2023-11-29,26.112,5.015,-0.328,-0.488,-0.046,2023-11-25,00Z-ECE,GWUS
2023-11-30,22.934,0.944,,-0.888,-0.243,2023-11-25,00Z-ECE,GWUS
2023-12-01,22.157,-0.115,,-0.599,0.327,2023-11-25,00Z-ECE,GWUS
2023-12-02,21.326,-0.763,,-0.35,-0.147,2023-11-25,00Z-ECE,GWUS
2023-12-03,20.206,-2.356,,-0.439,-1.076,2023-11-25,00Z-ECE,GWUS
2023-12-04,19.27,-4.897,,-1.196,-1.817,2023-11-25,00Z-ECE,GWUS
2023-12-05,19.795,-5.285,,-1.404,-1.469,2023-11-25,00Z-ECE,GWUS
2023-12-06,21.537,-4.149,,-1.053,-0.381,2023-11-25,00Z-ECE,GWUS
2023-12-07,22.717,-3.283,,-1.091,-0.175,2023-11-25,00Z-ECE,GWUS
2023-12-08,22.894,-2.749,,-1.467,-0.321,2023-11-25,00Z-ECE,GWUS
2023-12-09,22.897,-2.746,,,,2023-11-25,00Z-ECE,GWUS
2023-11-26,24.205,3.032,0.147,0.362,0.507,2023-11-26,00Z-ECE,GWUS
2023-11-27,26.465,5.193,-0.143,-0.039,0.272,2023-11-26,00Z-ECE,GWUS
2023-11-28,28.466,7.611,-0.191,-0.302,0.047,2023-11-26,00Z-ECE,GWUS
2023-11-29,25.793,4.696,-0.28,-0.267,-0.319,2023-11-26,00Z-ECE,GWUS
2023-11-30,21.475,-0.515,-0.326,-0.711,-1.459,2023-11-26,00Z-ECE,GWUS
2023-12-01,20.95,-1.321,,-0.311,-1.207,2023-11-26,00Z-ECE,GWUS
2023-12-02,20.846,-1.243,,0.836,-0.48,2023-11-26,00Z-ECE,GWUS
2023-12-03,19.823,-2.739,,0.324,-0.384,2023-11-26,00Z-ECE,GWUS
2023-12-04,19.542,-4.625,,-0.631,0.272,2023-11-26,00Z-ECE,GWUS
2023-12-05,20.516,-4.565,,-0.35,0.721,2023-11-26,00Z-ECE,GWUS
2023-12-06,21.359,-4.327,,-0.039,-0.178,2023-11-26,00Z-ECE,GWUS
2023-12-07,22.082,-3.918,,-0.527,-0.635,2023-11-26,00Z-ECE,GWUS
2023-12-08,22.471,-3.172,,-0.904,-0.423,2023-11-26,00Z-ECE,GWUS
2023-12-09,23.307,-2.316,,-0.613,-0.352,2023-11-26,00Z-ECE,GWUS
2023-12-10,23.931,-1.692,,,,2023-11-26,00Z-ECE,GWUS
2023-11-27,27.018,5.746,-0.007,0.228,0.553,2023-11-27,00Z-ECE,GWUS
2023-11-28,28.788,7.933,0.039,0.08,0.322,2023-11-27,00Z-ECE,GWUS
2023-11-29,26.054,4.957,-0.15,-0.03,0.261,2023-11-27,00Z-ECE,GWUS
2023-11-30,21.451,-0.539,-0.189,0.026,-0.024,2023-11-27,00Z-ECE,GWUS
2023-12-01,21.261,-1.011,-0.326,0.093,0.311,2023-11-27,00Z-ECE,GWUS
2023-12-02,20.969,-1.12,,0.244,0.123,2023-11-27,00Z-ECE,GWUS
2023-12-03,19.7,-2.862,,0.162,-0.123,2023-11-27,00Z-ECE,GWUS
2023-12-04,19.753,-4.414,,0.373,0.211,2023-11-27,00Z-ECE,GWUS
2023-12-05,20.922,-4.159,,0.695,0.406,2023-11-27,00Z-ECE,GWUS
2023-12-06,21.195,-4.492,,0.182,-0.165,2023-11-27,00Z-ECE,GWUS
2023-12-07,22.176,-3.824,,-0.158,0.094,2023-11-27,00Z-ECE,GWUS
2023-12-08,22.169,-3.474,,-0.686,-0.302,2023-11-27,00Z-ECE,GWUS
2023-12-09,21.791,-3.832,,-1.189,-1.516,2023-11-27,00Z-ECE,GWUS
2023-12-10,22.702,-2.822,,-1.031,-1.886,2023-11-27,00Z-ECE,GWUS
2023-12-11,22.636,-2.889,,,,2023-11-27,00Z-ECE,GWUS
2023-11-28,28.868,8.013,-0.205,-0.32,0.08,2023-11-28,00Z-ECE,GWUS
2023-11-29,26.253,5.156,-0.214,-0.131,0.2,2023-11-28,00Z-ECE,GWUS
2023-11-30,21.09,-0.9,-0.286,-0.419,-0.361,2023-11-28,00Z-ECE,GWUS
2023-12-01,20.649,-1.623,-0.398,-0.946,-0.612,2023-11-28,00Z-ECE,GWUS
2023-12-02,19.504,-2.585,-0.791,-1.493,-1.465,2023-11-28,00Z-ECE,GWUS
2023-12-03,18.631,-3.931,,-0.842,-1.068,2023-11-28,00Z-ECE,GWUS
2023-12-04,19.716,-4.45,,-0.13,-0.037,2023-11-28,00Z-ECE,GWUS
2023-12-05,21.1,-3.98,,-0.11,0.178,2023-11-28,00Z-ECE,GWUS
2023-12-06,22.929,-2.758,,1.043,1.734,2023-11-28,00Z-ECE,GWUS
2023-12-07,21.888,-4.112,,0.065,-0.288,2023-11-28,00Z-ECE,GWUS
2023-12-08,20.283,-5.36,,-0.41,-1.886,2023-11-28,00Z-ECE,GWUS
2023-12-09,20.143,-5.48,,-0.327,-1.648,2023-11-28,00Z-ECE,GWUS
2023-12-10,20.809,-4.715,,-0.51,-1.894,2023-11-28,00Z-ECE,GWUS
2023-12-11,21.873,-3.199,,-0.608,-1.531,2023-11-28,00Z-ECE,GWUS
2023-12-12,22.404,-2.668,,,,2023-11-28,00Z-ECE,GWUS
2023-11-29,26.118,5.021,-0.389,-0.303,-0.135,2023-11-29,00Z-ECE,GWUS
2023-11-30,20.654,-1.336,-0.12,-0.147,-0.436,2023-11-29,00Z-ECE,GWUS
2023-12-01,19.893,-2.379,-0.125,-0.198,-0.756,2023-11-29,00Z-ECE,GWUS
2023-12-02,18.189,-3.9,-0.392,-0.508,-1.315,2023-11-29,00Z-ECE,GWUS
2023-12-03,18.263,-4.299,-0.11,-0.298,-0.369,2023-11-29,00Z-ECE,GWUS
2023-12-04,20.834,-3.333,,1.01,1.117,2023-11-29,00Z-ECE,GWUS
2023-12-05,21.384,-3.696,,0.125,0.284,2023-11-29,00Z-ECE,GWUS
2023-12-06,22.925,-2.761,,-0.011,-0.003,2023-11-29,00Z-ECE,GWUS
2023-12-07,22.192,-3.808,,-0.313,0.304,2023-11-29,00Z-ECE,GWUS
2023-12-08,21.017,-4.625,,-0.117,0.734,2023-11-29,00Z-ECE,GWUS
2023-12-09,20.092,-5.531,,-0.09,-0.051,2023-11-29,00Z-ECE,GWUS
2023-12-10,20.068,-5.456,,-0.445,-0.74,2023-11-29,00Z-ECE,GWUS
2023-12-11,21.717,-3.355,,0.265,-0.156,2023-11-29,00Z-ECE,GWUS
2023-12-12,23.604,-1.291,,1.077,0.369,2023-11-29,00Z-ECE,GWUS
2023-12-13,24.234,-0.66,,,,2023-11-29,00Z-ECE,GWUS
2023-11-30,20.396,-1.594,-0.596,-0.506,-0.257,2023-11-30,00Z-ECE,GWUS
2023-12-01,19.247,-3.024,-0.564,-0.531,-0.646,2023-11-30,00Z-ECE,GWUS
2023-12-02,16.864,-5.225,-0.363,-0.669,-1.325,2023-11-30,00Z-ECE,GWUS
2023-12-03,18.189,-4.373,0.305,-0.305,-0.073,2023-11-30,00Z-ECE,GWUS
2023-12-04,20.621,-3.546,0.837,0.018,-0.213,2023-11-30,00Z-ECE,GWUS
2023-12-05,21.228,-3.853,,-0.262,-0.156,2023-11-30,00Z-ECE,GWUS
2023-12-06,22.342,-3.345,,-0.34,-0.583,2023-11-30,00Z-ECE,GWUS
2023-12-07,20.737,-5.263,,-0.436,-1.455,2023-11-30,00Z-ECE,GWUS
2023-12-08,18.878,-6.765,,-1.037,-2.139,2023-11-30,00Z-ECE,GWUS
2023-12-09,19.151,-6.472,,-0.554,-0.941,2023-11-30,00Z-ECE,GWUS
2023-12-10,20.78,-4.744,,0.268,0.711,2023-11-30,00Z-ECE,GWUS
2023-12-11,23.397,-1.675,,1.191,1.68,2023-11-30,00Z-ECE,GWUS
2023-12-12,25.478,0.584,,2.147,1.875,2023-11-30,00Z-ECE,GWUS
2023-12-13,25.857,1.09,,2.479,1.104,2023-11-30,00Z-ECE,GWUS
2023-12-14,25.009,0.242,,,,2023-11-30,00Z-ECE,GWUS
2023-12-01,19.277,-2.994,-0.074,0.023,0.03,2023-12-01,00Z-ECE,GWUS
2023-12-02,17.065,-5.024,0.089,0.322,0.201,2023-12-01,00Z-ECE,GWUS
2023-12-03,17.654,-4.908,0.036,0.107,-0.536,2023-12-01,00Z-ECE,GWUS
2023-12-04,20.119,-4.048,0.016,0.034,-0.502,2023-12-01,00Z-ECE,GWUS
2023-12-05,20.626,-4.455,0.048,-0.309,-0.602,2023-12-01,00Z-ECE,GWUS
2023-12-06,22.041,-3.645,,-1.083,-0.3,2023-12-01,00Z-ECE,GWUS
2023-12-07,21.101,-4.899,,-1.148,0.364,2023-12-01,00Z-ECE,GWUS
2023-12-08,18.99,-6.652,,-0.49,0.112,2023-12-01,00Z-ECE,GWUS
2023-12-09,18.677,-6.946,,0.093,-0.474,2023-12-01,00Z-ECE,GWUS
2023-12-10,20.377,-5.147,,0.273,-0.403,2023-12-01,00Z-ECE,GWUS
2023-12-11,22.891,-2.181,,0.468,-0.506,2023-12-01,00Z-ECE,GWUS
2023-12-12,23.745,-1.149,,-0.019,-1.733,2023-12-01,00Z-ECE,GWUS
2023-12-13,23.862,-0.905,,-0.902,-1.995,2023-12-01,00Z-ECE,GWUS
2023-12-14,24.427,-1.006,,-1.426,-1.116,2023-12-01,00Z-ECE,GWUS
2023-12-15,23.37,-2.063,,,,2023-12-01,00Z-ECE,GWUS
2023-12-02,16.871,-5.218,0.015,0.058,-0.194,2023-12-02,00Z-ECE,GWUS
2023-12-03,17.47,-5.092,0.245,0.178,-0.184,2023-12-02,00Z-ECE,GWUS
2023-12-04,19.85,-4.317,0.084,0.03,-0.269,2023-12-02,00Z-ECE,GWUS
2023-12-05,20.778,-4.302,-0.116,0.18,0.152,2023-12-02,00Z-ECE,GWUS
2023-12-06,22.399,-3.288,0.203,0.413,0.357,2023-12-02,00Z-ECE,GWUS
2023-12-07,20.775,-5.225,,0.116,-0.326,2023-12-02,00Z-ECE,GWUS
2023-12-08,18.215,-7.428,,-0.511,-0.775,2023-12-02,00Z-ECE,GWUS
2023-12-09,18.171,-7.451,,-0.499,-0.505,2023-12-02,00Z-ECE,GWUS
2023-12-10,20.435,-5.089,,0.14,0.058,2023-12-02,00Z-ECE,GWUS
2023-12-11,22.859,-2.213,,0.158,-0.032,2023-12-02,00Z-ECE,GWUS
2023-12-12,24.551,-0.344,,0.262,0.805,2023-12-02,00Z-ECE,GWUS
2023-12-13,25.401,0.634,,0.138,1.538,2023-12-02,00Z-ECE,GWUS
2023-12-14,25.817,0.384,,0.759,1.39,2023-12-02,00Z-ECE,GWUS
2023-12-15,25.558,0.515,,1.514,1.685,2023-12-02,00Z-ECE,GWUS
2023-12-16,24.089,-0.954,,,,2023-12-02,00Z-ECE,GWUS
2023-12-03,17.458,-5.104,-0.052,0.061,-0.012,2023-12-03,00Z-ECE,GWUS
2023-12-04,19.811,-4.356,0.113,0.042,-0.039,2023-12-03,00Z-ECE,GWUS
2023-12-05,21.344,-3.737,0.058,0.176,0.566,2023-12-03,00Z-ECE,GWUS
2023-12-06,22.857,-2.83,-0.092,0.116,0.458,2023-12-03,00Z-ECE,GWUS
2023-12-07,20.328,-5.672,-0.374,0.078,-0.447,2023-12-03,00Z-ECE,GWUS
2023-12-08,17.324,-8.319,,-0.412,-0.891,2023-12-03,00Z-ECE,GWUS
2023-12-09,17.948,-7.675,,0.087,-0.224,2023-12-03,00Z-ECE,GWUS
2023-12-10,21.056,-4.468,,0.805,0.621,2023-12-03,00Z-ECE,GWUS
2023-12-11,23.821,-1.25,,1.121,0.962,2023-12-03,00Z-ECE,GWUS
2023-12-12,25.043,0.149,,0.763,0.492,2023-12-03,00Z-ECE,GWUS
2023-12-13,25.086,0.319,,-0.146,-0.315,2023-12-03,00Z-ECE,GWUS
2023-12-14,25.065,-0.368,,-0.902,-0.782,2023-12-03,00Z-ECE,GWUS
2023-12-15,25.376,0.333,,-0.148,-0.182,2023-12-03,00Z-ECE,GWUS
2023-12-16,25.435,-0.728,,0.831,0.899,2023-12-03,00Z-ECE,GWUS
2023-12-17,23.767,-2.396,,,,2023-12-03,00Z-ECE,GWUS
2023-12-04,19.703,-4.463,-0.243,-0.088,-0.107,2023-12-04,00Z-ECE,GWUS
2023-12-05,21.645,-3.435,0.023,0.271,0.302,2023-12-04,00Z-ECE,GWUS
2023-12-06,23.419,-2.267,0.374,0.614,0.563,2023-12-04,00Z-ECE,GWUS
2023-12-07,21.312,-4.688,0.341,0.533,0.984,2023-12-04,00Z-ECE,GWUS
2023-12-08,17.614,-8.028,0.15,0.285,0.291,2023-12-04,00Z-ECE,GWUS
2023-12-09,18.384,-7.238,,0.482,0.437,2023-12-04,00Z-ECE,GWUS
2023-12-10,21.485,-4.039,,0.155,0.429,2023-12-04,00Z-ECE,GWUS
2023-12-11,23.477,-1.594,,0.121,-0.344,2023-12-04,00Z-ECE,GWUS
2023-12-12,24.722,-0.173,,0.583,-0.322,2023-12-04,00Z-ECE,GWUS
2023-12-13,25.556,0.789,,0.907,0.47,2023-12-04,00Z-ECE,GWUS
2023-12-14,25.45,0.017,,0.404,0.343,2023-12-04,00Z-ECE,GWUS
2023-12-15,24.682,-0.361,,-0.003,-0.694,2023-12-04,00Z-ECE,GWUS
2023-12-16,23.784,-2.379,,-1.03,-1.65,2023-12-04,00Z-ECE,GWUS
2023-12-17,23.491,-3.41,,-0.806,-0.716,2023-12-04,00Z-ECE,GWUS
2023-12-18,22.032,-4.868,,,,2023-12-04,00Z-ECE,GWUS
2023-12-05,21.047,-4.034,-0.36,-0.351,-0.599,2023-12-05,00Z-ECE,GWUS
2023-12-06,23.179,-2.508,-0.234,-0.281,-0.241,2023-12-05,00Z-ECE,GWUS
2023-12-07,21.264,-4.736,-0.199,-0.071,-0.048,2023-12-05,00Z-ECE,GWUS
2023-12-08,17.592,-8.051,-0.21,-0.163,-0.023,2023-12-05,00Z-ECE,GWUS
2023-12-09,17.641,-7.982,-0.202,-0.579,-0.743,2023-12-05,00Z-ECE,GWUS
2023-12-10,21.002,-4.522,,-0.27,-0.483,2023-12-05,00Z-ECE,GWUS
2023-12-11,23.425,-1.646,,-0.197,-0.052,2023-12-05,00Z-ECE,GWUS
2023-12-12,24.66,-0.235,,-0.514,-0.062,2023-12-05,00Z-ECE,GWUS
2023-12-13,25.789,1.022,,-0.183,0.233,2023-12-05,00Z-ECE,GWUS
2023-12-14,26.685,1.251,,0.056,1.234,2023-12-05,00Z-ECE,GWUS
2023-12-15,25.885,0.842,,-0.077,1.203,2023-12-05,00Z-ECE,GWUS
2023-12-16,24.783,-1.38,,-0.039,0.999,2023-12-05,00Z-ECE,GWUS
2023-12-17,25.377,-1.523,,0.767,1.886,2023-12-05,00Z-ECE,GWUS
2023-12-18,24.833,-2.342,,1.447,2.429,2023-12-05,00Z-ECE,GWUS
2023-12-19,22.862,-4.313,,,,2023-12-05,00Z-ECE,GWUS
2023-12-06,22.899,-2.788,-0.155,-0.274,-0.28,2023-12-06,00Z-ECE,GWUS
2023-12-07,20.997,-5.003,-0.005,0.032,-0.266,2023-12-06,00Z-ECE,GWUS
2023-12-08,17.436,-8.207,-0.174,-0.303,-0.156,2023-12-06,00Z-ECE,GWUS
2023-12-09,17.796,-7.827,0.085,0.235,0.155,2023-12-06,00Z-ECE,GWUS
2023-12-10,21.633,-3.891,0.42,1.218,0.631,2023-12-06,00Z-ECE,GWUS
2023-12-11,24.315,-0.756,,1.318,0.89,2023-12-06,00Z-ECE,GWUS
2023-12-12,24.251,-0.644,,-0.673,-0.409,2023-12-06,00Z-ECE,GWUS
2023-12-13,24.359,-0.408,,-1.012,-1.43,2023-12-06,00Z-ECE,GWUS
2023-12-14,24.911,-0.522,,-0.699,-1.773,2023-12-06,00Z-ECE,GWUS
2023-12-15,24.403,-0.64,,-0.674,-1.483,2023-12-06,00Z-ECE,GWUS
2023-12-16,24.854,-1.309,,-0.842,0.071,2023-12-06,00Z-ECE,GWUS
2023-12-17,26.494,-0.407,,-0.36,1.117,2023-12-06,00Z-ECE,GWUS
2023-12-18,26.662,-0.513,,0.727,1.829,2023-12-06,00Z-ECE,GWUS
2023-12-19,25.498,-0.768,,1.404,2.257,2023-12-06,00Z-ECE,GWUS
2023-12-20,23.964,-2.302,,,,2023-12-06,00Z-ECE,GWUS
2023-12-07,20.703,-5.297,-0.223,-0.216,-0.294,2023-12-07,00Z-ECE,GWUS
2023-12-08,17.063,-8.58,-0.261,-0.182,-0.373,2023-12-07,00Z-ECE,GWUS
2023-12-09,17.584,-8.039,-0.23,-0.243,-0.212,2023-12-07,00Z-ECE,GWUS
2023-12-10,21.94,-3.584,-0.44,-0.26,0.307,2023-12-07,00Z-ECE,GWUS
2023-12-11,25.008,-0.064,-0.313,-0.21,0.692,2023-12-07,00Z-ECE,GWUS
2023-12-12,24.392,-0.604,,-0.29,0.142,2023-12-07,00Z-ECE,GWUS
2023-12-13,23.599,-1.168,,-0.25,-0.759,2023-12-07,00Z-ECE,GWUS
2023-12-14,24.094,-1.339,,-0.27,-0.817,2023-12-07,00Z-ECE,GWUS
2023-12-15,22.498,-2.545,,-0.985,-1.905,2023-12-07,00Z-ECE,GWUS
2023-12-16,22.621,-3.542,,-1.762,-2.233,2023-12-07,00Z-ECE,GWUS
2023-12-17,24.366,-2.534,,-2.15,-2.127,2023-12-07,00Z-ECE,GWUS
2023-12-18,24.496,-2.679,,-2.611,-2.166,2023-12-07,00Z-ECE,GWUS
2023-12-19,23.752,-2.514,,-2.202,-1.747,2023-12-07,00Z-ECE,GWUS
2023-12-20,23.077,-3.162,,-1.663,-1.363,2023-12-07,00Z-ECE,GWUS
2023-12-21,22.29,-3.948,,,,2023-12-07,00Z-ECE,GWUS
2023-12-08,16.669,-8.974,-0.303,-0.344,-0.394,2023-12-08,00Z-ECE,GWUS
2023-12-09,17.05,-8.573,-0.363,-0.503,-0.534,2023-12-08,00Z-ECE,GWUS
2023-12-10,21.349,-4.175,-0.209,-0.31,-0.591,2023-12-08,00Z-ECE,GWUS
2023-12-11,24.966,-0.106,0.083,-0.042,-0.042,2023-12-08,00Z-ECE,GWUS
2023-12-12,24.651,-0.243,0.324,0.314,0.259,2023-12-08,00Z-ECE,GWUS
2023-12-13,23.677,-1.09,,0.612,0.077,2023-12-08,00Z-ECE,GWUS
2023-12-14,23.152,-2.281,,0.25,-0.942,2023-12-08,00Z-ECE,GWUS
2023-12-15,21.913,-3.13,,0.315,-0.585,2023-12-08,00Z-ECE,GWUS
2023-12-16,22.147,-4.058,,0.519,-0.475,2023-12-08,00Z-ECE,GWUS
2023-12-17,23.651,-3.249,,-0.211,-0.715,2023-12-08,00Z-ECE,GWUS
2023-12-18,24.18,-2.996,,-0.088,-0.317,2023-12-08,00Z-ECE,GWUS
2023-12-19,22.862,-3.404,,0.026,-0.889,2023-12-08,00Z-ECE,GWUS
2023-12-20,21.544,-4.695,,-0.401,-1.533,2023-12-08,00Z-ECE,GWUS
2023-12-21,21.678,-4.615,,-0.485,-1.189,2023-12-08,00Z-ECE,GWUS
2023-12-22,21.827,-4.465,,,,2023-12-08,00Z-ECE,GWUS
2023-12-09,16.91,-8.712,-0.045,0.012,-0.139,2023-12-09,00Z-ECE,GWUS
2023-12-10,21.574,-3.95,0.103,-0.025,0.225,2023-12-09,00Z-ECE,GWUS
2023-12-11,24.791,-0.28,0.063,-0.129,-0.174,2023-12-09,00Z-ECE,GWUS
2023-12-12,24.282,-0.612,0.022,-0.109,-0.369,2023-12-09,00Z-ECE,GWUS
2023-12-13,23.731,-1.036,0.229,0.06,0.055,2023-12-09,00Z-ECE,GWUS
2023-12-14,22.753,-2.681,,0.039,-0.4,2023-12-09,00Z-ECE,GWUS
2023-12-15,21.085,-3.958,,-0.081,-0.828,2023-12-09,00Z-ECE,GWUS
2023-12-16,22.165,-3.998,,-0.307,0.019,2023-12-09,00Z-ECE,GWUS
2023-12-17,23.365,-3.535,,-1.838,-0.286,2023-12-09,00Z-ECE,GWUS
2023-12-18,23.134,-4.041,,-2.536,-1.046,2023-12-09,00Z-ECE,GWUS
2023-12-19,22.816,-3.45,,-1.19,-0.046,2023-12-09,00Z-ECE,GWUS
2023-12-20,22.105,-4.134,,-0.636,0.561,2023-12-09,00Z-ECE,GWUS
2023-12-21,22.041,-4.252,,-0.713,0.363,2023-12-09,00Z-ECE,GWUS
2023-12-22,22.165,-4.618,,-0.591,-0.103,2023-12-09,00Z-ECE,GWUS
2023-12-23,21.253,-5.529,,,,2023-12-09,00Z-ECE,GWUS
2023-12-10,21.602,-3.922,-0.047,0.125,0.028,2023-12-10,00Z-ECE,GWUS
2023-12-11,24.739,-0.332,-0.073,0.066,-0.052,2023-12-10,00Z-ECE,GWUS
2023-12-12,24.321,-0.573,0.09,0.244,0.039,2023-12-10,00Z-ECE,GWUS
2023-12-13,24.796,0.029,0.274,0.397,1.065,2023-12-10,00Z-ECE,GWUS
2023-12-14,24.941,-0.492,0.017,0.038,2.188,2023-12-10,00Z-ECE,GWUS
2023-12-15,22.179,-2.864,,-0.262,1.093,2023-12-10,00Z-ECE,GWUS
2023-12-16,21.457,-4.706,,-0.524,-0.708,2023-12-10,00Z-ECE,GWUS
2023-12-17,20.713,-6.187,,-0.722,-2.652,2023-12-10,00Z-ECE,GWUS
2023-12-18,22.44,-4.735,,-0.752,-0.694,2023-12-10,00Z-ECE,GWUS
2023-12-19,24.301,-1.965,,-1.614,1.485,2023-12-10,00Z-ECE,GWUS
2023-12-20,24.125,-2.113,,-1.039,2.02,2023-12-10,00Z-ECE,GWUS
2023-12-21,23.007,-3.286,,-0.881,0.966,2023-12-10,00Z-ECE,GWUS
2023-12-22,20.838,-5.944,,-1.629,-1.326,2023-12-10,00Z-ECE,GWUS
2023-12-23,19.928,-8.273,,-1.935,-1.866,2023-12-10,00Z-ECE,GWUS
2023-12-24,19.947,-8.254,,,,2023-12-10,00Z-ECE,GWUS
2023-12-11,24.727,-0.344,-0.144,-0.099,-0.012,2023-12-11,00Z-ECE,GWUS
2023-12-12,24.583,-0.311,-0.045,-0.077,0.262,2023-12-11,00Z-ECE,GWUS
2023-12-13,24.307,-0.46,-0.007,0.104,-0.49,2023-12-11,00Z-ECE,GWUS
2023-12-14,23.973,-1.461,-0.163,-0.385,-0.968,2023-12-11,00Z-ECE,GWUS
2023-12-15,21.351,-3.692,-0.599,-0.934,-0.828,2023-12-11,00Z-ECE,GWUS
2023-12-16,20.481,-5.682,,-0.503,-0.976,2023-12-11,00Z-ECE,GWUS
2023-12-17,19.707,-7.194,,-0.4,-1.007,2023-12-11,00Z-ECE,GWUS
2023-12-18,21.759,-5.416,,-0.696,-0.681,2023-12-11,00Z-ECE,GWUS
2023-12-19,23.098,-3.168,,-1.032,-1.203,2023-12-11,00Z-ECE,GWUS
2023-12-20,21.734,-4.505,,-1.758,-2.391,2023-12-11,00Z-ECE,GWUS
2023-12-21,20.637,-5.656,,-1.53,-2.37,2023-12-11,00Z-ECE,GWUS
2023-12-22,20.302,-6.48,,-0.514,-0.536,2023-12-11,00Z-ECE,GWUS
2023-12-23,20.31,-7.891,,-0.185,0.382,2023-12-11,00Z-ECE,GWUS
2023-12-24,20.483,-8.509,,-0.388,0.01,2023-12-11,00Z-ECE,GWUS
2023-12-25,20.242,-8.75,,,,2023-12-11,00Z-ECE,GWUS
2023-12-12,24.289,-0.606,-0.362,-0.292,-0.295,2023-12-12,00Z-ECE,GWUS
2023-12-13,23.875,-0.892,-0.305,-0.379,-0.432,2023-12-12,00Z-ECE,GWUS
2023-12-14,23.557,-1.876,-0.51,-0.552,-0.415,2023-12-12,00Z-ECE,GWUS
2023-12-15,21.025,-4.018,-0.679,-0.851,-0.326,2023-12-12,00Z-ECE,GWUS
2023-12-16,20.612,-5.551,-0.663,-0.801,0.132,2023-12-12,00Z-ECE,GWUS
2023-12-17,20.13,-6.77,,-0.482,0.424,2023-12-12,00Z-ECE,GWUS
2023-12-18,22.3,-4.875,,-0.429,0.541,2023-12-12,00Z-ECE,GWUS
2023-12-19,25.518,-0.748,,0.022,2.421,2023-12-12,00Z-ECE,GWUS
2023-12-20,23.931,-2.308,,-0.016,2.197,2023-12-12,00Z-ECE,GWUS
2023-12-21,21.327,-4.966,,-0.061,0.69,2023-12-12,00Z-ECE,GWUS
2023-12-22,19.708,-7.074,,-0.33,-0.594,2023-12-12,00Z-ECE,GWUS
2023-12-23,19.798,-8.403,,-0.207,-0.512,2023-12-12,00Z-ECE,GWUS
2023-12-24,20.304,-8.688,,0.04,-0.179,2023-12-12,00Z-ECE,GWUS
2023-12-25,20.685,-7.838,,0.063,-0.209,2023-12-12,00Z-ECE,GWUS
2023-12-26,21.2,-7.323,,,,2023-12-12,00Z-ECE,GWUS
2023-12-13,23.608,-1.159,-0.246,-0.276,-0.267,2023-12-13,00Z-ECE,GWUS
2023-12-14,22.734,-2.699,-0.428,-0.477,-0.823,2023-12-13,00Z-ECE,GWUS
2023-12-15,19.553,-5.49,-0.589,-0.793,-1.472,2023-12-13,00Z-ECE,GWUS
2023-12-16,19.351,-6.812,-0.468,-0.565,-1.261,2023-12-13,00Z-ECE,GWUS
2023-12-17,18.912,-7.988,-0.205,-0.5,-1.218,2023-12-13,00Z-ECE,GWUS
2023-12-18,20.572,-6.603,,-1.129,-1.728,2023-12-13,00Z-ECE,GWUS
2023-12-19,23.431,-2.835,,-0.991,-2.087,2023-12-13,00Z-ECE,GWUS
2023-12-20,23.199,-3.04,,0.173,-0.732,2023-12-13,00Z-ECE,GWUS
2023-12-21,22.667,-3.626,,1.109,1.34,2023-12-13,00Z-ECE,GWUS
2023-12-22,23.223,-3.559,,2.35,3.515,2023-12-13,00Z-ECE,GWUS
2023-12-23,23.473,-4.728,,2.442,3.675,2023-12-13,00Z-ECE,GWUS
2023-12-24,22.637,-6.356,,1.653,2.332,2023-12-13,00Z-ECE,GWUS
2023-12-25,21.938,-6.585,,1.55,1.254,2023-12-13,00Z-ECE,GWUS
2023-12-26,22.218,-5.434,,1.634,0.355,2023-12-13,00Z-ECE,GWUS
2023-12-27,22.928,-4.724,,,,2023-12-13,00Z-ECE,GWUS
2023-12-14,22.298,-3.135,-0.249,-0.261,-0.437,2023-12-14,00Z-ECE,GWUS
2023-12-15,19.253,-5.79,-0.115,-0.153,-0.3,2023-12-14,00Z-ECE,GWUS
2023-12-16,19.597,-6.566,0.003,0.173,0.246,2023-12-14,00Z-ECE,GWUS
2023-12-17,18.947,-7.953,-0.109,-0.014,0.035,2023-12-14,00Z-ECE,GWUS
2023-12-18,21.941,-5.234,0.292,0.353,1.369,2023-12-14,00Z-ECE,GWUS
2023-12-19,26.456,0.19,,0.761,3.024,2023-12-14,00Z-ECE,GWUS
2023-12-20,25.11,-1.129,,0.394,1.911,2023-12-14,00Z-ECE,GWUS
2023-12-21,22.979,-3.313,,-0.041,0.312,2023-12-14,00Z-ECE,GWUS
2023-12-22,22.129,-4.654,,-0.75,-1.095,2023-12-14,00Z-ECE,GWUS
2023-12-23,21.705,-6.496,,-1.136,-1.768,2023-12-14,00Z-ECE,GWUS
2023-12-24,21.254,-7.738,,-1.5,-1.382,2023-12-14,00Z-ECE,GWUS
2023-12-25,21.232,-7.291,,-1.516,-0.706,2023-12-14,00Z-ECE,GWUS
2023-12-26,22.023,-5.629,,-1.006,-0.195,2023-12-14,00Z-ECE,GWUS
2023-12-27,24.034,-2.19,,0.668,0.234,2023-12-14,00Z-ECE,GWUS
2023-12-28,24.946,-1.279,,,,2023-12-14,00Z-ECE,GWUS
2023-12-15,18.784,-6.259,-0.432,-0.66,-0.47,2023-12-15,00Z-ECE,GWUS
2023-12-16,19.598,-6.565,-0.349,-0.405,0.0,2023-12-15,00Z-ECE,GWUS
2023-12-17,19.077,-7.823,-0.26,-0.395,0.13,2023-12-15,00Z-ECE,GWUS
2023-12-18,23.12,-4.056,-0.512,-0.259,1.179,2023-12-15,00Z-ECE,GWUS
2023-12-19,27.137,0.871,0.17,-0.068,0.681,2023-12-15,00Z-ECE,GWUS
2023-12-20,23.48,-2.759,,-0.499,-1.63,2023-12-15,00Z-ECE,GWUS
2023-12-21,20.242,-6.051,,-1.092,-2.737,2023-12-15,00Z-ECE,GWUS
2023-12-22,18.987,-7.795,,-1.535,-3.142,2023-12-15,00Z-ECE,GWUS
2023-12-23,19.271,-8.93,,-1.242,-2.434,2023-12-15,00Z-ECE,GWUS
2023-12-24,20.565,-8.428,,-0.428,-0.689,2023-12-15,00Z-ECE,GWUS
2023-12-25,21.986,-6.537,,-0.304,0.753,2023-12-15,00Z-ECE,GWUS
2023-12-26,23.756,-3.896,,-0.768,1.733,2023-12-15,00Z-ECE,GWUS
2023-12-27,26.037,-0.187,,-0.1,2.003,2023-12-15,00Z-ECE,GWUS
2023-12-28,27.741,0.79,,1.313,2.176,2023-12-15,00Z-ECE,GWUS
2023-12-29,27.481,0.53,,,,2023-12-15,00Z-ECE,GWUS
2023-12-16,19.065,-7.098,-0.402,-0.454,-0.533,2023-12-16,00Z-ECE,GWUS
2023-12-17,18.769,-8.131,-0.032,-0.082,-0.308,2023-12-16,00Z-ECE,GWUS
2023-12-18,21.818,-5.357,-0.273,-0.515,-1.302,2023-12-16,00Z-ECE,GWUS
2023-12-19,26.974,0.708,0.095,0.03,-0.164,2023-12-16,00Z-ECE,GWUS
2023-12-20,23.787,-2.452,0.473,0.678,0.307,2023-12-16,00Z-ECE,GWUS
2023-12-21,21.161,-5.132,,0.519,0.918,2023-12-16,00Z-ECE,GWUS
2023-12-22,20.692,-6.09,,0.461,1.705,2023-12-16,00Z-ECE,GWUS
2023-12-23,20.455,-7.746,,0.528,1.185,2023-12-16,00Z-ECE,GWUS
2023-12-24,20.35,-8.643,,0.109,-0.215,2023-12-16,00Z-ECE,GWUS
2023-12-25,21.145,-7.378,,-0.111,-0.841,2023-12-16,00Z-ECE,GWUS
2023-12-26,23.009,-4.643,,0.208,-0.747,2023-12-16,00Z-ECE,GWUS
2023-12-27,25.505,-0.719,,0.796,-0.532,2023-12-16,00Z-ECE,GWUS
2023-12-28,26.941,-0.01,,0.918,-0.8,2023-12-16,00Z-ECE,GWUS
2023-12-29,27.426,0.175,,0.196,-0.513,2023-12-16,00Z-ECE,GWUS
2023-12-30,27.041,-0.21,,,,2023-12-16,00Z-ECE,GWUS
2023-12-17,18.713,-8.188,0.002,0.013,-0.056,2023-12-17,00Z-ECE,GWUS
2023-12-18,22.352,-4.823,0.057,0.183,0.534,2023-12-17,00Z-ECE,GWUS
2023-12-19,27.026,0.76,-0.048,-0.098,0.052,2023-12-17,00Z-ECE,GWUS
2023-12-20,23.654,-2.585,0.041,-0.081,-0.133,2023-12-17,00Z-ECE,GWUS
2023-12-21,20.962,-5.331,0.319,0.026,-0.199,2023-12-17,00Z-ECE,GWUS
2023-12-22,20.19,-6.593,,0.288,-0.502,2023-12-17,00Z-ECE,GWUS
2023-12-23,19.402,-8.799,,-0.1,-1.053,2023-12-17,00Z-ECE,GWUS
2023-12-24,18.704,-10.289,,-0.529,-1.646,2023-12-17,00Z-ECE,GWUS
2023-12-25,19.329,-9.19,,-0.669,-1.816,2023-12-17,00Z-ECE,GWUS
2023-12-26,21.471,-6.181,,-0.659,-1.538,2023-12-17,00Z-ECE,GWUS
2023-12-27,24.327,-1.897,,-0.691,-1.179,2023-12-17,00Z-ECE,GWUS
2023-12-28,26.476,-0.474,,-0.7,-0.464,2023-12-17,00Z-ECE,GWUS
2023-12-29,27.838,0.587,,-0.265,0.412,2023-12-17,00Z-ECE,GWUS
2023-12-30,27.881,0.093,,-0.286,0.459,2023-12-17,00Z-ECE,GWUS
2023-12-31,27.09,-0.698,,,,2023-12-17,00Z-ECE,GWUS
2023-12-18,22.488,-4.687,0.121,-0.004,0.136,2023-12-18,00Z-ECE,GWUS
2023-12-19,26.702,0.436,-0.277,-0.281,-0.324,2023-12-18,00Z-ECE,GWUS
2023-12-20,22.831,-3.408,-0.357,-0.477,-0.823,2023-12-18,00Z-ECE,GWUS
2023-12-21,21.551,-4.742,0.148,-0.051,0.589,2023-12-18,00Z-ECE,GWUS
2023-12-22,22.033,-4.75,0.383,0.696,1.843,2023-12-18,00Z-ECE,GWUS
2023-12-23,21.031,-7.17,,0.52,1.629,2023-12-18,00Z-ECE,GWUS
2023-12-24,19.941,-9.052,,0.283,1.237,2023-12-18,00Z-ECE,GWUS
2023-12-25,20.024,-8.499,,-0.102,0.696,2023-12-18,00Z-ECE,GWUS
2023-12-26,21.156,-6.496,,-0.343,-0.315,2023-12-18,00Z-ECE,GWUS
2023-12-27,23.16,-3.064,,-0.662,-1.166,2023-12-18,00Z-ECE,GWUS
2023-12-28,25.989,-0.962,,-0.782,-0.488,2023-12-18,00Z-ECE,GWUS
2023-12-29,28.074,0.823,,-1.398,0.236,2023-12-18,00Z-ECE,GWUS
2023-12-30,28.485,0.697,,-1.734,0.604,2023-12-18,00Z-ECE,GWUS
2023-12-31,28.203,-0.081,,-1.474,0.624,2023-12-18,00Z-ECE,GWUS
2024-01-01,27.796,-0.488,,,,2023-12-18,00Z-ECE,GWUS
2023-12-19,26.223,-0.043,-0.452,-0.52,-0.479,2023-12-19,00Z-ECE,GWUS
2023-12-20,22.612,-3.626,-0.184,-0.289,-0.218,2023-12-19,00Z-ECE,GWUS
2023-12-21,21.651,-4.641,-0.146,-0.388,0.101,2023-12-19,00Z-ECE,GWUS
2023-12-22,21.118,-5.665,-0.713,-1.459,-0.915,2023-12-19,00Z-ECE,GWUS
2023-12-23,19.109,-9.092,-0.862,-1.999,-1.922,2023-12-19,00Z-ECE,GWUS
2023-12-24,17.368,-11.625,,-2.151,-2.573,2023-12-19,00Z-ECE,GWUS
2023-12-25,17.509,-11.014,,-2.019,-2.515,2023-12-19,00Z-ECE,GWUS
2023-12-26,19.437,-8.215,,-1.06,-1.72,2023-12-19,00Z-ECE,GWUS
2023-12-27,22.697,-3.527,,-0.327,-0.463,2023-12-19,00Z-ECE,GWUS
2023-12-28,26.269,-0.682,,0.335,0.28,2023-12-19,00Z-ECE,GWUS
2023-12-29,28.079,0.828,,0.906,0.005,2023-12-19,00Z-ECE,GWUS
2023-12-30,28.008,0.22,,0.591,-0.477,2023-12-19,00Z-ECE,GWUS
2023-12-31,27.384,-0.9,,0.171,-0.819,2023-12-19,00Z-ECE,GWUS
2024-01-01,27.441,-1.212,,0.242,-0.929,2023-12-19,00Z-ECE,GWUS
2024-01-02,27.525,-1.128,,,,2023-12-19,00Z-ECE,GWUS
2023-12-20,22.393,-3.846,-0.273,-0.307,-0.219,2023-12-20,00Z-ECE,GWUS
2023-12-21,21.466,-4.827,-0.401,-0.344,-0.186,2023-12-20,00Z-ECE,GWUS
2023-12-22,20.663,-6.119,-0.391,-0.548,-0.454,2023-12-20,00Z-ECE,GWUS
2023-12-23,18.602,-9.599,-0.473,-0.447,-0.507,2023-12-20,00Z-ECE,GWUS
2023-12-24,17.033,-11.96,-0.269,-0.308,-0.335,2023-12-20,00Z-ECE,GWUS
2023-12-25,17.883,-10.64,,-0.193,0.374,2023-12-20,00Z-ECE,GWUS
2023-12-26,19.875,-7.777,,-0.535,0.438,2023-12-20,00Z-ECE,GWUS
2023-12-27,21.974,-4.25,,-1.164,-0.723,2023-12-20,00Z-ECE,GWUS
2023-12-28,24.931,-2.019,,-1.087,-1.338,2023-12-20,00Z-ECE,GWUS
2023-12-29,27.463,0.212,,-0.44,-0.616,2023-12-20,00Z-ECE,GWUS
2023-12-30,28.423,0.635,,-0.112,0.415,2023-12-20,00Z-ECE,GWUS
2023-12-31,28.236,-0.048,,-0.434,0.853,2023-12-20,00Z-ECE,GWUS
2024-01-01,27.924,-0.728,,-0.659,0.484,2023-12-20,00Z-ECE,GWUS
2024-01-02,27.709,-0.856,,-0.979,-0.33,2023-12-20,00Z-ECE,GWUS
2024-01-03,27.844,-0.72,,,,2023-12-20,00Z-ECE,GWUS
2023-12-21,20.895,-5.398,-0.336,-0.348,-0.571,2023-12-21,00Z-ECE,GWUS
2023-12-22,20.068,-6.715,-0.42,-0.425,-0.596,2023-12-21,00Z-ECE,GWUS
2023-12-23,18.331,-9.87,-0.048,-0.115,-0.271,2023-12-21,00Z-ECE,GWUS
2023-12-24,16.873,-12.12,-0.219,0.029,-0.16,2023-12-21,00Z-ECE,GWUS
2023-12-25,17.653,-10.87,0.155,-0.167,-0.23,2023-12-21,00Z-ECE,GWUS
2023-12-26,18.765,-8.887,,-0.448,-1.11,2023-12-21,00Z-ECE,GWUS
2023-12-27,19.943,-6.282,,-0.94,-2.032,2023-12-21,00Z-ECE,GWUS
2023-12-28,22.463,-4.487,,-0.747,-2.468,2023-12-21,00Z-ECE,GWUS
2023-12-29,25.74,-1.511,,0.398,-1.723,2023-12-21,00Z-ECE,GWUS
2023-12-30,27.293,-0.495,,0.834,-1.13,2023-12-21,00Z-ECE,GWUS
2023-12-31,27.548,-0.737,,0.78,-0.689,2023-12-21,00Z-ECE,GWUS
2024-01-01,28.14,-0.513,,0.637,0.216,2023-12-21,00Z-ECE,GWUS
2024-01-02,28.975,0.41,,0.529,1.266,2023-12-21,00Z-ECE,GWUS
2024-01-03,28.759,-0.153,,0.044,0.482,2023-12-21,00Z-ECE,GWUS
2024-01-04,28.21,-0.703,,,,2023-12-21,00Z-ECE,GWUS
2023-12-22,19.842,-6.941,-0.152,-0.146,-0.226,2023-12-22,00Z-ECE,GWUS
2023-12-23,17.991,-10.21,-0.206,-0.298,-0.341,2023-12-22,00Z-ECE,GWUS
2023-12-24,16.822,-12.171,-0.146,-0.294,-0.051,2023-12-22,00Z-ECE,GWUS
2023-12-25,18.544,-9.979,-0.021,-0.104,0.891,2023-12-22,00Z-ECE,GWUS
2023-12-26,20.119,-7.533,0.553,0.428,1.354,2023-12-22,00Z-ECE,GWUS
2023-12-27,21.36,-4.864,,0.413,1.418,2023-12-22,00Z-ECE,GWUS
2023-12-28,23.897,-3.054,,-0.437,1.434,2023-12-22,00Z-ECE,GWUS
2023-12-29,26.445,-0.806,,-0.672,0.705,2023-12-22,00Z-ECE,GWUS
2023-12-30,27.896,0.108,,-0.523,0.603,2023-12-22,00Z-ECE,GWUS
2023-12-31,28.129,-0.155,,-0.38,0.582,2023-12-22,00Z-ECE,GWUS
2024-01-01,28.182,-0.471,,-0.235,0.042,2023-12-22,00Z-ECE,GWUS
2024-01-02,28.423,-0.142,,0.048,-0.552,2023-12-22,00Z-ECE,GWUS
2024-01-03,29.072,0.159,,0.514,0.313,2023-12-22,00Z-ECE,GWUS
2024-01-04,29.451,0.13,,0.324,0.698,2023-12-22,00Z-ECE,GWUS
2024-01-05,28.607,-0.714,,,,2023-12-22,00Z-ECE,GWUS
2023-12-23,17.843,-10.358,-0.342,-0.117,-0.148,2023-12-23,00Z-ECE,GWUS
2023-12-24,16.897,-12.096,-0.062,0.078,0.075,2023-12-23,00Z-ECE,GWUS
2023-12-25,18.533,-9.99,-0.131,0.108,-0.012,2023-12-23,00Z-ECE,GWUS
2023-12-26,20.18,-7.472,0.208,0.355,0.061,2023-12-23,00Z-ECE,GWUS
2023-12-27,21.371,-4.894,0.563,0.63,0.01,2023-12-23,00Z-ECE,GWUS
2023-12-28,24.746,-2.205,,0.475,0.849,2023-12-23,00Z-ECE,GWUS
2023-12-29,27.724,0.473,,-0.405,1.28,2023-12-23,00Z-ECE,GWUS
2023-12-30,29.898,2.11,,-0.433,2.002,2023-12-23,00Z-ECE,GWUS
2023-12-31,30.211,1.927,,-0.221,2.082,2023-12-23,00Z-ECE,GWUS
2024-01-01,29.725,1.072,,0.319,1.543,2023-12-23,00Z-ECE,GWUS
2024-01-02,30.115,1.551,,1.751,1.693,2023-12-23,00Z-ECE,GWUS
2024-01-03,30.738,1.826,,3.026,1.666,2023-12-23,00Z-ECE,GWUS
2024-01-04,31.102,1.781,,2.823,1.651,2023-12-23,00Z-ECE,GWUS
2024-01-05,30.609,0.951,,1.496,1.602,2023-12-23,00Z-ECE,GWUS
2024-01-06,28.834,-0.823,,,,2023-12-23,00Z-ECE,GWUS
2023-12-24,16.958,-12.035,-0.14,0.036,0.061,2023-12-24,00Z-ECE,GWUS
2023-12-25,18.503,-10.02,-0.113,0.112,-0.03,2023-12-24,00Z-ECE,GWUS
2023-12-26,19.512,-8.14,-0.163,0.167,-0.668,2023-12-24,00Z-ECE,GWUS
2023-12-27,20.754,-5.47,-0.047,-0.048,-0.617,2023-12-24,00Z-ECE,GWUS
2023-12-28,23.979,-2.971,-0.18,-0.537,-0.766,2023-12-24,00Z-ECE,GWUS
2023-12-29,27.136,-0.114,,-0.657,-0.588,2023-12-24,00Z-ECE,GWUS
2023-12-30,28.587,0.799,,-1.53,-1.311,2023-12-24,00Z-ECE,GWUS
2023-12-31,28.484,0.2,,-1.969,-1.727,2023-12-24,00Z-ECE,GWUS
2024-01-01,28.163,-0.49,,-1.285,-1.562,2023-12-24,00Z-ECE,GWUS
2024-01-02,28.296,-0.269,,-0.801,-1.819,2023-12-24,00Z-ECE,GWUS
2024-01-03,28.962,0.049,,-0.074,-1.776,2023-12-24,00Z-ECE,GWUS
2024-01-04,30.281,0.96,,-0.143,-0.821,2023-12-24,00Z-ECE,GWUS
2024-01-05,30.681,1.023,,-0.613,0.072,2023-12-24,00Z-ECE,GWUS
2024-01-06,30.204,0.137,,-0.373,0.699,2023-12-24,00Z-ECE,GWUS
2024-01-07,29.462,-0.605,,,,2023-12-24,00Z-ECE,GWUS
2023-12-25,18.67,-9.853,-0.116,0.065,0.166,2023-12-25,00Z-ECE,GWUS
2023-12-26,20.19,-7.462,0.029,0.175,0.678,2023-12-25,00Z-ECE,GWUS
2023-12-27,20.445,-5.78,0.094,-0.292,-0.31,2023-12-25,00Z-ECE,GWUS
2023-12-28,23.393,-3.558,-0.083,-0.571,-0.586,2023-12-25,00Z-ECE,GWUS
2023-12-29,26.01,-1.241,-0.284,-0.442,-1.127,2023-12-25,00Z-ECE,GWUS
2023-12-30,27.73,-0.058,,-0.359,-0.857,2023-12-25,00Z-ECE,GWUS
2023-12-31,27.545,-0.739,,-0.272,-0.939,2023-12-25,00Z-ECE,GWUS
2024-01-01,27.524,-1.129,,0.156,-0.639,2023-12-25,00Z-ECE,GWUS
2024-01-02,28.239,-0.326,,0.486,-0.057,2023-12-25,00Z-ECE,GWUS
2024-01-03,28.621,-0.292,,0.642,-0.341,2023-12-25,00Z-ECE,GWUS
2024-01-04,29.904,0.583,,0.456,-0.377,2023-12-25,00Z-ECE,GWUS
2024-01-05,30.469,0.812,,0.216,-0.212,2023-12-25,00Z-ECE,GWUS
2024-01-06,29.863,-0.204,,0.076,-0.341,2023-12-25,00Z-ECE,GWUS
2024-01-07,29.484,0.007,,-0.3,-0.486,2023-12-25,00Z-ECE,GWUS
2024-01-08,28.292,-1.184,,,,2023-12-25,00Z-ECE,GWUS
2023-12-26,20.453,-7.199,-0.016,0.134,0.263,2023-12-26,00Z-ECE,GWUS
2023-12-27,20.616,-5.608,-0.054,-0.022,0.172,2023-12-26,00Z-ECE,GWUS
2023-12-28,22.642,-4.308,-0.193,-0.326,-0.751,2023-12-26,00Z-ECE,GWUS
2023-12-29,24.601,-2.65,-0.361,-0.739,-1.409,2023-12-26,00Z-ECE,GWUS
2023-12-30,26.202,-1.585,-0.442,-0.595,-1.528,2023-12-26,00Z-ECE,GWUS
2023-12-31,26.652,-1.632,,-0.214,-0.893,2023-12-26,00Z-ECE,GWUS
2024-01-01,28.49,-0.163,,0.692,0.966,2023-12-26,00Z-ECE,GWUS
2024-01-02,28.989,0.424,,1.025,0.75,2023-12-26,00Z-ECE,GWUS
2024-01-03,27.487,-1.426,,0.177,-1.134,2023-12-26,00Z-ECE,GWUS
2024-01-04,27.57,-1.752,,-1.005,-2.334,2023-12-26,00Z-ECE,GWUS
2024-01-05,26.964,-2.693,,-1.732,-3.505,2023-12-26,00Z-ECE,GWUS
2024-01-06,26.755,-3.312,,-0.798,-3.108,2023-12-26,00Z-ECE,GWUS
2024-01-07,28.075,-1.401,,0.498,-1.408,2023-12-26,00Z-ECE,GWUS
2024-01-08,28.184,-0.522,,0.651,-0.617,2023-12-26,00Z-ECE,GWUS
2024-01-09,27.381,-1.325,,,,2023-12-26,00Z-ECE,GWUS
2023-12-27,20.561,-5.663,-0.147,-0.151,-0.055,2023-12-27,00Z-ECE,GWUS
2023-12-28,22.469,-4.482,-0.095,-0.23,-0.173,2023-12-27,00Z-ECE,GWUS
2023-12-29,24.068,-3.183,-0.053,-0.379,-0.533,2023-12-27,00Z-ECE,GWUS
2023-12-30,25.711,-2.077,-0.135,-0.352,-0.492,2023-12-27,00Z-ECE,GWUS
2023-12-31,26.355,-1.93,-0.313,-0.274,-0.298,2023-12-27,00Z-ECE,GWUS
2024-01-01,28.549,-0.104,,0.03,0.059,2023-12-27,00Z-ECE,GWUS
2024-01-02,29.351,0.786,,0.514,0.362,2023-12-27,00Z-ECE,GWUS
2024-01-03,27.838,-1.074,,0.595,0.351,2023-12-27,00Z-ECE,GWUS
2024-01-04,28.692,-0.629,,1.168,1.122,2023-12-27,00Z-ECE,GWUS
2024-01-05,30.218,0.56,,1.973,3.254,2023-12-27,00Z-ECE,GWUS
2024-01-06,31.321,1.254,,1.793,4.566,2023-12-27,00Z-ECE,GWUS
2024-01-07,31.644,2.168,,0.923,3.569,2023-12-27,00Z-ECE,GWUS
2024-01-08,29.789,1.083,,-0.841,1.605,2023-12-27,00Z-ECE,GWUS
2024-01-09,28.338,-0.089,,-1.649,0.364,2023-12-27,00Z-ECE,GWUS
2024-01-10,27.998,-0.43,,,,2023-12-27,00Z-ECE,GWUS
2023-12-28,22.277,-4.673,-0.061,-0.064,-0.192,2023-12-28,00Z-ECE,GWUS
2023-12-29,23.922,-3.329,0.001,-0.041,-0.146,2023-12-28,00Z-ECE,GWUS
2023-12-30,25.336,-2.452,-0.212,-0.172,-0.375,2023-12-28,00Z-ECE,GWUS
2023-12-31,25.984,-2.3,-0.232,-0.075,-0.371,2023-12-28,00Z-ECE,GWUS
2024-01-01,27.776,-0.877,0.022,0.326,-0.773,2023-12-28,00Z-ECE,GWUS
2024-01-02,28.533,-0.031,,0.798,-0.817,2023-12-28,00Z-ECE,GWUS
2024-01-03,27.84,-1.072,,0.5,0.002,2023-12-28,00Z-ECE,GWUS
2024-01-04,29.194,-0.127,,-0.234,0.502,2023-12-28,00Z-ECE,GWUS
2024-01-05,29.621,-0.036,,-0.917,-0.597,2023-12-28,00Z-ECE,GWUS
2024-01-06,29.34,-0.727,,-0.675,-1.981,2023-12-28,00Z-ECE,GWUS
2024-01-07,29.924,0.448,,-0.683,-1.72,2023-12-28,00Z-ECE,GWUS
2024-01-08,28.841,0.136,,-1.128,-0.948,2023-12-28,00Z-ECE,GWUS
2024-01-09,28.015,-0.412,,-1.176,-0.323,2023-12-28,00Z-ECE,GWUS
2024-01-10,29.759,2.209,,0.4,0.824,2023-12-28,00Z-ECE,GWUS
2024-01-11,30.623,3.073,,,,2023-12-28,00Z-ECE,GWUS
2023-12-29,23.808,-3.442,-0.281,-0.103,-0.113,2023-12-29,00Z-ECE,GWUS
2023-12-30,25.288,-2.5,-0.063,-0.076,-0.048,2023-12-29,00Z-ECE,GWUS
2023-12-31,26.013,-2.271,-0.019,0.112,0.029,2023-12-29,00Z-ECE,GWUS
2024-01-01,27.465,-1.188,-0.25,-0.444,-0.31,2023-12-29,00Z-ECE,GWUS
2024-01-02,27.601,-0.964,-0.533,-0.839,-0.933,2023-12-29,00Z-ECE,GWUS
2024-01-03,26.93,-1.983,,-0.7,-0.91,2023-12-29,00Z-ECE,GWUS
2024-01-04,29.744,0.423,,-0.095,0.55,2023-12-29,00Z-ECE,GWUS
2024-01-05,30.808,1.17,,0.195,1.187,2023-12-29,00Z-ECE,GWUS
2024-01-06,30.184,0.117,,0.034,0.844,2023-12-29,00Z-ECE,GWUS
2024-01-07,30.355,0.879,,-0.11,0.431,2023-12-29,00Z-ECE,GWUS
2024-01-08,28.563,-0.143,,-0.452,-0.278,2023-12-29,00Z-ECE,GWUS
2024-01-09,28.388,-0.039,,0.246,0.373,2023-12-29,00Z-ECE,GWUS
2024-01-10,30.677,3.127,,1.265,0.918,2023-12-29,00Z-ECE,GWUS
2024-01-11,32.793,5.847,,1.045,1.41,2023-12-29,00Z-ECE,GWUS
2024-01-12,31.49,4.544,,,,2023-12-29,00Z-ECE,GWUS
2023-12-30,24.878,-2.91,-0.242,-0.321,-0.41,2023-12-30,00Z-ECE,GWUS
2023-12-31,25.717,-2.567,-0.147,-0.217,-0.296,2023-12-30,00Z-ECE,GWUS
2024-01-01,27.363,-1.29,0.003,0.029,-0.103,2023-12-30,00Z-ECE,GWUS
2024-01-02,27.897,-0.667,-0.008,0.005,0.296,2023-12-30,00Z-ECE,GWUS
2024-01-03,27.163,-1.749,-0.135,-0.258,0.234,2023-12-30,00Z-ECE,GWUS
2024-01-04,29.429,0.108,,-0.285,-0.315,2023-12-30,00Z-ECE,GWUS
2024-01-05,29.562,-0.096,,-0.664,-1.246,2023-12-30,00Z-ECE,GWUS
2024-01-06,27.508,-2.559,,-0.941,-2.676,2023-12-30,00Z-ECE,GWUS
2024-01-07,28.047,-1.43,,-0.492,-2.309,2023-12-30,00Z-ECE,GWUS
2024-01-08,26.84,-1.865,,-0.6,-1.723,2023-12-30,00Z-ECE,GWUS
2024-01-09,27.562,-0.865,,0.389,-0.826,2023-12-30,00Z-ECE,GWUS
2024-01-10,31.075,3.525,,0.135,0.398,2023-12-30,00Z-ECE,GWUS
2024-01-11,32.568,5.622,,-0.704,-0.226,2023-12-30,00Z-ECE,GWUS
2024-01-12,30.611,2.288,,-0.961,-1.249,2023-12-30,00Z-ECE,GWUS
2024-01-13,28.406,0.084,,,,2023-12-30,00Z-ECE,GWUS
2023-12-31,25.533,-2.751,-0.256,-0.24,-0.184,2023-12-31,00Z-ECE,GWUS
2024-01-01,27.189,-1.464,-0.121,-0.271,-0.173,2023-12-31,00Z-ECE,GWUS
2024-01-02,27.877,-0.687,-0.114,-0.122,-0.02,2023-12-31,00Z-ECE,GWUS
2024-01-03,27.349,-1.564,-0.091,-0.099,0.186,2023-12-31,00Z-ECE,GWUS
2024-01-04,30.012,0.691,0.216,0.19,0.583,2023-12-31,00Z-ECE,GWUS
2024-01-05,29.586,-0.072,,0.061,0.024,2023-12-31,00Z-ECE,GWUS
2024-01-06,27.853,-2.214,,0.031,0.345,2023-12-31,00Z-ECE,GWUS
2024-01-07,27.876,-1.601,,-0.205,-0.171,2023-12-31,00Z-ECE,GWUS
2024-01-08,27.285,-1.421,,-0.351,0.444,2023-12-31,00Z-ECE,GWUS
2024-01-09,28.56,0.132,,-0.951,0.997,2023-12-31,00Z-ECE,GWUS
2024-01-10,32.531,4.981,,-0.948,1.456,2023-12-31,00Z-ECE,GWUS
2024-01-11,34.034,7.088,,-1.075,1.466,2023-12-31,00Z-ECE,GWUS
2024-01-12,32.597,4.274,,-1.241,1.986,2023-12-31,00Z-ECE,GWUS
2024-01-13,31.753,2.187,,-0.31,2.709,2023-12-31,00Z-ECE,GWUS
2024-01-14,31.379,1.812,,,,2023-12-31,00Z-ECE,GWUS
2024-01-01,27.179,-1.474,,-0.026,-0.01,2024-01-01,00Z-ECE,GWUS
2024-01-02,27.729,-0.835,,-0.181,-0.148,2024-01-01,00Z-ECE,GWUS
2024-01-03,27.215,-1.698,,-0.122,-0.134,2024-01-01,00Z-ECE,GWUS
2024-01-04,29.818,0.497,,-0.436,-0.194,2024-01-01,00Z-ECE,GWUS
2024-01-05,29.234,-0.423,,-0.153,-0.351,2024-01-01,00Z-ECE,GWUS
2024-01-06,28.057,-2.01,,0.618,0.204,2024-01-01,00Z-ECE,GWUS
2024-01-07,28.432,-1.044,,0.299,0.557,2024-01-01,00Z-ECE,GWUS
2024-01-08,27.658,-1.047,,-1.238,0.374,2024-01-01,00Z-ECE,GWUS
2024-01-09,27.684,-0.744,,-2.604,-0.876,2024-01-01,00Z-ECE,GWUS
2024-01-10,30.574,3.023,,-3.724,-1.958,2024-01-01,00Z-ECE,GWUS
2024-01-11,33.072,6.126,,-2.987,-0.962,2024-01-01,00Z-ECE,GWUS
2024-01-12,33.972,5.65,,-0.953,1.376,2024-01-01,00Z-ECE,GWUS
2024-01-13,35.346,5.78,,0.861,3.593,2024-01-01,00Z-ECE,GWUS
2024-01-14,35.562,5.459,,0.889,3.569,2024-01-01,00Z-ECE,GWUS
2024-01-15,33.11,3.007,,,,2024-01-01,00Z-ECE,GWUS
2024-01-02,27.991,-0.573,-0.014,0.292,0.262,2024-01-02,00Z-ECE,GWUS
2024-01-03,27.153,-1.76,-0.039,0.088,-0.062,2024-01-02,00Z-ECE,GWUS
2024-01-04,29.137,-0.184,-0.089,-0.125,-0.682,2024-01-02,00Z-ECE,GWUS
2024-01-05,28.934,-0.723,-0.417,-0.022,-0.3,2024-01-02,00Z-ECE,GWUS
2024-01-06,27.819,-2.248,-0.316,0.022,-0.238,2024-01-02,00Z-ECE,GWUS
2024-01-07,28.235,-1.241,,-0.133,-0.197,2024-01-02,00Z-ECE,GWUS
2024-01-08,27.362,-1.343,,-0.453,-0.296,2024-01-02,00Z-ECE,GWUS
2024-01-09,27.142,-1.285,,-1.726,-0.542,2024-01-02,00Z-ECE,GWUS
2024-01-10,28.912,1.362,,-3.655,-1.662,2024-01-02,00Z-ECE,GWUS
2024-01-11,30.382,3.436,,-3.541,-2.69,2024-01-02,00Z-ECE,GWUS
2024-01-12,31.394,3.072,,-2.158,-2.578,2024-01-02,00Z-ECE,GWUS
2024-01-13,33.525,3.959,,-1.224,-1.821,2024-01-02,00Z-ECE,GWUS
2024-01-14,34.476,4.373,,-1.257,-1.086,2024-01-02,00Z-ECE,GWUS
2024-01-15,33.008,2.765,,-1.4,-0.695,2024-01-02,00Z-ECE,GWUS
2024-01-16,31.284,1.041,,,,2024-01-02,00Z-ECE,GWUS
2024-01-03,27.249,-1.663,0.092,0.161,0.096,2024-01-03,00Z-ECE,GWUS
2024-01-04,29.25,-0.071,0.058,0.16,0.113,2024-01-03,00Z-ECE,GWUS
2024-01-05,28.764,-0.894,-0.084,0.086,-0.171,2024-01-03,00Z-ECE,GWUS
2024-01-06,27.234,-2.833,-0.426,-0.421,-0.585,2024-01-03,00Z-ECE,GWUS
2024-01-07,28.086,-1.39,-0.272,-0.255,-0.149,2024-01-03,00Z-ECE,GWUS
2024-01-08,27.425,-1.28,,-0.205,0.063,2024-01-03,00Z-ECE,GWUS
2024-01-09,26.858,-1.57,,-0.283,-0.284,2024-01-03,00Z-ECE,GWUS
2024-01-10,27.91,0.36,,0.005,-1.002,2024-01-03,00Z-ECE,GWUS
2024-01-11,29.052,2.106,,-0.813,-1.33,2024-01-03,00Z-ECE,GWUS
2024-01-12,29.915,1.593,,-1.421,-1.479,2024-01-03,00Z-ECE,GWUS
2024-01-13,31.939,2.373,,-2.372,-1.586,2024-01-03,00Z-ECE,GWUS
2024-01-14,33.778,3.675,,-2.06,-0.698,2024-01-03,00Z-ECE,GWUS
2024-01-15,33.703,3.46,,-1.271,0.695,2024-01-03,00Z-ECE,GWUS
2024-01-16,32.529,2.264,,-0.725,0.684,2024-01-03,00Z-ECE,GWUS
2024-01-17,31.112,0.846,,,,2024-01-03,00Z-ECE,GWUS
2024-01-04,29.224,-0.097,-0.084,0.132,-0.025,2024-01-04,00Z-ECE,GWUS
2024-01-05,28.627,-1.03,-0.122,-0.027,-0.136,2024-01-04,00Z-ECE,GWUS
2024-01-06,27.241,-2.826,-0.164,-0.119,0.007,2024-01-04,00Z-ECE,GWUS
2024-01-07,27.872,-1.604,-0.57,-0.518,-0.214,2024-01-04,00Z-ECE,GWUS
2024-01-08,27.238,-1.467,-0.413,-0.393,-0.187,2024-01-04,00Z-ECE,GWUS
2024-01-09,26.648,-1.779,,0.36,-0.209,2024-01-04,00Z-ECE,GWUS
2024-01-10,27.696,0.146,,0.162,-0.214,2024-01-04,00Z-ECE,GWUS
2024-01-11,28.401,1.454,,-0.353,-0.652,2024-01-04,00Z-ECE,GWUS
2024-01-12,30.295,1.97,,0.244,0.38,2024-01-04,00Z-ECE,GWUS
2024-01-13,32.94,3.374,,0.577,1.001,2024-01-04,00Z-ECE,GWUS
2024-01-14,35.857,5.754,,1.785,2.079,2024-01-04,00Z-ECE,GWUS
2024-01-15,36.303,6.06,,2.513,2.6,2024-01-04,00Z-ECE,GWUS
2024-01-16,34.346,4.081,,1.496,1.817,2024-01-04,00Z-ECE,GWUS
2024-01-17,33.438,2.891,,1.851,1.689,2024-01-04,00Z-ECE,GWUS
2024-01-18,32.753,2.206,,,,2024-01-04,00Z-ECE,GWUS
2024-01-05,28.554,-1.103,0.03,0.328,-0.073,2024-01-05,00Z-ECE,GWUS
2024-01-06,27.334,-2.733,0.033,0.391,0.092,2024-01-05,00Z-ECE,GWUS
2024-01-07,27.944,-1.532,-0.065,0.363,0.072,2024-01-05,00Z-ECE,GWUS
2024-01-08,27.117,-1.588,-0.092,0.235,-0.121,2024-01-05,00Z-ECE,GWUS
2024-01-09,26.226,-2.201,0.136,0.064,-0.422,2024-01-05,00Z-ECE,GWUS
2024-01-10,27.037,-0.513,,-0.169,-0.66,2024-01-05,00Z-ECE,GWUS
2024-01-11,28.554,1.608,,0.192,0.154,2024-01-05,00Z-ECE,GWUS
2024-01-12,30.603,2.28,,-0.246,0.308,2024-01-05,00Z-ECE,GWUS
2024-01-13,32.243,2.677,,0.098,-0.697,2024-01-05,00Z-ECE,GWUS
2024-01-14,33.868,3.765,,0.588,-1.989,2024-01-05,00Z-ECE,GWUS
2024-01-15,35.226,4.982,,-0.399,-1.077,2024-01-05,00Z-ECE,GWUS
2024-01-16,35.801,5.536,,0.603,1.455,2024-01-05,00Z-ECE,GWUS
2024-01-17,35.8,5.253,,1.163,2.362,2024-01-05,00Z-ECE,GWUS
2024-01-18,35.035,4.661,,0.558,1.769,2024-01-05,00Z-ECE,GWUS
2024-01-19,33.23,2.856,,,,2024-01-05,00Z-ECE,GWUS
2024-01-06,27.383,-2.684,0.03,0.204,0.05,2024-01-06,00Z-ECE,GWUS
2024-01-07,28.182,-1.294,0.044,0.194,0.238,2024-01-06,00Z-ECE,GWUS
2024-01-08,27.536,-1.17,0.019,0.187,0.418,2024-01-06,00Z-ECE,GWUS
2024-01-09,26.087,-2.34,-0.074,-0.41,-0.139,2024-01-06,00Z-ECE,GWUS
2024-01-10,25.882,-1.668,-0.415,-1.125,-1.155,2024-01-06,00Z-ECE,GWUS
2024-01-11,28.342,1.395,,-0.412,-0.213,2024-01-06,00Z-ECE,GWUS
2024-01-12,32.173,3.851,,-0.025,1.57,2024-01-06,00Z-ECE,GWUS
2024-01-13,36.249,6.682,,0.196,4.005,2024-01-06,00Z-ECE,GWUS
2024-01-14,39.474,9.372,,1.87,5.606,2024-01-06,00Z-ECE,GWUS
2024-01-15,39.752,9.508,,1.801,4.526,2024-01-06,00Z-ECE,GWUS
2024-01-16,39.653,9.387,,2.001,3.851,2024-01-06,00Z-ECE,GWUS
2024-01-17,37.612,7.066,,0.295,1.813,2024-01-06,00Z-ECE,GWUS
2024-01-18,35.52,5.146,,-1.2,0.485,2024-01-06,00Z-ECE,GWUS
2024-01-19,34.889,4.662,,-0.445,1.001,2024-01-06,00Z-ECE,GWUS
2024-01-20,34.325,4.098,,,,2024-01-06,00Z-ECE,GWUS
2024-01-07,28.238,-1.239,0.124,0.305,0.055,2024-01-07,00Z-ECE,GWUS
2024-01-08,27.508,-1.198,-0.041,0.102,-0.028,2024-01-07,00Z-ECE,GWUS
2024-01-09,26.164,-2.263,-0.008,0.157,0.077,2024-01-07,00Z-ECE,GWUS
2024-01-10,26.464,-1.086,0.058,0.405,0.582,2024-01-07,00Z-ECE,GWUS
2024-01-11,27.79,0.844,-0.633,-0.067,-0.552,2024-01-07,00Z-ECE,GWUS
2024-01-12,31.184,2.862,,-0.096,-0.989,2024-01-07,00Z-ECE,GWUS
2024-01-13,35.54,5.974,,-0.472,-0.708,2024-01-07,00Z-ECE,GWUS
2024-01-14,39.005,8.903,,0.023,-0.469,2024-01-07,00Z-ECE,GWUS
2024-01-15,39.594,9.351,,-0.013,-0.158,2024-01-07,00Z-ECE,GWUS
2024-01-16,39.559,9.293,,-0.49,-0.094,2024-01-07,00Z-ECE,GWUS
2024-01-17,38.797,8.25,,-0.095,1.185,2024-01-07,00Z-ECE,GWUS
2024-01-18,37.159,6.785,,0.066,1.64,2024-01-07,00Z-ECE,GWUS
2024-01-19,35.135,4.908,,-1.151,0.247,2024-01-07,00Z-ECE,GWUS
2024-01-20,33.558,3.204,,-0.957,-1.279,2024-01-07,00Z-ECE,GWUS
2024-01-21,31.148,0.794,,,,2024-01-07,00Z-ECE,GWUS
2024-01-08,27.419,-1.287,-0.18,-0.113,-0.089,2024-01-08,00Z-ECE,GWUS
2024-01-09,26.316,-2.112,-0.035,-0.011,0.151,2024-01-08,00Z-ECE,GWUS
2024-01-10,26.659,-0.891,0.06,0.505,0.195,2024-01-08,00Z-ECE,GWUS
2024-01-11,26.971,0.025,-0.146,-0.361,-0.819,2024-01-08,00Z-ECE,GWUS
2024-01-12,28.55,0.228,-0.226,-0.476,-2.634,2024-01-08,00Z-ECE,GWUS
2024-01-13,32.518,2.951,,-1.305,-3.023,2024-01-08,00Z-ECE,GWUS
2024-01-14,38.333,8.23,,-0.935,-0.673,2024-01-08,00Z-ECE,GWUS
2024-01-15,39.813,9.569,,0.028,0.219,2024-01-08,00Z-ECE,GWUS
2024-01-16,41.014,10.748,,1.482,1.455,2024-01-08,00Z-ECE,GWUS
2024-01-17,39.09,8.543,,1.174,0.293,2024-01-08,00Z-ECE,GWUS
2024-01-18,34.976,4.602,,-1.296,-2.183,2024-01-08,00Z-ECE,GWUS
2024-01-19,34.525,4.298,,-0.565,-0.611,2024-01-08,00Z-ECE,GWUS
2024-01-20,33.836,3.482,,-0.508,0.278,2024-01-08,00Z-ECE,GWUS
2024-01-21,31.289,1.655,,-1.193,-0.201,2024-01-08,00Z-ECE,GWUS
2024-01-22,28.77,-0.864,,,,2024-01-08,00Z-ECE,GWUS
2024-01-09,26.186,-2.241,0.06,0.017,-0.13,2024-01-09,00Z-ECE,GWUS
2024-01-10,26.601,-0.949,-0.064,-0.056,-0.058,2024-01-09,00Z-ECE,GWUS
2024-01-11,27.151,0.205,-0.076,-0.049,0.18,2024-01-09,00Z-ECE,GWUS
2024-01-12,28.831,0.509,0.068,-0.396,0.281,2024-01-09,00Z-ECE,GWUS
2024-01-13,33.517,3.951,0.744,0.608,0.999,2024-01-09,00Z-ECE,GWUS
2024-01-14,40.004,9.901,,1.082,1.672,2024-01-09,00Z-ECE,GWUS
2024-01-15,42.502,12.259,,0.266,2.69,2024-01-09,00Z-ECE,GWUS
2024-01-16,44.087,13.821,,0.576,3.073,2024-01-09,00Z-ECE,GWUS
2024-01-17,41.232,10.685,,0.404,2.142,2024-01-09,00Z-ECE,GWUS
2024-01-18,36.425,6.052,,-0.174,1.449,2024-01-09,00Z-ECE,GWUS
2024-01-19,36.071,5.844,,-0.211,1.547,2024-01-09,00Z-ECE,GWUS
2024-01-20,38.008,7.654,,1.072,4.172,2024-01-09,00Z-ECE,GWUS
2024-01-21,36.625,6.991,,1.256,5.336,2024-01-09,00Z-ECE,GWUS
2024-01-22,33.575,4.329,,1.561,4.512,2024-01-09,00Z-ECE,GWUS
2024-01-23,30.388,1.141,,,,2024-01-09,00Z-ECE,GWUS
2024-01-10,26.532,-1.018,-0.302,-0.07,-0.069,2024-01-10,00Z-ECE,GWUS
2024-01-11,27.175,0.229,-0.354,-0.145,0.024,2024-01-10,00Z-ECE,GWUS
2024-01-12,28.549,0.226,-0.411,-0.397,-0.283,2024-01-10,00Z-ECE,GWUS
2024-01-13,32.847,3.28,0.105,-0.587,-0.67,2024-01-10,00Z-ECE,GWUS
2024-01-14,39.512,9.409,0.469,-1.147,-0.493,2024-01-10,00Z-ECE,GWUS
2024-01-15,43.911,13.668,,0.912,1.409,2024-01-10,00Z-ECE,GWUS
2024-01-16,45.717,15.451,,1.536,1.63,2024-01-10,00Z-ECE,GWUS
2024-01-17,41.394,10.847,,-1.04,0.162,2024-01-10,00Z-ECE,GWUS
2024-01-18,36.339,5.965,,-2.414,-0.086,2024-01-10,00Z-ECE,GWUS
2024-01-19,36.484,6.257,,-1.527,0.413,2024-01-10,00Z-ECE,GWUS
2024-01-20,38.318,7.964,,-0.178,0.31,2024-01-10,00Z-ECE,GWUS
2024-01-21,37.292,7.658,,0.043,0.668,2024-01-10,00Z-ECE,GWUS
2024-01-22,33.356,4.11,,-0.609,-0.218,2024-01-10,00Z-ECE,GWUS
2024-01-23,30.262,0.658,,-0.998,-0.364,2024-01-10,00Z-ECE,GWUS
2024-01-24,27.186,-2.418,,,,2024-01-10,00Z-ECE,GWUS
2024-01-11,26.795,-0.151,-0.069,-0.114,-0.38,2024-01-11,00Z-ECE,GWUS
2024-01-12,28.335,0.013,-0.073,-0.256,-0.214,2024-01-11,00Z-ECE,GWUS
2024-01-13,32.913,3.346,0.125,-0.131,0.066,2024-01-11,00Z-ECE,GWUS
2024-01-14,40.919,10.816,0.364,-0.026,1.408,2024-01-11,00Z-ECE,GWUS
2024-01-15,42.977,12.733,-0.356,-0.802,-0.935,2024-01-11,00Z-ECE,GWUS
2024-01-16,44.948,14.682,,-0.182,-0.769,2024-01-11,00Z-ECE,GWUS
2024-01-17,40.896,10.349,,-0.926,-0.498,2024-01-11,00Z-ECE,GWUS
2024-01-18,33.906,3.532,,-1.957,-2.433,2024-01-11,00Z-ECE,GWUS
2024-01-19,36.1,5.908,,-1.279,-0.385,2024-01-11,00Z-ECE,GWUS
2024-01-20,39.407,9.053,,-0.673,1.089,2024-01-11,00Z-ECE,GWUS
2024-01-21,37.442,7.808,,-1.173,0.15,2024-01-11,00Z-ECE,GWUS
2024-01-22,33.347,4.101,,-1.423,-0.009,2024-01-11,00Z-ECE,GWUS
2024-01-23,29.471,-0.133,,-1.883,-0.792,2024-01-11,00Z-ECE,GWUS
2024-01-24,27.132,-2.58,,-1.396,-0.422,2024-01-11,00Z-ECE,GWUS
2024-01-25,25.545,-4.166,,,,2024-01-11,00Z-ECE,GWUS
2024-01-12,28.664,0.342,-0.095,0.171,0.329,2024-01-12,00Z-ECE,GWUS
2024-01-13,33.23,3.663,-0.124,-0.036,0.317,2024-01-12,00Z-ECE,GWUS
2024-01-14,41.548,11.445,0.151,-0.009,0.629,2024-01-12,00Z-ECE,GWUS
2024-01-15,43.51,13.267,-0.278,-0.65,0.533,2024-01-12,00Z-ECE,GWUS
2024-01-16,45.128,14.863,-0.281,-0.499,0.18,2024-01-12,00Z-ECE,GWUS
2024-01-17,40.577,10.03,,-0.56,-0.32,2024-01-12,00Z-ECE,GWUS
2024-01-18,33.283,2.91,,-0.363,-0.623,2024-01-12,00Z-ECE,GWUS
2024-01-19,36.789,6.6,,2.118,0.689,2024-01-12,00Z-ECE,GWUS
2024-01-20,40.35,9.996,,2.179,0.943,2024-01-12,00Z-ECE,GWUS
2024-01-21,37.213,7.579,,0.803,-0.229,2024-01-12,00Z-ECE,GWUS
2024-01-22,31.214,1.968,,-0.676,-2.133,2024-01-12,00Z-ECE,GWUS
2024-01-23,26.638,-2.966,,-1.114,-2.832,2024-01-12,00Z-ECE,GWUS
2024-01-24,24.012,-5.699,,-0.971,-3.119,2024-01-12,00Z-ECE,GWUS
2024-01-25,23.034,-6.215,,-0.632,-3.033,2024-01-12,00Z-ECE,GWUS
2024-01-26,22.839,-6.409,,,,2024-01-12,00Z-ECE,GWUS
2024-01-13,33.555,3.988,0.126,0.315,0.325,2024-01-13,00Z-ECE,GWUS
2024-01-14,41.074,10.971,-0.099,-0.533,-0.474,2024-01-13,00Z-ECE,GWUS
2024-01-15,42.603,12.359,0.153,-0.39,-0.907,2024-01-13,00Z-ECE,GWUS
2024-01-16,43.738,13.473,-0.437,-0.917,-1.39,2024-01-13,00Z-ECE,GWUS
2024-01-17,39.711,9.164,-0.669,-0.814,-0.866,2024-01-13,00Z-ECE,GWUS
2024-01-18,34.131,3.758,,0.13,0.848,2024-01-13,00Z-ECE,GWUS
2024-01-19,38.611,8.384,,0.789,1.821,2024-01-13,00Z-ECE,GWUS
2024-01-20,41.642,11.289,,-0.447,1.292,2024-01-13,00Z-ECE,GWUS
2024-01-21,36.485,6.851,,-1.949,-0.728,2024-01-13,00Z-ECE,GWUS
2024-01-22,28.807,-0.44,,-2.48,-2.408,2024-01-13,00Z-ECE,GWUS
2024-01-23,24.215,-5.39,,-1.852,-2.424,2024-01-13,00Z-ECE,GWUS
2024-01-24,21.897,-7.814,,-1.072,-2.115,2024-01-13,00Z-ECE,GWUS
2024-01-25,21.931,-7.317,,-0.004,-1.102,2024-01-13,00Z-ECE,GWUS
2024-01-26,24.406,-4.337,,1.547,0.396,2024-01-13,00Z-ECE,GWUS
2024-01-27,26.715,-2.028,,,,2024-01-13,00Z-ECE,GWUS
2024-01-14,41.284,11.181,0.219,0.205,0.21,2024-01-14,00Z-ECE,GWUS
2024-01-15,43.278,13.034,0.219,0.33,0.675,2024-01-14,00Z-ECE,GWUS
2024-01-16,43.783,13.517,0.325,0.584,0.045,2024-01-14,00Z-ECE,GWUS
2024-01-17,39.727,9.181,0.048,-0.16,0.017,2024-01-14,00Z-ECE,GWUS
2024-01-18,33.077,2.703,0.583,-0.494,-1.055,2024-01-14,00Z-ECE,GWUS
2024-01-19,38.066,7.839,,0.365,-0.545,2024-01-14,00Z-ECE,GWUS
2024-01-20,42.381,12.027,,-0.235,0.738,2024-01-14,00Z-ECE,GWUS
2024-01-21,37.446,7.812,,-1.384,0.961,2024-01-14,00Z-ECE,GWUS
2024-01-22,29.357,0.11,,-1.296,0.55,2024-01-14,00Z-ECE,GWUS
2024-01-23,23.813,-5.792,,-0.939,-0.402,2024-01-14,00Z-ECE,GWUS
2024-01-24,21.224,-8.487,,-0.984,-0.672,2024-01-14,00Z-ECE,GWUS
2024-01-25,20.845,-8.404,,-1.078,-1.087,2024-01-14,00Z-ECE,GWUS
2024-01-26,23.315,-5.427,,-0.044,-1.091,2024-01-14,00Z-ECE,GWUS
2024-01-27,26.366,-2.29,,0.057,-1.354,2024-01-14,00Z-ECE,GWUS
2024-01-28,27.508,-1.148,,,,2024-01-14,00Z-ECE,GWUS
2024-01-15,43.649,13.406,0.217,0.458,0.371,2024-01-15,00Z-ECE,GWUS
2024-01-16,44.387,14.121,0.34,0.559,0.604,2024-01-15,00Z-ECE,GWUS
2024-01-17,40.15,9.604,0.146,0.309,0.423,2024-01-15,00Z-ECE,GWUS
2024-01-18,33.189,2.815,-0.548,-0.054,0.112,2024-01-15,00Z-ECE,GWUS
2024-01-19,38.544,8.317,-0.268,0.053,0.478,2024-01-15,00Z-ECE,GWUS
2024-01-20,42.947,12.593,,0.946,0.566,2024-01-15,00Z-ECE,GWUS
2024-01-21,38.06,8.426,,0.836,0.613,2024-01-15,00Z-ECE,GWUS
2024-01-22,28.76,-0.487,,-0.263,-0.597,2024-01-15,00Z-ECE,GWUS
2024-01-23,22.414,-7.19,,-0.605,-1.399,2024-01-15,00Z-ECE,GWUS
2024-01-24,19.826,-9.885,,-0.614,-1.398,2024-01-15,00Z-ECE,GWUS
2024-01-25,19.368,-9.88,,-0.637,-1.477,2024-01-15,00Z-ECE,GWUS
2024-01-26,20.911,-7.832,,-0.398,-2.405,2024-01-15,00Z-ECE,GWUS
2024-01-27,22.906,-5.75,,-0.242,-3.46,2024-01-15,00Z-ECE,GWUS
2024-01-28,24.832,-4.204,,-0.44,-3.61,2024-01-15,00Z-ECE,GWUS
2024-01-29,25.964,-3.072,,,,2024-01-15,00Z-ECE,GWUS
2024-01-16,44.848,14.582,0.051,0.229,0.461,2024-01-16,00Z-ECE,GWUS
2024-01-17,40.869,10.322,-0.064,0.146,0.718,2024-01-16,00Z-ECE,GWUS
2024-01-18,32.908,2.534,-0.351,-0.46,-0.281,2024-01-16,00Z-ECE,GWUS
2024-01-19,39.003,8.776,-0.072,0.315,0.459,2024-01-16,00Z-ECE,GWUS
2024-01-20,43.369,13.015,-0.102,0.264,0.422,2024-01-16,00Z-ECE,GWUS
2024-01-21,37.939,8.305,,-0.021,-0.121,2024-01-16,00Z-ECE,GWUS
2024-01-22,28.34,-0.906,,-0.231,-0.419,2024-01-16,00Z-ECE,GWUS
2024-01-23,21.64,-7.964,,-0.636,-0.774,2024-01-16,00Z-ECE,GWUS
2024-01-24,19.186,-10.525,,-0.707,-0.641,2024-01-16,00Z-ECE,GWUS
2024-01-25,18.28,-10.968,,-1.209,-1.088,2024-01-16,00Z-ECE,GWUS
2024-01-26,19.943,-8.799,,-1.339,-0.967,2024-01-16,00Z-ECE,GWUS
2024-01-27,23.238,-5.418,,-1.233,0.332,2024-01-16,00Z-ECE,GWUS
2024-01-28,25.2,-3.836,,-1.91,0.368,2024-01-16,00Z-ECE,GWUS
2024-01-29,26.598,-2.904,,-1.375,-0.131,2024-01-16,00Z-ECE,GWUS
2024-01-30,27.263,-2.239,,,,2024-01-16,00Z-ECE,GWUS
2024-01-17,40.792,10.283,-0.234,-0.123,-0.076,2024-01-17,00Z-ECE,GWUS
2024-01-18,32.779,2.405,-0.334,-0.314,-0.129,2024-01-17,00Z-ECE,GWUS
2024-01-19,37.965,7.738,-0.148,-0.574,-1.038,2024-01-17,00Z-ECE,GWUS
2024-01-20,42.81,12.456,-0.082,-1.003,-0.559,2024-01-17,00Z-ECE,GWUS
2024-01-21,37.8,8.166,-0.119,-0.611,-0.139,2024-01-17,00Z-ECE,GWUS
2024-01-22,28.326,-0.921,,-0.197,-0.014,2024-01-17,00Z-ECE,GWUS
2024-01-23,21.944,-7.66,,0.018,0.304,2024-01-17,00Z-ECE,GWUS
2024-01-24,19.603,-10.108,,-0.188,0.417,2024-01-17,00Z-ECE,GWUS
2024-01-25,17.795,-11.454,,-0.859,-0.507,2024-01-17,00Z-ECE,GWUS
2024-01-26,18.17,-10.573,,-1.546,-1.774,2024-01-17,00Z-ECE,GWUS
2024-01-27,20.515,-8.141,,-1.49,-2.723,2024-01-17,00Z-ECE,GWUS
2024-01-28,22.418,-6.618,,-1.298,-2.782,2024-01-17,00Z-ECE,GWUS
2024-01-29,24.196,-5.306,,-0.404,-2.402,2024-01-17,00Z-ECE,GWUS
2024-01-30,26.594,-2.677,,0.812,-1.556,2024-01-17,00Z-ECE,GWUS
2024-01-31,27.541,-1.729,,,,2024-01-17,00Z-ECE,GWUS
2024-01-18,32.76,2.387,-0.303,-0.005,-0.019,2024-01-18,00Z-ECE,GWUS
2024-01-19,38.255,8.028,0.152,0.05,0.29,2024-01-18,00Z-ECE,GWUS
2024-01-20,42.77,12.416,0.04,-0.317,-0.04,2024-01-18,00Z-ECE,GWUS
2024-01-21,38.295,8.661,0.042,0.03,0.495,2024-01-18,00Z-ECE,GWUS
2024-01-22,29.044,-0.202,0.311,0.227,0.718,2024-01-18,00Z-ECE,GWUS
2024-01-23,22.844,-6.76,,0.323,0.9,2024-01-18,00Z-ECE,GWUS
2024-01-24,20.351,-9.36,,0.201,0.748,2024-01-18,00Z-ECE,GWUS
2024-01-25,18.594,-10.654,,0.635,0.81,2024-01-18,00Z-ECE,GWUS
2024-01-26,19.935,-8.808,,2.105,1.765,2024-01-18,00Z-ECE,GWUS
2024-01-27,22.255,-6.402,,2.499,1.74,2024-01-18,00Z-ECE,GWUS
2024-01-28,23.465,-5.571,,2.257,1.047,2024-01-18,00Z-ECE,GWUS
2024-01-29,23.885,-5.617,,1.502,-0.311,2024-01-18,00Z-ECE,GWUS
2024-01-30,24.955,-4.316,,1.346,-1.639,2024-01-18,00Z-ECE,GWUS
2024-01-31,26.482,-1.566,,-0.169,-1.747,2024-01-18,00Z-ECE,GWUS
2024-02-01,25.558,-2.491,,,,2024-01-18,00Z-ECE,GWUS
2024-01-19,38.102,7.875,-0.179,-0.029,-0.153,2024-01-19,00Z-ECE,GWUS
2024-01-20,42.906,12.552,-0.101,0.012,0.136,2024-01-19,00Z-ECE,GWUS
2024-01-21,38.758,9.124,-0.156,0.022,0.463,2024-01-19,00Z-ECE,GWUS
2024-01-22,29.711,0.465,-0.011,0.32,0.667,2024-01-19,00Z-ECE,GWUS
2024-01-23,23.37,-6.234,-0.04,-0.054,0.526,2024-01-19,00Z-ECE,GWUS
2024-01-24,20.845,-8.866,,-0.051,0.494,2024-01-19,00Z-ECE,GWUS
2024-01-25,19.475,-9.773,,0.14,0.881,2024-01-19,00Z-ECE,GWUS
2024-01-26,20.39,-8.353,,0.221,0.456,2024-01-19,00Z-ECE,GWUS
2024-01-27,21.856,-6.8,,-0.097,-0.399,2024-01-19,00Z-ECE,GWUS
2024-01-28,23.234,-5.803,,-0.087,-0.231,2024-01-19,00Z-ECE,GWUS
2024-01-29,24.086,-5.416,,0.215,0.201,2024-01-19,00Z-ECE,GWUS
2024-01-30,24.741,-4.529,,0.161,-0.214,2024-01-19,00Z-ECE,GWUS
2024-01-31,27.072,-0.977,,-0.477,0.59,2024-01-19,00Z-ECE,GWUS
2024-02-01,27.066,-1.444,,-1.0,1.094,2024-01-19,00Z-ECE,GWUS
2024-02-02,24.251,-4.26,,,,2024-01-19,00Z-ECE,GWUS
2024-01-20,42.762,12.408,-0.148,0.024,-0.144,2024-01-20,00Z-ECE,GWUS
2024-01-21,38.403,8.769,-0.105,0.027,-0.355,2024-01-20,00Z-ECE,GWUS
2024-01-22,29.476,0.229,-0.088,0.254,-0.236,2024-01-20,00Z-ECE,GWUS
2024-01-23,22.975,-6.629,0.006,0.106,-0.395,2024-01-20,00Z-ECE,GWUS
2024-01-24,20.737,-8.974,0.25,0.273,-0.108,2024-01-20,00Z-ECE,GWUS
2024-01-25,19.178,-10.071,,0.064,-0.298,2024-01-20,00Z-ECE,GWUS
2024-01-26,20.143,-8.6,,-0.014,-0.247,2024-01-20,00Z-ECE,GWUS
2024-01-27,22.272,-6.385,,0.247,0.416,2024-01-20,00Z-ECE,GWUS
2024-01-28,24.415,-4.621,,0.48,1.181,2024-01-20,00Z-ECE,GWUS
2024-01-29,25.095,-4.408,,0.274,1.008,2024-01-20,00Z-ECE,GWUS
2024-01-30,25.071,-4.2,,-0.097,0.33,2024-01-20,00Z-ECE,GWUS
2024-01-31,26.444,-1.609,,-0.879,-0.627,2024-01-20,00Z-ECE,GWUS
2024-02-01,25.511,-2.999,,-0.923,-1.555,2024-01-20,00Z-ECE,GWUS
2024-02-02,23.526,-4.455,,-0.559,-1.152,2024-01-20,00Z-ECE,GWUS
2024-02-03,21.035,-6.945,,,,2024-01-20,00Z-ECE,GWUS
2024-01-21,38.045,8.411,-0.244,-0.295,-0.358,2024-01-21,00Z-ECE,GWUS
2024-01-22,29.222,-0.025,-0.076,-0.085,-0.254,2024-01-21,00Z-ECE,GWUS
2024-01-23,23.197,-6.408,-0.043,0.07,0.222,2024-01-21,00Z-ECE,GWUS
2024-01-24,20.322,-9.389,0.006,-0.016,-0.415,2024-01-21,00Z-ECE,GWUS
2024-01-25,17.548,-11.708,-0.264,-0.864,-1.63,2024-01-21,00Z-ECE,GWUS
2024-01-26,18.429,-10.314,,-1.004,-1.714,2024-01-21,00Z-ECE,GWUS
2024-01-27,21.402,-7.254,,-0.444,-0.87,2024-01-21,00Z-ECE,GWUS
2024-01-28,23.736,-5.3,,0.003,-0.679,2024-01-21,00Z-ECE,GWUS
2024-01-29,24.369,-5.133,,0.512,-0.726,2024-01-21,00Z-ECE,GWUS
2024-01-30,23.761,-5.509,,-0.087,-1.31,2024-01-21,00Z-ECE,GWUS
2024-01-31,24.181,-3.867,,-0.673,-2.263,2024-01-21,00Z-ECE,GWUS
2024-02-01,23.993,-4.517,,0.075,-1.519,2024-01-21,00Z-ECE,GWUS
2024-02-02,22.516,-5.465,,0.676,-1.01,2024-01-21,00Z-ECE,GWUS
2024-02-03,20.951,-7.14,,0.164,-0.396,2024-01-21,00Z-ECE,GWUS
2024-02-04,19.652,-8.439,,,,2024-01-21,00Z-ECE,GWUS
2024-01-22,29.485,0.239,0.051,0.362,0.263,2024-01-22,00Z-ECE,GWUS
2024-01-23,23.156,-6.448,-0.205,-0.06,-0.041,2024-01-22,00Z-ECE,GWUS
2024-01-24,20.459,-9.252,-0.089,0.117,0.137,2024-01-22,00Z-ECE,GWUS
2024-01-25,17.562,-11.686,-0.157,-0.021,0.014,2024-01-22,00Z-ECE,GWUS
2024-01-26,17.995,-10.748,-0.399,-0.305,-0.434,2024-01-22,00Z-ECE,GWUS
2024-01-27,20.962,-7.694,,-0.696,-0.44,2024-01-22,00Z-ECE,GWUS
2024-01-28,23.648,-5.389,,-0.298,-0.089,2024-01-22,00Z-ECE,GWUS
2024-01-29,24.948,-4.554,,0.359,0.579,2024-01-22,00Z-ECE,GWUS
2024-01-30,24.41,-4.861,,0.646,0.648,2024-01-22,00Z-ECE,GWUS
2024-01-31,22.596,-5.452,,-1.079,-1.585,2024-01-22,00Z-ECE,GWUS
2024-02-01,20.827,-7.683,,-2.214,-3.166,2024-01-22,00Z-ECE,GWUS
2024-02-02,19.414,-8.567,,-2.02,-3.102,2024-01-22,00Z-ECE,GWUS
2024-02-03,18.589,-9.502,,-1.3,-2.362,2024-01-22,00Z-ECE,GWUS
2024-02-04,18.813,-9.872,,-0.571,-1.322,2024-01-22,00Z-ECE,GWUS
2024-02-05,18.785,-9.9,,,,2024-01-22,00Z-ECE,GWUS
2024-01-23,23.344,-6.261,-0.08,0.065,0.188,2024-01-23,00Z-ECE,GWUS
2024-01-24,20.403,-9.308,-0.48,-0.139,-0.056,2024-01-23,00Z-ECE,GWUS
2024-01-25,17.709,-11.54,-0.381,-0.447,0.146,2024-01-23,00Z-ECE,GWUS
2024-01-26,17.85,-10.893,-0.161,-0.518,-0.145,2024-01-23,00Z-ECE,GWUS
2024-01-27,20.465,-8.192,-0.293,-0.24,-0.498,2024-01-23,00Z-ECE,GWUS
2024-01-28,23.306,-5.73,,-0.106,-0.341,2024-01-23,00Z-ECE,GWUS
2024-01-29,25.222,-4.28,,-0.438,0.274,2024-01-23,00Z-ECE,GWUS
2024-01-30,24.067,-5.204,,-0.951,-0.343,2024-01-23,00Z-ECE,GWUS
2024-01-31,21.445,-6.604,,-0.87,-1.151,2024-01-23,00Z-ECE,GWUS
2024-02-01,19.052,-9.458,,-0.657,-1.775,2024-01-23,00Z-ECE,GWUS
2024-02-02,17.499,-10.482,,-0.388,-1.915,2024-01-23,00Z-ECE,GWUS
2024-02-03,17.174,-10.917,,-0.104,-1.415,2024-01-23,00Z-ECE,GWUS
2024-02-04,17.707,-10.978,,-0.092,-1.106,2024-01-23,00Z-ECE,GWUS
2024-02-05,18.893,-8.391,,-0.366,-0.54,2024-01-23,00Z-ECE,GWUS
2024-02-06,19.766,-7.518,,,,2024-01-23,00Z-ECE,GWUS
2024-01-24,20.001,-9.71,-0.037,0.199,-0.401,2024-01-24,00Z-ECE,GWUS
2024-01-25,17.598,-11.65,-0.13,0.161,-0.11,2024-01-24,00Z-ECE,GWUS
2024-01-26,17.7,-11.043,0.007,0.13,-0.15,2024-01-24,00Z-ECE,GWUS
2024-01-27,20.478,-8.179,0.012,0.054,0.013,2024-01-24,00Z-ECE,GWUS
2024-01-28,23.573,-5.463,0.572,0.19,0.267,2024-01-24,00Z-ECE,GWUS
2024-01-29,25.787,-3.716,,0.043,0.564,2024-01-24,00Z-ECE,GWUS
2024-01-30,24.739,-4.531,,0.14,0.673,2024-01-24,00Z-ECE,GWUS
2024-01-31,21.68,-6.368,,0.408,0.235,2024-01-24,00Z-ECE,GWUS
2024-02-01,20.312,-8.196,,0.638,1.261,2024-01-24,00Z-ECE,GWUS
2024-02-02,19.946,-8.034,,1.061,2.447,2024-01-24,00Z-ECE,GWUS
2024-02-03,20.126,-7.965,,1.16,2.952,2024-01-24,00Z-ECE,GWUS
2024-02-04,20.846,-7.839,,0.789,3.139,2024-01-24,00Z-ECE,GWUS
2024-02-05,22.1,-5.184,,0.394,3.207,2024-01-24,00Z-ECE,GWUS
2024-02-06,23.432,-3.389,,-0.29,3.062,2024-01-24,00Z-ECE,GWUS
2024-02-07,23.636,-3.185,,,,2024-01-24,00Z-ECE,GWUS
2024-01-25,17.937,-11.311,0.198,0.302,0.339,2024-01-25,00Z-ECE,GWUS
2024-01-26,18.363,-10.379,0.106,0.172,0.664,2024-01-25,00Z-ECE,GWUS
2024-01-27,20.649,-8.007,0.17,0.061,0.171,2024-01-25,00Z-ECE,GWUS
2024-01-28,22.859,-6.178,0.185,-0.184,-0.715,2024-01-25,00Z-ECE,GWUS
2024-01-29,24.593,-4.909,-0.171,-1.114,-1.194,2024-01-25,00Z-ECE,GWUS
2024-01-30,24.097,-5.174,,-1.363,-0.643,2024-01-25,00Z-ECE,GWUS
2024-01-31,22.849,-5.2,,-0.593,1.169,2024-01-25,00Z-ECE,GWUS
2024-02-01,21.754,-6.756,,0.046,1.442,2024-01-25,00Z-ECE,GWUS
2024-02-02,21.539,-6.442,,0.251,1.593,2024-01-25,00Z-ECE,GWUS
2024-02-03,21.73,-6.361,,0.939,1.604,2024-01-25,00Z-ECE,GWUS
2024-02-04,22.155,-6.53,,1.131,1.309,2024-01-25,00Z-ECE,GWUS
2024-02-05,23.185,-4.099,,1.12,1.084,2024-01-25,00Z-ECE,GWUS
2024-02-06,24.607,-2.214,,1.412,1.175,2024-01-25,00Z-ECE,GWUS
2024-02-07,25.555,-2.262,,1.312,1.403,2024-01-25,00Z-ECE,GWUS
2024-02-08,25.058,-2.759,,,,2024-01-25,00Z-ECE,GWUS
2024-01-26,18.28,-10.463,0.034,0.237,-0.094,2024-01-26,00Z-ECE,GWUS
2024-01-27,20.917,-7.739,0.017,0.178,0.268,2024-01-26,00Z-ECE,GWUS
2024-01-28,22.773,-6.264,0.078,0.034,-0.086,2024-01-26,00Z-ECE,GWUS
2024-01-29,24.098,-5.404,0.051,-0.164,-0.495,2024-01-26,00Z-ECE,GWUS
2024-01-30,23.878,-5.393,0.255,-0.031,-0.219,2024-01-26,00Z-ECE,GWUS
2024-01-31,23.737,-4.311,,-0.438,0.888,2024-01-26,00Z-ECE,GWUS
2024-02-01,23.802,-4.708,,-0.261,2.048,2024-01-26,00Z-ECE,GWUS
2024-02-02,23.584,-4.396,,0.703,2.046,2024-01-26,00Z-ECE,GWUS
2024-02-03,23.881,-4.209,,0.981,2.151,2024-01-26,00Z-ECE,GWUS
2024-02-04,23.868,-4.818,,0.605,1.713,2024-01-26,00Z-ECE,GWUS
2024-02-05,24.081,-3.203,,-0.143,0.896,2024-01-26,00Z-ECE,GWUS
2024-02-06,24.574,-2.247,,0.091,-0.033,2024-01-26,00Z-ECE,GWUS
2024-02-07,24.611,-3.207,,0.229,-0.945,2024-01-26,00Z-ECE,GWUS
2024-02-08,24.398,-3.601,,-0.137,-1.228,2024-01-26,00Z-ECE,GWUS
2024-02-09,24.109,-3.89,,,,2024-01-26,00Z-ECE,GWUS
2024-01-27,20.952,-7.705,-0.059,0.11,0.034,2024-01-27,00Z-ECE,GWUS
2024-01-28,22.519,-6.518,0.076,0.032,-0.254,2024-01-27,00Z-ECE,GWUS
2024-01-29,23.852,-5.651,0.382,0.221,-0.246,2024-01-27,00Z-ECE,GWUS
2024-01-30,24.532,-4.738,0.378,0.425,0.654,2024-01-27,00Z-ECE,GWUS
2024-01-31,23.66,-4.388,-0.105,0.64,-0.077,2024-01-27,00Z-ECE,GWUS
2024-02-01,22.416,-6.094,,0.198,-1.386,2024-01-27,00Z-ECE,GWUS
2024-02-02,21.886,-6.095,,-0.388,-1.699,2024-01-27,00Z-ECE,GWUS
2024-02-03,23.95,-4.141,,0.26,0.069,2024-01-27,00Z-ECE,GWUS
2024-02-04,25.661,-3.025,,0.992,1.793,2024-01-27,00Z-ECE,GWUS
2024-02-05,27.578,0.294,,1.984,3.498,2024-01-27,00Z-ECE,GWUS
2024-02-06,28.765,1.944,,1.921,4.191,2024-01-27,00Z-ECE,GWUS
2024-02-07,28.138,0.321,,0.948,3.527,2024-01-27,00Z-ECE,GWUS
2024-02-08,25.64,-2.358,,-0.516,1.243,2024-01-27,00Z-ECE,GWUS
2024-02-09,23.934,-4.068,,-1.463,-0.672,2024-01-27,00Z-ECE,GWUS
2024-02-10,23.153,-4.848,,,,2024-01-27,00Z-ECE,GWUS
2024-01-28,22.564,-6.473,0.184,0.296,0.045,2024-01-28,00Z-ECE,GWUS
2024-01-29,23.281,-6.221,-0.135,-0.013,-0.571,2024-01-28,00Z-ECE,GWUS
2024-01-30,23.93,-5.34,-0.254,-0.086,-0.602,2024-01-28,00Z-ECE,GWUS
2024-01-31,23.313,-4.735,-0.267,0.032,-0.347,2024-01-28,00Z-ECE,GWUS
2024-02-01,22.891,-5.62,-0.038,-0.008,0.475,2024-01-28,00Z-ECE,GWUS
2024-02-02,23.198,-4.782,,-0.369,1.312,2024-01-28,00Z-ECE,GWUS
2024-02-03,25.419,-2.672,,-0.577,1.469,2024-01-28,00Z-ECE,GWUS
2024-02-04,27.43,-1.255,,-0.163,1.769,2024-01-28,00Z-ECE,GWUS
2024-02-05,28.862,1.578,,0.058,1.283,2024-01-28,00Z-ECE,GWUS
2024-02-06,28.66,1.839,,-0.15,-0.105,2024-01-28,00Z-ECE,GWUS
2024-02-07,26.38,-1.437,,-0.953,-1.758,2024-01-28,00Z-ECE,GWUS
2024-02-08,22.936,-5.063,,-1.291,-2.705,2024-01-28,00Z-ECE,GWUS
2024-02-09,20.508,-7.493,,-1.454,-3.426,2024-01-28,00Z-ECE,GWUS
2024-02-10,20.274,-8.249,,-1.809,-3.685,2024-01-28,00Z-ECE,GWUS
2024-02-11,20.991,-7.532,,,,2024-01-28,00Z-ECE,GWUS
2024-01-29,23.061,-6.442,-0.014,-0.027,-0.22,2024-01-29,00Z-ECE,GWUS
2024-01-30,23.579,-5.692,-0.027,-0.023,-0.352,2024-01-29,00Z-ECE,GWUS
2024-01-31,22.743,-5.305,-0.08,-0.043,-0.57,2024-01-29,00Z-ECE,GWUS
2024-02-01,21.916,-6.594,-0.323,-0.749,-0.975,2024-01-29,00Z-ECE,GWUS
2024-02-02,22.638,-5.343,-1.181,-1.903,-0.561,2024-01-29,00Z-ECE,GWUS
2024-02-03,24.316,-3.774,,-3.131,-1.103,2024-01-29,00Z-ECE,GWUS
2024-02-04,25.225,-3.461,,-3.762,-2.206,2024-01-29,00Z-ECE,GWUS
2024-02-05,26.694,-0.59,,-3.332,-2.168,2024-01-29,00Z-ECE,GWUS
2024-02-06,27.069,0.248,,-2.932,-1.591,2024-01-29,00Z-ECE,GWUS
2024-02-07,25.534,-2.283,,-2.749,-0.846,2024-01-29,00Z-ECE,GWUS
2024-02-08,23.182,-4.817,,-3.485,0.246,2024-01-29,00Z-ECE,GWUS
2024-02-09,21.572,-6.43,,-2.29,1.064,2024-01-29,00Z-ECE,GWUS
2024-02-10,21.947,-6.575,,-0.961,1.673,2024-01-29,00Z-ECE,GWUS
2024-02-11,22.932,-5.972,,-0.533,1.185,2024-01-29,00Z-ECE,GWUS
2024-02-12,22.894,-6.009,,,,2024-01-29,00Z-ECE,GWUS
2024-01-30,23.122,-6.148,-0.024,-0.116,-0.456,2024-01-30,00Z-ECE,GWUS
2024-01-31,22.124,-5.924,0.012,-0.277,-0.619,2024-01-30,00Z-ECE,GWUS
2024-02-01,20.662,-7.848,-0.238,-0.369,-1.253,2024-01-30,00Z-ECE,GWUS
2024-02-02,20.771,-7.21,-0.704,-0.594,-1.867,2024-01-30,00Z-ECE,GWUS
2024-02-03,21.411,-6.68,-1.218,-1.01,-2.906,2024-01-30,00Z-ECE,GWUS
2024-02-04,22.6,-6.086,,-0.292,-2.625,2024-01-30,00Z-ECE,GWUS
2024-02-05,24.677,-2.607,,1.018,-2.017,2024-01-30,00Z-ECE,GWUS
2024-02-06,25.275,-1.546,,1.187,-1.794,2024-01-30,00Z-ECE,GWUS
2024-02-07,23.318,-4.499,,0.658,-2.216,2024-01-30,00Z-ECE,GWUS
2024-02-08,20.435,-7.564,,-0.038,-2.747,2024-01-30,00Z-ECE,GWUS
2024-02-09,19.233,-8.768,,-0.388,-2.339,2024-01-30,00Z-ECE,GWUS
2024-02-10,20.649,-7.874,,0.042,-1.298,2024-01-30,00Z-ECE,GWUS
2024-02-11,22.102,-6.802,,0.119,-0.83,2024-01-30,00Z-ECE,GWUS
2024-02-12,22.611,-5.451,,-0.805,-1.002,2024-01-30,00Z-ECE,GWUS
2024-02-13,23.124,-4.938,,,,2024-01-30,00Z-ECE,GWUS
2024-01-31,21.664,-6.384,-0.142,-0.105,-0.46,2024-01-31,00Z-ECE,GWUS
2024-02-01,20.49,-8.021,-0.057,-0.121,-0.173,2024-01-31,00Z-ECE,GWUS
2024-02-02,20.928,-7.052,0.021,-0.021,0.158,2024-01-31,00Z-ECE,GWUS
2024-02-03,22.709,-5.382,-0.004,0.513,1.298,2024-01-31,00Z-ECE,GWUS
2024-02-04,22.698,-5.987,-0.253,0.057,0.099,2024-01-31,00Z-ECE,GWUS
2024-02-05,23.169,-4.115,,-0.912,-1.508,2024-01-31,00Z-ECE,GWUS
2024-02-06,23.15,-3.671,,-1.127,-2.124,2024-01-31,00Z-ECE,GWUS
2024-02-07,22.226,-5.591,,-0.373,-1.092,2024-01-31,00Z-ECE,GWUS
2024-02-08,20.403,-7.595,,0.64,-0.031,2024-01-31,00Z-ECE,GWUS
2024-02-09,19.373,-8.628,,0.598,0.14,2024-01-31,00Z-ECE,GWUS
2024-02-10,20.459,-8.064,,-0.009,-0.19,2024-01-31,00Z-ECE,GWUS
2024-02-11,21.732,-7.172,,-1.038,-0.37,2024-01-31,00Z-ECE,GWUS
2024-02-12,22.61,-5.452,,-2.445,-0.001,2024-01-31,00Z-ECE,GWUS
2024-02-13,24.128,-2.706,,-2.674,0.014,2024-01-31,00Z-ECE,GWUS
2024-02-14,25.401,-1.433,,,,2024-01-31,00Z-ECE,GWUS
2024-02-01,20.313,-8.197,-0.195,-0.023,-0.177,2024-02-01,00Z-ECE,GWUS
2024-02-02,21.038,-6.942,-0.125,0.001,0.11,2024-02-01,00Z-ECE,GWUS
2024-02-03,23.224,-4.866,-0.146,-0.073,0.515,2024-02-01,00Z-ECE,GWUS
2024-02-04,23.567,-5.118,-0.125,-0.005,0.869,2024-02-01,00Z-ECE,GWUS
2024-02-05,24.301,-2.983,0.193,0.659,1.132,2024-02-01,00Z-ECE,GWUS
2024-02-06,25.009,-1.812,,1.002,1.859,2024-02-01,00Z-ECE,GWUS
2024-02-07,23.559,-4.258,,0.67,1.333,2024-02-01,00Z-ECE,GWUS
2024-02-08,20.252,-7.747,,0.156,-0.151,2024-02-01,00Z-ECE,GWUS
2024-02-09,18.791,-9.21,,-0.093,-0.582,2024-02-01,00Z-ECE,GWUS
2024-02-10,19.652,-8.87,,0.002,-0.807,2024-02-01,00Z-ECE,GWUS
2024-02-11,21.743,-7.161,,0.797,0.011,2024-02-01,00Z-ECE,GWUS
2024-02-12,23.355,-4.707,,1.059,0.745,2024-02-01,00Z-ECE,GWUS
2024-02-13,25.334,-1.5,,1.028,1.206,2024-02-01,00Z-ECE,GWUS
2024-02-14,26.202,-0.552,,-0.65,0.187,2024-02-01,00Z-ECE,GWUS
2024-02-15,26.153,-0.6,,,,2024-02-01,00Z-ECE,GWUS
2024-02-02,20.616,-7.364,-0.074,-0.094,-0.422,2024-02-02,00Z-ECE,GWUS
2024-02-03,22.812,-5.278,-0.057,-0.159,-0.412,2024-02-02,00Z-ECE,GWUS
2024-02-04,22.904,-5.782,-0.157,-0.342,-0.664,2024-02-02,00Z-ECE,GWUS
2024-02-05,23.498,-3.786,-0.354,-0.41,-0.803,2024-02-02,00Z-ECE,GWUS
2024-02-06,24.091,-2.731,-0.262,-0.687,-0.919,2024-02-02,00Z-ECE,GWUS
2024-02-07,21.908,-5.909,,-1.215,-1.651,2024-02-02,00Z-ECE,GWUS
2024-02-08,18.487,-9.512,,-1.232,-1.765,2024-02-02,00Z-ECE,GWUS
2024-02-09,17.806,-10.195,,-0.404,-0.985,2024-02-02,00Z-ECE,GWUS
2024-02-10,19.496,-9.026,,0.076,-0.156,2024-02-02,00Z-ECE,GWUS
2024-02-11,21.524,-7.38,,-0.568,-0.219,2024-02-02,00Z-ECE,GWUS
2024-02-12,22.55,-5.512,,-0.796,-0.805,2024-02-02,00Z-ECE,GWUS
2024-02-13,24.067,-2.767,,-0.289,-1.267,2024-02-02,00Z-ECE,GWUS
2024-02-14,25.085,-1.668,,-0.645,-1.116,2024-02-02,00Z-ECE,GWUS
2024-02-15,25.716,-1.319,,-1.277,-1.242,2024-02-02,00Z-ECE,GWUS
2024-02-16,26.705,-0.33,,,,2024-02-02,00Z-ECE,GWUS
2024-02-03,22.968,-5.123,-0.041,0.104,0.155,2024-02-03,00Z-ECE,GWUS
2024-02-04,22.993,-5.692,-0.116,0.105,0.09,2024-02-03,00Z-ECE,GWUS
2024-02-05,23.514,-3.77,-0.092,0.145,0.016,2024-02-03,00Z-ECE,GWUS
2024-02-06,24.641,-2.18,-0.143,0.413,0.551,2024-02-03,00Z-ECE,GWUS
2024-02-07,22.849,-4.968,-0.18,0.643,0.941,2024-02-03,00Z-ECE,GWUS
2024-02-08,19.202,-8.796,,0.526,0.716,2024-02-03,00Z-ECE,GWUS
2024-02-09,18.592,-9.409,,0.312,0.785,2024-02-03,00Z-ECE,GWUS
2024-02-10,19.551,-8.971,,-0.193,0.055,2024-02-03,00Z-ECE,GWUS
2024-02-11,22.158,-6.746,,-0.178,0.634,2024-02-03,00Z-ECE,GWUS
2024-02-12,24.252,-3.81,,0.099,1.702,2024-02-03,00Z-ECE,GWUS
2024-02-13,25.463,-1.371,,0.396,1.396,2024-02-03,00Z-ECE,GWUS
2024-02-14,25.602,-1.151,,0.231,0.517,2024-02-03,00Z-ECE,GWUS
2024-02-15,25.98,-1.056,,-0.564,0.263,2024-02-03,00Z-ECE,GWUS
2024-02-16,26.845,0.355,,-1.11,-0.452,2024-02-03,00Z-ECE,GWUS
2024-02-17,26.216,-0.275,,,,2024-02-03,00Z-ECE,GWUS
2024-02-04,22.914,-5.771,-0.007,0.032,-0.079,2024-02-04,00Z-ECE,GWUS
2024-02-05,23.405,-3.879,-0.004,0.171,-0.108,2024-02-04,00Z-ECE,GWUS
2024-02-06,24.521,-2.3,0.104,0.333,-0.12,2024-02-04,00Z-ECE,GWUS
2024-02-07,23.074,-4.743,0.259,0.677,0.225,2024-02-04,00Z-ECE,GWUS
2024-02-08,19.453,-8.546,0.549,1.06,0.251,2024-02-04,00Z-ECE,GWUS
2024-02-09,18.361,-9.64,,1.245,-0.231,2024-02-04,00Z-ECE,GWUS
2024-02-10,19.242,-9.281,,1.087,-0.309,2024-02-04,00Z-ECE,GWUS
2024-02-11,22.106,-6.798,,0.629,-0.052,2024-02-04,00Z-ECE,GWUS
2024-02-12,24.579,-3.483,,0.769,0.326,2024-02-04,00Z-ECE,GWUS
2024-02-13,26.079,-0.755,,1.69,0.616,2024-02-04,00Z-ECE,GWUS
2024-02-14,26.54,-0.214,,2.203,0.938,2024-02-04,00Z-ECE,GWUS
2024-02-15,27.661,0.625,,2.359,1.681,2024-02-04,00Z-ECE,GWUS
2024-02-16,28.358,1.868,,1.851,1.513,2024-02-04,00Z-ECE,GWUS
2024-02-17,28.132,2.439,,1.571,1.219,2024-02-04,00Z-ECE,GWUS
2024-02-18,27.108,1.415,,,,2024-02-04,00Z-ECE,GWUS
2024-02-05,23.133,-4.151,0.054,0.125,-0.273,2024-02-05,00Z-ECE,GWUS
2024-02-06,24.231,-2.59,0.152,0.225,-0.29,2024-02-05,00Z-ECE,GWUS
2024-02-07,22.672,-5.145,0.041,0.223,-0.402,2024-02-05,00Z-ECE,GWUS
2024-02-08,18.819,-9.18,-0.05,0.17,-0.634,2024-02-05,00Z-ECE,GWUS
2024-02-09,17.618,-10.384,-0.095,-0.041,-0.743,2024-02-05,00Z-ECE,GWUS
2024-02-10,18.721,-9.802,,-0.219,-0.521,2024-02-05,00Z-ECE,GWUS
2024-02-11,22.2,-6.704,,-0.222,0.094,2024-02-05,00Z-ECE,GWUS
2024-02-12,24.565,-3.497,,-0.228,-0.014,2024-02-05,00Z-ECE,GWUS
2024-02-13,25.777,-1.057,,-0.476,-0.302,2024-02-05,00Z-ECE,GWUS
2024-02-14,26.434,-0.32,,-0.632,-0.106,2024-02-05,00Z-ECE,GWUS
2024-02-15,27.171,0.136,,-0.318,-0.49,2024-02-05,00Z-ECE,GWUS
2024-02-16,28.197,1.707,,-0.007,-0.161,2024-02-05,00Z-ECE,GWUS
2024-02-17,28.287,2.594,,0.326,0.155,2024-02-05,00Z-ECE,GWUS
2024-02-18,28.236,3.267,,1.035,0.63,2024-02-05,00Z-ECE,GWUS
2024-02-19,27.988,3.019,,,,2024-02-05,00Z-ECE,GWUS
2024-02-06,24.162,-2.659,-0.187,0.017,-0.069,2024-02-06,00Z-ECE,GWUS
2024-02-07,22.608,-5.209,-0.201,-0.03,-0.064,2024-02-06,00Z-ECE,GWUS
2024-02-08,19.016,-8.983,0.058,0.218,0.197,2024-02-06,00Z-ECE,GWUS
2024-02-09,17.509,-10.492,-0.347,-0.14,-0.108,2024-02-06,00Z-ECE,GWUS
2024-02-10,19.11,-9.413,-0.061,0.292,0.389,2024-02-06,00Z-ECE,GWUS
2024-02-11,22.754,-6.149,,0.971,0.555,2024-02-06,00Z-ECE,GWUS
2024-02-12,25.785,-2.277,,1.665,1.22,2024-02-06,00Z-ECE,GWUS
2024-02-13,26.828,-0.006,,0.66,1.051,2024-02-06,00Z-ECE,GWUS
2024-02-14,27.157,0.403,,-0.65,0.723,2024-02-06,00Z-ECE,GWUS
2024-02-15,28.113,1.078,,-0.672,0.942,2024-02-06,00Z-ECE,GWUS
2024-02-16,28.92,2.429,,-0.906,0.722,2024-02-06,00Z-ECE,GWUS
2024-02-17,28.706,3.014,,-0.988,0.42,2024-02-06,00Z-ECE,GWUS
2024-02-18,28.582,3.613,,0.042,0.346,2024-02-06,00Z-ECE,GWUS
2024-02-19,27.921,4.342,,0.863,-0.538,2024-02-06,00Z-ECE,GWUS
2024-02-20,26.661,3.082,,,,2024-02-06,00Z-ECE,GWUS
2024-02-07,22.391,-5.426,-0.162,-0.094,-0.217,2024-02-07,00Z-ECE,GWUS
2024-02-08,18.991,-9.008,-0.08,-0.088,-0.025,2024-02-07,00Z-ECE,GWUS
2024-02-09,17.221,-10.781,-0.132,-0.252,-0.289,2024-02-07,00Z-ECE,GWUS
2024-02-10,18.946,-9.577,0.153,-0.141,-0.164,2024-02-07,00Z-ECE,GWUS
2024-02-11,22.42,-6.484,0.216,0.051,-0.335,2024-02-07,00Z-ECE,GWUS
2024-02-12,25.282,-2.78,,0.563,-0.503,2024-02-07,00Z-ECE,GWUS
2024-02-13,26.81,-0.024,,0.404,-0.018,2024-02-07,00Z-ECE,GWUS
2024-02-14,26.703,-0.05,,-0.308,-0.453,2024-02-07,00Z-ECE,GWUS
2024-02-15,26.866,-0.169,,-0.481,-1.247,2024-02-07,00Z-ECE,GWUS
2024-02-16,28.219,1.729,,-0.137,-0.7,2024-02-07,00Z-ECE,GWUS
2024-02-17,28.332,2.639,,-0.246,-0.374,2024-02-07,00Z-ECE,GWUS
2024-02-18,28.096,3.128,,-0.096,-0.486,2024-02-07,00Z-ECE,GWUS
2024-02-19,28.063,4.484,,0.1,0.142,2024-02-07,00Z-ECE,GWUS
2024-02-20,27.864,4.595,,0.415,0.649,2024-02-07,00Z-ECE,GWUS
2024-02-21,26.632,3.362,,,,2024-02-07,00Z-ECE,GWUS
2024-02-08,18.758,-9.241,,-0.313,-0.233,2024-02-08,00Z-ECE,GWUS
2024-02-09,17.167,-10.834,,-0.145,-0.053,2024-02-08,00Z-ECE,GWUS
2024-02-10,18.661,-9.861,,0.053,-0.284,2024-02-08,00Z-ECE,GWUS
2024-02-11,22.195,-6.709,,-0.096,-0.225,2024-02-08,00Z-ECE,GWUS
2024-02-12,25.24,-2.822,,-0.462,-0.043,2024-02-08,00Z-ECE,GWUS
2024-02-13,26.585,-0.249,,-0.503,-0.225,2024-02-08,00Z-ECE,GWUS
2024-02-14,25.989,-0.765,,0.013,-0.714,2024-02-08,00Z-ECE,GWUS
2024-02-15,26.365,-0.67,,0.521,-0.501,2024-02-08,00Z-ECE,GWUS
2024-02-16,28.92,2.43,,1.233,0.701,2024-02-08,00Z-ECE,GWUS
2024-02-17,29.608,3.915,,1.121,1.276,2024-02-08,00Z-ECE,GWUS
2024-02-18,29.193,4.225,,0.679,1.097,2024-02-08,00Z-ECE,GWUS
2024-02-19,29.404,5.825,,1.341,1.341,2024-02-08,00Z-ECE,GWUS
2024-02-20,29.196,5.927,,1.673,1.332,2024-02-08,00Z-ECE,GWUS
2024-02-21,28.228,4.477,,0.932,1.198,2024-02-08,00Z-ECE,GWUS
2024-02-22,26.58,2.829,,,,2024-02-08,00Z-ECE,GWUS
2024-02-09,17.033,-10.968,-0.234,-0.179,-0.134,2024-02-09,00Z-ECE,GWUS
2024-02-10,18.647,-9.876,-0.285,-0.035,-0.015,2024-02-09,00Z-ECE,GWUS
2024-02-11,22.053,-6.851,-0.24,0.086,-0.142,2024-02-09,00Z-ECE,GWUS
2024-02-12,24.493,-3.569,-0.048,,-0.747,2024-02-09,00Z-ECE,GWUS
2024-02-13,26.069,-0.765,0.11,,-0.516,2024-02-09,00Z-ECE,GWUS
2024-02-14,24.777,-1.976,,,-1.211,2024-02-09,00Z-ECE,GWUS
2024-02-15,25.783,-1.252,,,-0.582,2024-02-09,00Z-ECE,GWUS
2024-02-16,26.7,0.21,,,-2.221,2024-02-09,00Z-ECE,GWUS
2024-02-17,27.973,2.28,,,-1.635,2024-02-09,00Z-ECE,GWUS
2024-02-18,28.42,3.451,,,-0.774,2024-02-09,00Z-ECE,GWUS
2024-02-19,27.168,3.589,,,-2.236,2024-02-09,00Z-ECE,GWUS
2024-02-20,25.407,2.137,,,-3.789,2024-02-09,00Z-ECE,GWUS
2024-02-21,24.25,0.499,,,-3.978,2024-02-09,00Z-ECE,GWUS
2024-02-22,24.016,-0.274,,,-3.234,2024-02-09,00Z-ECE,GWUS
2024-02-23,24.265,-0.025,,,,2024-02-09,00Z-ECE,GWUS
2024-02-10,19.013,-9.51,0.112,0.375,0.366,2024-02-10,00Z-ECE,GWUS
2024-02-11,21.585,-7.319,0.028,-0.129,-0.468,2024-02-10,00Z-ECE,GWUS
2024-02-12,23.624,-4.438,0.206,-0.164,-0.869,2024-02-10,00Z-ECE,GWUS
2024-02-13,26.355,-0.479,0.164,0.063,0.286,2024-02-10,00Z-ECE,GWUS
2024-02-14,25.77,-0.984,0.005,0.284,0.993,2024-02-10,00Z-ECE,GWUS
2024-02-15,24.458,-2.577,,-0.987,-1.325,2024-02-10,00Z-ECE,GWUS
2024-02-16,25.68,-0.81,,-1.5,-1.02,2024-02-10,00Z-ECE,GWUS
2024-02-17,27.434,1.742,,-1.48,-0.538,2024-02-10,00Z-ECE,GWUS
2024-02-18,27.837,2.869,,-1.136,-0.582,2024-02-10,00Z-ECE,GWUS
2024-02-19,27.041,3.462,,-0.624,-0.127,2024-02-10,00Z-ECE,GWUS
2024-02-20,26.174,2.904,,0.002,0.767,2024-02-10,00Z-ECE,GWUS
2024-02-21,25.794,2.043,,0.196,1.544,2024-02-10,00Z-ECE,GWUS
2024-02-22,25.29,1.0,,0.928,1.274,2024-02-10,00Z-ECE,GWUS
2024-02-23,25.725,1.145,,0.664,0.733,2024-02-10,00Z-ECE,GWUS
2024-02-24,25.715,1.135,,,,2024-02-10,00Z-ECE,GWUS
2024-02-11,21.857,-7.046,0.104,0.385,0.272,2024-02-11,00Z-ECE,GWUS
2024-02-12,23.345,-4.717,-0.036,0.126,-0.278,2024-02-11,00Z-ECE,GWUS
2024-02-13,25.627,-1.207,0.079,0.04,-0.728,2024-02-11,00Z-ECE,GWUS
2024-02-14,25.868,-0.885,0.189,-0.027,0.098,2024-02-11,00Z-ECE,GWUS
2024-02-15,23.564,-3.471,-0.144,-0.328,-0.894,2024-02-11,00Z-ECE,GWUS
2024-02-16,25.845,-0.645,,0.034,0.166,2024-02-11,00Z-ECE,GWUS
2024-02-17,30.151,4.459,,0.973,2.717,2024-02-11,00Z-ECE,GWUS
2024-02-18,30.329,5.36,,1.045,2.492,2024-02-11,00Z-ECE,GWUS
2024-02-19,29.279,5.7,,-0.249,2.238,2024-02-11,00Z-ECE,GWUS
2024-02-20,29.516,6.247,,0.056,3.342,2024-02-11,00Z-ECE,GWUS
2024-02-21,28.455,4.704,,0.636,2.662,2024-02-11,00Z-ECE,GWUS
2024-02-22,25.943,1.653,,-0.783,0.653,2024-02-11,00Z-ECE,GWUS
2024-02-23,25.325,0.745,,-1.898,-0.4,2024-02-11,00Z-ECE,GWUS
2024-02-24,25.718,0.497,,-1.799,-0.765,2024-02-11,00Z-ECE,GWUS
2024-02-25,24.43,-0.791,,,,2024-02-11,00Z-ECE,GWUS
2024-02-12,23.471,-4.591,0.04,0.265,0.125,2024-02-12,00Z-ECE,GWUS
2024-02-13,25.499,-1.335,-0.09,0.069,-0.128,2024-02-12,00Z-ECE,GWUS
2024-02-14,25.386,-1.368,-0.123,0.024,-0.482,2024-02-12,00Z-ECE,GWUS
2024-02-15,23.767,-3.269,0.101,0.047,0.202,2024-02-12,00Z-ECE,GWUS
2024-02-16,25.887,-0.604,-0.01,0.105,0.041,2024-02-12,00Z-ECE,GWUS
2024-02-17,29.12,3.427,,0.837,-1.031,2024-02-12,00Z-ECE,GWUS
2024-02-18,26.849,1.88,,-0.837,-3.48,2024-02-12,00Z-ECE,GWUS
2024-02-19,24.73,1.151,,-0.86,-4.549,2024-02-12,00Z-ECE,GWUS
2024-02-20,24.159,0.89,,-0.472,-5.357,2024-02-12,00Z-ECE,GWUS
2024-02-21,23.722,-0.029,,0.295,-4.734,2024-02-12,00Z-ECE,GWUS
2024-02-22,23.81,-0.48,,0.29,-2.133,2024-02-12,00Z-ECE,GWUS
2024-02-23,25.118,0.539,,0.793,-0.207,2024-02-12,00Z-ECE,GWUS
2024-02-24,25.548,0.327,,1.739,-0.171,2024-02-12,00Z-ECE,GWUS
2024-02-25,23.435,-2.443,,0.653,-1.472,2024-02-12,00Z-ECE,GWUS
2024-02-26,20.87,-5.008,,,,2024-02-12,00Z-ECE,GWUS
2024-02-13,24.92,-1.914,-0.167,-0.04,-0.578,2024-02-13,00Z-ECE,GWUS
2024-02-14,25.434,-1.319,0.109,0.113,0.048,2024-02-13,00Z-ECE,GWUS
2024-02-15,23.652,-3.383,0.239,0.407,-0.114,2024-02-13,00Z-ECE,GWUS
2024-02-16,25.857,-0.633,0.429,0.206,-0.029,2024-02-13,00Z-ECE,GWUS
2024-02-17,29.785,4.093,0.302,0.3,0.665,2024-02-13,00Z-ECE,GWUS
2024-02-18,26.695,1.726,,0.113,-0.154,2024-02-13,00Z-ECE,GWUS
2024-02-19,24.097,0.518,,1.665,-0.634,2024-02-13,00Z-ECE,GWUS
2024-02-20,23.372,0.103,,2.098,-0.787,2024-02-13,00Z-ECE,GWUS
2024-02-21,22.413,-1.338,,1.206,-1.308,2024-02-13,00Z-ECE,GWUS
2024-02-22,22.239,-2.051,,-0.323,-1.571,2024-02-13,00Z-ECE,GWUS
2024-02-23,23.575,-1.005,,-0.628,-1.544,2024-02-13,00Z-ECE,GWUS
2024-02-24,24.25,-0.971,,0.031,-1.298,2024-02-13,00Z-ECE,GWUS
2024-02-25,22.429,-3.45,,0.484,-1.006,2024-02-13,00Z-ECE,GWUS
2024-02-26,20.439,-5.124,,0.508,-0.907,2024-02-13,00Z-ECE,GWUS
2024-02-27,19.137,-6.426,,,,2024-02-13,00Z-ECE,GWUS
2024-02-14,25.079,-1.675,-0.051,-0.213,-0.356,2024-02-14,00Z-ECE,GWUS
2024-02-15,23.293,-3.742,-0.17,-0.061,-0.359,2024-02-14,00Z-ECE,GWUS
2024-02-16,25.088,-1.402,0.213,0.373,-0.769,2024-02-14,00Z-ECE,GWUS
2024-02-17,29.901,4.208,-0.471,0.394,0.116,2024-02-14,00Z-ECE,GWUS
2024-02-18,27.758,2.789,-0.789,0.718,1.063,2024-02-14,00Z-ECE,GWUS
2024-02-19,23.257,-0.322,,0.198,-0.84,2024-02-14,00Z-ECE,GWUS
2024-02-20,21.125,-2.144,,-0.932,-2.247,2024-02-14,00Z-ECE,GWUS
2024-02-21,21.05,-2.701,,-1.262,-1.363,2024-02-14,00Z-ECE,GWUS
2024-02-22,21.792,-2.498,,-0.443,-0.448,2024-02-14,00Z-ECE,GWUS
2024-02-23,23.469,-1.111,,-0.083,-0.106,2024-02-14,00Z-ECE,GWUS
2024-02-24,23.212,-2.009,,-0.261,-1.038,2024-02-14,00Z-ECE,GWUS
2024-02-25,20.557,-5.321,,-1.06,-1.872,2024-02-14,00Z-ECE,GWUS
2024-02-26,19.402,-6.161,,-0.671,-1.037,2024-02-14,00Z-ECE,GWUS
2024-02-27,19.256,-5.557,,-0.487,-0.537,2024-02-14,00Z-ECE,GWUS
2024-02-28,18.587,-6.226,,,,2024-02-14,00Z-ECE,GWUS
2024-02-15,22.693,-4.342,-0.424,-0.401,-0.6,2024-02-15,00Z-ECE,GWUS
2024-02-16,24.897,-1.593,-0.318,-0.258,-0.192,2024-02-15,00Z-ECE,GWUS
2024-02-17,30.185,4.492,-0.159,0.139,0.284,2024-02-15,00Z-ECE,GWUS
2024-02-18,28.311,3.342,0.087,0.443,0.553,2024-02-15,00Z-ECE,GWUS
2024-02-19,24.501,0.922,0.33,1.626,1.244,2024-02-15,00Z-ECE,GWUS
2024-02-20,21.062,-2.208,,1.018,-0.064,2024-02-15,00Z-ECE,GWUS
2024-02-21,18.861,-4.89,,0.227,-2.189,2024-02-15,00Z-ECE,GWUS
2024-02-22,20.453,-3.837,,-0.382,-1.338,2024-02-15,00Z-ECE,GWUS
2024-02-23,23.48,-1.1,,-0.738,0.011,2024-02-15,00Z-ECE,GWUS
2024-02-24,24.773,-0.448,,0.921,1.561,2024-02-15,00Z-ECE,GWUS
2024-02-25,22.502,-3.376,,1.589,1.945,2024-02-15,00Z-ECE,GWUS
2024-02-26,19.916,-5.647,,0.394,0.514,2024-02-15,00Z-ECE,GWUS
2024-02-27,19.062,-5.751,,-0.043,-0.193,2024-02-15,00Z-ECE,GWUS
2024-02-28,18.75,-6.07,,-0.095,-0.374,2024-02-15,00Z-ECE,GWUS
2024-02-29,17.112,-7.708,,,,2024-02-15,00Z-ECE,GWUS
2024-02-16,25.103,-1.388,-0.298,-0.088,0.206,2024-02-16,00Z-ECE,GWUS
2024-02-17,30.995,5.302,0.14,0.258,0.81,2024-02-16,00Z-ECE,GWUS
2024-02-18,28.632,3.664,-0.044,0.126,0.322,2024-02-16,00Z-ECE,GWUS
2024-02-19,25.278,1.699,0.15,0.159,0.777,2024-02-16,00Z-ECE,GWUS
2024-02-20,21.422,-1.848,-0.273,-0.095,0.36,2024-02-16,00Z-ECE,GWUS
2024-02-21,18.232,-5.519,,-0.303,-0.629,2024-02-16,00Z-ECE,GWUS
2024-02-22,19.201,-5.089,,-0.123,-1.252,2024-02-16,00Z-ECE,GWUS
2024-02-23,24.318,-0.262,,0.985,0.838,2024-02-16,00Z-ECE,GWUS
2024-02-24,25.466,0.245,,-0.043,0.693,2024-02-16,00Z-ECE,GWUS
2024-02-25,22.612,-3.266,,-0.251,0.11,2024-02-16,00Z-ECE,GWUS
2024-02-26,19.863,-5.7,,0.582,-0.053,2024-02-16,00Z-ECE,GWUS
2024-02-27,18.087,-6.726,,0.324,-0.976,2024-02-16,00Z-ECE,GWUS
2024-02-28,17.666,-7.154,,-0.728,-1.084,2024-02-16,00Z-ECE,GWUS
2024-02-29,17.844,-5.689,,-1.427,0.038,2024-02-16,00Z-ECE,GWUS
2024-03-01,17.556,-5.978,,,,2024-02-16,00Z-ECE,GWUS
2024-02-17,31.439,5.747,-0.047,0.469,0.444,2024-02-17,00Z-ECE,GWUS
2024-02-18,28.477,3.508,-0.251,0.025,-0.156,2024-02-17,00Z-ECE,GWUS
2024-02-19,25.2,1.621,-0.044,-0.188,-0.078,2024-02-17,00Z-ECE,GWUS
2024-02-20,21.427,-1.843,-0.056,-0.15,0.005,2024-02-17,00Z-ECE,GWUS
2024-02-21,18.063,-5.688,-0.248,-0.061,-0.169,2024-02-17,00Z-ECE,GWUS
2024-02-22,18.499,-5.791,,-0.9,-0.702,2024-02-17,00Z-ECE,GWUS
2024-02-23,22.967,-1.613,,-2.319,-1.351,2024-02-17,00Z-ECE,GWUS
2024-02-24,24.912,-0.309,,-0.429,-0.554,2024-02-17,00Z-ECE,GWUS
2024-02-25,22.914,-2.964,,1.582,0.302,2024-02-17,00Z-ECE,GWUS
2024-02-26,19.183,-6.38,,-0.013,-0.68,2024-02-17,00Z-ECE,GWUS
2024-02-27,16.38,-8.433,,-2.065,-1.706,2024-02-17,00Z-ECE,GWUS
2024-02-28,15.651,-9.169,,-4.038,-2.015,2024-02-17,00Z-ECE,GWUS
2024-02-29,15.85,-7.683,,-5.355,-1.994,2024-02-17,00Z-ECE,GWUS
2024-03-01,16.266,-7.834,,-5.562,-2.069,2024-02-17,00Z-ECE,GWUS
2024-03-02,16.54,-7.561,,,,2024-02-17,00Z-ECE,GWUS
2024-02-18,28.821,3.852,-0.324,0.025,0.344,2024-02-18,00Z-ECE,GWUS
2024-02-19,25.886,2.307,-0.227,-0.001,0.686,2024-02-18,00Z-ECE,GWUS
2024-02-20,22.546,-0.724,-0.151,0.346,1.119,2024-02-18,00Z-ECE,GWUS
2024-02-21,18.731,-5.02,-0.269,0.16,0.668,2024-02-18,00Z-ECE,GWUS
2024-02-22,17.868,-6.423,-0.047,-0.027,-0.631,2024-02-18,00Z-ECE,GWUS
2024-02-23,21.251,-3.329,,-0.99,-1.716,2024-02-18,00Z-ECE,GWUS
2024-02-24,23.362,-1.859,,-0.575,-1.55,2024-02-18,00Z-ECE,GWUS
2024-02-25,20.74,-5.139,,-0.258,-2.175,2024-02-18,00Z-ECE,GWUS
2024-02-26,16.759,-8.805,,-0.535,-2.424,2024-02-18,00Z-ECE,GWUS
2024-02-27,14.989,-9.824,,-0.319,-1.391,2024-02-18,00Z-ECE,GWUS
2024-02-28,15.555,-9.265,,-0.139,-0.096,2024-02-18,00Z-ECE,GWUS
2024-02-29,17.109,-6.424,,0.714,1.258,2024-02-18,00Z-ECE,GWUS
2024-03-01,18.453,-5.648,,1.349,2.187,2024-02-18,00Z-ECE,GWUS
2024-03-02,19.104,-6.036,,1.362,1.769,2024-02-18,00Z-ECE,GWUS
2024-03-03,18.619,-6.521,,,,2024-02-18,00Z-ECE,GWUS
2024-02-19,25.904,2.325,-0.562,-0.354,0.018,2024-02-19,00Z-ECE,GWUS
2024-02-20,22.976,-0.294,-0.535,-0.38,0.43,2024-02-19,00Z-ECE,GWUS
2024-02-21,19.418,-4.333,-0.425,-0.235,0.688,2024-02-19,00Z-ECE,GWUS
2024-02-22,18.006,-6.285,-0.559,-0.325,0.138,2024-02-19,00Z-ECE,GWUS
2024-02-23,20.081,-4.499,-0.486,-1.12,-1.17,2024-02-19,00Z-ECE,GWUS
2024-02-24,24.137,-1.084,,0.943,0.775,2024-02-19,00Z-ECE,GWUS
2024-02-25,20.924,-4.954,,1.518,0.184,2024-02-19,00Z-ECE,GWUS
2024-02-26,16.085,-9.478,,-0.124,-0.674,2024-02-19,00Z-ECE,GWUS
2024-02-27,14.444,-10.369,,-0.557,-0.545,2024-02-19,00Z-ECE,GWUS
2024-02-28,16.467,-8.353,,0.78,0.912,2024-02-19,00Z-ECE,GWUS
2024-02-29,18.345,-5.188,,1.641,1.236,2024-02-19,00Z-ECE,GWUS
2024-03-01,17.396,-6.705,,-0.253,-1.057,2024-02-19,00Z-ECE,GWUS
2024-03-02,15.681,-9.459,,-2.271,-3.423,2024-02-19,00Z-ECE,GWUS
2024-03-03,14.941,-9.761,,-2.23,-4.203,2024-02-19,00Z-ECE,GWUS
2024-03-04,15.248,-9.455,,,,2024-02-19,00Z-ECE,GWUS
2024-02-20,22.523,-0.747,-0.471,-0.487,-0.453,2024-02-20,00Z-ECE,GWUS
2024-02-21,19.16,-4.591,-0.324,-0.361,-0.258,2024-02-20,00Z-ECE,GWUS
2024-02-22,17.907,-6.383,-0.073,0.079,-0.099,2024-02-20,00Z-ECE,GWUS
2024-02-23,19.877,-4.703,-0.111,-0.402,-0.204,2024-02-20,00Z-ECE,GWUS
2024-02-24,24.163,-1.058,-0.461,-0.974,0.026,2024-02-20,00Z-ECE,GWUS
2024-02-25,21.03,-4.849,,-0.609,0.106,2024-02-20,00Z-ECE,GWUS
2024-02-26,16.428,-9.135,,0.277,0.343,2024-02-20,00Z-ECE,GWUS
2024-02-27,15.283,-9.53,,0.484,0.84,2024-02-20,00Z-ECE,GWUS
2024-02-28,17.935,-6.885,,0.536,1.468,2024-02-20,00Z-ECE,GWUS
2024-02-29,19.876,-3.658,,0.34,1.531,2024-02-20,00Z-ECE,GWUS
2024-03-01,18.707,-5.394,,0.145,1.311,2024-02-20,00Z-ECE,GWUS
2024-03-02,16.933,-8.207,,0.326,1.252,2024-02-20,00Z-ECE,GWUS
2024-03-03,16.55,-8.153,,1.375,1.609,2024-02-20,00Z-ECE,GWUS
2024-03-04,17.424,-5.922,,1.708,1.396,2024-02-20,00Z-ECE,GWUS
2024-03-05,18.206,-5.14,,,,2024-02-20,00Z-ECE,GWUS
2024-02-21,18.661,-5.09,-0.332,-0.4,-0.499,2024-02-21,00Z-ECE,GWUS
2024-02-22,17.821,-6.47,-0.134,-0.123,-0.087,2024-02-21,00Z-ECE,GWUS
2024-02-23,19.798,-4.781,-0.229,-0.246,-0.078,2024-02-21,00Z-ECE,GWUS
2024-02-24,24.717,-0.504,-0.215,-0.016,0.554,2024-02-21,00Z-ECE,GWUS
2024-02-25,21.046,-4.832,0.024,0.415,0.016,2024-02-21,00Z-ECE,GWUS
2024-02-26,16.187,-9.377,,0.886,-0.242,2024-02-21,00Z-ECE,GWUS
2024-02-27,14.691,-10.122,,0.259,-0.593,2024-02-21,00Z-ECE,GWUS
2024-02-28,17.6,-7.22,,-0.187,-0.336,2024-02-21,00Z-ECE,GWUS
2024-02-29,20.233,-3.301,,0.623,0.357,2024-02-21,00Z-ECE,GWUS
2024-03-01,18.841,-5.26,,1.15,0.134,2024-02-21,00Z-ECE,GWUS
2024-03-02,16.725,-8.415,,0.354,-0.209,2024-02-21,00Z-ECE,GWUS
2024-03-03,15.499,-9.203,,-1.479,-1.051,2024-02-21,00Z-ECE,GWUS
2024-03-04,16.154,-7.192,,-2.703,-1.27,2024-02-21,00Z-ECE,GWUS
2024-03-05,18.577,-4.151,,-2.373,-0.663,2024-02-21,00Z-ECE,GWUS
2024-03-06,19.61,-3.117,,,,2024-02-21,00Z-ECE,GWUS
2024-02-22,17.367,-6.923,-0.234,-0.253,-0.453,2024-02-22,00Z-ECE,GWUS
2024-02-23,18.947,-5.633,-0.649,-0.721,-0.852,2024-02-22,00Z-ECE,GWUS
2024-02-24,24.332,-0.889,-0.687,-0.595,-0.385,2024-02-22,00Z-ECE,GWUS
2024-02-25,21.115,-4.763,-0.373,0.043,0.069,2024-02-22,00Z-ECE,GWUS
2024-02-26,16.334,-9.229,0.239,0.17,0.147,2024-02-22,00Z-ECE,GWUS
2024-02-27,14.188,-10.625,,-0.145,-0.503,2024-02-22,00Z-ECE,GWUS
2024-02-28,17.238,-7.582,,-0.215,-0.361,2024-02-22,00Z-ECE,GWUS
2024-02-29,21.546,-1.987,,0.978,1.313,2024-02-22,00Z-ECE,GWUS
2024-03-01,20.463,-3.638,,1.053,1.622,2024-02-22,00Z-ECE,GWUS
2024-03-02,17.087,-8.053,,0.346,0.363,2024-02-22,00Z-ECE,GWUS
2024-03-03,14.99,-9.712,,0.271,-0.486,2024-02-22,00Z-ECE,GWUS
2024-03-04,15.162,-8.184,,-0.622,-0.992,2024-02-22,00Z-ECE,GWUS
2024-03-05,17.163,-5.565,,-1.352,-1.414,2024-02-22,00Z-ECE,GWUS
2024-03-06,18.224,-3.626,,-2.22,-1.984,2024-02-22,00Z-ECE,GWUS
2024-03-07,17.571,-4.279,,,,2024-02-22,00Z-ECE,GWUS
2024-02-24,23.719,-1.502,-0.26,-0.472,-0.349,2024-02-24,00Z-ECE,GWUS
2024-02-25,20.767,-5.111,-0.254,-0.392,-0.396,2024-02-24,00Z-ECE,GWUS
2024-02-26,15.675,-9.888,-0.147,-0.167,-0.422,2024-02-24,00Z-ECE,GWUS
2024-02-27,14.361,-10.452,0.064,-0.952,-0.401,2024-02-24,00Z-ECE,GWUS
2024-02-28,20.906,-3.914,1.391,-0.278,1.803,2024-02-24,00Z-ECE,GWUS
2024-02-29,26.31,2.777,,1.853,5.152,2024-02-24,00Z-ECE,GWUS
2024-03-01,21.962,-2.139,,1.225,3.265,2024-02-24,00Z-ECE,GWUS
2024-03-02,16.271,-8.868,,-0.21,-0.151,2024-02-24,00Z-ECE,GWUS
2024-03-03,13.619,-11.084,,-0.608,-1.514,2024-02-24,00Z-ECE,GWUS
2024-03-04,14.008,-9.338,,-1.001,-2.067,2024-02-24,00Z-ECE,GWUS
2024-03-05,15.976,-6.752,,-1.022,-2.141,2024-02-24,00Z-ECE,GWUS
2024-03-06,17.918,-3.932,,-0.181,-1.683,2024-02-24,00Z-ECE,GWUS
2024-03-07,18.906,-2.367,,0.403,-0.649,2024-02-24,00Z-ECE,GWUS
2024-03-08,19.124,-2.03,,0.745,0.005,2024-02-24,00Z-ECE,GWUS
2024-03-09,18.791,-2.362,,,,2024-02-24,00Z-ECE,GWUS
2024-02-25,20.556,-5.322,-0.31,-0.311,-0.211,2024-02-25,00Z-ECE,GWUS
2024-02-26,15.773,-9.79,-0.221,-0.131,0.098,2024-02-25,00Z-ECE,GWUS
2024-02-27,14.223,-10.59,0.049,-0.211,-0.138,2024-02-25,00Z-ECE,GWUS
2024-02-28,19.181,-5.639,-0.147,-1.559,-1.725,2024-02-25,00Z-ECE,GWUS
2024-02-29,24.904,1.371,-0.528,-0.89,-1.406,2024-02-25,00Z-ECE,GWUS
2024-03-01,21.05,-3.05,,-0.132,-0.911,2024-02-25,00Z-ECE,GWUS
2024-03-02,15.727,-9.413,,-0.211,-0.544,2024-02-25,00Z-ECE,GWUS
2024-03-03,13.297,-11.406,,-0.269,-0.321,2024-02-25,00Z-ECE,GWUS
2024-03-04,14.316,-9.03,,-0.077,0.308,2024-02-25,00Z-ECE,GWUS
2024-03-05,16.694,-6.034,,0.504,0.718,2024-02-25,00Z-ECE,GWUS
2024-03-06,18.426,-3.424,,0.96,0.508,2024-02-25,00Z-ECE,GWUS
2024-03-07,18.773,-2.5,,0.582,-0.133,2024-02-25,00Z-ECE,GWUS
2024-03-08,18.514,-2.639,,0.052,-0.609,2024-02-25,00Z-ECE,GWUS
2024-03-09,18.694,-2.667,,-0.557,-0.874,2024-02-25,00Z-ECE,GWUS
2024-03-10,18.422,-2.938,,,,2024-02-25,00Z-ECE,GWUS
2024-02-26,15.355,-10.208,-0.263,-0.365,-0.418,2024-02-26,00Z-ECE,GWUS
2024-02-27,14.355,-10.458,0.074,-0.224,0.133,2024-02-26,00Z-ECE,GWUS
2024-02-28,19.596,-5.224,0.561,0.437,0.416,2024-02-26,00Z-ECE,GWUS
2024-02-29,24.74,1.206,0.058,-0.369,-0.164,2024-02-26,00Z-ECE,GWUS
2024-03-01,19.36,-4.741,-0.519,-1.182,-1.69,2024-02-26,00Z-ECE,GWUS
2024-03-02,14.449,-10.691,,-0.669,-1.278,2024-02-26,00Z-ECE,GWUS
2024-03-03,12.805,-11.898,,-0.005,-0.492,2024-02-26,00Z-ECE,GWUS
2024-03-04,14.021,-9.325,,0.171,-0.295,2024-02-26,00Z-ECE,GWUS
2024-03-05,16.708,-6.02,,0.517,0.014,2024-02-26,00Z-ECE,GWUS
2024-03-06,18.979,-2.871,,0.71,0.553,2024-02-26,00Z-ECE,GWUS
2024-03-07,19.374,-1.9,,0.813,0.601,2024-02-26,00Z-ECE,GWUS
2024-03-08,18.709,-2.445,,0.452,0.194,2024-02-26,00Z-ECE,GWUS
2024-03-09,19.146,-2.215,,0.292,0.452,2024-02-26,00Z-ECE,GWUS
2024-03-10,19.471,-1.488,,0.939,0.536,2024-02-26,00Z-ECE,GWUS
2024-03-11,18.123,-2.836,,,,2024-02-26,00Z-ECE,GWUS
2024-02-27,13.76,-11.053,-0.194,-0.214,-0.595,2024-02-27,00Z-ECE,GWUS
2024-02-28,19.325,-5.495,0.044,-0.244,-0.271,2024-02-27,00Z-ECE,GWUS
2024-02-29,24.681,1.148,-0.176,-0.207,-0.058,2024-02-27,00Z-ECE,GWUS
2024-03-01,19.479,-4.622,-0.299,0.085,0.119,2024-02-27,00Z-ECE,GWUS
2024-03-02,14.882,-10.258,-0.012,0.09,0.433,2024-02-27,00Z-ECE,GWUS
2024-03-03,12.85,-11.853,,-0.439,0.045,2024-02-27,00Z-ECE,GWUS
2024-03-04,13.279,-10.067,,-1.26,-0.742,2024-02-27,00Z-ECE,GWUS
2024-03-05,15.196,-7.532,,-1.865,-1.512,2024-02-27,00Z-ECE,GWUS
2024-03-06,18.292,-3.557,,-0.505,-0.686,2024-02-27,00Z-ECE,GWUS
2024-03-07,20.347,-0.927,,1.403,0.973,2024-02-27,00Z-ECE,GWUS
2024-03-08,20.401,-0.753,,1.636,1.692,2024-02-27,00Z-ECE,GWUS
2024-03-09,20.011,-1.35,,0.686,0.865,2024-02-27,00Z-ECE,GWUS
2024-03-10,20.101,-0.858,,0.664,0.631,2024-02-27,00Z-ECE,GWUS
2024-03-11,20.281,-0.553,,1.194,1.642,2024-02-27,00Z-ECE,GWUS
2024-03-12,19.014,-1.82,,,,2024-02-27,00Z-ECE,GWUS
2024-02-28,20.268,-4.552,0.164,0.362,0.943,2024-02-28,00Z-ECE,GWUS
2024-02-29,25.162,1.629,-0.081,0.331,0.481,2024-02-28,00Z-ECE,GWUS
2024-03-01,20.129,-3.972,0.12,0.424,0.649,2024-02-28,00Z-ECE,GWUS
2024-03-02,15.573,-9.567,0.31,0.443,0.691,2024-02-28,00Z-ECE,GWUS
2024-03-03,13.045,-11.658,0.259,0.255,0.195,2024-02-28,00Z-ECE,GWUS
2024-03-04,13.486,-9.86,,0.297,0.207,2024-02-28,00Z-ECE,GWUS
2024-03-05,14.645,-8.083,,0.064,-0.551,2024-02-28,00Z-ECE,GWUS
2024-03-06,15.344,-6.506,,-1.186,-2.948,2024-02-28,00Z-ECE,GWUS
2024-03-07,15.759,-5.515,,-2.545,-4.588,2024-02-28,00Z-ECE,GWUS
2024-03-08,16.342,-4.812,,-2.834,-4.059,2024-02-28,00Z-ECE,GWUS
2024-03-09,17.962,-3.399,,-1.697,-2.049,2024-02-28,00Z-ECE,GWUS
2024-03-10,19.356,-1.603,,-0.616,-0.745,2024-02-28,00Z-ECE,GWUS
2024-03-11,19.922,-0.912,,-0.161,-0.359,2024-02-28,00Z-ECE,GWUS
2024-03-12,19.027,-1.223,,-0.067,-0.341,2024-02-28,00Z-ECE,GWUS
2024-03-13,17.652,-2.597,,,,2024-02-28,00Z-ECE,GWUS
2024-02-29,25.542,2.009,-0.207,-0.205,0.38,2024-02-29,00Z-ECE,GWUS
2024-03-01,20.94,-3.161,-0.022,-0.164,0.811,2024-02-29,00Z-ECE,GWUS
2024-03-02,16.031,-9.109,-0.054,-0.419,0.458,2024-02-29,00Z-ECE,GWUS
2024-03-03,13.137,-11.566,0.054,-0.329,0.092,2024-02-29,00Z-ECE,GWUS
2024-03-04,13.232,-10.114,0.204,-0.124,-0.254,2024-02-29,00Z-ECE,GWUS
2024-03-05,14.346,-8.382,,0.065,-0.299,2024-02-29,00Z-ECE,GWUS
2024-03-06,15.268,-6.582,,0.191,-0.077,2024-02-29,00Z-ECE,GWUS
2024-03-07,16.049,-5.225,,-0.132,0.29,2024-02-29,00Z-ECE,GWUS
2024-03-08,17.553,-3.6,,-0.606,1.211,2024-02-29,00Z-ECE,GWUS
2024-03-09,19.297,-2.064,,-0.642,1.335,2024-02-29,00Z-ECE,GWUS
2024-03-10,20.361,-0.598,,-0.66,1.005,2024-02-29,00Z-ECE,GWUS
2024-03-11,20.179,-0.655,,-0.736,0.257,2024-02-29,00Z-ECE,GWUS
2024-03-12,18.536,-1.714,,-0.698,-0.491,2024-02-29,00Z-ECE,GWUS
2024-03-13,16.781,-2.772,,-0.721,-1.103,2024-02-29,00Z-ECE,GWUS
2024-03-14,15.576,-3.978,,,,2024-02-29,00Z-ECE,GWUS
2024-03-01,21.261,-2.84,-0.029,0.067,0.322,2024-03-01,00Z-ECE,GWUS
2024-03-02,16.382,-8.758,0.02,0.276,0.351,2024-03-01,00Z-ECE,GWUS
2024-03-03,13.371,-11.332,0.12,0.235,0.234,2024-03-01,00Z-ECE,GWUS
2024-03-04,13.534,-9.812,0.216,0.29,0.302,2024-03-01,00Z-ECE,GWUS
2024-03-05,14.683,-8.045,0.074,0.209,0.337,2024-03-01,00Z-ECE,GWUS
2024-03-06,15.092,-6.758,,-0.142,-0.176,2024-03-01,00Z-ECE,GWUS
2024-03-07,16.332,-4.942,,0.421,0.283,2024-03-01,00Z-ECE,GWUS
2024-03-08,17.034,-4.119,,0.47,-0.519,2024-03-01,00Z-ECE,GWUS
2024-03-09,18.8,-2.561,,0.643,-0.497,2024-03-01,00Z-ECE,GWUS
2024-03-10,20.099,-0.86,,0.289,-0.262,2024-03-01,00Z-ECE,GWUS
2024-03-11,20.461,-0.372,,-0.069,0.282,2024-03-01,00Z-ECE,GWUS
2024-03-12,19.018,-1.231,,-0.215,0.482,2024-03-01,00Z-ECE,GWUS
2024-03-13,17.227,-2.326,,-0.435,0.446,2024-03-01,00Z-ECE,GWUS
2024-03-14,16.349,-3.123,,-0.644,0.382,2024-03-01,00Z-ECE,GWUS
2024-03-15,16.065,-3.407,,,,2024-03-01,00Z-ECE,GWUS
2024-03-02,16.621,-8.519,0.049,0.305,0.24,2024-03-02,00Z-ECE,GWUS
2024-03-03,13.158,-11.545,-0.135,-0.133,-0.213,2024-03-02,00Z-ECE,GWUS
2024-03-04,12.717,-10.629,-0.475,-0.621,-0.817,2024-03-02,00Z-ECE,GWUS
2024-03-05,14.181,-8.547,-0.141,-0.322,-0.502,2024-03-02,00Z-ECE,GWUS
2024-03-06,15.475,-6.375,0.503,-0.302,0.383,2024-03-02,00Z-ECE,GWUS
2024-03-07,17.132,-4.141,,0.246,0.8,2024-03-02,00Z-ECE,GWUS
2024-03-08,17.631,-3.523,,0.338,0.596,2024-03-02,00Z-ECE,GWUS
2024-03-09,18.776,-2.584,,0.183,-0.024,2024-03-02,00Z-ECE,GWUS
2024-03-10,20.283,-0.676,,0.31,0.185,2024-03-02,00Z-ECE,GWUS
2024-03-11,20.872,0.038,,-0.228,0.411,2024-03-02,00Z-ECE,GWUS
2024-03-12,19.137,-1.113,,-0.559,0.119,2024-03-02,00Z-ECE,GWUS
2024-03-13,16.664,-2.89,,-1.377,-0.564,2024-03-02,00Z-ECE,GWUS
2024-03-14,15.129,-4.343,,-1.689,-1.22,2024-03-02,00Z-ECE,GWUS
2024-03-15,15.266,-4.241,,-1.137,-1.472,2024-03-02,00Z-ECE,GWUS
2024-03-16,16.158,-3.348,,,,2024-03-02,00Z-ECE,GWUS
2024-03-03,13.183,-11.52,-0.082,0.051,0.025,2024-03-03,00Z-ECE,GWUS
2024-03-04,12.726,-10.62,0.091,0.425,0.009,2024-03-03,00Z-ECE,GWUS
2024-03-05,14.294,-8.434,0.195,0.576,0.113,2024-03-03,00Z-ECE,GWUS
2024-03-06,15.087,-6.763,0.173,0.248,-0.388,2024-03-03,00Z-ECE,GWUS
2024-03-07,16.829,-4.444,0.353,0.32,-0.303,2024-03-03,00Z-ECE,GWUS
2024-03-08,16.932,-4.221,,0.037,-0.698,2024-03-03,00Z-ECE,GWUS
2024-03-09,18.379,-2.982,,0.047,-0.397,2024-03-03,00Z-ECE,GWUS
2024-03-10,19.611,-1.348,,-0.106,-0.672,2024-03-03,00Z-ECE,GWUS
2024-03-11,19.396,-1.437,,0.021,-1.476,2024-03-03,00Z-ECE,GWUS
2024-03-12,17.006,-3.244,,-0.029,-2.131,2024-03-03,00Z-ECE,GWUS
2024-03-13,14.925,-4.629,,-0.379,-1.739,2024-03-03,00Z-ECE,GWUS
2024-03-14,14.207,-5.265,,-0.484,-0.922,2024-03-03,00Z-ECE,GWUS
2024-03-15,14.642,-4.864,,-0.195,-0.624,2024-03-03,00Z-ECE,GWUS
2024-03-16,16.129,-2.961,,-0.158,-0.748,2024-03-03,00Z-ECE,GWUS
2024-03-17,16.64,-2.45,,,,2024-03-03,00Z-ECE,GWUS
2024-03-04,12.903,-10.443,0.109,0.283,0.177,2024-03-04,00Z-ECE,GWUS
2024-03-05,14.263,-8.465,-0.12,-0.088,-0.031,2024-03-04,00Z-ECE,GWUS
2024-03-06,14.583,-7.267,-0.089,-0.384,-0.504,2024-03-04,00Z-ECE,GWUS
2024-03-07,15.71,-5.564,-0.236,-0.991,-1.12,2024-03-04,00Z-ECE,GWUS
2024-03-08,16.311,-4.842,0.007,-0.742,-0.621,2024-03-04,00Z-ECE,GWUS
2024-03-09,18.745,-2.616,,0.222,0.366,2024-03-04,00Z-ECE,GWUS
2024-03-10,20.516,-0.443,,0.376,0.905,2024-03-04,00Z-ECE,GWUS
2024-03-11,20.163,-0.671,,0.426,0.766,2024-03-04,00Z-ECE,GWUS
2024-03-12,17.104,-3.146,,-0.066,0.098,2024-03-04,00Z-ECE,GWUS
2024-03-13,14.655,-4.899,,-0.643,-0.27,2024-03-04,00Z-ECE,GWUS
2024-03-14,13.53,-5.942,,-0.925,-0.678,2024-03-04,00Z-ECE,GWUS
2024-03-15,14.054,-5.452,,-0.722,-0.587,2024-03-04,00Z-ECE,GWUS
2024-03-16,15.954,-3.136,,-0.115,-0.175,2024-03-04,00Z-ECE,GWUS
2024-03-17,18.079,-0.616,,0.4,0.626,2024-03-04,00Z-ECE,GWUS
2024-03-18,18.649,-0.046,,,,2024-03-04,00Z-ECE,GWUS
2024-03-05,14.211,-8.517,-0.099,0.055,-0.052,2024-03-05,00Z-ECE,GWUS
2024-03-06,14.885,-6.965,-0.051,0.217,0.301,2024-03-05,00Z-ECE,GWUS
2024-03-07,15.762,-5.511,-0.133,0.119,0.052,2024-03-05,00Z-ECE,GWUS
2024-03-08,16.457,-4.696,0.207,0.388,0.146,2024-03-05,00Z-ECE,GWUS
2024-03-09,18.752,-2.609,0.579,0.691,0.007,2024-03-05,00Z-ECE,GWUS
2024-03-10,20.432,-0.527,,0.579,-0.084,2024-03-05,00Z-ECE,GWUS
2024-03-11,19.724,-1.11,,-0.237,-0.438,2024-03-05,00Z-ECE,GWUS
2024-03-12,16.547,-3.703,,-0.182,-0.557,2024-03-05,00Z-ECE,GWUS
2024-03-13,13.877,-5.676,,0.253,-0.777,2024-03-05,00Z-ECE,GWUS
2024-03-14,12.403,-7.069,,0.181,-1.127,2024-03-05,00Z-ECE,GWUS
2024-03-15,12.904,-6.602,,-0.359,-1.15,2024-03-05,00Z-ECE,GWUS
2024-03-16,14.901,-4.189,,-0.576,-1.053,2024-03-05,00Z-ECE,GWUS
2024-03-17,17.253,-1.442,,-0.179,-0.826,2024-03-05,00Z-ECE,GWUS
2024-03-18,18.476,0.188,,0.066,-0.779,2024-03-05,00Z-ECE,GWUS
2024-03-19,18.647,0.359,,,,2024-03-05,00Z-ECE,GWUS
2024-03-06,14.899,-6.951,-0.033,0.19,0.014,2024-03-06,00Z-ECE,GWUS
2024-03-07,15.262,-6.011,0.152,0.003,-0.5,2024-03-06,00Z-ECE,GWUS
2024-03-08,16.212,-4.941,0.228,0.079,-0.245,2024-03-06,00Z-ECE,GWUS
2024-03-09,19.335,-2.026,0.404,0.221,0.583,2024-03-06,00Z-ECE,GWUS
2024-03-10,20.88,-0.079,0.392,0.175,0.448,2024-03-06,00Z-ECE,GWUS
2024-03-11,19.469,-1.365,,-0.388,-0.255,2024-03-06,00Z-ECE,GWUS
2024-03-12,16.068,-4.182,,-0.461,-0.479,2024-03-06,00Z-ECE,GWUS
2024-03-13,13.533,-6.021,,-0.347,-0.344,2024-03-06,00Z-ECE,GWUS
2024-03-14,12.066,-7.405,,-0.633,-0.336,2024-03-06,00Z-ECE,GWUS
2024-03-15,12.582,-6.924,,-0.386,-0.322,2024-03-06,00Z-ECE,GWUS
2024-03-16,14.26,-4.83,,-0.124,-0.641,2024-03-06,00Z-ECE,GWUS
2024-03-17,16.372,-2.323,,0.444,-0.881,2024-03-06,00Z-ECE,GWUS
2024-03-18,18.461,0.173,,0.555,-0.015,2024-03-06,00Z-ECE,GWUS
2024-03-19,20.038,1.613,,0.194,0.794,2024-03-06,00Z-ECE,GWUS
2024-03-20,20.028,1.603,,,,2024-03-06,00Z-ECE,GWUS
2024-03-07,15.344,-5.929,0.023,0.231,0.082,2024-03-07,00Z-ECE,GWUS
2024-03-08,16.329,-4.825,-0.03,0.025,0.117,2024-03-07,00Z-ECE,GWUS
2024-03-09,18.708,-2.445,-0.112,-0.138,-0.626,2024-03-07,00Z-ECE,GWUS
2024-03-10,20.768,-0.19,-0.234,-0.165,-0.111,2024-03-07,00Z-ECE,GWUS
2024-03-11,19.122,-1.712,-0.402,-0.019,-0.347,2024-03-07,00Z-ECE,GWUS
2024-03-12,15.538,-4.711,,-0.077,-0.529,2024-03-07,00Z-ECE,GWUS
2024-03-13,13.162,-6.392,,0.027,-0.372,2024-03-07,00Z-ECE,GWUS
2024-03-14,11.86,-7.612,,-0.382,-0.207,2024-03-07,00Z-ECE,GWUS
2024-03-15,12.419,-7.087,,-0.251,-0.163,2024-03-07,00Z-ECE,GWUS
2024-03-16,14.298,-4.792,,0.044,0.037,2024-03-07,00Z-ECE,GWUS
2024-03-17,17.101,-1.594,,0.486,0.729,2024-03-07,00Z-ECE,GWUS
2024-03-18,18.668,0.381,,0.378,0.207,2024-03-07,00Z-ECE,GWUS
2024-03-19,19.988,1.563,,-0.088,-0.05,2024-03-07,00Z-ECE,GWUS
2024-03-20,20.915,2.865,,-0.135,0.4,2024-03-07,00Z-ECE,GWUS
2024-03-21,19.958,1.908,,,,2024-03-07,00Z-ECE,GWUS
2024-03-08,16.744,-4.409,0.224,0.531,0.416,2024-03-08,00Z-ECE,GWUS
2024-03-09,18.984,-2.169,0.128,0.164,0.276,2024-03-08,00Z-ECE,GWUS
2024-03-10,20.912,-0.047,0.336,0.179,0.144,2024-03-08,00Z-ECE,GWUS
2024-03-11,18.981,-1.853,0.194,-0.171,-0.141,2024-03-08,00Z-ECE,GWUS
2024-03-12,14.628,-5.622,-0.11,-0.877,-0.911,2024-03-08,00Z-ECE,GWUS
2024-03-13,12.371,-7.183,,-0.523,-0.791,2024-03-08,00Z-ECE,GWUS
2024-03-14,11.567,-7.905,,0.093,-0.292,2024-03-08,00Z-ECE,GWUS
2024-03-15,12.232,-7.274,,0.262,-0.187,2024-03-08,00Z-ECE,GWUS
2024-03-16,14.19,-4.9,,0.122,-0.108,2024-03-08,00Z-ECE,GWUS
2024-03-17,17.734,-0.961,,-0.166,0.633,2024-03-08,00Z-ECE,GWUS
2024-03-18,19.996,1.708,,-0.678,1.328,2024-03-08,00Z-ECE,GWUS
2024-03-19,19.938,1.513,,-1.941,-0.05,2024-03-08,00Z-ECE,GWUS
2024-03-20,19.818,1.769,,-1.121,-1.097,2024-03-08,00Z-ECE,GWUS
2024-03-21,18.55,0.393,,-1.418,-1.777,2024-03-08,00Z-ECE,GWUS
2024-03-22,17.082,-1.075,,,,2024-03-08,00Z-ECE,GWUS
2024-03-09,19.157,-1.996,0.048,0.191,0.172,2024-03-09,00Z-ECE,GWUS
2024-03-10,20.899,-0.06,0.004,0.152,-0.014,2024-03-09,00Z-ECE,GWUS
2024-03-11,18.715,-2.119,0.07,-0.122,-0.266,2024-03-09,00Z-ECE,GWUS
2024-03-12,14.394,-5.855,0.278,-0.126,-0.234,2024-03-09,00Z-ECE,GWUS
2024-03-13,12.459,-7.095,0.065,-0.071,0.088,2024-03-09,00Z-ECE,GWUS
2024-03-14,11.509,-7.962,,-0.668,-0.058,2024-03-09,00Z-ECE,GWUS
2024-03-15,12.436,-7.07,,-0.658,0.204,2024-03-09,00Z-ECE,GWUS
2024-03-16,14.276,-4.814,,-0.367,0.086,2024-03-09,00Z-ECE,GWUS
2024-03-17,17.286,-1.409,,-0.605,-0.448,2024-03-09,00Z-ECE,GWUS
2024-03-18,19.595,1.307,,-0.802,-0.401,2024-03-09,00Z-ECE,GWUS
2024-03-19,21.29,2.864,,0.412,1.351,2024-03-09,00Z-ECE,GWUS
2024-03-20,21.71,3.66,,0.989,1.892,2024-03-09,00Z-ECE,GWUS
2024-03-21,20.378,2.221,,0.157,1.827,2024-03-09,00Z-ECE,GWUS
2024-03-22,19.849,1.635,,-0.1,2.063,2024-03-09,00Z-ECE,GWUS
2024-03-23,19.838,1.624,,,,2024-03-09,00Z-ECE,GWUS
2024-03-10,20.942,-0.017,0.058,0.093,0.043,2024-03-10,00Z-ECE,GWUS
2024-03-11,18.556,-2.278,0.037,-0.154,-0.159,2024-03-10,00Z-ECE,GWUS
2024-03-12,13.843,-6.406,-0.116,-0.291,-0.551,2024-03-10,00Z-ECE,GWUS
2024-03-13,12.574,-6.98,-0.038,0.017,0.115,2024-03-10,00Z-ECE,GWUS
2024-03-14,12.558,-6.914,0.117,0.405,1.048,2024-03-10,00Z-ECE,GWUS
2024-03-15,13.31,-6.196,,0.544,0.874,2024-03-10,00Z-ECE,GWUS
2024-03-16,14.303,-4.787,,0.023,0.026,2024-03-10,00Z-ECE,GWUS
2024-03-17,17.608,-1.088,,-0.228,0.322,2024-03-10,00Z-ECE,GWUS
2024-03-18,21.09,2.802,,-0.401,1.495,2024-03-10,00Z-ECE,GWUS
2024-03-19,22.343,3.918,,-0.489,1.054,2024-03-10,00Z-ECE,GWUS
2024-03-20,22.372,4.322,,0.027,0.662,2024-03-10,00Z-ECE,GWUS
2024-03-21,22.421,4.264,,0.897,2.043,2024-03-10,00Z-ECE,GWUS
2024-03-22,21.777,3.563,,1.125,1.928,2024-03-10,00Z-ECE,GWUS
2024-03-23,21.316,3.659,,1.164,0.907,2024-03-10,00Z-ECE,GWUS
2024-03-24,19.732,2.075,,,,2024-03-10,00Z-ECE,GWUS
2024-03-11,18.069,-2.765,-0.142,-0.365,-0.487,2024-03-11,00Z-ECE,GWUS
2024-03-12,13.509,-6.741,-0.206,-0.193,-0.335,2024-03-11,00Z-ECE,GWUS
2024-03-13,12.386,-7.168,-0.025,-0.068,-0.188,2024-03-11,00Z-ECE,GWUS
2024-03-14,12.301,-7.171,-0.197,-0.281,-0.257,2024-03-11,00Z-ECE,GWUS
2024-03-15,13.504,-6.002,-0.195,-0.215,0.194,2024-03-11,00Z-ECE,GWUS
2024-03-16,14.415,-4.675,,-0.182,0.112,2024-03-11,00Z-ECE,GWUS
2024-03-17,16.94,-1.755,,-0.394,-0.668,2024-03-11,00Z-ECE,GWUS
2024-03-18,21.172,2.884,,-0.1,0.082,2024-03-11,00Z-ECE,GWUS
2024-03-19,22.532,4.107,,-0.218,0.189,2024-03-11,00Z-ECE,GWUS
2024-03-20,21.131,3.081,,-1.11,-1.241,2024-03-11,00Z-ECE,GWUS
2024-03-21,19.866,1.709,,-1.544,-2.554,2024-03-11,00Z-ECE,GWUS
2024-03-22,18.582,0.368,,-1.396,-3.194,2024-03-11,00Z-ECE,GWUS
2024-03-23,18.104,0.447,,-1.76,-3.212,2024-03-11,00Z-ECE,GWUS
2024-03-24,18.139,0.403,,-1.569,-2.213,2024-03-11,00Z-ECE,GWUS
2024-03-25,17.545,-0.191,,,,2024-03-11,00Z-ECE,GWUS
2024-03-12,13.232,-7.018,-0.079,-0.133,-0.277,2024-03-12,00Z-ECE,GWUS
2024-03-13,12.237,-7.317,-0.127,-0.114,-0.149,2024-03-12,00Z-ECE,GWUS
2024-03-14,11.841,-7.63,-0.182,-0.253,-0.459,2024-03-12,00Z-ECE,GWUS
2024-03-15,13.523,-5.983,-0.383,-0.121,0.019,2024-03-12,00Z-ECE,GWUS
2024-03-16,14.524,-4.566,-0.429,-0.15,0.109,2024-03-12,00Z-ECE,GWUS
2024-03-17,16.567,-2.128,,-0.418,-0.373,2024-03-12,00Z-ECE,GWUS
2024-03-18,21.649,3.361,,0.165,0.477,2024-03-12,00Z-ECE,GWUS
2024-03-19,22.955,4.53,,0.193,0.423,2024-03-12,00Z-ECE,GWUS
2024-03-20,21.351,3.301,,-0.239,0.22,2024-03-12,00Z-ECE,GWUS
2024-03-21,19.099,0.942,,-0.406,-0.768,2024-03-12,00Z-ECE,GWUS
2024-03-22,17.558,-0.656,,-0.029,-1.025,2024-03-12,00Z-ECE,GWUS
2024-03-23,17.577,-0.08,,0.264,-0.527,2024-03-12,00Z-ECE,GWUS
2024-03-24,18.733,0.998,,0.851,0.595,2024-03-12,00Z-ECE,GWUS
2024-03-25,19.291,1.748,,0.72,1.192,2024-03-12,00Z-ECE,GWUS
2024-03-26,18.746,1.203,,,,2024-03-12,00Z-ECE,GWUS
2024-03-13,12.158,-7.396,-0.038,0.025,-0.079,2024-03-13,00Z-ECE,GWUS
2024-03-14,11.742,-7.73,-0.007,0.059,-0.099,2024-03-13,00Z-ECE,GWUS
2024-03-15,12.683,-6.823,-0.034,0.082,-0.841,2024-03-13,00Z-ECE,GWUS
2024-03-16,14.143,-4.948,-0.224,0.046,-0.382,2024-03-13,00Z-ECE,GWUS
2024-03-17,17.323,-1.372,0.364,0.234,0.756,2024-03-13,00Z-ECE,GWUS
2024-03-18,21.921,3.633,,-0.058,0.272,2024-03-13,00Z-ECE,GWUS
2024-03-19,21.204,2.779,,-1.829,-1.751,2024-03-13,00Z-ECE,GWUS
2024-03-20,18.842,0.792,,-1.622,-2.509,2024-03-13,00Z-ECE,GWUS
2024-03-21,17.21,-0.947,,-0.635,-1.889,2024-03-13,00Z-ECE,GWUS
2024-03-22,17.313,-0.901,,0.145,-0.245,2024-03-13,00Z-ECE,GWUS
2024-03-23,18.811,1.154,,0.548,1.234,2024-03-13,00Z-ECE,GWUS
2024-03-24,19.718,1.983,,0.744,0.985,2024-03-13,00Z-ECE,GWUS
2024-03-25,18.998,1.455,,0.329,-0.293,2024-03-13,00Z-ECE,GWUS
2024-03-26,18.185,1.342,,0.208,-0.986,2024-03-13,00Z-ECE,GWUS
2024-03-27,17.045,0.202,,,,2024-03-13,00Z-ECE,GWUS
2024-03-14,11.553,-7.919,-0.048,-0.008,-0.189,2024-03-14,00Z-ECE,GWUS
2024-03-15,12.312,-7.194,-0.228,-0.22,-0.37,2024-03-14,00Z-ECE,GWUS
2024-03-16,13.885,-5.205,-0.107,-0.129,-0.257,2024-03-14,00Z-ECE,GWUS
2024-03-17,17.082,-1.613,-0.36,-0.443,-0.241,2024-03-14,00Z-ECE,GWUS
2024-03-18,22.476,4.188,0.678,0.33,0.555,2024-03-14,00Z-ECE,GWUS
2024-03-19,21.442,3.017,,-0.406,0.238,2024-03-14,00Z-ECE,GWUS
2024-03-20,18.969,0.92,,-0.525,0.128,2024-03-14,00Z-ECE,GWUS
2024-03-21,18.146,-0.011,,0.813,0.937,2024-03-14,00Z-ECE,GWUS
2024-03-22,18.329,0.115,,0.752,1.016,2024-03-14,00Z-ECE,GWUS
2024-03-23,18.904,1.247,,0.832,0.093,2024-03-14,00Z-ECE,GWUS
2024-03-24,18.925,1.19,,0.858,-0.793,2024-03-14,00Z-ECE,GWUS
2024-03-25,17.839,0.296,,-0.033,-1.159,2024-03-14,00Z-ECE,GWUS
2024-03-26,17.215,0.372,,-0.413,-0.97,2024-03-14,00Z-ECE,GWUS
2024-03-27,16.85,1.012,,-0.173,-0.708,2024-03-14,00Z-ECE,GWUS
2024-03-28,16.199,0.36,,,,2024-03-14,00Z-ECE,GWUS
2024-03-15,12.36,-7.146,0.006,0.033,0.047,2024-03-15,00Z-ECE,GWUS
2024-03-16,13.972,-5.118,0.059,0.103,0.086,2024-03-15,00Z-ECE,GWUS
2024-03-17,16.955,-1.74,0.259,0.506,-0.127,2024-03-15,00Z-ECE,GWUS
2024-03-18,22.665,4.378,0.137,0.214,0.189,2024-03-15,00Z-ECE,GWUS
2024-03-19,21.388,2.963,-0.153,-0.809,-0.055,2024-03-15,00Z-ECE,GWUS
2024-03-20,19.611,1.561,,-0.028,0.641,2024-03-15,00Z-ECE,GWUS
2024-03-21,19.394,1.237,,1.023,1.248,2024-03-15,00Z-ECE,GWUS
2024-03-22,18.797,0.583,,0.669,0.468,2024-03-15,00Z-ECE,GWUS
2024-03-23,19.136,1.478,,0.147,0.231,2024-03-15,00Z-ECE,GWUS
2024-03-24,19.658,1.922,,0.215,0.732,2024-03-15,00Z-ECE,GWUS
2024-03-25,18.608,1.065,,-0.518,0.768,2024-03-15,00Z-ECE,GWUS
2024-03-26,16.643,-0.2,,-1.74,-0.572,2024-03-15,00Z-ECE,GWUS
2024-03-27,15.513,-0.326,,-2.067,-1.337,2024-03-15,00Z-ECE,GWUS
2024-03-28,15.509,-0.465,,-1.826,-1.224,2024-03-15,00Z-ECE,GWUS
2024-03-29,15.251,-0.723,,,,2024-03-15,00Z-ECE,GWUS
2024-03-16,14.246,-4.844,-0.07,0.187,0.274,2024-03-16,00Z-ECE,GWUS
2024-03-17,17.092,-1.603,-0.186,-0.119,0.137,2024-03-16,00Z-ECE,GWUS
2024-03-18,22.499,4.211,-0.031,-0.163,-0.167,2024-03-16,00Z-ECE,GWUS
2024-03-19,21.234,2.809,-0.026,-0.143,-0.153,2024-03-16,00Z-ECE,GWUS
2024-03-20,19.506,1.456,0.109,-0.37,-0.105,2024-03-16,00Z-ECE,GWUS
2024-03-21,19.745,1.588,,0.415,0.351,2024-03-16,00Z-ECE,GWUS
2024-03-22,18.563,0.349,,0.325,-0.234,2024-03-16,00Z-ECE,GWUS
2024-03-23,17.232,-0.425,,-0.04,-1.904,2024-03-16,00Z-ECE,GWUS
2024-03-24,17.216,-0.519,,-0.407,-2.441,2024-03-16,00Z-ECE,GWUS
2024-03-25,18.059,0.516,,0.156,-0.549,2024-03-16,00Z-ECE,GWUS
2024-03-26,18.234,1.391,,0.545,1.591,2024-03-16,00Z-ECE,GWUS
2024-03-27,18.253,2.414,,0.924,2.74,2024-03-16,00Z-ECE,GWUS
2024-03-28,18.645,2.671,,1.598,3.136,2024-03-16,00Z-ECE,GWUS
2024-03-29,18.838,3.124,,1.617,3.108,2024-03-16,00Z-ECE,GWUS
2024-03-30,17.935,2.221,,,,2024-03-16,00Z-ECE,GWUS
2024-03-17,16.993,-1.702,-0.004,-0.009,-0.099,2024-03-17,00Z-ECE,GWUS
2024-03-18,22.303,4.015,-0.049,-0.106,-0.196,2024-03-17,00Z-ECE,GWUS
2024-03-19,21.052,2.627,0.055,-0.068,-0.182,2024-03-17,00Z-ECE,GWUS
2024-03-20,19.886,1.836,0.219,-0.344,0.38,2024-03-17,00Z-ECE,GWUS
2024-03-21,20.846,2.69,0.482,0.046,1.101,2024-03-17,00Z-ECE,GWUS
2024-03-22,19.013,0.799,,-0.072,0.45,2024-03-17,00Z-ECE,GWUS
2024-03-23,17.202,-0.456,,-0.67,-0.03,2024-03-17,00Z-ECE,GWUS
2024-03-24,16.758,-0.977,,-1.31,-0.458,2024-03-17,00Z-ECE,GWUS
2024-03-25,17.394,-0.149,,-0.776,-0.665,2024-03-17,00Z-ECE,GWUS
2024-03-26,18.062,1.219,,-0.139,-0.173,2024-03-17,00Z-ECE,GWUS
2024-03-27,18.169,2.33,,-0.828,-0.083,2024-03-17,00Z-ECE,GWUS
2024-03-28,18.651,2.677,,-0.936,0.006,2024-03-17,00Z-ECE,GWUS
2024-03-29,19.241,3.528,,-0.215,0.403,2024-03-17,00Z-ECE,GWUS
2024-03-30,19.13,3.174,,0.893,0.83,2024-03-17,00Z-ECE,GWUS
2024-03-31,18.286,2.331,,,,2024-03-17,00Z-ECE,GWUS
2024-03-18,22.583,4.296,-0.097,0.052,0.281,2024-03-18,00Z-ECE,GWUS
2024-03-19,21.168,2.743,-0.121,0.007,0.115,2024-03-18,00Z-ECE,GWUS
2024-03-20,19.46,1.41,-0.029,-0.03,-0.426,2024-03-18,00Z-ECE,GWUS
2024-03-21,20.908,2.752,-0.139,0.184,0.062,2024-03-18,00Z-ECE,GWUS
2024-03-22,18.779,0.565,0.287,0.121,-0.235,2024-03-18,00Z-ECE,GWUS
2024-03-23,17.513,-0.144,,-0.295,0.311,2024-03-18,00Z-ECE,GWUS
2024-03-24,17.688,-0.048,,-0.978,0.929,2024-03-18,00Z-ECE,GWUS
2024-03-25,16.964,-0.579,,-0.997,-0.429,2024-03-18,00Z-ECE,GWUS
2024-03-26,17.761,0.918,,0.693,-0.3,2024-03-18,00Z-ECE,GWUS
2024-03-27,17.933,2.094,,1.361,-0.236,2024-03-18,00Z-ECE,GWUS
2024-03-28,18.194,2.219,,1.126,-0.457,2024-03-18,00Z-ECE,GWUS
2024-03-29,18.613,2.899,,1.393,-0.628,2024-03-18,00Z-ECE,GWUS
2024-03-30,18.445,2.489,,1.475,-0.685,2024-03-18,00Z-ECE,GWUS
2024-03-31,17.503,1.561,,1.144,-0.498,2024-03-18,00Z-ECE,GWUS
2024-04-01,15.864,-0.078,,,,2024-03-18,00Z-ECE,GWUS
2024-03-19,21.092,2.667,-0.198,0.019,-0.075,2024-03-19,00Z-ECE,GWUS
2024-03-20,19.572,1.522,-0.033,0.209,0.112,2024-03-19,00Z-ECE,GWUS
2024-03-21,21.13,2.973,-0.121,0.255,0.221,2024-03-19,00Z-ECE,GWUS
2024-03-22,19.129,0.915,-0.131,-0.03,0.35,2024-03-19,00Z-ECE,GWUS
2024-03-23,18.895,1.237,0.2,0.27,1.382,2024-03-19,00Z-ECE,GWUS
2024-03-24,19.027,1.292,,0.156,1.34,2024-03-19,00Z-ECE,GWUS
2024-03-25,18.168,0.625,,0.54,1.203,2024-03-19,00Z-ECE,GWUS
2024-03-26,18.765,1.922,,0.774,1.004,2024-03-19,00Z-ECE,GWUS
2024-03-27,18.805,2.966,,0.672,0.872,2024-03-19,00Z-ECE,GWUS
2024-03-28,18.709,2.734,,0.753,0.515,2024-03-19,00Z-ECE,GWUS
2024-03-29,18.516,2.802,,0.239,-0.097,2024-03-19,00Z-ECE,GWUS
2024-03-30,17.587,1.631,,-1.053,-0.858,2024-03-19,00Z-ECE,GWUS
2024-03-31,16.092,0.149,,-1.8,-1.411,2024-03-19,00Z-ECE,GWUS
2024-04-01,15.245,-0.222,,-1.527,-1.206,2024-03-19,00Z-ECE,GWUS
2024-04-02,14.863,-0.604,,,,2024-03-19,00Z-ECE,GWUS
2024-03-20,19.092,1.042,-0.179,-0.079,-0.48,2024-03-20,00Z-ECE,GWUS
2024-03-21,20.637,2.48,-0.248,-0.387,-0.493,2024-03-20,00Z-ECE,GWUS
2024-03-22,18.471,0.257,-0.319,-0.49,-0.658,2024-03-20,00Z-ECE,GWUS
2024-03-23,19.792,2.134,-0.023,-0.06,0.897,2024-03-20,00Z-ECE,GWUS
2024-03-24,20.654,2.919,0.313,0.163,1.627,2024-03-20,00Z-ECE,GWUS
2024-03-25,18.288,0.744,,-0.163,0.12,2024-03-20,00Z-ECE,GWUS
2024-03-26,18.092,1.249,,-0.18,-0.673,2024-03-20,00Z-ECE,GWUS
2024-03-27,17.55,1.711,,-0.394,-1.255,2024-03-20,00Z-ECE,GWUS
2024-03-28,16.934,0.959,,-1.053,-1.775,2024-03-20,00Z-ECE,GWUS
2024-03-29,16.787,1.073,,-0.773,-1.729,2024-03-20,00Z-ECE,GWUS
2024-03-30,17.203,1.248,,-0.21,-0.383,2024-03-20,00Z-ECE,GWUS
2024-03-31,16.874,0.932,,-0.134,0.783,2024-03-20,00Z-ECE,GWUS
2024-04-01,15.672,0.205,,0.053,0.427,2024-03-20,00Z-ECE,GWUS
2024-04-02,15.17,0.171,,0.843,-0.369,2024-03-20,00Z-ECE,GWUS
2024-04-03,15.697,0.698,,,,2024-03-20,00Z-ECE,GWUS
2024-03-21,20.671,2.514,-0.338,-0.093,0.034,2024-03-21,00Z-ECE,GWUS
2024-03-22,18.432,0.218,-0.442,-0.272,-0.039,2024-03-21,00Z-ECE,GWUS
2024-03-23,20.027,2.37,-0.166,-0.415,0.235,2024-03-21,00Z-ECE,GWUS
2024-03-24,21.477,3.742,0.21,-0.305,0.823,2024-03-21,00Z-ECE,GWUS
2024-03-25,18.338,0.795,-0.124,-0.454,0.05,2024-03-21,00Z-ECE,GWUS
2024-03-26,19.385,2.542,,0.971,1.293,2024-03-21,00Z-ECE,GWUS
2024-03-27,19.394,3.555,,1.548,1.844,2024-03-21,00Z-ECE,GWUS
2024-03-28,18.326,2.352,,1.392,1.392,2024-03-21,00Z-ECE,GWUS
2024-03-29,17.234,1.52,,0.942,0.422,2024-03-21,00Z-ECE,GWUS
2024-03-30,17.126,1.17,,0.926,-0.078,2024-03-21,00Z-ECE,GWUS
2024-03-31,17.041,1.099,,0.907,0.167,2024-03-21,00Z-ECE,GWUS
2024-04-01,15.901,0.434,,0.339,0.229,2024-03-21,00Z-ECE,GWUS
2024-04-02,15.172,0.173,,0.055,0.002,2024-03-21,00Z-ECE,GWUS
2024-04-03,15.409,-0.062,,-0.324,-0.371,2024-03-21,00Z-ECE,GWUS
2024-04-04,15.343,-0.128,,,,2024-03-21,00Z-ECE,GWUS
2024-03-22,18.387,0.175,-0.32,0.097,-0.045,2024-03-22,00Z-ECE,GWUS
2024-03-23,19.781,2.082,-0.538,-0.132,-0.246,2024-03-22,00Z-ECE,GWUS
2024-03-24,21.286,3.588,-0.52,-0.412,-0.191,2024-03-22,00Z-ECE,GWUS
2024-03-25,17.864,0.321,-0.423,-0.394,-0.474,2024-03-22,00Z-ECE,GWUS
2024-03-26,17.979,1.136,-0.13,-0.389,-1.405,2024-03-22,00Z-ECE,GWUS
2024-03-27,18.495,2.657,,-0.106,-0.898,2024-03-22,00Z-ECE,GWUS
2024-03-28,18.4,2.425,,0.379,0.073,2024-03-22,00Z-ECE,GWUS
2024-03-29,17.349,1.635,,0.317,0.089,2024-03-22,00Z-ECE,GWUS
2024-03-30,15.882,-0.073,,-0.571,-1.244,2024-03-22,00Z-ECE,GWUS
2024-03-31,15.39,-0.553,,-0.718,-1.651,2024-03-22,00Z-ECE,GWUS
2024-04-01,15.498,0.031,,0.033,-0.403,2024-03-22,00Z-ECE,GWUS
2024-04-02,15.736,0.737,,0.306,0.564,2024-03-22,00Z-ECE,GWUS
2024-04-03,16.39,0.919,,0.592,0.981,2024-03-22,00Z-ECE,GWUS
2024-04-04,16.376,0.299,,0.498,0.678,2024-03-22,00Z-ECE,GWUS
2024-04-05,15.203,-0.874,,,,2024-03-22,00Z-ECE,GWUS
2024-03-23,20.453,2.796,0.291,0.525,0.672,2024-03-23,00Z-ECE,GWUS
2024-03-24,20.993,3.258,-0.047,-0.218,-0.293,2024-03-23,00Z-ECE,GWUS
2024-03-25,17.163,-0.38,-0.106,-0.146,-0.701,2024-03-23,00Z-ECE,GWUS
2024-03-26,18.158,1.315,-0.181,0.03,0.179,2024-03-23,00Z-ECE,GWUS
2024-03-27,18.173,2.334,-0.679,-0.318,-0.323,2024-03-23,00Z-ECE,GWUS
2024-03-28,17.154,1.18,,-0.716,-1.245,2024-03-23,00Z-ECE,GWUS
2024-03-29,16.003,0.29,,-0.304,-1.346,2024-03-23,00Z-ECE,GWUS
2024-03-30,14.801,-1.155,,-0.03,-1.082,2024-03-23,00Z-ECE,GWUS
2024-03-31,14.169,-1.774,,-0.391,-1.221,2024-03-23,00Z-ECE,GWUS
2024-04-01,13.734,-1.733,,-0.483,-1.764,2024-03-23,00Z-ECE,GWUS
2024-04-02,14.621,-0.378,,-0.13,-1.116,2024-03-23,00Z-ECE,GWUS
2024-04-03,16.364,0.894,,0.435,-0.026,2024-03-23,00Z-ECE,GWUS
2024-04-04,16.525,0.449,,0.258,0.149,2024-03-23,00Z-ECE,GWUS
2024-04-05,15.212,0.192,,-0.26,-0.227,2024-03-23,00Z-ECE,GWUS
2024-04-06,13.514,-1.506,,,,2024-03-23,00Z-ECE,GWUS
2024-03-24,20.925,3.19,-0.301,-0.228,-0.068,2024-03-24,00Z-ECE,GWUS
2024-03-25,17.113,-0.43,-0.055,-0.117,-0.05,2024-03-24,00Z-ECE,GWUS
2024-03-26,17.458,0.615,-0.097,-0.336,-0.7,2024-03-24,00Z-ECE,GWUS
2024-03-27,17.92,2.081,-0.29,-0.377,-0.253,2024-03-24,00Z-ECE,GWUS
2024-03-28,17.613,1.638,0.031,0.135,0.458,2024-03-24,00Z-ECE,GWUS
2024-03-29,16.498,0.784,,0.144,0.494,2024-03-24,00Z-ECE,GWUS
2024-03-30,15.484,-0.471,,-0.092,0.684,2024-03-24,00Z-ECE,GWUS
2024-03-31,14.786,-1.156,,-0.726,0.617,2024-03-24,00Z-ECE,GWUS
2024-04-01,14.641,-0.826,,0.139,0.908,2024-03-24,00Z-ECE,GWUS
2024-04-02,16.236,1.237,,1.123,1.616,2024-03-24,00Z-ECE,GWUS
2024-04-03,17.685,2.214,,0.444,1.32,2024-03-24,00Z-ECE,GWUS
2024-04-04,17.31,1.233,,-0.595,0.784,2024-03-24,00Z-ECE,GWUS
2024-04-05,15.96,0.939,,-0.784,0.748,2024-03-24,00Z-ECE,GWUS
2024-04-06,14.843,0.323,,-0.266,1.075,2024-03-24,00Z-ECE,GWUS
2024-04-07,13.602,-0.918,,,,2024-03-24,00Z-ECE,GWUS
2024-03-25,16.982,-0.561,-0.116,-0.042,-0.131,2024-03-25,00Z-ECE,GWUS
2024-03-26,17.473,0.63,-0.215,-0.219,0.014,2024-03-25,00Z-ECE,GWUS
2024-03-27,17.87,2.031,-0.035,0.297,-0.05,2024-03-25,00Z-ECE,GWUS
2024-03-28,17.004,1.03,-0.134,-0.109,-0.608,2024-03-25,00Z-ECE,GWUS
2024-03-29,15.356,-0.358,-0.46,-0.503,-1.142,2024-03-25,00Z-ECE,GWUS
2024-03-30,13.948,-2.008,,-0.387,-1.537,2024-03-25,00Z-ECE,GWUS
2024-03-31,14.023,-1.919,,0.102,-0.762,2024-03-25,00Z-ECE,GWUS
2024-04-01,14.736,-0.731,,-0.057,0.094,2024-03-25,00Z-ECE,GWUS
2024-04-02,15.528,0.529,,-0.214,-0.708,2024-03-25,00Z-ECE,GWUS
2024-04-03,16.483,1.012,,0.364,-1.202,2024-03-25,00Z-ECE,GWUS
2024-04-04,16.487,0.41,,0.529,-0.823,2024-03-25,00Z-ECE,GWUS
2024-04-05,15.438,0.418,,0.374,-0.521,2024-03-25,00Z-ECE,GWUS
2024-04-06,14.495,-0.025,,0.732,-0.348,2024-03-25,00Z-ECE,GWUS
2024-04-07,13.619,-0.812,,0.531,-0.315,2024-03-25,00Z-ECE,GWUS
2024-04-08,12.577,-1.853,,,,2024-03-25,00Z-ECE,GWUS
2024-03-26,18.079,1.236,0.17,0.315,0.606,2024-03-26,00Z-ECE,GWUS
2024-03-27,18.639,2.801,0.402,0.46,0.77,2024-03-26,00Z-ECE,GWUS
2024-03-28,17.523,1.548,0.176,0.057,0.518,2024-03-26,00Z-ECE,GWUS
2024-03-29,16.085,0.372,0.277,0.047,0.73,2024-03-26,00Z-ECE,GWUS
2024-03-30,14.379,-1.576,-0.347,-0.236,0.432,2024-03-26,00Z-ECE,GWUS
2024-03-31,14.118,-1.824,,-0.632,0.095,2024-03-26,00Z-ECE,GWUS
2024-04-01,14.398,-1.069,,-0.595,-0.337,2024-03-26,00Z-ECE,GWUS
2024-04-02,15.816,0.816,,0.119,0.287,2024-03-26,00Z-ECE,GWUS
2024-04-03,17.767,2.296,,0.415,1.284,2024-03-26,00Z-ECE,GWUS
2024-04-04,17.389,1.312,,-0.163,0.902,2024-03-26,00Z-ECE,GWUS
2024-04-05,15.933,0.913,,-0.722,0.495,2024-03-26,00Z-ECE,GWUS
2024-04-06,14.647,0.127,,-0.481,0.153,2024-03-26,00Z-ECE,GWUS
2024-04-07,13.837,-0.593,,-0.175,0.218,2024-03-26,00Z-ECE,GWUS
2024-04-08,13.458,-1.333,,0.377,0.549,2024-03-26,00Z-ECE,GWUS
2024-04-09,12.687,-2.104,,,,2024-03-26,00Z-ECE,GWUS
2024-03-27,19.138,3.299,0.181,0.389,0.498,2024-03-27,00Z-ECE,GWUS
2024-03-28,18.217,2.242,0.299,0.532,0.694,2024-03-27,00Z-ECE,GWUS
2024-03-29,16.625,0.911,0.114,0.237,0.539,2024-03-27,00Z-ECE,GWUS
2024-03-30,14.524,-1.432,0.166,0.187,0.144,2024-03-27,00Z-ECE,GWUS
2024-03-31,13.707,-2.235,0.252,-0.033,-0.41,2024-03-27,00Z-ECE,GWUS
2024-04-01,13.744,-1.723,,-0.238,-0.655,2024-03-27,00Z-ECE,GWUS
2024-04-02,14.728,-0.271,,-0.449,-1.088,2024-03-27,00Z-ECE,GWUS
2024-04-03,16.22,0.75,,-0.874,-1.547,2024-03-27,00Z-ECE,GWUS
2024-04-04,16.059,-0.018,,-1.071,-1.329,2024-03-27,00Z-ECE,GWUS
2024-04-05,14.957,-0.064,,-0.799,-0.977,2024-03-27,00Z-ECE,GWUS
2024-04-06,13.826,-0.694,,-0.626,-0.822,2024-03-27,00Z-ECE,GWUS
2024-04-07,13.175,-1.255,,-0.412,-0.662,2024-03-27,00Z-ECE,GWUS
2024-04-08,12.572,-2.219,,0.121,-0.886,2024-03-27,00Z-ECE,GWUS
2024-04-09,11.801,-2.495,,0.08,-1.257,2024-03-27,00Z-ECE,GWUS
2024-04-10,11.352,-2.943,,,,2024-03-27,00Z-ECE,GWUS
2024-03-28,18.12,2.146,-0.114,-0.018,-0.096,2024-03-28,00Z-ECE,GWUS
2024-03-29,16.311,0.597,-0.074,-0.042,-0.314,2024-03-28,00Z-ECE,GWUS
2024-03-30,14.274,-1.681,-0.025,-0.107,-0.249,2024-03-28,00Z-ECE,GWUS
2024-03-31,14.041,-1.901,0.092,-0.062,0.334,2024-03-28,00Z-ECE,GWUS
2024-04-01,13.213,-2.254,-0.292,-0.345,-0.531,2024-03-28,00Z-ECE,GWUS
2024-04-02,13.874,-1.125,,-0.25,-0.853,2024-03-28,00Z-ECE,GWUS
2024-04-03,15.851,0.38,,0.004,-0.369,2024-03-28,00Z-ECE,GWUS
2024-04-04,15.914,-0.163,,0.371,-0.145,2024-03-28,00Z-ECE,GWUS
2024-04-05,14.58,-0.44,,0.027,-0.377,2024-03-28,00Z-ECE,GWUS
2024-04-06,13.509,-1.012,,-0.031,-0.317,2024-03-28,00Z-ECE,GWUS
2024-04-07,12.853,-1.577,,0.216,-0.322,2024-03-28,00Z-ECE,GWUS
2024-04-08,11.669,-3.122,,-0.318,-0.903,2024-03-28,00Z-ECE,GWUS
2024-04-09,10.908,-3.387,,-0.676,-0.893,2024-03-28,00Z-ECE,GWUS
2024-04-10,10.718,-2.92,,-0.805,-1.052,2024-03-28,00Z-ECE,GWUS
2024-04-11,10.577,-3.061,,,,2024-03-28,00Z-ECE,GWUS
2024-03-29,16.064,0.35,-0.04,-0.034,-0.247,2024-03-29,00Z-ECE,GWUS
2024-03-30,13.998,-1.958,0.061,-0.128,-0.276,2024-03-29,00Z-ECE,GWUS
2024-03-31,13.148,-2.794,0.012,-0.46,-0.893,2024-03-29,00Z-ECE,GWUS
2024-04-01,12.972,-2.495,-0.007,-0.306,-0.24,2024-03-29,00Z-ECE,GWUS
2024-04-02,14.458,-0.541,0.222,0.242,0.583,2024-03-29,00Z-ECE,GWUS
2024-04-03,16.895,1.425,,0.414,1.045,2024-03-29,00Z-ECE,GWUS
2024-04-04,17.95,1.873,,0.907,2.035,2024-03-29,00Z-ECE,GWUS
2024-04-05,17.242,2.222,,1.318,2.662,2024-03-29,00Z-ECE,GWUS
2024-04-06,15.679,1.159,,1.136,2.17,2024-03-29,00Z-ECE,GWUS
2024-04-07,13.885,-0.545,,0.793,1.032,2024-03-29,00Z-ECE,GWUS
2024-04-08,12.122,-2.669,,0.59,0.453,2024-03-29,00Z-ECE,GWUS
2024-04-09,10.751,-3.545,,0.455,-0.158,2024-03-29,00Z-ECE,GWUS
2024-04-10,9.891,-3.747,,0.111,-0.826,2024-03-29,00Z-ECE,GWUS
2024-04-11,9.558,-3.594,,-0.196,-1.464,2024-03-29,00Z-ECE,GWUS
2024-04-12,9.344,-3.807,,,,2024-03-29,00Z-ECE,GWUS
2024-03-30,13.981,-1.975,-0.262,-0.113,-0.017,2024-03-30,00Z-ECE,GWUS
2024-03-31,12.549,-3.393,-0.45,-0.693,-0.599,2024-03-30,00Z-ECE,GWUS
2024-04-01,12.598,-2.869,-0.07,-0.377,-0.375,2024-03-30,00Z-ECE,GWUS
2024-04-02,14.78,-0.219,0.167,0.026,0.322,2024-03-30,00Z-ECE,GWUS
2024-04-03,17.602,2.131,0.346,0.136,0.706,2024-03-30,00Z-ECE,GWUS
2024-04-04,18.596,2.519,,0.28,0.646,2024-03-30,00Z-ECE,GWUS
2024-04-05,17.942,2.922,,0.288,0.7,2024-03-30,00Z-ECE,GWUS
2024-04-06,16.43,1.91,,0.401,0.751,2024-03-30,00Z-ECE,GWUS
2024-04-07,14.383,-0.048,,0.401,0.497,2024-03-30,00Z-ECE,GWUS
2024-04-08,12.158,-2.633,,0.216,0.036,2024-03-30,00Z-ECE,GWUS
2024-04-09,10.411,-3.884,,0.077,-0.339,2024-03-30,00Z-ECE,GWUS
2024-04-10,9.514,-4.124,,0.157,-0.377,2024-03-30,00Z-ECE,GWUS
2024-04-11,9.507,-3.644,,0.208,-0.05,2024-03-30,00Z-ECE,GWUS
2024-04-12,9.945,-3.371,,0.15,0.161,2024-03-30,00Z-ECE,GWUS
2024-04-13,10.01,-3.307,,,,2024-03-30,00Z-ECE,GWUS
2024-03-31,12.97,-2.972,0.233,0.426,0.421,2024-03-31,00Z-ECE,GWUS
2024-04-01,12.592,-2.875,0.174,0.124,-0.006,2024-03-31,00Z-ECE,GWUS
2024-04-02,13.893,-1.106,0.114,-0.019,-0.887,2024-03-31,00Z-ECE,GWUS
2024-04-03,17.155,1.685,0.202,-0.34,-0.447,2024-03-31,00Z-ECE,GWUS
2024-04-04,18.864,2.788,0.309,0.278,0.269,2024-03-31,00Z-ECE,GWUS
2024-04-05,19.392,4.371,,1.41,1.449,2024-03-31,00Z-ECE,GWUS
2024-04-06,18.144,3.624,,1.637,1.714,2024-03-31,00Z-ECE,GWUS
2024-04-07,15.674,1.244,,1.158,1.291,2024-03-31,00Z-ECE,GWUS
2024-04-08,12.634,-2.157,,0.489,0.475,2024-03-31,00Z-ECE,GWUS
2024-04-09,10.379,-3.916,,0.284,-0.032,2024-03-31,00Z-ECE,GWUS
2024-04-10,9.383,-4.255,,0.125,-0.131,2024-03-31,00Z-ECE,GWUS
2024-04-11,9.202,-3.949,,0.025,-0.305,2024-03-31,00Z-ECE,GWUS
2024-04-12,9.416,-3.901,,-0.253,-0.53,2024-03-31,00Z-ECE,GWUS
2024-04-13,10.104,-2.966,,-0.23,-0.406,2024-03-31,00Z-ECE,GWUS
2024-04-14,10.334,-2.736,,,,2024-03-31,00Z-ECE,GWUS
2024-04-01,12.463,-3.004,0.067,0.221,-0.129,2024-04-01,00Z-ECE,GWUS
2024-04-02,13.329,-1.67,-0.124,-0.031,-0.564,2024-04-01,00Z-ECE,GWUS
2024-04-03,16.061,0.59,-0.132,-0.328,-1.095,2024-04-01,00Z-ECE,GWUS
2024-04-04,18.343,2.266,-0.084,-0.623,-0.522,2024-04-01,00Z-ECE,GWUS
2024-04-05,19.282,4.262,0.133,-0.013,-0.11,2024-04-01,00Z-ECE,GWUS
2024-04-06,18.177,3.657,,0.439,0.032,2024-04-01,00Z-ECE,GWUS
2024-04-07,15.923,1.493,,0.458,0.249,2024-04-01,00Z-ECE,GWUS
2024-04-08,12.901,-1.89,,0.398,0.267,2024-04-01,00Z-ECE,GWUS
2024-04-09,10.797,-3.498,,-0.005,0.418,2024-04-01,00Z-ECE,GWUS
2024-04-10,9.681,-3.957,,-0.074,0.298,2024-04-01,00Z-ECE,GWUS
2024-04-11,9.093,-4.059,,-0.535,-0.109,2024-04-01,00Z-ECE,GWUS
2024-04-12,9.216,-4.1,,-0.702,-0.2,2024-04-01,00Z-ECE,GWUS
2024-04-13,9.563,-3.507,,-0.52,-0.541,2024-04-01,00Z-ECE,GWUS
2024-04-14,9.778,-3.122,,-0.338,-0.943,2024-04-01,00Z-ECE,GWUS
2024-04-15,9.872,-3.028,,,,2024-04-01,00Z-ECE,GWUS
2024-04-02,13.199,-1.8,-0.137,0.013,-0.131,2024-04-02,00Z-ECE,GWUS
2024-04-03,15.793,0.322,-0.007,0.022,-0.267,2024-04-02,00Z-ECE,GWUS
2024-04-04,18.17,2.093,0.094,0.127,-0.173,2024-04-02,00Z-ECE,GWUS
2024-04-05,18.975,3.955,0.07,-0.023,-0.307,2024-04-02,00Z-ECE,GWUS
2024-04-06,17.978,3.458,0.172,0.132,-0.198,2024-04-02,00Z-ECE,GWUS
2024-04-07,15.808,1.378,,0.155,-0.115,2024-04-02,00Z-ECE,GWUS
2024-04-08,12.685,-2.106,,-0.254,-0.215,2024-04-02,00Z-ECE,GWUS
2024-04-09,10.602,-3.694,,-0.3,-0.195,2024-04-02,00Z-ECE,GWUS
2024-04-10,9.45,-4.188,,-0.433,-0.232,2024-04-02,00Z-ECE,GWUS
2024-04-11,8.811,-4.341,,-0.36,-0.282,2024-04-02,00Z-ECE,GWUS
2024-04-12,9.619,-3.698,,0.455,0.403,2024-04-02,00Z-ECE,GWUS
2024-04-13,10.567,-2.502,,1.058,1.004,2024-04-02,00Z-ECE,GWUS
2024-04-14,11.128,-1.772,,1.351,1.35,2024-04-02,00Z-ECE,GWUS
2024-04-15,11.555,-1.131,,1.546,1.247,2024-04-02,00Z-ECE,GWUS
2024-04-16,11.739,-0.948,,,,2024-04-02,00Z-ECE,GWUS
2024-04-03,16.002,0.532,0.079,0.336,0.209,2024-04-03,00Z-ECE,GWUS
2024-04-04,18.039,1.962,-0.103,0.052,-0.131,2024-04-03,00Z-ECE,GWUS
2024-04-05,18.726,3.705,-0.06,-0.033,-0.25,2024-04-03,00Z-ECE,GWUS
2024-04-06,17.645,3.125,-0.134,-0.255,-0.333,2024-04-03,00Z-ECE,GWUS
2024-04-07,15.799,1.369,0.103,0.054,-0.009,2024-04-03,00Z-ECE,GWUS
2024-04-08,12.943,-1.848,,0.322,0.258,2024-04-03,00Z-ECE,GWUS
2024-04-09,11.301,-2.995,,0.921,0.698,2024-04-03,00Z-ECE,GWUS
2024-04-10,10.488,-3.151,,1.289,1.038,2024-04-03,00Z-ECE,GWUS
2024-04-11,9.667,-3.484,,0.96,0.857,2024-04-03,00Z-ECE,GWUS
2024-04-12,9.82,-3.497,,0.322,0.201,2024-04-03,00Z-ECE,GWUS
2024-04-13,10.794,-2.275,,-0.04,0.227,2024-04-03,00Z-ECE,GWUS
2024-04-14,11.054,-1.846,,-0.358,-0.074,2024-04-03,00Z-ECE,GWUS
2024-04-15,10.929,-1.758,,-0.833,-0.626,2024-04-03,00Z-ECE,GWUS
2024-04-16,10.542,-1.995,,-1.115,-1.206,2024-04-03,00Z-ECE,GWUS
2024-04-17,10.198,-2.339,,,,2024-04-03,00Z-ECE,GWUS
2024-04-04,18.246,2.169,-0.055,0.181,0.207,2024-04-04,00Z-ECE,GWUS
2024-04-05,18.611,3.591,-0.076,0.082,-0.115,2024-04-04,00Z-ECE,GWUS
2024-04-06,17.3,2.78,-0.108,-0.11,-0.345,2024-04-04,00Z-ECE,GWUS
2024-04-07,15.844,1.414,-0.001,-0.009,0.045,2024-04-04,00Z-ECE,GWUS
2024-04-08,12.669,-2.122,-0.165,-0.251,-0.275,2024-04-04,00Z-ECE,GWUS
2024-04-09,10.641,-3.655,,-0.307,-0.66,2024-04-04,00Z-ECE,GWUS
2024-04-10,9.881,-3.757,,-0.296,-0.607,2024-04-04,00Z-ECE,GWUS
2024-04-11,9.061,-4.09,,-0.265,-0.606,2024-04-04,00Z-ECE,GWUS
2024-04-12,10.063,-3.254,,0.318,0.243,2024-04-04,00Z-ECE,GWUS
2024-04-13,10.971,-2.099,,0.337,0.177,2024-04-04,00Z-ECE,GWUS
2024-04-14,10.284,-2.616,,-0.706,-0.77,2024-04-04,00Z-ECE,GWUS
2024-04-15,9.887,-2.799,,-1.641,-1.042,2024-04-04,00Z-ECE,GWUS
2024-04-16,10.808,-1.73,,-1.283,0.266,2024-04-04,00Z-ECE,GWUS
2024-04-17,11.313,-0.803,,-0.954,0.794,2024-04-04,00Z-ECE,GWUS
2024-04-18,10.773,-1.343,,,,2024-04-04,00Z-ECE,GWUS
2024-04-05,18.414,3.394,-0.174,-0.104,-0.197,2024-04-05,00Z-ECE,GWUS
2024-04-06,17.309,2.789,0.02,-0.042,0.009,2024-04-05,00Z-ECE,GWUS
2024-04-07,15.571,1.141,-0.181,-0.415,-0.273,2024-04-05,00Z-ECE,GWUS
2024-04-08,12.43,-2.361,-0.176,-0.355,-0.238,2024-04-05,00Z-ECE,GWUS
2024-04-09,10.503,-3.793,-0.131,-0.378,-0.138,2024-04-05,00Z-ECE,GWUS
2024-04-10,10.23,-3.408,,-0.028,0.349,2024-04-05,00Z-ECE,GWUS
2024-04-11,9.873,-3.278,,0.266,0.812,2024-04-05,00Z-ECE,GWUS
2024-04-12,10.462,-2.855,,0.116,0.399,2024-04-05,00Z-ECE,GWUS
2024-04-13,11.421,-1.649,,0.257,0.45,2024-04-05,00Z-ECE,GWUS
2024-04-14,10.518,-2.382,,0.03,0.234,2024-04-05,00Z-ECE,GWUS
2024-04-15,9.93,-2.757,,-0.226,0.043,2024-04-05,00Z-ECE,GWUS
2024-04-16,10.547,-1.99,,-0.372,-0.261,2024-04-05,00Z-ECE,GWUS
2024-04-17,10.775,-1.342,,-0.396,-0.538,2024-04-05,00Z-ECE,GWUS
2024-04-18,10.237,-0.89,,-0.186,-0.831,2024-04-05,00Z-ECE,GWUS
2024-04-19,9.638,-1.49,,,,2024-04-05,00Z-ECE,GWUS
2024-04-06,17.093,2.572,-0.169,-0.003,-0.216,2024-04-06,00Z-ECE,GWUS
2024-04-07,15.332,0.902,-0.116,-0.088,-0.239,2024-04-06,00Z-ECE,GWUS
2024-04-08,12.079,-2.712,-0.172,-0.196,-0.351,2024-04-06,00Z-ECE,GWUS
2024-04-09,9.946,-4.35,-0.254,-0.451,-0.557,2024-04-06,00Z-ECE,GWUS
2024-04-10,10.003,-3.635,-0.127,-0.624,-0.226,2024-04-06,00Z-ECE,GWUS
2024-04-11,9.852,-3.3,,-0.398,-0.022,2024-04-06,00Z-ECE,GWUS
2024-04-12,10.514,-2.802,,-0.16,0.053,2024-04-06,00Z-ECE,GWUS
2024-04-13,10.756,-2.313,,-0.24,-0.665,2024-04-06,00Z-ECE,GWUS
2024-04-14,9.263,-3.638,,-0.682,-1.255,2024-04-06,00Z-ECE,GWUS
2024-04-15,8.974,-3.713,,-1.104,-0.956,2024-04-06,00Z-ECE,GWUS
2024-04-16,10.017,-2.52,,-1.307,-0.53,2024-04-06,00Z-ECE,GWUS
2024-04-17,10.966,-1.151,,-0.641,0.191,2024-04-06,00Z-ECE,GWUS
2024-04-18,11.756,0.629,,0.13,1.519,2024-04-06,00Z-ECE,GWUS
2024-04-19,11.909,0.624,,0.471,1.928,2024-04-06,00Z-ECE,GWUS
2024-04-20,11.288,0.003,,,,2024-04-06,00Z-ECE,GWUS
2024-04-07,15.028,0.598,-0.21,-0.279,-0.304,2024-04-07,00Z-ECE,GWUS
2024-04-08,11.848,-2.582,-0.171,-0.252,-0.209,2024-04-07,00Z-ECE,GWUS
2024-04-09,9.562,-5.229,-0.188,-0.225,-0.267,2024-04-07,00Z-ECE,GWUS
2024-04-10,9.359,-4.937,-0.018,-0.14,-0.661,2024-04-07,00Z-ECE,GWUS
2024-04-11,9.476,-4.163,0.375,0.376,-0.012,2024-04-07,00Z-ECE,GWUS
2024-04-12,10.734,-2.583,,0.551,-0.028,2024-04-07,00Z-ECE,GWUS
2024-04-13,9.491,-3.579,,0.481,0.321,2024-04-07,00Z-ECE,GWUS
2024-04-14,8.563,-4.338,,0.051,0.024,2024-04-07,00Z-ECE,GWUS
2024-04-15,9.698,-2.839,,-0.698,-0.319,2024-04-07,00Z-ECE,GWUS
2024-04-16,10.509,-2.028,,-1.088,-0.131,2024-04-07,00Z-ECE,GWUS
2024-04-17,11.226,-0.891,,-0.934,-0.062,2024-04-07,00Z-ECE,GWUS
2024-04-18,11.82,0.693,,-0.429,0.057,2024-04-07,00Z-ECE,GWUS
2024-04-19,11.77,0.485,,-0.096,0.186,2024-04-07,00Z-ECE,GWUS
2024-04-20,11.072,-0.423,,,,2024-04-07,00Z-ECE,GWUS
2024-04-08,11.638,-3.153,-0.084,-0.027,-0.235,2024-04-08,00Z-ECE,GWUS
2024-04-09,9.474,-4.822,-0.019,-0.013,-0.118,2024-04-08,00Z-ECE,GWUS
2024-04-10,9.164,-4.474,-0.111,0.06,-0.181,2024-04-08,00Z-ECE,GWUS
2024-04-11,9.717,-3.435,-0.083,-0.05,-0.097,2024-04-08,00Z-ECE,GWUS
2024-04-12,10.442,-2.874,-0.063,0.082,0.072,2024-04-08,00Z-ECE,GWUS
2024-04-13,10.76,-2.309,,0.162,0.027,2024-04-08,00Z-ECE,GWUS
2024-04-14,9.657,-3.243,,0.321,0.093,2024-04-08,00Z-ECE,GWUS
2024-04-15,8.798,-3.888,,0.323,-0.144,2024-04-08,00Z-ECE,GWUS
2024-04-16,9.127,-3.41,,0.37,-0.571,2024-04-08,00Z-ECE,GWUS
2024-04-17,9.645,-2.472,,0.358,-1.214,2024-04-08,00Z-ECE,GWUS
2024-04-18,10.24,-0.888,,0.167,-1.465,2024-04-08,00Z-ECE,GWUS
2024-04-19,10.835,-0.45,,-0.132,-1.142,2024-04-08,00Z-ECE,GWUS
2024-04-20,11.147,-0.348,,-0.313,-0.638,2024-04-08,00Z-ECE,GWUS
2024-04-21,11.299,-0.4,,-0.111,-0.138,2024-04-08,00Z-ECE,GWUS
2024-04-22,10.959,-0.741,,,,2024-04-08,00Z-ECE,GWUS
2024-04-09,9.508,-4.788,-0.037,0.014,0.034,2024-04-09,00Z-ECE,GWUS
2024-04-10,9.248,-4.39,0.015,-0.027,0.084,2024-04-09,00Z-ECE,GWUS
2024-04-11,9.279,-3.873,-0.083,-0.17,-0.438,2024-04-09,00Z-ECE,GWUS
2024-04-12,10.219,-3.097,-0.315,-0.203,-0.223,2024-04-09,00Z-ECE,GWUS
2024-04-13,10.552,-2.518,-0.132,-0.187,-0.209,2024-04-09,00Z-ECE,GWUS
2024-04-14,9.296,-3.605,,-0.076,-0.362,2024-04-09,00Z-ECE,GWUS
2024-04-15,8.58,-4.107,,0.107,-0.218,2024-04-09,00Z-ECE,GWUS
2024-04-16,8.767,-3.77,,-0.134,-0.36,2024-04-09,00Z-ECE,GWUS
2024-04-17,8.919,-3.198,,-0.269,-0.726,2024-04-09,00Z-ECE,GWUS
2024-04-18,9.667,-1.46,,0.268,-0.572,2024-04-09,00Z-ECE,GWUS
2024-04-19,11.064,-0.221,,1.135,0.229,2024-04-09,00Z-ECE,GWUS
2024-04-20,11.9,0.405,,1.385,0.753,2024-04-09,00Z-ECE,GWUS
2024-04-21,11.95,0.251,,0.751,0.651,2024-04-09,00Z-ECE,GWUS
2024-04-22,11.458,-0.362,,-0.232,0.192,2024-04-09,00Z-ECE,GWUS
2024-04-23,10.705,-1.115,,,,2024-04-09,00Z-ECE,GWUS
2024-04-10,8.925,-4.713,-0.082,-0.055,-0.323,2024-04-10,00Z-ECE,GWUS
2024-04-11,9.215,-3.936,-0.088,0.134,-0.064,2024-04-10,00Z-ECE,GWUS
2024-04-12,9.794,-3.522,-0.185,-0.051,-0.425,2024-04-10,00Z-ECE,GWUS
2024-04-13,10.61,-2.459,-0.316,-0.2,0.058,2024-04-10,00Z-ECE,GWUS
2024-04-14,9.187,-3.714,-0.118,-0.15,-0.109,2024-04-10,00Z-ECE,GWUS
2024-04-15,8.023,-4.664,,-0.02,-0.557,2024-04-10,00Z-ECE,GWUS
2024-04-16,8.031,-4.506,,-0.183,-0.736,2024-04-10,00Z-ECE,GWUS
2024-04-17,8.526,-3.59,,-0.063,-0.392,2024-04-10,00Z-ECE,GWUS
2024-04-18,9.51,-1.617,,0.121,-0.157,2024-04-10,00Z-ECE,GWUS
2024-04-19,10.795,-0.489,,0.593,-0.268,2024-04-10,00Z-ECE,GWUS
2024-04-20,11.86,0.365,,0.818,-0.04,2024-04-10,00Z-ECE,GWUS
2024-04-21,11.905,0.206,,0.556,-0.045,2024-04-10,00Z-ECE,GWUS
2024-04-22,11.185,-0.636,,-0.062,-0.274,2024-04-10,00Z-ECE,GWUS
2024-04-23,10.344,-0.962,,-0.432,-0.55,2024-04-10,00Z-ECE,GWUS
2024-04-24,9.596,-1.71,,,,2024-04-10,00Z-ECE,GWUS
2024-04-11,9.109,-4.042,-0.128,0.096,-0.105,2024-04-11,00Z-ECE,GWUS
2024-04-12,9.675,-3.642,-0.088,0.032,-0.119,2024-04-11,00Z-ECE,GWUS
2024-04-13,10.565,-2.505,-0.144,0.203,-0.045,2024-04-11,00Z-ECE,GWUS
2024-04-14,9.302,-3.598,-0.032,0.198,0.116,2024-04-11,00Z-ECE,GWUS
2024-04-15,8.513,-4.174,0.292,0.098,0.49,2024-04-11,00Z-ECE,GWUS
2024-04-16,8.027,-4.51,,-0.216,-0.004,2024-04-11,00Z-ECE,GWUS
2024-04-17,8.161,-3.956,,-0.232,-0.365,2024-04-11,00Z-ECE,GWUS
2024-04-18,9.171,-1.957,,-0.33,-0.339,2024-04-11,00Z-ECE,GWUS
2024-04-19,10.375,-0.909,,-0.766,-0.42,2024-04-11,00Z-ECE,GWUS
2024-04-20,11.498,0.002,,-0.855,-0.362,2024-04-11,00Z-ECE,GWUS
2024-04-21,12.081,0.382,,-0.392,0.176,2024-04-11,00Z-ECE,GWUS
2024-04-22,12.009,0.188,,0.304,0.824,2024-04-11,00Z-ECE,GWUS
2024-04-23,11.213,-0.093,,0.474,0.869,2024-04-11,00Z-ECE,GWUS
2024-04-24,10.641,-0.352,,0.373,0.804,2024-04-11,00Z-ECE,GWUS
2024-04-25,10.188,-0.804,,,,2024-04-11,00Z-ECE,GWUS
2024-04-12,9.8,-3.517,-0.096,0.117,0.125,2024-04-12,00Z-ECE,GWUS
2024-04-13,10.674,-2.395,0.061,0.22,0.11,2024-04-12,00Z-ECE,GWUS
2024-04-14,9.03,-3.87,-0.121,-0.099,-0.272,2024-04-12,00Z-ECE,GWUS
2024-04-15,8.703,-3.984,-0.065,-0.114,0.19,2024-04-12,00Z-ECE,GWUS
2024-04-16,8.104,-4.433,-0.113,-0.173,0.077,2024-04-12,00Z-ECE,GWUS
2024-04-17,7.894,-4.223,,-0.275,-0.267,2024-04-12,00Z-ECE,GWUS
2024-04-18,9.338,-1.79,,0.082,0.167,2024-04-12,00Z-ECE,GWUS
2024-04-19,11.875,0.59,,1.08,1.5,2024-04-12,00Z-ECE,GWUS
2024-04-20,14.416,2.92,,2.839,2.918,2024-04-12,00Z-ECE,GWUS
2024-04-21,14.356,2.657,,3.167,2.275,2024-04-12,00Z-ECE,GWUS
2024-04-22,12.666,0.845,,2.053,0.657,2024-04-12,00Z-ECE,GWUS
2024-04-23,11.062,-0.244,,0.88,-0.152,2024-04-12,00Z-ECE,GWUS
2024-04-24,9.656,-1.336,,-0.217,-0.984,2024-04-12,00Z-ECE,GWUS
2024-04-25,9.106,-2.158,,-0.627,-1.364,2024-04-12,00Z-ECE,GWUS
2024-04-26,8.577,-2.688,,,,2024-04-12,00Z-ECE,GWUS
2024-04-13,10.519,-2.55,-0.097,-0.075,-0.155,2024-04-13,00Z-ECE,GWUS
2024-04-14,8.745,-4.156,-0.23,-0.241,-0.285,2024-04-13,00Z-ECE,GWUS
2024-04-15,8.386,-4.301,-0.113,-0.176,-0.317,2024-04-13,00Z-ECE,GWUS
2024-04-16,8.16,-4.377,0.031,-0.05,0.056,2024-04-13,00Z-ECE,GWUS
2024-04-17,8.138,-3.979,0.179,0.197,0.244,2024-04-13,00Z-ECE,GWUS
2024-04-18,9.861,-1.266,,0.383,0.524,2024-04-13,00Z-ECE,GWUS
2024-04-19,11.354,0.069,,-0.285,-0.521,2024-04-13,00Z-ECE,GWUS
2024-04-20,12.915,1.42,,-1.109,-1.501,2024-04-13,00Z-ECE,GWUS
2024-04-21,14.264,2.565,,-0.34,-0.092,2024-04-13,00Z-ECE,GWUS
2024-04-22,13.648,1.827,,-0.089,0.981,2024-04-13,00Z-ECE,GWUS
2024-04-23,12.373,1.067,,-0.204,1.312,2024-04-13,00Z-ECE,GWUS
2024-04-24,10.831,-0.161,,-0.693,1.175,2024-04-13,00Z-ECE,GWUS
2024-04-25,9.819,-1.445,,-0.924,0.713,2024-04-13,00Z-ECE,GWUS
2024-04-26,9.406,-2.186,,-0.632,0.582,2024-04-13,00Z-ECE,GWUS
2024-04-27,8.78,-2.811,,,,2024-04-13,00Z-ECE,GWUS
2024-04-14,8.705,-4.195,-0.008,0.003,-0.04,2024-04-14,00Z-ECE,GWUS
2024-04-15,8.198,-4.489,-0.078,-0.137,-0.189,2024-04-14,00Z-ECE,GWUS
2024-04-16,8.489,-4.048,-0.087,0.099,0.329,2024-04-14,00Z-ECE,GWUS
2024-04-17,8.533,-3.584,-0.127,0.163,0.395,2024-04-14,00Z-ECE,GWUS
2024-04-18,10.203,-0.924,0.149,-0.022,0.342,2024-04-14,00Z-ECE,GWUS
2024-04-19,10.728,-0.557,,-0.222,-0.626,2024-04-14,00Z-ECE,GWUS
2024-04-20,11.824,0.329,,-0.761,-1.091,2024-04-14,00Z-ECE,GWUS
2024-04-21,13.169,1.47,,-1.03,-1.095,2024-04-14,00Z-ECE,GWUS
2024-04-22,13.27,1.449,,-0.473,-0.378,2024-04-14,00Z-ECE,GWUS
2024-04-23,12.181,0.875,,0.272,-0.192,2024-04-14,00Z-ECE,GWUS
2024-04-24,10.461,-0.531,,0.424,-0.37,2024-04-14,00Z-ECE,GWUS
2024-04-25,9.17,-2.094,,0.073,-0.649,2024-04-14,00Z-ECE,GWUS
2024-04-26,8.712,-2.879,,-0.093,-0.693,2024-04-14,00Z-ECE,GWUS
2024-04-27,8.48,-2.896,,-0.353,-0.532,2024-04-14,00Z-ECE,GWUS
2024-04-28,8.005,-3.372,,,,2024-04-14,00Z-ECE,GWUS
2024-04-15,8.163,-4.524,0.032,0.1,-0.035,2024-04-15,00Z-ECE,GWUS
2024-04-16,8.478,-4.059,-0.03,0.014,-0.011,2024-04-15,00Z-ECE,GWUS
2024-04-17,8.475,-3.642,-0.006,-0.021,-0.058,2024-04-15,00Z-ECE,GWUS
2024-04-18,10.162,-0.965,-0.049,-0.133,-0.041,2024-04-15,00Z-ECE,GWUS
2024-04-19,10.337,-0.948,-0.28,-0.338,-0.391,2024-04-15,00Z-ECE,GWUS
2024-04-20,11.168,-0.328,,-0.663,-0.657,2024-04-15,00Z-ECE,GWUS
2024-04-21,13.238,1.538,,-0.209,0.068,2024-04-15,00Z-ECE,GWUS
2024-04-22,13.179,1.358,,-0.375,-0.09,2024-04-15,00Z-ECE,GWUS
2024-04-23,11.558,0.252,,-0.393,-0.623,2024-04-15,00Z-ECE,GWUS
2024-04-24,9.545,-1.448,,-0.376,-0.916,2024-04-15,00Z-ECE,GWUS
2024-04-25,8.395,-2.869,,-0.156,-0.775,2024-04-15,00Z-ECE,GWUS
2024-04-26,8.315,-3.277,,0.173,-0.397,2024-04-15,00Z-ECE,GWUS
2024-04-27,8.459,-2.917,,0.207,-0.021,2024-04-15,00Z-ECE,GWUS
2024-04-28,8.392,-2.418,,0.187,0.14,2024-04-15,00Z-ECE,GWUS
2024-04-29,7.763,-3.047,,,,2024-04-15,00Z-ECE,GWUS
2024-04-16,8.318,-4.233,-0.103,-0.184,-0.16,2024-04-16,00Z-ECE,GWUS
2024-04-17,8.089,-4.021,-0.036,-0.279,-0.385,2024-04-16,00Z-ECE,GWUS
2024-04-18,9.77,-1.521,-0.04,-0.375,-0.392,2024-04-16,00Z-ECE,GWUS
2024-04-19,10.959,-0.373,0.141,0.206,0.622,2024-04-16,00Z-ECE,GWUS
2024-04-20,12.995,1.484,0.542,1.006,1.828,2024-04-16,00Z-ECE,GWUS
2024-04-21,14.244,2.54,,0.773,1.007,2024-04-16,00Z-ECE,GWUS
2024-04-22,12.478,0.655,,-0.318,-0.702,2024-04-16,00Z-ECE,GWUS
2024-04-23,10.499,-0.898,,-0.668,-1.059,2024-04-16,00Z-ECE,GWUS
2024-04-24,9.438,-1.651,,-0.466,-0.107,2024-04-16,00Z-ECE,GWUS
2024-04-25,9.45,-1.895,,0.554,1.055,2024-04-16,00Z-ECE,GWUS
2024-04-26,9.435,-2.197,,0.974,1.12,2024-04-16,00Z-ECE,GWUS
2024-04-27,8.846,-2.527,,0.552,0.386,2024-04-16,00Z-ECE,GWUS
2024-04-28,8.279,-2.651,,0.15,-0.113,2024-04-16,00Z-ECE,GWUS
2024-04-29,8.021,-2.379,,0.081,-0.023,2024-04-16,00Z-ECE,GWUS
2024-04-30,7.921,-2.48,,,,2024-04-16,00Z-ECE,GWUS
2024-04-17,7.947,-4.438,0.087,0.087,-0.143,2024-04-17,00Z-ECE,GWUS
2024-04-18,10.014,-2.178,0.214,0.229,0.244,2024-04-17,00Z-ECE,GWUS
2024-04-19,10.675,-1.327,0.109,-0.095,-0.284,2024-04-17,00Z-ECE,GWUS
2024-04-20,12.291,0.475,0.149,-0.72,-0.704,2024-04-17,00Z-ECE,GWUS
2024-04-21,13.858,2.223,-0.04,-0.215,-0.387,2024-04-17,00Z-ECE,GWUS
2024-04-22,12.374,0.918,,0.018,-0.104,2024-04-17,00Z-ECE,GWUS
2024-04-23,10.747,-0.535,,0.02,0.248,2024-04-17,00Z-ECE,GWUS
2024-04-24,10.573,-0.538,,0.238,1.135,2024-04-17,00Z-ECE,GWUS
2024-04-25,10.758,-0.187,,0.599,1.307,2024-04-17,00Z-ECE,GWUS
2024-04-26,10.079,-0.703,,0.146,0.644,2024-04-17,00Z-ECE,GWUS
2024-04-27,9.255,-1.369,,-0.402,0.409,2024-04-17,00Z-ECE,GWUS
2024-04-28,8.639,-1.831,,-0.907,0.36,2024-04-17,00Z-ECE,GWUS
2024-04-29,8.277,-2.044,,-1.289,0.255,2024-04-17,00Z-ECE,GWUS
2024-04-30,8.437,-1.739,,-1.134,0.169,2024-04-17,00Z-ECE,GWUS
2024-05-01,8.387,-1.788,,,,2024-04-17,00Z-ECE,GWUS
2024-04-18,10.358,-1.833,0.074,0.247,0.344,2024-04-18,00Z-ECE,GWUS
2024-04-19,11.086,-0.916,0.108,0.31,0.411,2024-04-18,00Z-ECE,GWUS
2024-04-20,12.585,0.768,0.269,0.299,0.294,2024-04-18,00Z-ECE,GWUS
2024-04-21,14.264,2.63,0.073,0.304,0.407,2024-04-18,00Z-ECE,GWUS
2024-04-22,12.63,1.175,0.201,0.43,0.257,2024-04-18,00Z-ECE,GWUS
2024-04-23,10.519,-0.762,,-0.231,-0.228,2024-04-18,00Z-ECE,GWUS
2024-04-24,11.299,0.188,,-0.401,0.726,2024-04-18,00Z-ECE,GWUS
2024-04-25,12.245,1.301,,0.142,1.488,2024-04-18,00Z-ECE,GWUS
2024-04-26,10.628,-0.155,,0.002,0.548,2024-04-18,00Z-ECE,GWUS
2024-04-27,8.996,-1.628,,-0.449,-0.258,2024-04-18,00Z-ECE,GWUS
2024-04-28,8.18,-2.29,,-0.848,-0.459,2024-04-18,00Z-ECE,GWUS
2024-04-29,8.22,-2.1,,-0.6,-0.057,2024-04-18,00Z-ECE,GWUS
2024-04-30,8.339,-1.837,,-0.431,-0.098,2024-04-18,00Z-ECE,GWUS
2024-05-01,8.235,-1.799,,-0.601,-0.455,2024-04-18,00Z-ECE,GWUS
2024-05-02,7.817,-2.218,,,,2024-04-18,00Z-ECE,GWUS
2024-04-19,11.139,-0.864,,0.232,0.052,2024-04-19,00Z-ECE,GWUS
2024-04-20,12.52,0.704,,0.193,-0.064,2024-04-19,00Z-ECE,GWUS
2024-04-21,14.416,2.782,,0.405,0.152,2024-04-19,00Z-ECE,GWUS
2024-04-22,13.77,2.314,,0.598,1.14,2024-04-19,00Z-ECE,GWUS
2024-04-23,11.219,-0.062,,0.189,0.7,2024-04-19,00Z-ECE,GWUS
2024-04-24,10.507,-0.604,,-1.17,-0.792,2024-04-19,00Z-ECE,GWUS
2024-04-25,11.082,0.137,,-1.501,-1.163,2024-04-19,00Z-ECE,GWUS
2024-04-26,9.803,-0.979,,-0.856,-0.824,2024-04-19,00Z-ECE,GWUS
2024-04-27,8.212,-2.412,,-0.598,-0.784,2024-04-19,00Z-ECE,GWUS
2024-04-28,7.785,-2.685,,-0.612,-0.394,2024-04-19,00Z-ECE,GWUS
2024-04-29,8.132,-2.188,,-0.809,-0.088,2024-04-19,00Z-ECE,GWUS
2024-04-30,8.435,-1.74,,-0.607,0.097,2024-04-19,00Z-ECE,GWUS
2024-05-01,8.354,-1.681,,-0.248,0.118,2024-04-19,00Z-ECE,GWUS
2024-05-02,8.076,-1.822,,-0.126,0.063,2024-04-19,00Z-ECE,GWUS
2024-05-03,7.545,-2.353,,,,2024-04-19,00Z-ECE,GWUS
2024-04-20,12.803,0.987,0.213,0.294,0.283,2024-04-20,00Z-ECE,GWUS
2024-04-21,14.557,2.922,0.023,0.017,0.141,2024-04-20,00Z-ECE,GWUS
2024-04-22,13.678,2.222,0.079,-0.093,-0.092,2024-04-20,00Z-ECE,GWUS
2024-04-23,11.258,-0.024,0.338,0.077,0.039,2024-04-20,00Z-ECE,GWUS
2024-04-24,10.774,-0.337,0.304,-0.379,0.267,2024-04-20,00Z-ECE,GWUS
2024-04-25,10.917,-0.028,,-0.4,-0.165,2024-04-20,00Z-ECE,GWUS
2024-04-26,9.572,-1.21,,-0.005,-0.231,2024-04-20,00Z-ECE,GWUS
2024-04-27,7.939,-2.685,,0.164,-0.273,2024-04-20,00Z-ECE,GWUS
2024-04-28,7.433,-3.037,,0.229,-0.352,2024-04-20,00Z-ECE,GWUS
2024-04-29,7.648,-2.672,,0.135,-0.484,2024-04-20,00Z-ECE,GWUS
2024-04-30,7.981,-2.194,,0.254,-0.454,2024-04-20,00Z-ECE,GWUS
2024-05-01,7.941,-2.094,,0.226,-0.413,2024-04-20,00Z-ECE,GWUS
2024-05-02,8.007,-1.891,,0.382,-0.069,2024-04-20,00Z-ECE,GWUS
2024-05-03,7.984,-1.782,,0.212,0.203,2024-04-20,00Z-ECE,GWUS
2024-05-04,7.714,-2.052,,,,2024-04-20,00Z-ECE,GWUS
2024-04-21,14.942,3.308,0.082,0.551,0.386,2024-04-21,00Z-ECE,GWUS
2024-04-22,13.277,1.821,-0.101,-0.179,-0.402,2024-04-21,00Z-ECE,GWUS
2024-04-23,10.79,-0.491,-0.109,-0.293,-0.468,2024-04-21,00Z-ECE,GWUS
2024-04-24,12.03,0.919,-0.093,0.146,1.257,2024-04-21,00Z-ECE,GWUS
2024-04-25,12.171,1.226,-0.245,0.22,1.254,2024-04-21,00Z-ECE,GWUS
2024-04-26,10.117,-0.665,,0.139,0.546,2024-04-21,00Z-ECE,GWUS
2024-04-27,8.294,-2.33,,0.091,0.355,2024-04-21,00Z-ECE,GWUS
2024-04-28,7.343,-3.127,,-0.305,-0.09,2024-04-21,00Z-ECE,GWUS
2024-04-29,7.421,-2.899,,-0.201,-0.227,2024-04-21,00Z-ECE,GWUS
2024-04-30,7.972,-2.203,,0.189,-0.009,2024-04-21,00Z-ECE,GWUS
2024-05-01,8.305,-1.729,,0.24,0.365,2024-04-21,00Z-ECE,GWUS
2024-05-02,8.415,-1.483,,0.22,0.408,2024-04-21,00Z-ECE,GWUS
2024-05-03,8.391,-1.375,,0.258,0.407,2024-04-21,00Z-ECE,GWUS
2024-05-04,8.261,-1.377,,0.116,0.347,2024-04-21,00Z-ECE,GWUS
2024-05-05,7.913,-1.726,,,,2024-04-21,00Z-ECE,GWUS
2024-04-22,13.217,1.761,0.014,0.065,-0.059,2024-04-22,00Z-ECE,GWUS
2024-04-23,10.434,-0.848,-0.062,-0.108,-0.357,2024-04-22,00Z-ECE,GWUS
2024-04-24,11.135,0.024,-0.092,-0.012,-0.895,2024-04-22,00Z-ECE,GWUS
2024-04-25,12.222,1.277,0.187,0.249,0.051,2024-04-22,00Z-ECE,GWUS
2024-04-26,10.0,-0.782,0.206,0.146,-0.118,2024-04-22,00Z-ECE,GWUS
2024-04-27,8.145,-2.479,,0.116,-0.149,2024-04-22,00Z-ECE,GWUS
2024-04-28,7.031,-3.439,,-0.136,-0.312,2024-04-22,00Z-ECE,GWUS
2024-04-29,7.067,-3.253,,-0.215,-0.354,2024-04-22,00Z-ECE,GWUS
2024-04-30,7.528,-2.647,,-0.193,-0.444,2024-04-22,00Z-ECE,GWUS
2024-05-01,7.573,-2.462,,-0.322,-0.732,2024-04-22,00Z-ECE,GWUS
2024-05-02,7.461,-2.437,,-0.261,-0.953,2024-04-22,00Z-ECE,GWUS
2024-05-03,7.352,-2.414,,-0.246,-1.039,2024-04-22,00Z-ECE,GWUS
2024-05-04,7.358,-2.281,,-0.436,-0.903,2024-04-22,00Z-ECE,GWUS
2024-05-05,7.406,-2.11,,-0.48,-0.746,2024-04-22,00Z-ECE,GWUS
2024-05-06,7.225,-2.291,,,,2024-04-22,00Z-ECE,GWUS
2024-04-23,10.072,-1.21,-0.078,-0.263,-0.362,2024-04-23,00Z-ECE,GWUS
2024-04-24,10.877,-0.234,-0.124,-0.185,-0.258,2024-04-23,00Z-ECE,GWUS
2024-04-25,12.254,1.31,0.013,0.096,0.032,2024-04-23,00Z-ECE,GWUS
2024-04-26,10.348,-0.434,0.16,0.252,0.348,2024-04-23,00Z-ECE,GWUS
2024-04-27,8.271,-2.353,0.177,0.159,0.126,2024-04-23,00Z-ECE,GWUS
2024-04-28,7.17,-3.3,,0.166,0.139,2024-04-23,00Z-ECE,GWUS
2024-04-29,7.219,-3.102,,0.221,0.152,2024-04-23,00Z-ECE,GWUS
2024-04-30,7.645,-2.531,,0.094,0.117,2024-04-23,00Z-ECE,GWUS
2024-05-01,7.695,-2.34,,-0.039,0.122,2024-04-23,00Z-ECE,GWUS
2024-05-02,7.744,-2.154,,0.144,0.283,2024-04-23,00Z-ECE,GWUS
2024-05-03,7.922,-1.844,,0.142,0.57,2024-04-23,00Z-ECE,GWUS
2024-05-04,7.932,-1.707,,-0.119,0.574,2024-04-23,00Z-ECE,GWUS
2024-05-05,7.933,-1.583,,-0.054,0.527,2024-04-23,00Z-ECE,GWUS
2024-05-06,7.953,-1.444,,0.315,0.486,2024-04-23,00Z-ECE,GWUS
2024-05-07,7.622,-1.776,,,,2024-04-23,00Z-ECE,GWUS
2024-04-24,10.636,-0.475,-0.087,-0.24,-0.241,2024-04-24,00Z-ECE,GWUS
2024-04-25,12.242,1.298,0.091,-0.076,-0.012,2024-04-24,00Z-ECE,GWUS
2024-04-26,10.468,-0.315,0.021,0.059,0.12,2024-04-24,00Z-ECE,GWUS
2024-04-27,8.471,-2.153,-0.01,0.098,0.2,2024-04-24,00Z-ECE,GWUS
2024-04-28,7.04,-3.43,-0.036,0.095,-0.13,2024-04-24,00Z-ECE,GWUS
2024-04-29,6.798,-3.522,,0.138,-0.421,2024-04-24,00Z-ECE,GWUS
2024-04-30,7.003,-3.172,,0.043,-0.642,2024-04-24,00Z-ECE,GWUS
2024-05-01,6.997,-3.038,,-0.072,-0.698,2024-04-24,00Z-ECE,GWUS
2024-05-02,7.115,-2.783,,-0.071,-0.629,2024-04-24,00Z-ECE,GWUS
2024-05-03,7.378,-2.388,,0.045,-0.544,2024-04-24,00Z-ECE,GWUS
2024-05-04,7.724,-1.914,,0.338,-0.208,2024-04-24,00Z-ECE,GWUS
2024-05-05,7.763,-1.753,,0.396,-0.171,2024-04-24,00Z-ECE,GWUS
2024-05-06,7.646,-1.752,,0.3,-0.308,2024-04-24,00Z-ECE,GWUS
2024-05-07,7.77,-1.515,,0.198,-0.143,2024-04-24,00Z-ECE,GWUS
2024-05-08,7.744,-1.541,,,,2024-04-24,00Z-ECE,GWUS
2024-04-25,12.204,1.259,-0.145,0.081,-0.039,2024-04-25,00Z-ECE,GWUS
2024-04-26,10.549,-0.233,0.033,0.078,0.081,2024-04-25,00Z-ECE,GWUS
2024-04-27,8.415,-2.209,-0.066,0.036,-0.056,2024-04-25,00Z-ECE,GWUS
2024-04-28,6.786,-3.684,-0.152,-0.189,-0.254,2024-04-25,00Z-ECE,GWUS
2024-04-29,6.795,-3.526,-0.099,-0.051,-0.003,2024-04-25,00Z-ECE,GWUS
2024-04-30,6.709,-3.466,,0.026,-0.294,2024-04-25,00Z-ECE,GWUS
2024-05-01,6.466,-3.568,,-0.079,-0.531,2024-04-25,00Z-ECE,GWUS
2024-05-02,6.944,-2.954,,0.075,-0.171,2024-04-25,00Z-ECE,GWUS
2024-05-03,7.719,-2.047,,0.262,0.341,2024-04-25,00Z-ECE,GWUS
2024-05-04,8.174,-1.465,,0.331,0.45,2024-04-25,00Z-ECE,GWUS
2024-05-05,8.04,-1.476,,0.228,0.278,2024-04-25,00Z-ECE,GWUS
2024-05-06,8.031,-1.367,,0.34,0.386,2024-04-25,00Z-ECE,GWUS
2024-05-07,8.241,-1.044,,0.63,0.471,2024-04-25,00Z-ECE,GWUS
2024-05-08,8.472,-0.704,,0.723,0.483,2024-04-25,00Z-ECE,GWUS
2024-05-09,8.203,-0.973,,,,2024-04-25,00Z-ECE,GWUS
2024-04-26,10.351,-0.431,-0.023,-0.055,-0.198,2024-04-26,00Z-ECE,GWUS
2024-04-27,8.42,-2.204,-0.093,-0.045,0.005,2024-04-26,00Z-ECE,GWUS
2024-04-28,6.827,-3.643,-0.029,-0.012,0.041,2024-04-26,00Z-ECE,GWUS
2024-04-29,6.804,-3.516,0.043,-0.002,0.01,2024-04-26,00Z-ECE,GWUS
2024-04-30,6.625,-3.55,-0.165,-0.245,-0.084,2024-04-26,00Z-ECE,GWUS
2024-05-01,6.65,-3.385,,0.072,0.184,2024-04-26,00Z-ECE,GWUS
2024-05-02,7.112,-2.786,,0.3,0.167,2024-04-26,00Z-ECE,GWUS
2024-05-03,7.904,-1.862,,0.629,0.185,2024-04-26,00Z-ECE,GWUS
2024-05-04,8.429,-1.209,,0.626,0.255,2024-04-26,00Z-ECE,GWUS
2024-05-05,8.448,-1.068,,0.513,0.408,2024-04-26,00Z-ECE,GWUS
2024-05-06,8.083,-1.315,,0.309,0.051,2024-04-26,00Z-ECE,GWUS
2024-05-07,7.983,-1.301,,0.269,-0.257,2024-04-26,00Z-ECE,GWUS
2024-05-08,8.387,-0.789,,0.474,-0.085,2024-04-26,00Z-ECE,GWUS
2024-05-09,8.581,-0.491,,0.4,0.212,2024-04-26,00Z-ECE,GWUS
2024-05-10,8.239,-0.833,,,,2024-04-26,00Z-ECE,GWUS
2024-04-27,8.399,-2.225,-0.024,-0.008,-0.021,2024-04-27,00Z-ECE,GWUS
2024-04-28,6.795,-3.676,-0.068,-0.11,-0.033,2024-04-27,00Z-ECE,GWUS
2024-04-29,6.777,-3.543,0.054,-0.01,-0.027,2024-04-27,00Z-ECE,GWUS
2024-04-30,7.238,-2.937,0.158,0.142,0.613,2024-04-27,00Z-ECE,GWUS
2024-05-01,7.279,-2.755,0.121,0.042,0.629,2024-04-27,00Z-ECE,GWUS
2024-05-02,7.163,-2.735,,-0.114,0.051,2024-04-27,00Z-ECE,GWUS
2024-05-03,7.231,-2.535,,-0.394,-0.673,2024-04-27,00Z-ECE,GWUS
2024-05-04,7.49,-2.149,,-0.359,-0.939,2024-04-27,00Z-ECE,GWUS
2024-05-05,7.804,-1.712,,-0.217,-0.644,2024-04-27,00Z-ECE,GWUS
2024-05-06,7.91,-1.488,,-0.124,-0.173,2024-04-27,00Z-ECE,GWUS
2024-05-07,8.21,-1.074,,-0.067,0.227,2024-04-27,00Z-ECE,GWUS
2024-05-08,8.416,-0.76,,-0.068,0.029,2024-04-27,00Z-ECE,GWUS
2024-05-09,8.215,-0.857,,-0.177,-0.366,2024-04-27,00Z-ECE,GWUS
2024-05-10,8.078,-0.894,,-0.214,-0.353,2024-04-27,00Z-ECE,GWUS
2024-05-11,7.658,-1.314,,,,2024-04-27,00Z-ECE,GWUS
2024-04-28,6.881,-3.589,0.069,0.086,0.087,2024-04-28,00Z-ECE,GWUS
2024-04-29,6.736,-3.584,-0.02,-0.071,-0.041,2024-04-28,00Z-ECE,GWUS
2024-04-30,7.049,-3.126,0.03,0.002,-0.189,2024-04-28,00Z-ECE,GWUS
2024-05-01,7.072,-2.962,0.138,0.04,-0.207,2024-04-28,00Z-ECE,GWUS
2024-05-02,7.084,-2.814,0.175,-0.062,-0.079,2024-04-28,00Z-ECE,GWUS
2024-05-03,6.999,-2.767,,-0.186,-0.232,2024-04-28,00Z-ECE,GWUS
2024-05-04,7.2,-2.439,,-0.292,-0.29,2024-04-28,00Z-ECE,GWUS
2024-05-05,7.066,-2.45,,-0.654,-0.738,2024-04-28,00Z-ECE,GWUS
2024-05-06,7.056,-2.342,,-0.821,-0.854,2024-04-28,00Z-ECE,GWUS
2024-05-07,7.42,-1.865,,-1.05,-0.791,2024-04-28,00Z-ECE,GWUS
2024-05-08,8.029,-1.146,,-0.672,-0.387,2024-04-28,00Z-ECE,GWUS
2024-05-09,8.332,-0.74,,-0.224,0.117,2024-04-28,00Z-ECE,GWUS
2024-05-10,8.112,-0.86,,-0.056,0.033,2024-04-28,00Z-ECE,GWUS
2024-05-11,7.928,-0.949,,0.179,0.031,2024-04-28,00Z-ECE,GWUS
2024-05-12,7.562,-1.315,,,,2024-04-28,00Z-ECE,GWUS
2024-04-29,6.885,-3.435,0.107,0.099,0.149,2024-04-29,00Z-ECE,GWUS
2024-04-30,7.606,-2.57,0.191,0.351,0.557,2024-04-29,00Z-ECE,GWUS
2024-05-01,7.526,-2.508,0.04,0.236,0.454,2024-04-29,00Z-ECE,GWUS
2024-05-02,7.365,-2.533,-0.074,0.158,0.281,2024-04-29,00Z-ECE,GWUS
2024-05-03,7.332,-2.434,-0.092,0.186,0.333,2024-04-29,00Z-ECE,GWUS
2024-05-04,7.374,-2.265,,0.051,0.174,2024-04-29,00Z-ECE,GWUS
2024-05-05,6.866,-2.65,,-0.137,-0.2,2024-04-29,00Z-ECE,GWUS
2024-05-06,6.45,-2.948,,-0.28,-0.606,2024-04-29,00Z-ECE,GWUS
2024-05-07,6.885,-2.399,,-0.193,-0.535,2024-04-29,00Z-ECE,GWUS
2024-05-08,7.766,-1.409,,-0.175,-0.263,2024-04-29,00Z-ECE,GWUS
2024-05-09,8.191,-0.88,,-0.341,-0.14,2024-04-29,00Z-ECE,GWUS
2024-05-10,8.161,-0.811,,-0.354,0.049,2024-04-29,00Z-ECE,GWUS
2024-05-11,7.931,-0.946,,-0.33,0.002,2024-04-29,00Z-ECE,GWUS
2024-05-12,7.935,-0.852,,-0.143,0.129,2024-04-29,00Z-ECE,GWUS
2024-05-13,7.664,-1.123,,,,2024-04-29,00Z-ECE,GWUS
2024-04-30,7.328,-2.847,-0.105,-0.02,-0.277,2024-04-30,00Z-ECE,GWUS
2024-05-01,7.22,-2.814,0.061,0.032,-0.306,2024-04-30,00Z-ECE,GWUS
2024-05-02,7.422,-2.476,0.111,0.098,0.057,2024-04-30,00Z-ECE,GWUS
2024-05-03,7.087,-2.679,-0.011,-0.064,-0.245,2024-04-30,00Z-ECE,GWUS
2024-05-04,7.499,-2.14,0.019,0.071,0.125,2024-04-30,00Z-ECE,GWUS
2024-05-05,7.57,-1.946,,0.411,0.704,2024-04-30,00Z-ECE,GWUS
2024-05-06,7.016,-2.382,,0.145,0.565,2024-04-30,00Z-ECE,GWUS
2024-05-07,7.169,-2.115,,-0.065,0.284,2024-04-30,00Z-ECE,GWUS
2024-05-08,7.94,-1.236,,-0.117,0.173,2024-04-30,00Z-ECE,GWUS
2024-05-09,8.38,-0.691,,-0.074,0.189,2024-04-30,00Z-ECE,GWUS
2024-05-10,8.279,-0.692,,-0.12,0.118,2024-04-30,00Z-ECE,GWUS
2024-05-11,7.966,-0.912,,-0.238,0.035,2024-04-30,00Z-ECE,GWUS
2024-05-12,7.986,-0.801,,-0.033,0.051,2024-04-30,00Z-ECE,GWUS
2024-05-13,7.979,-0.723,,0.205,0.043,2024-04-30,00Z-ECE,GWUS
2024-05-14,7.675,-1.027,,,,2024-04-30,00Z-ECE,GWUS
2024-05-01,7.145,-2.89,-0.004,-0.049,-0.075,2024-05-01,00Z-ECE,GWUS
2024-05-02,7.259,-2.639,0.057,-0.01,-0.163,2024-05-01,00Z-ECE,GWUS
2024-05-03,6.741,-3.025,0.011,0.04,-0.346,2024-05-01,00Z-ECE,GWUS
2024-05-04,7.246,-2.393,-0.088,-0.028,-0.254,2024-05-01,00Z-ECE,GWUS
2024-05-05,7.315,-2.201,0.03,-0.034,-0.255,2024-05-01,00Z-ECE,GWUS
2024-05-06,6.706,-2.692,,-0.182,-0.31,2024-05-01,00Z-ECE,GWUS
2024-05-07,7.048,-2.236,,-0.173,-0.12,2024-05-01,00Z-ECE,GWUS
2024-05-08,7.76,-1.416,,-0.165,-0.18,2024-05-01,00Z-ECE,GWUS
2024-05-09,8.298,-0.774,,0.041,-0.083,2024-05-01,00Z-ECE,GWUS
2024-05-10,8.415,-0.557,,0.182,0.135,2024-05-01,00Z-ECE,GWUS
2024-05-11,8.392,-0.485,,0.102,0.426,2024-05-01,00Z-ECE,GWUS
2024-05-12,8.144,-0.644,,0.037,0.157,2024-05-01,00Z-ECE,GWUS
2024-05-13,7.776,-0.926,,-0.028,-0.203,2024-05-01,00Z-ECE,GWUS
2024-05-14,7.608,-1.013,,-0.038,-0.304,2024-05-01,00Z-ECE,GWUS
2024-05-15,7.348,-1.273,,,,2024-05-01,00Z-ECE,GWUS
2024-05-02,7.426,-2.472,0.132,0.272,0.168,2024-05-02,00Z-ECE,GWUS
2024-05-03,6.933,-2.834,0.152,0.174,0.191,2024-05-02,00Z-ECE,GWUS
2024-05-04,7.437,-2.202,0.075,0.15,0.191,2024-05-02,00Z-ECE,GWUS
2024-05-05,7.465,-2.051,0.165,0.128,0.15,2024-05-02,00Z-ECE,GWUS
2024-05-06,6.838,-2.56,0.058,-0.02,0.133,2024-05-02,00Z-ECE,GWUS
2024-05-07,7.019,-2.266,,-0.07,-0.03,2024-05-02,00Z-ECE,GWUS
2024-05-08,7.675,-1.5,,-0.14,-0.084,2024-05-02,00Z-ECE,GWUS
2024-05-09,7.967,-1.104,,-0.198,-0.331,2024-05-02,00Z-ECE,GWUS
2024-05-10,8.136,-0.836,,-0.338,-0.279,2024-05-02,00Z-ECE,GWUS
2024-05-11,8.218,-0.659,,-0.346,-0.174,2024-05-02,00Z-ECE,GWUS
2024-05-12,8.055,-0.732,,-0.353,-0.088,2024-05-02,00Z-ECE,GWUS
2024-05-13,7.65,-1.052,,-0.369,-0.126,2024-05-02,00Z-ECE,GWUS
2024-05-14,7.482,-1.139,,-0.429,-0.126,2024-05-02,00Z-ECE,GWUS
2024-05-15,7.382,-1.164,,-0.641,-0.172,2024-05-02,00Z-ECE,GWUS
2024-05-16,7.133,-1.413,,,,2024-05-02,00Z-ECE,GWUS
2024-05-03,6.831,-2.935,-0.016,-0.005,-0.101,2024-05-03,00Z-ECE,GWUS
2024-05-04,7.588,-2.051,0.052,0.041,0.151,2024-05-03,00Z-ECE,GWUS
2024-05-05,7.705,-1.811,0.099,0.146,0.239,2024-05-03,00Z-ECE,GWUS
2024-05-06,7.165,-2.233,0.081,0.033,0.327,2024-05-03,00Z-ECE,GWUS
2024-05-07,7.185,-2.099,0.055,-0.026,0.167,2024-05-03,00Z-ECE,GWUS
2024-05-08,7.278,-1.898,,-0.19,-0.398,2024-05-03,00Z-ECE,GWUS
2024-05-09,7.326,-1.745,,-0.28,-0.641,2024-05-03,00Z-ECE,GWUS
2024-05-10,7.467,-1.505,,-0.194,-0.669,2024-05-03,00Z-ECE,GWUS
2024-05-11,7.686,-1.191,,-0.235,-0.532,2024-05-03,00Z-ECE,GWUS
2024-05-12,7.718,-1.069,,-0.463,-0.337,2024-05-03,00Z-ECE,GWUS
2024-05-13,7.701,-1.001,,-0.307,0.051,2024-05-03,00Z-ECE,GWUS
2024-05-14,7.688,-0.934,,-0.186,0.206,2024-05-03,00Z-ECE,GWUS
2024-05-15,7.662,-0.883,,0.113,0.28,2024-05-03,00Z-ECE,GWUS
2024-05-16,7.579,-0.895,,0.256,0.239,2024-05-03,00Z-ECE,GWUS
2024-05-17,7.172,-1.302,,,,2024-05-03,00Z-ECE,GWUS
2024-05-04,7.686,-1.953,0.061,0.092,0.099,2024-05-04,00Z-ECE,GWUS
2024-05-05,7.794,-1.722,0.037,0.051,0.09,2024-05-04,00Z-ECE,GWUS
2024-05-06,7.12,-2.278,-0.031,0.002,-0.046,2024-05-04,00Z-ECE,GWUS
2024-05-07,7.265,-2.019,-0.026,-0.091,0.08,2024-05-04,00Z-ECE,GWUS
2024-05-08,7.361,-1.815,0.02,-0.215,0.083,2024-05-04,00Z-ECE,GWUS
2024-05-09,7.53,-1.541,,-0.181,0.204,2024-05-04,00Z-ECE,GWUS
2024-05-10,7.864,-1.108,,-0.036,0.397,2024-05-04,00Z-ECE,GWUS
2024-05-11,8.407,-0.471,,0.193,0.72,2024-05-04,00Z-ECE,GWUS
2024-05-12,8.397,-0.39,,0.23,0.679,2024-05-04,00Z-ECE,GWUS
2024-05-13,8.014,-0.688,,0.218,0.313,2024-05-04,00Z-ECE,GWUS
2024-05-14,7.691,-0.93,,0.177,0.003,2024-05-04,00Z-ECE,GWUS
2024-05-15,7.502,-1.044,,-0.012,-0.16,2024-05-04,00Z-ECE,GWUS
2024-05-16,7.484,-0.99,,-0.101,-0.095,2024-05-04,00Z-ECE,GWUS
2024-05-17,7.486,-0.922,,-0.022,0.115,2024-05-04,00Z-ECE,GWUS
2024-05-18,7.242,-1.165,,,,2024-05-04,00Z-ECE,GWUS
2024-05-05,8.021,-1.495,0.152,0.303,0.226,2024-05-05,00Z-ECE,GWUS
2024-05-06,7.287,-2.111,0.121,0.139,0.167,2024-05-05,00Z-ECE,GWUS
2024-05-07,7.271,-2.014,-0.01,-0.031,0.006,2024-05-05,00Z-ECE,GWUS
2024-05-08,7.472,-1.703,-0.016,0.005,0.112,2024-05-05,00Z-ECE,GWUS
2024-05-09,7.652,-1.42,0.054,0.021,0.122,2024-05-05,00Z-ECE,GWUS
2024-05-10,7.999,-0.973,,-0.103,0.135,2024-05-05,00Z-ECE,GWUS
2024-05-11,8.433,-0.445,,-0.381,0.026,2024-05-05,00Z-ECE,GWUS
2024-05-12,8.013,-0.774,,-0.639,-0.384,2024-05-05,00Z-ECE,GWUS
2024-05-13,7.243,-1.459,,-0.677,-0.771,2024-05-05,00Z-ECE,GWUS
2024-05-14,6.616,-2.005,,-0.621,-1.075,2024-05-05,00Z-ECE,GWUS
2024-05-15,6.682,-1.864,,-0.245,-0.82,2024-05-05,00Z-ECE,GWUS
2024-05-16,6.949,-1.525,,0.094,-0.535,2024-05-05,00Z-ECE,GWUS
2024-05-17,7.114,-1.293,,0.205,-0.371,2024-05-05,00Z-ECE,GWUS
2024-05-18,7.283,-1.063,,0.196,-0.227,2024-05-05,00Z-ECE,GWUS
2024-05-19,7.168,-1.178,,,,2024-05-05,00Z-ECE,GWUS
2024-05-06,7.393,-2.004,0.019,0.126,0.106,2024-05-06,00Z-ECE,GWUS
2024-05-07,7.331,-1.953,0.006,-0.017,0.061,2024-05-06,00Z-ECE,GWUS
2024-05-08,7.547,-1.628,-0.065,-0.094,0.075,2024-05-06,00Z-ECE,GWUS
2024-05-09,8.021,-1.05,0.069,-0.163,0.37,2024-05-06,00Z-ECE,GWUS
2024-05-10,8.773,-0.199,0.215,-0.122,0.774,2024-05-06,00Z-ECE,GWUS
2024-05-11,8.772,-0.105,,0.176,0.34,2024-05-06,00Z-ECE,GWUS
2024-05-12,8.128,-0.659,,0.322,0.115,2024-05-06,00Z-ECE,GWUS
2024-05-13,7.094,-1.608,,0.069,-0.149,2024-05-06,00Z-ECE,GWUS
2024-05-14,6.209,-2.412,,-0.126,-0.407,2024-05-06,00Z-ECE,GWUS
2024-05-15,5.859,-2.686,,-0.225,-0.823,2024-05-06,00Z-ECE,GWUS
2024-05-16,5.954,-2.52,,-0.435,-0.995,2024-05-06,00Z-ECE,GWUS
2024-05-17,6.372,-2.036,,-0.504,-0.743,2024-05-06,00Z-ECE,GWUS
2024-05-18,6.651,-1.695,,-0.535,-0.632,2024-05-06,00Z-ECE,GWUS
2024-05-19,6.743,-1.546,,-0.519,-0.637,2024-05-06,00Z-ECE,GWUS
2024-05-20,6.697,-1.591,,,,2024-05-06,00Z-ECE,GWUS
2024-05-07,7.534,-1.751,0.154,0.132,0.202,2024-05-07,00Z-ECE,GWUS
2024-05-08,7.694,-1.482,0.014,-0.014,0.147,2024-05-07,00Z-ECE,GWUS
2024-05-09,8.045,-1.026,0.028,0.07,0.024,2024-05-07,00Z-ECE,GWUS
2024-05-10,9.002,0.03,0.063,0.034,,2024-05-07,00Z-ECE,GWUS
2024-05-11,8.578,-0.3,-0.091,-0.171,,2024-05-07,00Z-ECE,GWUS
2024-05-12,7.748,-1.039,,-0.358,,2024-05-07,00Z-ECE,GWUS
2024-05-13,6.689,-2.013,,-0.519,,2024-05-07,00Z-ECE,GWUS
2024-05-14,6.221,-2.4,,-0.193,,2024-05-07,00Z-ECE,GWUS
2024-05-15,6.108,-2.437,,0.008,,2024-05-07,00Z-ECE,GWUS
2024-05-16,5.826,-2.648,,-0.305,,2024-05-07,00Z-ECE,GWUS
2024-05-17,6.032,-2.376,,-0.441,,2024-05-07,00Z-ECE,GWUS
2024-05-18,6.48,-1.866,,-0.313,,2024-05-07,00Z-ECE,GWUS
2024-05-19,6.716,-1.572,,-0.195,,2024-05-07,00Z-ECE,GWUS
2024-05-20,6.785,-1.451,,-0.27,,2024-05-07,00Z-ECE,GWUS
2024-05-21,6.721,-1.515,,,,2024-05-07,00Z-ECE,GWUS
2024-05-08,7.732,-1.444,-0.026,-0.065,0.038,2024-05-08,00Z-ECE,GWUS
2024-05-09,8.142,-0.929,0.022,0.026,0.097,2024-05-08,00Z-ECE,GWUS
2024-05-10,8.845,-0.127,0.013,0.052,-0.158,2024-05-08,00Z-ECE,GWUS
2024-05-11,8.749,-0.128,0.177,0.286,0.171,2024-05-08,00Z-ECE,GWUS
2024-05-12,8.147,-0.64,0.137,0.359,0.399,2024-05-08,00Z-ECE,GWUS
2024-05-13,6.991,-1.71,,0.041,0.302,2024-05-08,00Z-ECE,GWUS
2024-05-14,6.418,-2.203,,0.095,0.196,2024-05-08,00Z-ECE,GWUS
2024-05-15,6.223,-2.322,,0.081,0.115,2024-05-08,00Z-ECE,GWUS
2024-05-16,6.19,-2.285,,-0.023,0.363,2024-05-08,00Z-ECE,GWUS
2024-05-17,6.61,-1.798,,0.064,0.578,2024-05-08,00Z-ECE,GWUS
2024-05-18,6.936,-1.41,,0.047,0.456,2024-05-08,00Z-ECE,GWUS
2024-05-19,7.006,-1.283,,-0.024,0.29,2024-05-08,00Z-ECE,GWUS
2024-05-20,6.983,-1.253,,-0.102,0.198,2024-05-08,00Z-ECE,GWUS
2024-05-21,6.992,-1.195,,-0.129,0.061,2024-05-08,00Z-ECE,GWUS
2024-05-22,6.896,-1.292,,,,2024-05-08,00Z-ECE,GWUS
2024-05-09,7.816,-1.258,-0.067,-0.311,-0.326,2024-05-09,00Z-ECE,GWUS
2024-05-10,8.847,-0.129,0.036,-0.089,0.003,2024-05-09,00Z-ECE,GWUS
2024-05-11,8.574,-0.302,0.106,-0.098,-0.175,2024-05-09,00Z-ECE,GWUS
2024-05-12,8.023,-0.76,0.027,-0.337,-0.124,2024-05-09,00Z-ECE,GWUS
2024-05-13,6.943,-1.761,0.061,-0.143,-0.049,2024-05-09,00Z-ECE,GWUS
2024-05-14,6.573,-2.111,,0.237,0.155,2024-05-09,00Z-ECE,GWUS
2024-05-15,6.572,-1.955,,0.295,0.349,2024-05-09,00Z-ECE,GWUS
2024-05-16,6.416,-2.057,,0.153,0.227,2024-05-09,00Z-ECE,GWUS
2024-05-17,6.502,-1.918,,-0.081,-0.108,2024-05-09,00Z-ECE,GWUS
2024-05-18,6.699,-1.659,,-0.03,-0.237,2024-05-09,00Z-ECE,GWUS
2024-05-19,6.732,-1.551,,-0.034,-0.274,2024-05-09,00Z-ECE,GWUS
2024-05-20,6.976,-1.263,,-0.062,-0.007,2024-05-09,00Z-ECE,GWUS
2024-05-21,7.218,-0.961,,0.103,0.226,2024-05-09,00Z-ECE,GWUS
2024-05-22,7.334,-0.83,,0.164,0.276,2024-05-09,00Z-ECE,GWUS
2024-05-23,7.0,-1.156,,,,2024-05-09,00Z-ECE,GWUS
2024-05-10,8.9,-0.068,0.193,0.092,0.053,2024-05-10,00Z-ECE,GWUS
2024-05-11,8.407,-0.468,0.043,0.004,-0.167,2024-05-10,00Z-ECE,GWUS
2024-05-12,7.926,-0.861,0.105,0.187,-0.097,2024-05-10,00Z-ECE,GWUS
2024-05-13,7.404,-1.298,0.239,0.19,0.461,2024-05-10,00Z-ECE,GWUS
2024-05-14,7.071,-1.551,0.124,0.071,0.497,2024-05-10,00Z-ECE,GWUS
2024-05-15,7.168,-1.378,,0.118,0.596,2024-05-10,00Z-ECE,GWUS
2024-05-16,7.007,-1.467,,0.436,0.591,2024-05-10,00Z-ECE,GWUS
2024-05-17,6.545,-1.863,,0.015,0.043,2024-05-10,00Z-ECE,GWUS
2024-05-18,6.552,-1.794,,-0.188,-0.147,2024-05-10,00Z-ECE,GWUS
2024-05-19,6.814,-1.474,,0.217,0.082,2024-05-10,00Z-ECE,GWUS
2024-05-20,7.06,-1.175,,0.388,0.084,2024-05-10,00Z-ECE,GWUS
2024-05-21,7.246,-0.941,,0.392,0.028,2024-05-10,00Z-ECE,GWUS
2024-05-22,7.411,-0.732,,0.365,0.077,2024-05-10,00Z-ECE,GWUS
2024-05-23,7.36,-0.744,,0.317,0.212,2024-05-10,00Z-ECE,GWUS
2024-05-24,7.114,-0.99,,,,2024-05-10,00Z-ECE,GWUS
2024-05-11,8.272,-0.606,-0.044,-0.139,-0.135,2024-05-11,00Z-ECE,GWUS
2024-05-12,7.847,-0.94,-0.133,-0.149,-0.079,2024-05-11,00Z-ECE,GWUS
2024-05-13,7.156,-1.546,0.037,-0.068,-0.248,2024-05-11,00Z-ECE,GWUS
2024-05-14,6.884,-1.738,0.109,-0.163,-0.187,2024-05-11,00Z-ECE,GWUS
2024-05-15,6.822,-1.723,0.103,-0.131,-0.346,2024-05-11,00Z-ECE,GWUS
2024-05-16,6.437,-2.038,,-0.042,-0.571,2024-05-11,00Z-ECE,GWUS
2024-05-17,6.476,-1.932,,0.003,-0.069,2024-05-11,00Z-ECE,GWUS
2024-05-18,7.003,-1.343,,0.19,0.452,2024-05-11,00Z-ECE,GWUS
2024-05-19,7.159,-1.129,,0.212,0.345,2024-05-11,00Z-ECE,GWUS
2024-05-20,7.067,-1.169,,0.096,0.006,2024-05-11,00Z-ECE,GWUS
2024-05-21,6.988,-1.2,,-0.271,-0.258,2024-05-11,00Z-ECE,GWUS
2024-05-22,6.942,-1.201,,-0.401,-0.469,2024-05-11,00Z-ECE,GWUS
2024-05-23,7.133,-0.972,,-0.063,-0.228,2024-05-11,00Z-ECE,GWUS
2024-05-24,7.084,-0.985,,0.152,-0.139,2024-05-11,00Z-ECE,GWUS
2024-05-25,6.91,-1.159,,,,2024-05-11,00Z-ECE,GWUS
2024-05-13,6.567,-2.135,-0.195,-0.216,,2024-05-13,00Z-ECE,GWUS
2024-05-14,6.335,-2.286,-0.094,-0.017,,2024-05-13,00Z-ECE,GWUS
2024-05-15,6.116,-2.43,-0.089,-0.143,,2024-05-13,00Z-ECE,GWUS
2024-05-16,6.136,-2.338,-0.046,-0.101,,2024-05-13,00Z-ECE,GWUS
2024-05-17,5.69,-2.718,-0.03,-0.29,,2024-05-13,00Z-ECE,GWUS
2024-05-18,6.245,-2.101,,-0.202,,2024-05-13,00Z-ECE,GWUS
2024-05-19,6.76,-1.529,,-0.002,,2024-05-13,00Z-ECE,GWUS
2024-05-20,6.888,-1.348,,-0.135,,2024-05-13,00Z-ECE,GWUS
2024-05-21,7.125,-1.062,,-0.282,,2024-05-13,00Z-ECE,GWUS
2024-05-22,7.43,-0.713,,-0.45,,2024-05-13,00Z-ECE,GWUS
2024-05-23,7.722,-0.382,,-0.32,,2024-05-13,00Z-ECE,GWUS
2024-05-24,7.731,-0.338,,-0.065,,2024-05-13,00Z-ECE,GWUS
2024-05-25,7.589,-0.449,,0.126,,2024-05-13,00Z-ECE,GWUS
2024-05-26,7.38,-0.632,,0.107,,2024-05-13,00Z-ECE,GWUS
2024-05-27,7.005,-1.007,,,,2024-05-13,00Z-ECE,GWUS
2024-05-14,6.289,-2.336,0.045,0.011,-0.046,2024-05-14,00Z-ECE,GWUS
2024-05-15,6.05,-2.497,0.032,-0.013,-0.066,2024-05-14,00Z-ECE,GWUS
2024-05-16,5.954,-2.527,0.093,0.018,-0.182,2024-05-14,00Z-ECE,GWUS
2024-05-17,5.485,-2.934,-0.003,-0.162,-0.205,2024-05-14,00Z-ECE,GWUS
2024-05-18,6.437,-1.904,0.128,-0.083,0.192,2024-05-14,00Z-ECE,GWUS
2024-05-19,6.781,-1.492,,0.052,0.021,2024-05-14,00Z-ECE,GWUS
2024-05-20,6.852,-1.381,,-0.003,-0.036,2024-05-14,00Z-ECE,GWUS
2024-05-21,6.942,-1.192,,-0.181,-0.183,2024-05-14,00Z-ECE,GWUS
2024-05-22,7.044,-1.07,,-0.631,-0.386,2024-05-14,00Z-ECE,GWUS
2024-05-23,7.33,-0.779,,-0.616,-0.392,2024-05-14,00Z-ECE,GWUS
2024-05-24,7.621,-0.44,,-0.173,-0.11,2024-05-14,00Z-ECE,GWUS
2024-05-25,7.569,-0.449,,-0.121,-0.02,2024-05-14,00Z-ECE,GWUS
2024-05-26,7.323,-0.709,,-0.112,-0.058,2024-05-14,00Z-ECE,GWUS
2024-05-27,7.046,-0.938,,-0.152,-0.069,2024-05-14,00Z-ECE,GWUS
2024-05-28,6.762,-1.197,,,,2024-05-14,00Z-ECE,GWUS
2024-05-15,6.113,-2.432,0.057,-0.008,0.063,2024-05-15,00Z-ECE,GWUS
2024-05-16,6.052,-2.422,0.011,0.033,0.098,2024-05-15,00Z-ECE,GWUS
2024-05-17,5.384,-3.024,0.101,-0.031,-0.101,2024-05-15,00Z-ECE,GWUS
2024-05-18,6.748,-1.598,0.294,0.171,0.311,2024-05-15,00Z-ECE,GWUS
2024-05-19,6.954,-1.335,0.194,0.073,0.173,2024-05-15,00Z-ECE,GWUS
2024-05-20,7.023,-1.213,,0.059,0.171,2024-05-15,00Z-ECE,GWUS
2024-05-21,7.147,-1.04,,0.192,0.206,2024-05-15,00Z-ECE,GWUS
2024-05-22,7.259,-0.885,,0.195,0.215,2024-05-15,00Z-ECE,GWUS
2024-05-23,7.534,-0.571,,0.2,0.204,2024-05-15,00Z-ECE,GWUS
2024-05-24,7.825,-0.244,,0.184,0.205,2024-05-15,00Z-ECE,GWUS
2024-05-25,7.829,-0.21,,0.015,0.26,2024-05-15,00Z-ECE,GWUS
2024-05-26,7.675,-0.337,,-0.028,0.353,2024-05-15,00Z-ECE,GWUS
2024-05-27,7.384,-0.606,,-0.089,0.338,2024-05-15,00Z-ECE,GWUS
2024-05-28,7.262,-0.709,,-0.002,0.421,2024-05-15,00Z-ECE,GWUS
2024-05-29,6.897,-1.074,,,,2024-05-15,00Z-ECE,GWUS
2024-05-16,6.014,-2.46,-0.062,-0.01,-0.038,2024-05-16,00Z-ECE,GWUS
2024-05-17,5.369,-3.039,-0.028,0.003,-0.015,2024-05-16,00Z-ECE,GWUS
2024-05-18,6.417,-1.929,-0.014,-0.209,-0.331,2024-05-16,00Z-ECE,GWUS
2024-05-19,6.612,-1.677,-0.1,-0.31,-0.342,2024-05-16,00Z-ECE,GWUS
2024-05-20,6.866,-1.37,-0.008,-0.158,-0.157,2024-05-16,00Z-ECE,GWUS
2024-05-21,6.959,-1.228,,-0.213,-0.188,2024-05-16,00Z-ECE,GWUS
2024-05-22,6.497,-1.647,,-0.554,-0.762,2024-05-16,00Z-ECE,GWUS
2024-05-23,6.696,-1.409,,-0.628,-0.838,2024-05-16,00Z-ECE,GWUS
2024-05-24,7.324,-0.746,,-0.432,-0.502,2024-05-16,00Z-ECE,GWUS
2024-05-25,7.319,-0.719,,-0.497,-0.51,2024-05-16,00Z-ECE,GWUS
2024-05-26,7.193,-0.819,,-0.328,-0.482,2024-05-16,00Z-ECE,GWUS
2024-05-27,6.831,-1.158,,-0.56,-0.553,2024-05-16,00Z-ECE,GWUS
2024-05-28,6.641,-1.331,,-0.602,-0.622,2024-05-16,00Z-ECE,GWUS
2024-05-29,6.533,-1.424,,-0.438,-0.46,2024-05-16,00Z-ECE,GWUS
2024-05-30,6.399,-1.558,,,,2024-05-16,00Z-ECE,GWUS
2024-05-17,5.36,-3.05,-0.058,-0.017,-0.009,2024-05-17,00Z-ECE,GWUS
2024-05-18,6.442,-1.907,0.068,0.078,0.026,2024-05-17,00Z-ECE,GWUS
2024-05-19,6.398,-1.892,-0.104,-0.19,-0.214,2024-05-17,00Z-ECE,GWUS
2024-05-20,6.593,-1.644,-0.085,-0.211,-0.273,2024-05-17,00Z-ECE,GWUS
2024-05-21,6.939,-1.241,0.096,-0.035,-0.02,2024-05-17,00Z-ECE,GWUS
2024-05-22,6.528,-1.614,,-0.055,0.031,2024-05-17,00Z-ECE,GWUS
2024-05-23,6.644,-1.48,,-0.215,-0.052,2024-05-17,00Z-ECE,GWUS
2024-05-24,7.16,-0.909,,-0.513,-0.163,2024-05-17,00Z-ECE,GWUS
2024-05-25,7.326,-0.713,,-0.405,0.007,2024-05-17,00Z-ECE,GWUS
2024-05-26,7.438,-0.574,,0.021,0.245,2024-05-17,00Z-ECE,GWUS
2024-05-27,7.188,-0.802,,-0.038,0.356,2024-05-17,00Z-ECE,GWUS
2024-05-28,6.831,-1.141,,-0.115,0.19,2024-05-17,00Z-ECE,GWUS
2024-05-29,6.643,-1.314,,-0.191,0.11,2024-05-17,00Z-ECE,GWUS
2024-05-30,6.585,-1.361,,-0.109,0.062,2024-05-17,00Z-ECE,GWUS
2024-05-31,6.578,-1.356,,,,2024-05-17,00Z-ECE,GWUS
2024-05-18,6.255,-2.091,-0.031,-0.035,-0.188,2024-05-18,00Z-ECE,GWUS
2024-05-19,6.433,-1.856,0.065,-0.08,0.035,2024-05-18,00Z-ECE,GWUS
2024-05-20,6.552,-1.684,0.094,-0.004,-0.041,2024-05-18,00Z-ECE,GWUS
2024-05-21,6.981,-1.206,0.091,-0.031,0.042,2024-05-18,00Z-ECE,GWUS
2024-05-22,6.487,-1.656,0.03,-0.162,-0.041,2024-05-18,00Z-ECE,GWUS
2024-05-23,6.414,-1.691,,-0.335,-0.231,2024-05-18,00Z-ECE,GWUS
2024-05-24,6.96,-1.109,,-0.228,-0.2,2024-05-18,00Z-ECE,GWUS
2024-05-25,7.266,-0.773,,-0.137,-0.06,2024-05-18,00Z-ECE,GWUS
2024-05-26,7.46,-0.552,,0.078,0.022,2024-05-18,00Z-ECE,GWUS
2024-05-27,7.236,-0.753,,0.069,0.049,2024-05-18,00Z-ECE,GWUS
2024-05-28,6.94,-1.031,,-0.037,0.109,2024-05-18,00Z-ECE,GWUS
2024-05-29,6.629,-1.329,,-0.118,-0.014,2024-05-18,00Z-ECE,GWUS
2024-05-30,6.646,-1.301,,-0.124,0.061,2024-05-18,00Z-ECE,GWUS
2024-05-31,6.652,-1.289,,-0.277,-0.01,2024-05-18,00Z-ECE,GWUS
2024-06-01,6.602,-1.339,,,,2024-05-18,00Z-ECE,GWUS
2024-05-19,6.452,-1.836,0.114,0.009,0.019,2024-05-19,00Z-ECE,GWUS
2024-05-20,6.701,-1.535,0.15,0.038,0.149,2024-05-19,00Z-ECE,GWUS
2024-05-21,7.09,-1.097,0.175,-0.003,0.109,2024-05-19,00Z-ECE,GWUS
2024-05-22,6.432,-1.712,-0.016,-0.113,-0.056,2024-05-19,00Z-ECE,GWUS
2024-05-23,6.287,-1.817,-0.077,-0.188,-0.126,2024-05-19,00Z-ECE,GWUS
2024-05-24,6.783,-1.286,,-0.181,-0.177,2024-05-19,00Z-ECE,GWUS
2024-05-25,7.104,-0.935,,-0.197,-0.162,2024-05-19,00Z-ECE,GWUS
2024-05-26,7.188,-0.825,,-0.134,-0.273,2024-05-19,00Z-ECE,GWUS
2024-05-27,7.217,-0.773,,0.085,-0.019,2024-05-19,00Z-ECE,GWUS
2024-05-28,6.97,-1.002,,0.143,0.03,2024-05-19,00Z-ECE,GWUS
2024-05-29,6.651,-1.307,,0.061,0.022,2024-05-19,00Z-ECE,GWUS
2024-05-30,6.591,-1.356,,-0.029,-0.055,2024-05-19,00Z-ECE,GWUS
2024-05-31,6.576,-1.364,,-0.13,-0.076,2024-05-19,00Z-ECE,GWUS
2024-06-01,6.596,-1.342,,-0.124,-0.095,2024-05-19,00Z-ECE,GWUS
2024-06-02,6.541,-1.397,,,,2024-05-19,00Z-ECE,GWUS
2024-05-20,6.674,-1.562,0.075,0.087,-0.027,2024-05-20,00Z-ECE,GWUS
2024-05-21,7.062,-1.126,0.039,0.054,-0.028,2024-05-20,00Z-ECE,GWUS
2024-05-22,6.413,-1.731,0.123,-0.027,-0.019,2024-05-20,00Z-ECE,GWUS
2024-05-23,6.245,-1.859,-0.072,-0.198,-0.042,2024-05-20,00Z-ECE,GWUS
2024-05-24,6.863,-1.206,-0.053,-0.271,0.08,2024-05-20,00Z-ECE,GWUS
2024-05-25,7.197,-0.842,,-0.182,0.093,2024-05-20,00Z-ECE,GWUS
2024-05-26,7.265,-0.747,,-0.045,0.078,2024-05-20,00Z-ECE,GWUS
2024-05-27,7.099,-0.89,,-0.008,-0.118,2024-05-20,00Z-ECE,GWUS
2024-05-28,6.506,-1.466,,-0.021,-0.464,2024-05-20,00Z-ECE,GWUS
2024-05-29,6.262,-1.695,,-0.054,-0.389,2024-05-20,00Z-ECE,GWUS
2024-05-30,6.51,-1.437,,-0.048,-0.082,2024-05-20,00Z-ECE,GWUS
2024-05-31,6.754,-1.186,,0.223,0.178,2024-05-20,00Z-ECE,GWUS
2024-06-01,6.694,-1.243,,0.323,0.098,2024-05-20,00Z-ECE,GWUS
2024-06-02,6.544,-1.395,,0.259,-0.042,2024-05-20,00Z-ECE,GWUS
2024-06-03,6.483,-1.455,,,,2024-05-20,00Z-ECE,GWUS
2024-05-21,7.045,-1.142,0.013,-0.017,-0.017,2024-05-21,00Z-ECE,GWUS
2024-05-22,6.336,-1.807,0.079,-0.013,-0.077,2024-05-21,00Z-ECE,GWUS
2024-05-23,6.288,-1.816,-0.048,0.041,0.043,2024-05-21,00Z-ECE,GWUS
2024-05-24,7.093,-0.976,0.071,0.154,0.23,2024-05-21,00Z-ECE,GWUS
2024-05-25,7.445,-0.593,0.143,0.109,0.248,2024-05-21,00Z-ECE,GWUS
2024-05-26,7.566,-0.446,,0.155,0.301,2024-05-21,00Z-ECE,GWUS
2024-05-27,7.462,-0.528,,0.135,0.362,2024-05-21,00Z-ECE,GWUS
2024-05-28,7.027,-0.945,,0.306,0.521,2024-05-21,00Z-ECE,GWUS
2024-05-29,6.82,-1.137,,0.193,0.558,2024-05-21,00Z-ECE,GWUS
2024-05-30,6.849,-1.098,,0.109,0.339,2024-05-21,00Z-ECE,GWUS
2024-05-31,6.709,-1.232,,-0.005,-0.046,2024-05-21,00Z-ECE,GWUS
2024-06-01,6.588,-1.349,,-0.033,-0.106,2024-05-21,00Z-ECE,GWUS
2024-06-02,6.471,-1.467,,-0.057,-0.072,2024-05-21,00Z-ECE,GWUS
2024-06-03,6.49,-1.453,,-0.002,-0.093,2024-05-21,00Z-ECE,GWUS
2024-06-04,6.524,-1.419,,,,2024-05-21,00Z-ECE,GWUS
2024-05-22,6.207,-1.937,0.015,-0.072,-0.13,2024-05-22,00Z-ECE,GWUS
2024-05-23,6.164,-1.94,-0.031,-0.1,-0.124,2024-05-22,00Z-ECE,GWUS
2024-05-24,6.834,-1.235,-0.119,-0.166,-0.258,2024-05-22,00Z-ECE,GWUS
2024-05-25,7.319,-0.72,0.024,-0.035,-0.126,2024-05-22,00Z-ECE,GWUS
2024-05-26,7.456,-0.556,0.036,0.061,-0.11,2024-05-22,00Z-ECE,GWUS
2024-05-27,7.014,-0.975,,0.012,-0.447,2024-05-22,00Z-ECE,GWUS
2024-05-28,6.626,-1.346,,0.041,-0.401,2024-05-22,00Z-ECE,GWUS
2024-05-29,6.622,-1.335,,0.153,-0.198,2024-05-22,00Z-ECE,GWUS
2024-05-30,6.887,-1.06,,0.288,0.038,2024-05-22,00Z-ECE,GWUS
2024-05-31,6.769,-1.171,,0.119,0.061,2024-05-22,00Z-ECE,GWUS
2024-06-01,6.653,-1.284,,0.024,0.065,2024-05-22,00Z-ECE,GWUS
2024-06-02,6.823,-1.115,,0.23,0.352,2024-05-22,00Z-ECE,GWUS
2024-06-03,6.836,-1.107,,0.123,0.346,2024-05-22,00Z-ECE,GWUS
2024-06-04,6.845,-1.105,,-0.021,0.265,2024-05-22,00Z-ECE,GWUS
2024-06-05,6.874,-1.077,,,,2024-05-22,00Z-ECE,GWUS
2024-05-23,6.175,-1.93,0.005,0.043,0.01,2024-05-23,00Z-ECE,GWUS
2024-05-24,6.827,-1.243,0.02,-0.027,-0.008,2024-05-23,00Z-ECE,GWUS
2024-05-25,7.215,-0.824,0.004,-0.045,-0.104,2024-05-23,00Z-ECE,GWUS
2024-05-26,7.382,-0.63,0.023,-0.109,-0.074,2024-05-23,00Z-ECE,GWUS
2024-05-27,6.934,-1.056,0.157,0.133,-0.08,2024-05-23,00Z-ECE,GWUS
2024-05-28,6.636,-1.335,,0.189,0.011,2024-05-23,00Z-ECE,GWUS
2024-05-29,6.956,-1.001,,0.253,0.334,2024-05-23,00Z-ECE,GWUS
2024-05-30,7.199,-0.748,,0.212,0.312,2024-05-23,00Z-ECE,GWUS
2024-05-31,7.132,-0.808,,0.104,0.363,2024-05-23,00Z-ECE,GWUS
2024-06-01,6.956,-0.982,,-0.052,0.302,2024-05-23,00Z-ECE,GWUS
2024-06-02,7.069,-0.87,,0.156,0.246,2024-05-23,00Z-ECE,GWUS
2024-06-03,7.218,-0.725,,0.285,0.382,2024-05-23,00Z-ECE,GWUS
2024-06-04,7.098,-0.852,,0.228,0.253,2024-05-23,00Z-ECE,GWUS
2024-06-05,7.039,-0.922,,0.13,0.068,2024-05-23,00Z-ECE,GWUS
2024-06-06,6.992,-0.97,,,,2024-05-23,00Z-ECE,GWUS
2024-05-24,6.866,-1.203,0.022,-0.093,0.039,2024-05-24,00Z-ECE,GWUS
2024-05-25,7.268,-0.771,0.02,-0.005,0.053,2024-05-24,00Z-ECE,GWUS
2024-05-26,7.35,-0.662,-0.042,-0.043,-0.032,2024-05-24,00Z-ECE,GWUS
2024-05-27,6.749,-1.241,-0.013,-0.179,-0.185,2024-05-24,00Z-ECE,GWUS
2024-05-28,6.915,-1.057,0.0,-0.019,0.278,2024-05-24,00Z-ECE,GWUS
2024-05-29,7.068,-0.889,,-0.138,0.111,2024-05-24,00Z-ECE,GWUS
2024-05-30,7.251,-0.696,,-0.233,0.051,2024-05-24,00Z-ECE,GWUS
2024-05-31,7.139,-0.801,,-0.082,0.007,2024-05-24,00Z-ECE,GWUS
2024-06-01,6.685,-1.252,,-0.215,-0.271,2024-05-24,00Z-ECE,GWUS
2024-06-02,6.606,-1.332,,-0.14,-0.463,2024-05-24,00Z-ECE,GWUS
2024-06-03,6.722,-1.22,,-0.143,-0.495,2024-05-24,00Z-ECE,GWUS
2024-06-04,6.79,-1.16,,-0.116,-0.308,2024-05-24,00Z-ECE,GWUS
2024-06-05,6.912,-1.049,,0.005,-0.127,2024-05-24,00Z-ECE,GWUS
2024-06-06,6.943,-1.032,,0.048,-0.129,2024-05-24,00Z-ECE,GWUS
2024-06-07,6.836,-1.139,,,,2024-05-24,00Z-ECE,GWUS
2024-05-25,7.343,-0.709,0.092,-0.065,0.076,2024-05-25,00Z-ECE,GWUS
2024-05-26,7.301,-0.711,-0.002,-0.065,-0.048,2024-05-25,00Z-ECE,GWUS
2024-05-27,6.592,-1.397,-0.132,-0.139,-0.156,2024-05-25,00Z-ECE,GWUS
2024-05-28,6.75,-1.233,-0.135,-0.176,-0.165,2024-05-25,00Z-ECE,GWUS
2024-05-29,7.162,-0.798,-0.122,-0.062,0.094,2024-05-25,00Z-ECE,GWUS
2024-05-30,7.354,-0.599,,-0.073,0.104,2024-05-25,00Z-ECE,GWUS
2024-05-31,7.287,-0.654,,-0.145,0.148,2024-05-25,00Z-ECE,GWUS
2024-06-01,6.636,-1.296,,-0.344,-0.049,2024-05-25,00Z-ECE,GWUS
2024-06-02,6.289,-1.65,,-0.353,-0.317,2024-05-25,00Z-ECE,GWUS
2024-06-03,6.306,-1.633,,-0.215,-0.417,2024-05-25,00Z-ECE,GWUS
2024-06-04,6.491,-1.46,,-0.195,-0.299,2024-05-25,00Z-ECE,GWUS
2024-06-05,6.53,-1.419,,-0.064,-0.382,2024-05-25,00Z-ECE,GWUS
2024-06-06,6.683,-1.281,,0.172,-0.26,2024-05-25,00Z-ECE,GWUS
2024-06-07,6.668,-1.288,,0.182,-0.219,2024-05-25,00Z-ECE,GWUS
2024-06-08,6.58,-1.417,,,,2024-05-25,00Z-ECE,GWUS
2024-05-26,7.156,-0.856,-0.095,-0.176,-0.146,2024-05-26,00Z-ECE,GWUS
2024-05-27,6.589,-1.401,-0.023,-0.014,-0.004,2024-05-26,00Z-ECE,GWUS
2024-05-28,6.544,-1.428,0.01,-0.073,-0.206,2024-05-26,00Z-ECE,GWUS
2024-05-29,7.139,-0.819,-0.057,0.021,-0.023,2024-05-26,00Z-ECE,GWUS
2024-05-30,7.41,-0.537,-0.027,0.039,0.056,2024-05-26,00Z-ECE,GWUS
2024-05-31,7.282,-0.658,,-0.002,-0.005,2024-05-26,00Z-ECE,GWUS
2024-06-01,6.616,-1.321,,-0.016,-0.02,2024-05-26,00Z-ECE,GWUS
2024-06-02,6.164,-1.774,,-0.141,-0.125,2024-05-26,00Z-ECE,GWUS
2024-06-03,6.162,-1.78,,-0.245,-0.143,2024-05-26,00Z-ECE,GWUS
2024-06-04,6.287,-1.663,,-0.177,-0.205,2024-05-26,00Z-ECE,GWUS
2024-06-05,6.307,-1.654,,-0.116,-0.222,2024-05-26,00Z-ECE,GWUS
2024-06-06,6.526,-1.45,,0.127,-0.157,2024-05-26,00Z-ECE,GWUS
2024-06-07,6.756,-1.236,,0.374,0.088,2024-05-26,00Z-ECE,GWUS
2024-06-08,6.977,-1.035,,0.623,0.359,2024-05-26,00Z-ECE,GWUS
2024-06-09,7.044,-0.969,,,,2024-05-26,00Z-ECE,GWUS
2024-05-27,6.54,-1.45,0.115,0.04,-0.049,2024-05-27,00Z-ECE,GWUS
2024-05-28,6.721,-1.25,0.138,0.17,0.177,2024-05-27,00Z-ECE,GWUS
2024-05-29,6.602,-1.355,-0.09,-0.206,-0.536,2024-05-27,00Z-ECE,GWUS
2024-05-30,7.138,-0.809,-0.173,-0.267,-0.272,2024-05-27,00Z-ECE,GWUS
2024-05-31,7.139,-0.802,-0.188,-0.179,-0.144,2024-05-27,00Z-ECE,GWUS
2024-06-01,6.2,-1.738,,-0.271,-0.416,2024-05-27,00Z-ECE,GWUS
2024-06-02,5.791,-2.147,,-0.181,-0.373,2024-05-27,00Z-ECE,GWUS
2024-06-03,5.925,-2.018,,-0.077,-0.238,2024-05-27,00Z-ECE,GWUS
2024-06-04,5.986,-1.964,,0.072,-0.301,2024-05-27,00Z-ECE,GWUS
2024-06-05,6.154,-1.807,,0.393,-0.154,2024-05-27,00Z-ECE,GWUS
2024-06-06,6.411,-1.565,,0.552,-0.115,2024-05-27,00Z-ECE,GWUS
2024-06-07,6.374,-1.618,,0.236,-0.382,2024-05-27,00Z-ECE,GWUS
2024-06-08,6.447,-1.566,,-0.062,-0.531,2024-05-27,00Z-ECE,GWUS
2024-06-09,6.619,-1.417,,-0.033,-0.471,2024-05-27,00Z-ECE,GWUS
2024-06-10,6.779,-1.256,,,,2024-05-27,00Z-ECE,GWUS
2024-05-28,6.588,-1.384,0.018,-0.076,-0.134,2024-05-28,00Z-ECE,GWUS
2024-05-29,6.714,-1.243,0.008,0.079,0.112,2024-05-28,00Z-ECE,GWUS
2024-05-30,7.017,-0.93,0.006,-0.021,-0.121,2024-05-28,00Z-ECE,GWUS
2024-05-31,7.09,-0.85,0.021,-0.107,-0.049,2024-05-28,00Z-ECE,GWUS
2024-06-01,6.164,-1.773,-0.02,-0.093,-0.036,2024-05-28,00Z-ECE,GWUS
2024-06-02,5.761,-2.177,,0.004,-0.03,2024-05-28,00Z-ECE,GWUS
2024-06-03,6.042,-1.9,,0.13,0.117,2024-05-28,00Z-ECE,GWUS
2024-06-04,6.273,-1.677,,0.229,0.287,2024-05-28,00Z-ECE,GWUS
2024-06-05,6.469,-1.492,,0.116,0.316,2024-05-28,00Z-ECE,GWUS
2024-06-06,6.739,-1.237,,0.014,0.328,2024-05-28,00Z-ECE,GWUS
2024-06-07,6.648,-1.344,,-0.112,0.274,2024-05-28,00Z-ECE,GWUS
2024-06-08,6.626,-1.386,,-0.059,0.18,2024-05-28,00Z-ECE,GWUS
2024-06-09,6.774,-1.261,,-0.061,0.155,2024-05-28,00Z-ECE,GWUS
2024-06-10,6.959,-1.101,,0.027,0.101,2024-05-28,00Z-ECE,GWUS
2024-06-11,6.971,-1.09,,,,2024-05-28,00Z-ECE,GWUS
2024-05-29,6.706,-1.251,-0.148,-0.109,-0.008,2024-05-29,00Z-ECE,GWUS
2024-05-30,6.834,-1.113,-0.12,-0.11,-0.182,2024-05-29,00Z-ECE,GWUS
2024-05-31,6.894,-1.047,-0.063,-0.059,-0.196,2024-05-29,00Z-ECE,GWUS
2024-06-01,5.891,-2.047,-0.108,-0.224,-0.274,2024-05-29,00Z-ECE,GWUS
2024-06-02,5.508,-2.43,-0.109,-0.231,-0.253,2024-05-29,00Z-ECE,GWUS
2024-06-03,5.703,-2.24,,-0.162,-0.34,2024-05-29,00Z-ECE,GWUS
2024-06-04,6.143,-1.808,,-0.065,-0.13,2024-05-29,00Z-ECE,GWUS
2024-06-05,6.422,-1.539,,0.012,-0.047,2024-05-29,00Z-ECE,GWUS
2024-06-06,6.493,-1.482,,0.103,-0.246,2024-05-29,00Z-ECE,GWUS
2024-06-07,6.283,-1.709,,0.113,-0.365,2024-05-29,00Z-ECE,GWUS
2024-06-08,6.279,-1.733,,0.044,-0.347,2024-05-29,00Z-ECE,GWUS
2024-06-09,6.423,-1.612,,-0.058,-0.351,2024-05-29,00Z-ECE,GWUS
2024-06-10,6.483,-1.577,,-0.089,-0.476,2024-05-29,00Z-ECE,GWUS
2024-06-11,6.555,-1.533,,-0.151,-0.508,2024-05-29,00Z-ECE,GWUS
2024-06-12,6.634,-1.454,,,,2024-05-29,00Z-ECE,GWUS
2024-05-30,6.92,-1.027,0.042,0.06,0.086,2024-05-30,00Z-ECE,GWUS
2024-05-31,6.924,-1.016,0.124,0.146,0.031,2024-05-30,00Z-ECE,GWUS
2024-06-01,5.842,-2.095,0.019,0.008,-0.048,2024-05-30,00Z-ECE,GWUS
2024-06-02,5.503,-2.435,0.028,-0.029,-0.005,2024-05-30,00Z-ECE,GWUS
2024-06-03,5.82,-2.122,0.133,0.075,0.118,2024-05-30,00Z-ECE,GWUS
2024-06-04,6.479,-1.471,,0.337,0.336,2024-05-30,00Z-ECE,GWUS
2024-06-05,6.518,-1.443,,0.157,0.096,2024-05-30,00Z-ECE,GWUS
2024-06-06,6.418,-1.557,,-0.04,-0.074,2024-05-30,00Z-ECE,GWUS
2024-06-07,6.251,-1.741,,-0.002,-0.032,2024-05-30,00Z-ECE,GWUS
2024-06-08,6.287,-1.725,,0.066,0.008,2024-05-30,00Z-ECE,GWUS
2024-06-09,6.437,-1.598,,0.102,0.014,2024-05-30,00Z-ECE,GWUS
2024-06-10,6.431,-1.63,,0.02,-0.053,2024-05-30,00Z-ECE,GWUS
2024-06-11,6.381,-1.708,,-0.148,-0.174,2024-05-30,00Z-ECE,GWUS
2024-06-12,6.335,-1.784,,-0.294,-0.351,2024-05-30,00Z-ECE,GWUS
2024-06-13,6.401,-1.718,,,,2024-05-30,00Z-ECE,GWUS
2024-05-31,6.785,-1.159,0.044,-0.059,-0.139,2024-05-31,00Z-ECE,GWUS
2024-06-01,5.779,-2.144,0.13,-0.014,-0.063,2024-05-31,00Z-ECE,GWUS
2024-06-02,5.486,-2.442,0.087,0.073,-0.017,2024-05-31,00Z-ECE,GWUS
2024-06-03,5.759,-2.184,0.032,-0.136,-0.061,2024-05-31,00Z-ECE,GWUS
2024-06-04,6.598,-1.352,0.079,0.059,0.119,2024-05-31,00Z-ECE,GWUS
2024-06-05,6.687,-1.274,,-0.038,0.169,2024-05-31,00Z-ECE,GWUS
2024-06-06,6.506,-1.469,,0.02,0.088,2024-05-31,00Z-ECE,GWUS
2024-06-07,6.156,-1.836,,0.039,-0.095,2024-05-31,00Z-ECE,GWUS
2024-06-08,6.066,-1.947,,0.088,-0.222,2024-05-31,00Z-ECE,GWUS
2024-06-09,6.206,-1.829,,0.198,-0.231,2024-05-31,00Z-ECE,GWUS
2024-06-10,6.227,-1.833,,0.052,-0.203,2024-05-31,00Z-ECE,GWUS
2024-06-11,6.364,-1.725,,-0.045,-0.017,2024-05-31,00Z-ECE,GWUS
2024-06-12,6.535,-1.584,,-0.098,0.2,2024-05-31,00Z-ECE,GWUS
2024-06-13,6.643,-1.509,,-0.096,0.21,2024-05-31,00Z-ECE,GWUS
2024-06-14,6.71,-1.414,,,,2024-05-31,00Z-ECE,GWUS
2024-06-01,5.919,-2.017,0.039,0.111,0.136,2024-06-01,00Z-ECE,GWUS
2024-06-02,5.585,-2.357,0.058,0.071,0.099,2024-06-01,00Z-ECE,GWUS
2024-06-03,5.688,-2.254,0.093,0.036,-0.071,2024-06-01,00Z-ECE,GWUS
2024-06-04,6.511,-1.442,0.146,0.005,-0.087,2024-06-01,00Z-ECE,GWUS
2024-06-05,6.641,-1.328,0.254,0.078,-0.046,2024-06-01,00Z-ECE,GWUS
2024-06-06,6.518,-1.473,,0.175,0.012,2024-06-01,00Z-ECE,GWUS
2024-06-07,6.234,-1.717,,0.024,0.078,2024-06-01,00Z-ECE,GWUS
2024-06-08,6.26,-1.761,,0.041,0.194,2024-06-01,00Z-ECE,GWUS
2024-06-09,6.426,-1.593,,0.303,0.221,2024-06-01,00Z-ECE,GWUS
2024-06-10,6.405,-1.667,,0.272,0.178,2024-06-01,00Z-ECE,GWUS
2024-06-11,6.545,-1.543,,0.192,0.181,2024-06-01,00Z-ECE,GWUS
2024-06-12,6.534,-1.596,,-0.033,0.0,2024-06-01,00Z-ECE,GWUS
2024-06-13,6.739,-1.398,,0.033,0.096,2024-06-01,00Z-ECE,GWUS
2024-06-14,6.865,-1.368,,0.182,0.096,2024-06-01,00Z-ECE,GWUS
2024-06-15,7.053,-1.107,,,,2024-06-01,00Z-ECE,GWUS
2024-06-02,5.444,-2.494,0.007,0.004,-0.14,2024-06-02,00Z-ECE,GWUS
2024-06-03,5.587,-2.356,0.028,0.01,-0.101,2024-06-02,00Z-ECE,GWUS
2024-06-04,6.479,-1.471,0.046,0.032,-0.032,2024-06-02,00Z-ECE,GWUS
2024-06-05,6.313,-1.648,-0.03,-0.109,-0.327,2024-06-02,00Z-ECE,GWUS
2024-06-06,6.429,-1.546,0.089,0.146,-0.088,2024-06-02,00Z-ECE,GWUS
2024-06-07,6.368,-1.624,,0.077,0.134,2024-06-02,00Z-ECE,GWUS
2024-06-08,6.285,-1.728,,0.029,0.024,2024-06-02,00Z-ECE,GWUS
2024-06-09,6.188,-1.848,,-0.049,-0.239,2024-06-02,00Z-ECE,GWUS
2024-06-10,6.282,-1.778,,0.029,-0.123,2024-06-02,00Z-ECE,GWUS
2024-06-11,6.5,-1.588,,0.139,-0.045,2024-06-02,00Z-ECE,GWUS
2024-06-12,6.616,-1.503,,0.079,0.081,2024-06-02,00Z-ECE,GWUS
2024-06-13,6.616,-1.536,,0.002,-0.123,2024-06-02,00Z-ECE,GWUS
2024-06-14,6.604,-1.582,,-0.14,-0.261,2024-06-02,00Z-ECE,GWUS
2024-06-15,6.693,-1.53,,-0.276,-0.408,2024-06-02,00Z-ECE,GWUS
2024-06-16,6.917,-1.306,,,,2024-06-02,00Z-ECE,GWUS
2024-06-03,5.595,-2.348,0.206,-0.061,0.008,2024-06-03,00Z-ECE,GWUS
2024-06-04,6.307,-1.643,0.067,-0.039,-0.172,2024-06-03,00Z-ECE,GWUS
2024-06-05,6.061,-1.9,0.014,0.016,-0.252,2024-06-03,00Z-ECE,GWUS
2024-06-06,6.287,-1.688,0.063,0.039,-0.142,2024-06-03,00Z-ECE,GWUS
2024-06-07,6.423,-1.57,0.084,0.131,0.055,2024-06-03,00Z-ECE,GWUS
2024-06-08,6.231,-1.782,,-0.039,-0.054,2024-06-03,00Z-ECE,GWUS
2024-06-09,6.304,-1.731,,-0.013,0.117,2024-06-03,00Z-ECE,GWUS
2024-06-10,6.229,-1.832,,-0.16,-0.054,2024-06-03,00Z-ECE,GWUS
2024-06-11,6.344,-1.745,,-0.168,-0.157,2024-06-03,00Z-ECE,GWUS
2024-06-12,6.314,-1.805,,-0.184,-0.302,2024-06-03,00Z-ECE,GWUS
2024-06-13,6.172,-1.98,,-0.209,-0.444,2024-06-03,00Z-ECE,GWUS
2024-06-14,6.226,-1.96,,-0.233,-0.378,2024-06-03,00Z-ECE,GWUS
2024-06-15,6.616,-1.607,,0.02,-0.077,2024-06-03,00Z-ECE,GWUS
2024-06-16,7.07,-1.191,,0.259,0.135,2024-06-03,00Z-ECE,GWUS
2024-06-17,7.416,-0.846,,,,2024-06-03,00Z-ECE,GWUS
2024-06-04,6.322,-1.628,0.034,-0.13,0.015,2024-06-04,00Z-ECE,GWUS
2024-06-05,6.134,-1.827,0.093,0.11,0.073,2024-06-04,00Z-ECE,GWUS
2024-06-06,6.147,-1.828,-0.081,-0.164,-0.14,2024-06-04,00Z-ECE,GWUS
2024-06-07,6.465,-1.528,0.029,0.061,0.042,2024-06-04,00Z-ECE,GWUS
2024-06-08,6.396,-1.617,0.045,-0.033,0.165,2024-06-04,00Z-ECE,GWUS
2024-06-09,6.182,-1.854,,-0.237,-0.123,2024-06-04,00Z-ECE,GWUS
2024-06-10,6.154,-1.906,,-0.228,-0.074,2024-06-04,00Z-ECE,GWUS
2024-06-11,6.433,-1.656,,-0.149,0.089,2024-06-04,00Z-ECE,GWUS
2024-06-12,6.358,-1.761,,-0.053,0.044,2024-06-04,00Z-ECE,GWUS
2024-06-13,6.462,-1.689,,0.167,0.29,2024-06-04,00Z-ECE,GWUS
2024-06-14,6.558,-1.629,,0.048,0.332,2024-06-04,00Z-ECE,GWUS
2024-06-15,6.775,-1.448,,-0.085,0.159,2024-06-04,00Z-ECE,GWUS
2024-06-16,7.182,-1.079,,-0.094,0.112,2024-06-04,00Z-ECE,GWUS
2024-06-17,7.493,-0.808,,-0.078,0.051,2024-06-04,00Z-ECE,GWUS
2024-06-18,7.659,-0.642,,,,2024-06-04,00Z-ECE,GWUS
2024-06-05,6.064,-1.897,-0.039,-0.116,-0.07,2024-06-05,00Z-ECE,GWUS
2024-06-06,6.157,-1.818,0.107,0.12,0.01,2024-06-05,00Z-ECE,GWUS
2024-06-07,6.482,-1.51,0.13,0.111,0.017,2024-06-05,00Z-ECE,GWUS
2024-06-08,6.614,-1.398,0.134,0.092,0.219,2024-06-05,00Z-ECE,GWUS
2024-06-09,6.398,-1.638,0.105,0.058,0.216,2024-06-05,00Z-ECE,GWUS
2024-06-10,5.836,-2.225,,-0.041,-0.318,2024-06-05,00Z-ECE,GWUS
2024-06-11,5.778,-2.31,,0.025,-0.654,2024-06-05,00Z-ECE,GWUS
2024-06-12,6.003,-2.116,,0.114,-0.355,2024-06-05,00Z-ECE,GWUS
2024-06-13,6.252,-1.899,,0.009,-0.21,2024-06-05,00Z-ECE,GWUS
2024-06-14,6.705,-1.481,,0.027,0.147,2024-06-05,00Z-ECE,GWUS
2024-06-15,7.144,-1.079,,0.007,0.369,2024-06-05,00Z-ECE,GWUS
2024-06-16,7.698,-0.563,,0.077,0.516,2024-06-05,00Z-ECE,GWUS
2024-06-17,7.918,-0.384,,-0.001,0.425,2024-06-05,00Z-ECE,GWUS
2024-06-18,7.941,-0.402,,-0.156,0.288,2024-06-05,00Z-ECE,GWUS
2024-06-19,8.143,-0.199,,,,2024-06-05,00Z-ECE,GWUS
2024-06-06,6.181,-1.795,0.062,-0.018,0.023,2024-06-06,00Z-ECE,GWUS
2024-06-07,6.386,-1.607,0.082,0.013,-0.096,2024-06-06,00Z-ECE,GWUS
2024-06-08,6.626,-1.386,0.094,0.095,0.012,2024-06-06,00Z-ECE,GWUS
2024-06-09,6.562,-1.473,0.002,0.059,0.165,2024-06-06,00Z-ECE,GWUS
2024-06-10,6.821,-1.239,0.153,0.336,0.985,2024-06-06,00Z-ECE,GWUS
2024-06-11,6.918,-1.171,,0.332,1.139,2024-06-06,00Z-ECE,GWUS
2024-06-12,6.74,-1.379,,0.342,0.737,2024-06-06,00Z-ECE,GWUS
2024-06-13,6.888,-1.263,,0.411,0.636,2024-06-06,00Z-ECE,GWUS
2024-06-14,7.32,-0.866,,0.495,0.615,2024-06-06,00Z-ECE,GWUS
2024-06-15,7.761,-0.462,,0.273,0.617,2024-06-06,00Z-ECE,GWUS
2024-06-16,8.251,-0.01,,0.07,0.553,2024-06-06,00Z-ECE,GWUS
2024-06-17,8.512,0.211,,0.033,0.594,2024-06-06,00Z-ECE,GWUS
2024-06-18,8.526,0.183,,0.117,0.585,2024-06-06,00Z-ECE,GWUS
2024-06-19,8.808,0.422,,0.167,0.663,2024-06-06,00Z-ECE,GWUS
2024-06-20,8.975,0.589,,,,2024-06-06,00Z-ECE,GWUS
2024-06-07,6.464,-1.541,0.03,0.053,0.078,2024-06-07,00Z-ECE,GWUS
2024-06-08,6.738,-1.269,0.151,0.109,0.112,2024-06-07,00Z-ECE,GWUS
2024-06-09,6.485,-1.553,0.06,-0.074,-0.077,2024-06-07,00Z-ECE,GWUS
2024-06-10,6.841,-1.214,-0.036,-0.008,0.019,2024-06-07,00Z-ECE,GWUS
2024-06-11,7.061,-1.028,0.06,0.195,0.143,2024-06-07,00Z-ECE,GWUS
2024-06-12,6.824,-1.295,,0.079,0.084,2024-06-07,00Z-ECE,GWUS
2024-06-13,7.096,-1.055,,-0.12,0.208,2024-06-07,00Z-ECE,GWUS
2024-06-14,7.468,-0.718,,-0.306,0.149,2024-06-07,00Z-ECE,GWUS
2024-06-15,7.774,-0.449,,-0.389,0.012,2024-06-07,00Z-ECE,GWUS
2024-06-16,8.199,-0.062,,-0.271,-0.052,2024-06-07,00Z-ECE,GWUS
2024-06-17,8.467,0.165,,-0.105,-0.045,2024-06-07,00Z-ECE,GWUS
2024-06-18,8.55,0.207,,0.008,0.024,2024-06-07,00Z-ECE,GWUS
2024-06-19,8.523,0.137,,-0.15,-0.285,2024-06-07,00Z-ECE,GWUS
2024-06-20,8.691,0.262,,-0.189,-0.261,2024-06-07,00Z-ECE,GWUS
2024-06-21,8.879,0.449,,,,2024-06-07,00Z-ECE,GWUS
2024-06-08,6.624,-1.388,-0.068,-0.15,-0.114,2024-06-08,00Z-ECE,GWUS
2024-06-09,6.298,-1.737,0.038,-0.021,-0.186,2024-06-08,00Z-ECE,GWUS
2024-06-10,6.684,-1.377,-0.018,0.024,-0.157,2024-06-08,00Z-ECE,GWUS
2024-06-11,7.059,-1.03,-0.007,-0.052,-0.002,2024-06-08,00Z-ECE,GWUS
2024-06-12,6.969,-1.15,0.023,-0.042,0.146,2024-06-08,00Z-ECE,GWUS
2024-06-13,7.559,-0.592,,0.278,0.463,2024-06-08,00Z-ECE,GWUS
2024-06-14,7.875,-0.311,,0.325,0.406,2024-06-08,00Z-ECE,GWUS
2024-06-15,7.772,-0.451,,0.116,-0.001,2024-06-08,00Z-ECE,GWUS
2024-06-16,8.153,-0.108,,0.037,-0.047,2024-06-08,00Z-ECE,GWUS
2024-06-17,8.576,0.275,,0.164,0.11,2024-06-08,00Z-ECE,GWUS
2024-06-18,8.723,0.38,,0.329,0.173,2024-06-08,00Z-ECE,GWUS
2024-06-19,8.782,0.397,,0.398,0.259,2024-06-08,00Z-ECE,GWUS
2024-06-20,9.006,0.577,,0.536,0.315,2024-06-08,00Z-ECE,GWUS
2024-06-21,9.065,0.59,,0.313,0.217,2024-06-08,00Z-ECE,GWUS
2024-06-22,9.269,0.794,,,,2024-06-08,00Z-ECE,GWUS
2024-06-09,6.225,-1.811,-0.071,-0.032,-0.074,2024-06-09,00Z-ECE,GWUS
2024-06-10,6.576,-1.485,-0.07,0.007,-0.108,2024-06-09,00Z-ECE,GWUS
2024-06-11,6.826,-1.262,-0.125,-0.115,-0.232,2024-06-09,00Z-ECE,GWUS
2024-06-12,6.842,-1.277,-0.205,-0.154,-0.127,2024-06-09,00Z-ECE,GWUS
2024-06-13,7.744,-0.408,-0.024,0.037,0.185,2024-06-09,00Z-ECE,GWUS
2024-06-14,8.091,-0.095,,0.08,0.216,2024-06-09,00Z-ECE,GWUS
2024-06-15,8.038,-0.185,,0.393,0.265,2024-06-09,00Z-ECE,GWUS
2024-06-16,8.772,0.511,,0.583,0.619,2024-06-09,00Z-ECE,GWUS
2024-06-17,8.988,0.686,,0.577,0.411,2024-06-09,00Z-ECE,GWUS
2024-06-18,8.516,0.173,,0.295,-0.207,2024-06-09,00Z-ECE,GWUS
2024-06-19,8.477,0.092,,0.255,-0.305,2024-06-09,00Z-ECE,GWUS
2024-06-20,8.641,0.212,,0.231,-0.365,2024-06-09,00Z-ECE,GWUS
2024-06-21,8.924,0.45,,0.281,-0.141,2024-06-09,00Z-ECE,GWUS
2024-06-22,9.24,0.719,,0.428,-0.01,2024-06-09,00Z-ECE,GWUS
2024-06-23,9.414,0.894,,,,2024-06-09,00Z-ECE,GWUS
2024-06-10,6.51,-1.55,0.056,0.069,-0.065,2024-06-10,00Z-ECE,GWUS
2024-06-11,6.811,-1.278,-0.016,0.088,-0.015,2024-06-10,00Z-ECE,GWUS
2024-06-12,6.803,-1.316,-0.042,-0.039,-0.039,2024-06-10,00Z-ECE,GWUS
2024-06-13,7.749,-0.402,-0.143,-0.079,0.005,2024-06-10,00Z-ECE,GWUS
2024-06-14,7.785,-0.401,-0.262,-0.358,-0.306,2024-06-10,00Z-ECE,GWUS
2024-06-15,7.687,-0.536,,-0.262,-0.351,2024-06-10,00Z-ECE,GWUS
2024-06-16,8.702,0.441,,-0.174,-0.07,2024-06-10,00Z-ECE,GWUS
2024-06-17,8.983,0.682,,0.072,-0.005,2024-06-10,00Z-ECE,GWUS
2024-06-18,8.908,0.565,,0.501,0.392,2024-06-10,00Z-ECE,GWUS
2024-06-19,8.896,0.51,,0.597,0.419,2024-06-10,00Z-ECE,GWUS
2024-06-20,9.031,0.601,,0.546,0.39,2024-06-10,00Z-ECE,GWUS
2024-06-21,9.166,0.692,,0.327,0.242,2024-06-10,00Z-ECE,GWUS
2024-06-22,9.219,0.699,,0.22,-0.02,2024-06-10,00Z-ECE,GWUS
2024-06-23,9.328,0.761,,0.452,-0.066,2024-06-10,00Z-ECE,GWUS
2024-06-24,9.566,0.999,,,,2024-06-10,00Z-ECE,GWUS
2024-06-11,6.79,-1.299,0.007,-0.059,-0.021,2024-06-11,00Z-ECE,GWUS
2024-06-12,6.968,-1.151,0.07,0.093,0.164,2024-06-11,00Z-ECE,GWUS
2024-06-13,7.917,-0.235,0.101,0.088,0.168,2024-06-11,00Z-ECE,GWUS
2024-06-14,7.785,-0.401,0.048,-0.028,0.001,2024-06-11,00Z-ECE,GWUS
2024-06-15,7.903,-0.319,-0.005,0.029,0.217,2024-06-11,00Z-ECE,GWUS
2024-06-16,8.84,0.579,,-0.161,0.138,2024-06-11,00Z-ECE,GWUS
2024-06-17,9.576,1.275,,0.047,0.594,2024-06-11,00Z-ECE,GWUS
2024-06-18,9.422,1.08,,0.137,0.515,2024-06-11,00Z-ECE,GWUS
2024-06-19,9.57,1.185,,0.147,0.674,2024-06-11,00Z-ECE,GWUS
2024-06-20,10.048,1.618,,0.565,1.017,2024-06-11,00Z-ECE,GWUS
2024-06-21,10.165,1.691,,0.665,0.999,2024-06-11,00Z-ECE,GWUS
2024-06-22,10.042,1.522,,0.603,0.823,2024-06-11,00Z-ECE,GWUS
2024-06-23,9.912,1.345,,0.674,0.584,2024-06-11,00Z-ECE,GWUS
2024-06-24,9.872,1.258,,0.729,0.361,2024-06-11,00Z-ECE,GWUS
2024-06-25,9.887,1.272,,,,2024-06-11,00Z-ECE,GWUS
2024-06-12,6.648,-1.471,-0.017,-0.195,-0.32,2024-06-12,00Z-ECE,GWUS
2024-06-13,7.819,-0.333,0.111,-0.013,-0.098,2024-06-12,00Z-ECE,GWUS
2024-06-14,7.621,-0.565,-0.005,-0.083,-0.164,2024-06-12,00Z-ECE,GWUS
2024-06-15,7.735,-0.487,0.104,-0.016,-0.168,2024-06-12,00Z-ECE,GWUS
2024-06-16,8.853,0.592,0.161,0.09,0.013,2024-06-12,00Z-ECE,GWUS
2024-06-17,9.665,1.364,,0.281,0.089,2024-06-12,00Z-ECE,GWUS
2024-06-18,9.649,1.306,,0.104,0.227,2024-06-12,00Z-ECE,GWUS
2024-06-19,9.498,1.112,,-0.181,-0.073,2024-06-12,00Z-ECE,GWUS
2024-06-20,9.548,1.119,,-0.51,-0.5,2024-06-12,00Z-ECE,GWUS
2024-06-21,9.612,1.138,,-0.551,-0.553,2024-06-12,00Z-ECE,GWUS
2024-06-22,9.748,1.228,,-0.261,-0.294,2024-06-12,00Z-ECE,GWUS
2024-06-23,9.969,1.402,,-0.015,0.057,2024-06-12,00Z-ECE,GWUS
2024-06-24,10.193,1.579,,0.341,0.321,2024-06-12,00Z-ECE,GWUS
2024-06-25,10.083,1.422,,0.449,0.255,2024-06-12,00Z-ECE,GWUS
2024-06-26,9.961,1.299,,,,2024-06-12,00Z-ECE,GWUS
2024-06-13,7.66,-0.492,-0.024,-0.132,-0.159,2024-06-13,00Z-ECE,GWUS
2024-06-14,7.468,-0.718,-0.041,-0.209,-0.153,2024-06-13,00Z-ECE,GWUS
2024-06-15,7.571,-0.651,0.03,-0.047,-0.164,2024-06-13,00Z-ECE,GWUS
2024-06-16,8.739,0.478,0.005,-0.028,-0.114,2024-06-13,00Z-ECE,GWUS
2024-06-17,9.565,1.264,0.153,0.171,-0.1,2024-06-13,00Z-ECE,GWUS
2024-06-18,9.669,1.326,,0.053,0.02,2024-06-13,00Z-ECE,GWUS
2024-06-19,9.901,1.516,,-0.045,0.404,2024-06-13,00Z-ECE,GWUS
2024-06-20,10.396,1.967,,-0.1,0.848,2024-06-13,00Z-ECE,GWUS
2024-06-21,10.543,2.069,,-0.46,0.931,2024-06-13,00Z-ECE,GWUS
2024-06-22,10.399,1.878,,-0.339,0.651,2024-06-13,00Z-ECE,GWUS
2024-06-23,10.383,1.816,,0.287,0.413,2024-06-13,00Z-ECE,GWUS
2024-06-24,10.436,1.822,,0.563,0.243,2024-06-13,00Z-ECE,GWUS
2024-06-25,9.99,1.329,,0.525,-0.093,2024-06-13,00Z-ECE,GWUS
2024-06-26,9.522,0.812,,0.415,-0.388,2024-06-13,00Z-ECE,GWUS
2024-06-27,9.3,0.591,,,,2024-06-13,00Z-ECE,GWUS
2024-06-14,7.453,-0.733,0.119,-0.011,-0.015,2024-06-14,00Z-ECE,GWUS
2024-06-15,7.539,-0.684,0.053,0.014,-0.033,2024-06-14,00Z-ECE,GWUS
2024-06-16,8.953,0.691,0.127,0.144,0.214,2024-06-14,00Z-ECE,GWUS
2024-06-17,9.761,1.46,0.248,0.19,0.196,2024-06-14,00Z-ECE,GWUS
2024-06-18,9.644,1.301,0.072,-0.003,-0.025,2024-06-14,00Z-ECE,GWUS
2024-06-19,9.437,1.052,,-0.292,-0.464,2024-06-14,00Z-ECE,GWUS
2024-06-20,9.941,1.511,,-0.01,-0.456,2024-06-14,00Z-ECE,GWUS
2024-06-21,10.426,1.952,,0.239,-0.117,2024-06-14,00Z-ECE,GWUS
2024-06-22,10.663,2.142,,0.504,0.264,2024-06-14,00Z-ECE,GWUS
2024-06-23,10.338,1.771,,0.414,-0.045,2024-06-14,00Z-ECE,GWUS
2024-06-24,9.485,0.871,,-0.302,-0.951,2024-06-14,00Z-ECE,GWUS
2024-06-25,8.875,0.214,,-0.716,-1.115,2024-06-14,00Z-ECE,GWUS
2024-06-26,8.951,0.242,,-0.465,-0.57,2024-06-14,00Z-ECE,GWUS
2024-06-27,9.109,0.351,,-0.017,-0.166,2024-06-14,00Z-ECE,GWUS
2024-06-28,9.38,0.623,,,,2024-06-14,00Z-ECE,GWUS
2024-06-15,7.322,-0.901,-0.076,-0.047,-0.217,2024-06-15,00Z-ECE,GWUS
2024-06-16,8.842,0.581,0.185,0.183,-0.111,2024-06-15,00Z-ECE,GWUS
2024-06-17,9.12,0.819,-0.084,-0.021,-0.641,2024-06-15,00Z-ECE,GWUS
2024-06-18,8.756,0.413,-0.267,-0.037,-0.888,2024-06-15,00Z-ECE,GWUS
2024-06-19,8.616,0.23,-0.451,0.0,-0.822,2024-06-15,00Z-ECE,GWUS
2024-06-20,9.129,0.7,,-0.063,-0.811,2024-06-15,00Z-ECE,GWUS
2024-06-21,9.727,1.253,,0.023,-0.699,2024-06-15,00Z-ECE,GWUS
2024-06-22,9.956,1.436,,-0.006,-0.707,2024-06-15,00Z-ECE,GWUS
2024-06-23,9.402,0.835,,-0.487,-0.936,2024-06-15,00Z-ECE,GWUS
2024-06-24,8.778,0.164,,-0.821,-0.707,2024-06-15,00Z-ECE,GWUS
2024-06-25,8.743,0.082,,-0.745,-0.132,2024-06-15,00Z-ECE,GWUS
2024-06-26,8.918,0.209,,-0.348,-0.033,2024-06-15,00Z-ECE,GWUS
2024-06-27,8.994,0.237,,-0.132,-0.114,2024-06-15,00Z-ECE,GWUS
2024-06-28,9.057,0.251,,-0.061,-0.293,2024-06-15,00Z-ECE,GWUS
2024-06-29,9.424,0.619,,,,2024-06-15,00Z-ECE,GWUS
2024-06-16,8.26,-0.001,-0.171,-0.364,-0.581,2024-06-16,00Z-ECE,GWUS
2024-06-17,8.897,0.596,-0.142,-0.111,-0.223,2024-06-16,00Z-ECE,GWUS
2024-06-18,8.668,0.325,-0.432,-0.35,-0.088,2024-06-16,00Z-ECE,GWUS
2024-06-19,8.666,0.28,-0.594,-0.544,0.05,2024-06-16,00Z-ECE,GWUS
2024-06-20,9.421,0.992,-0.697,-0.304,0.292,2024-06-16,00Z-ECE,GWUS
2024-06-21,10.073,1.598,,-0.256,0.345,2024-06-16,00Z-ECE,GWUS
2024-06-22,10.682,2.161,,0.232,0.725,2024-06-16,00Z-ECE,GWUS
2024-06-23,10.199,1.632,,0.586,0.797,2024-06-16,00Z-ECE,GWUS
2024-06-24,8.476,-0.138,,-0.004,-0.302,2024-06-16,00Z-ECE,GWUS
2024-06-25,7.873,-0.789,,-0.333,-0.871,2024-06-16,00Z-ECE,GWUS
2024-06-26,8.278,-0.432,,-0.165,-0.64,2024-06-16,00Z-ECE,GWUS
2024-06-27,8.478,-0.28,,0.08,-0.516,2024-06-16,00Z-ECE,GWUS
2024-06-28,8.759,-0.046,,0.268,-0.297,2024-06-16,00Z-ECE,GWUS
2024-06-29,9.295,0.442,,0.194,-0.113,2024-06-16,00Z-ECE,GWUS
2024-06-30,9.857,1.004,,,,2024-06-16,00Z-ECE,GWUS
2024-06-17,8.683,0.381,-0.145,-0.151,-0.214,2024-06-17,00Z-ECE,GWUS
2024-06-18,8.754,0.411,-0.161,-0.214,0.086,2024-06-17,00Z-ECE,GWUS
2024-06-19,8.563,0.177,-0.128,-0.39,-0.103,2024-06-17,00Z-ECE,GWUS
2024-06-20,9.031,0.602,-0.263,-0.476,-0.39,2024-06-17,00Z-ECE,GWUS
2024-06-21,9.292,0.818,-0.569,-0.702,-0.781,2024-06-17,00Z-ECE,GWUS
2024-06-22,9.897,1.377,,-0.636,-0.784,2024-06-17,00Z-ECE,GWUS
2024-06-23,9.657,1.09,,-0.294,-0.542,2024-06-17,00Z-ECE,GWUS
2024-06-24,8.693,0.079,,-0.012,0.217,2024-06-17,00Z-ECE,GWUS
2024-06-25,8.264,-0.398,,-0.084,0.391,2024-06-17,00Z-ECE,GWUS
2024-06-26,8.622,-0.088,,0.103,0.344,2024-06-17,00Z-ECE,GWUS
2024-06-27,8.559,-0.198,,0.214,0.081,2024-06-17,00Z-ECE,GWUS
2024-06-28,8.613,-0.192,,0.182,-0.146,2024-06-17,00Z-ECE,GWUS
2024-06-29,9.169,0.316,,0.145,-0.127,2024-06-17,00Z-ECE,GWUS
2024-06-30,9.799,0.899,,-0.025,-0.034,2024-06-17,00Z-ECE,GWUS
2024-07-01,10.402,1.502,,,,2024-06-17,00Z-ECE,GWUS
2024-06-18,8.251,-0.099,-0.337,-0.575,-0.503,2024-06-18,00Z-ECE,GWUS
2024-06-19,7.893,-0.498,-0.299,-0.4,-0.669,2024-06-18,00Z-ECE,GWUS
2024-06-20,8.669,0.25,-0.184,-0.292,-0.362,2024-06-18,00Z-ECE,GWUS
2024-06-21,9.184,0.728,-0.122,-0.006,-0.109,2024-06-18,00Z-ECE,GWUS
2024-06-22,10.037,1.54,-0.148,0.206,0.14,2024-06-18,00Z-ECE,GWUS
2024-06-23,10.05,1.474,,0.194,0.392,2024-06-18,00Z-ECE,GWUS
2024-06-24,9.391,0.723,,0.064,0.698,2024-06-18,00Z-ECE,GWUS
2024-06-25,9.668,1.029,,0.529,1.405,2024-06-18,00Z-ECE,GWUS
2024-06-26,9.942,1.253,,0.509,1.32,2024-06-18,00Z-ECE,GWUS
2024-06-27,9.111,0.251,,0.2,0.551,2024-06-18,00Z-ECE,GWUS
2024-06-28,8.678,-0.127,,0.224,0.065,2024-06-18,00Z-ECE,GWUS
2024-06-29,9.08,0.227,,0.299,-0.089,2024-06-18,00Z-ECE,GWUS
2024-06-30,9.8,0.9,,0.154,0.001,2024-06-18,00Z-ECE,GWUS
2024-07-01,10.371,1.424,,0.019,0.011,2024-06-18,00Z-ECE,GWUS
2024-07-02,10.653,1.694,,,,2024-06-18,00Z-ECE,GWUS
2024-06-19,7.97,-0.412,-0.025,-0.084,0.077,2024-06-19,00Z-ECE,GWUS
2024-06-20,8.9,0.451,0.159,0.047,0.231,2024-06-19,00Z-ECE,GWUS
2024-06-21,9.387,0.889,0.189,0.092,0.203,2024-06-19,00Z-ECE,GWUS
2024-06-22,10.028,1.507,-0.041,-0.161,-0.01,2024-06-19,00Z-ECE,GWUS
2024-06-23,9.885,1.318,-0.026,-0.115,-0.164,2024-06-19,00Z-ECE,GWUS
2024-06-24,9.01,0.395,,-0.076,-0.382,2024-06-19,00Z-ECE,GWUS
2024-06-25,9.817,1.155,,-0.166,0.148,2024-06-19,00Z-ECE,GWUS
2024-06-26,10.44,1.73,,-0.025,0.498,2024-06-19,00Z-ECE,GWUS
2024-06-27,9.947,1.189,,0.282,0.836,2024-06-19,00Z-ECE,GWUS
2024-06-28,9.558,0.752,,0.429,0.88,2024-06-19,00Z-ECE,GWUS
2024-06-29,9.699,0.847,,0.304,0.62,2024-06-19,00Z-ECE,GWUS
2024-06-30,10.269,1.368,,0.19,0.469,2024-06-19,00Z-ECE,GWUS
2024-07-01,10.42,1.473,,-0.099,0.048,2024-06-19,00Z-ECE,GWUS
2024-07-02,10.301,1.308,,-0.231,-0.291,2024-06-19,00Z-ECE,GWUS
2024-07-03,10.669,1.676,,,,2024-06-19,00Z-ECE,GWUS
2024-06-20,8.183,-0.246,-0.076,-0.515,-0.718,2024-06-20,00Z-ECE,GWUS
2024-06-21,8.691,0.217,0.029,-0.359,-0.696,2024-06-20,00Z-ECE,GWUS
2024-06-22,9.92,1.4,0.07,-0.123,-0.107,2024-06-20,00Z-ECE,GWUS
2024-06-23,9.723,1.156,-0.001,-0.16,-0.163,2024-06-20,00Z-ECE,GWUS
2024-06-24,8.996,0.382,0.308,0.297,-0.014,2024-06-20,00Z-ECE,GWUS
2024-06-25,9.978,1.316,,0.401,0.161,2024-06-20,00Z-ECE,GWUS
2024-06-26,10.018,1.309,,-0.073,-0.421,2024-06-20,00Z-ECE,GWUS
2024-06-27,8.842,0.084,,-0.603,-1.105,2024-06-20,00Z-ECE,GWUS
2024-06-28,8.844,0.039,,-0.713,-0.714,2024-06-20,00Z-ECE,GWUS
2024-06-29,9.819,0.966,,-0.217,0.12,2024-06-20,00Z-ECE,GWUS
2024-06-30,10.053,1.153,,-0.314,-0.215,2024-06-20,00Z-ECE,GWUS
2024-07-01,9.771,0.824,,-0.677,-0.648,2024-06-20,00Z-ECE,GWUS
2024-07-02,9.817,0.824,,-0.706,-0.484,2024-06-20,00Z-ECE,GWUS
2024-07-03,10.107,1.069,,-0.508,-0.523,2024-06-20,00Z-ECE,GWUS
2024-07-04,10.428,1.39,,,,2024-06-20,00Z-ECE,GWUS
2024-06-21,8.332,-0.143,-0.13,-0.278,-0.359,2024-06-21,00Z-ECE,GWUS
2024-06-22,9.632,1.145,-0.079,-0.173,-0.289,2024-06-21,00Z-ECE,GWUS
2024-06-23,9.405,0.83,-0.026,-0.086,-0.317,2024-06-21,00Z-ECE,GWUS
2024-06-24,9.007,0.42,0.182,0.167,0.012,2024-06-21,00Z-ECE,GWUS
2024-06-25,10.096,1.451,0.42,0.297,0.118,2024-06-21,00Z-ECE,GWUS
2024-06-26,9.864,1.141,,0.231,-0.154,2024-06-21,00Z-ECE,GWUS
2024-06-27,8.494,-0.249,,0.48,-0.348,2024-06-21,00Z-ECE,GWUS
2024-06-28,8.572,-0.243,,0.567,-0.272,2024-06-21,00Z-ECE,GWUS
2024-06-29,9.755,0.876,,0.663,-0.064,2024-06-21,00Z-ECE,GWUS
2024-06-30,10.349,1.487,,0.684,0.296,2024-06-21,00Z-ECE,GWUS
2024-07-01,10.018,1.092,,0.239,0.246,2024-06-21,00Z-ECE,GWUS
2024-07-02,9.622,0.596,,-0.142,-0.195,2024-06-21,00Z-ECE,GWUS
2024-07-03,9.758,0.687,,-0.366,-0.349,2024-06-21,00Z-ECE,GWUS
2024-07-04,10.112,1.043,,-0.242,-0.269,2024-06-21,00Z-ECE,GWUS
2024-07-05,10.481,1.379,,,,2024-06-21,00Z-ECE,GWUS
2024-06-22,9.201,0.68,-0.006,-0.236,-0.431,2024-06-22,00Z-ECE,GWUS
2024-06-23,9.075,0.508,-0.045,-0.097,-0.331,2024-06-22,00Z-ECE,GWUS
2024-06-24,8.912,0.298,0.055,0.005,-0.095,2024-06-22,00Z-ECE,GWUS
2024-06-25,10.246,1.584,0.294,0.157,0.15,2024-06-22,00Z-ECE,GWUS
2024-06-26,9.536,0.826,0.009,-0.201,-0.329,2024-06-22,00Z-ECE,GWUS
2024-06-27,8.598,-0.159,,-0.018,0.104,2024-06-22,00Z-ECE,GWUS
2024-06-28,9.361,0.555,,0.478,0.788,2024-06-22,00Z-ECE,GWUS
2024-06-29,10.442,1.589,,0.341,0.687,2024-06-22,00Z-ECE,GWUS
2024-06-30,10.051,1.151,,0.023,-0.297,2024-06-22,00Z-ECE,GWUS
2024-07-01,9.501,0.554,,-0.145,-0.517,2024-06-22,00Z-ECE,GWUS
2024-07-02,9.927,0.934,,-0.197,0.305,2024-06-22,00Z-ECE,GWUS
2024-07-03,9.836,0.798,,-0.615,0.078,2024-06-22,00Z-ECE,GWUS
2024-07-04,9.439,0.356,,-0.94,-0.673,2024-06-22,00Z-ECE,GWUS
2024-07-05,9.586,0.459,,-0.802,-0.838,2024-06-22,00Z-ECE,GWUS
2024-07-06,9.829,0.703,,,,2024-06-22,00Z-ECE,GWUS
2024-06-23,8.653,0.079,-0.02,-0.292,-0.422,2024-06-23,00Z-ECE,GWUS
2024-06-24,8.569,-0.057,0.014,-0.426,-0.343,2024-06-23,00Z-ECE,GWUS
2024-06-25,10.009,1.329,0.108,-0.101,-0.237,2024-06-23,00Z-ECE,GWUS
2024-06-26,9.124,0.414,-0.161,-0.249,-0.412,2024-06-23,00Z-ECE,GWUS
2024-06-27,8.07,-0.69,-0.364,-0.215,-0.528,2024-06-23,00Z-ECE,GWUS
2024-06-28,8.962,0.215,,-0.138,-0.399,2024-06-23,00Z-ECE,GWUS
2024-06-29,9.547,0.72,,-0.395,-0.895,2024-06-23,00Z-ECE,GWUS
2024-06-30,8.914,0.007,,-0.574,-1.138,2024-06-23,00Z-ECE,GWUS
2024-07-01,8.7,-0.206,,-0.798,-0.801,2024-06-23,00Z-ECE,GWUS
2024-07-02,9.467,0.503,,-0.79,-0.46,2024-06-23,00Z-ECE,GWUS
2024-07-03,9.252,0.236,,-0.802,-0.585,2024-06-23,00Z-ECE,GWUS
2024-07-04,9.234,0.141,,-0.589,-0.205,2024-06-23,00Z-ECE,GWUS
2024-07-05,9.759,0.632,,-0.474,0.173,2024-06-23,00Z-ECE,GWUS
2024-07-06,10.194,1.025,,-0.535,0.401,2024-06-23,00Z-ECE,GWUS
2024-07-07,10.477,1.308,,,,2024-06-23,00Z-ECE,GWUS
2024-06-24,8.17,-0.444,-0.039,-0.16,-0.399,2024-06-24,00Z-ECE,GWUS
2024-06-25,9.974,1.312,0.087,0.142,-0.035,2024-06-24,00Z-ECE,GWUS
2024-06-26,9.217,0.508,0.185,0.404,0.093,2024-06-24,00Z-ECE,GWUS
2024-06-27,8.13,-0.627,0.31,0.51,0.06,2024-06-24,00Z-ECE,GWUS
2024-06-28,8.722,-0.084,0.081,0.329,-0.24,2024-06-24,00Z-ECE,GWUS
2024-06-29,9.373,0.52,,0.215,-0.174,2024-06-24,00Z-ECE,GWUS
2024-06-30,8.989,0.089,,0.245,0.075,2024-06-24,00Z-ECE,GWUS
2024-07-01,8.193,-0.754,,-0.465,-0.507,2024-06-24,00Z-ECE,GWUS
2024-07-02,9.197,0.204,,-0.13,-0.27,2024-06-24,00Z-ECE,GWUS
2024-07-03,9.481,0.442,,0.321,0.229,2024-06-24,00Z-ECE,GWUS
2024-07-04,9.734,0.651,,0.55,0.5,2024-06-24,00Z-ECE,GWUS
2024-07-05,10.017,0.891,,0.187,0.258,2024-06-24,00Z-ECE,GWUS
2024-07-06,10.36,1.191,,0.006,0.166,2024-06-24,00Z-ECE,GWUS
2024-07-07,10.383,1.174,,-0.304,-0.033,2024-06-24,00Z-ECE,GWUS
2024-07-08,10.482,1.273,,,,2024-06-24,00Z-ECE,GWUS
2024-06-25,9.613,0.952,0.163,-0.08,-0.361,2024-06-25,00Z-ECE,GWUS
2024-06-26,9.21,0.522,0.085,-0.01,-0.007,2024-06-25,00Z-ECE,GWUS
2024-06-27,8.12,-0.604,0.225,0.247,-0.01,2024-06-25,00Z-ECE,GWUS
2024-06-28,8.286,-0.543,0.092,0.125,-0.436,2024-06-25,00Z-ECE,GWUS
2024-06-29,9.184,0.338,0.069,0.133,-0.189,2024-06-25,00Z-ECE,GWUS
2024-06-30,9.047,0.153,,-0.103,0.058,2024-06-25,00Z-ECE,GWUS
2024-07-01,8.512,-0.438,,-0.128,0.319,2024-06-25,00Z-ECE,GWUS
2024-07-02,9.844,0.871,,-0.197,0.647,2024-06-25,00Z-ECE,GWUS
2024-07-03,10.369,1.292,,-0.093,0.888,2024-06-25,00Z-ECE,GWUS
2024-07-04,10.609,1.544,,0.195,0.875,2024-06-25,00Z-ECE,GWUS
2024-07-05,10.931,1.778,,0.143,0.914,2024-06-25,00Z-ECE,GWUS
2024-07-06,11.118,1.949,,0.405,0.757,2024-06-25,00Z-ECE,GWUS
2024-07-07,11.17,1.961,,0.557,0.787,2024-06-25,00Z-ECE,GWUS
2024-07-08,11.235,1.986,,0.63,0.789,2024-06-25,00Z-ECE,GWUS
2024-07-09,11.302,2.041,,,,2024-06-25,00Z-ECE,GWUS
2024-06-26,9.059,0.35,0.201,0.09,-0.151,2024-06-26,00Z-ECE,GWUS
2024-06-27,8.017,-0.741,0.398,0.196,-0.104,2024-06-26,00Z-ECE,GWUS
2024-06-28,8.332,-0.473,0.298,0.184,0.046,2024-06-26,00Z-ECE,GWUS
2024-06-29,9.226,0.373,0.175,0.163,0.042,2024-06-26,00Z-ECE,GWUS
2024-06-30,8.738,-0.162,-0.239,-0.108,-0.309,2024-06-26,00Z-ECE,GWUS
2024-07-01,8.094,-0.853,,-0.06,-0.419,2024-06-26,00Z-ECE,GWUS
2024-07-02,9.221,0.228,,-0.22,-0.623,2024-06-26,00Z-ECE,GWUS
2024-07-03,9.858,0.82,,-0.24,-0.51,2024-06-26,00Z-ECE,GWUS
2024-07-04,10.091,1.008,,-0.418,-0.518,2024-06-26,00Z-ECE,GWUS
2024-07-05,10.276,1.149,,-0.753,-0.655,2024-06-26,00Z-ECE,GWUS
2024-07-06,10.478,1.309,,-0.663,-0.639,2024-06-26,00Z-ECE,GWUS
2024-07-07,10.501,1.291,,-0.551,-0.669,2024-06-26,00Z-ECE,GWUS
2024-07-08,10.668,1.419,,-0.262,-0.567,2024-06-26,00Z-ECE,GWUS
2024-07-09,10.853,1.566,,-0.525,-0.41,2024-06-26,00Z-ECE,GWUS
2024-07-10,11.186,1.899,,,,2024-06-26,00Z-ECE,GWUS
2024-06-27,6.982,-1.771,-0.293,-0.366,-1.034,2024-06-27,00Z-ECE,GWUS
2024-06-28,7.833,-0.972,-0.08,-0.145,-0.499,2024-06-27,00Z-ECE,GWUS
2024-06-29,8.859,0.006,-0.031,-0.089,-0.367,2024-06-27,00Z-ECE,GWUS
2024-06-30,8.574,-0.326,0.058,-0.145,-0.164,2024-06-27,00Z-ECE,GWUS
2024-07-01,8.046,-0.901,-0.028,-0.045,-0.048,2024-06-27,00Z-ECE,GWUS
2024-07-02,9.036,0.043,,-0.101,-0.185,2024-06-27,00Z-ECE,GWUS
2024-07-03,9.69,0.652,,0.055,-0.168,2024-06-27,00Z-ECE,GWUS
2024-07-04,9.859,0.776,,-0.004,-0.232,2024-06-27,00Z-ECE,GWUS
2024-07-05,9.883,0.757,,-0.057,-0.393,2024-06-27,00Z-ECE,GWUS
2024-07-06,9.717,0.548,,-0.107,-0.761,2024-06-27,00Z-ECE,GWUS
2024-07-07,9.673,0.464,,-0.072,-0.828,2024-06-27,00Z-ECE,GWUS
2024-07-08,9.809,0.56,,0.1,-0.859,2024-06-27,00Z-ECE,GWUS
2024-07-09,10.013,0.726,,0.164,-0.839,2024-06-27,00Z-ECE,GWUS
2024-07-10,10.366,1.043,,0.276,-0.792,2024-06-27,00Z-ECE,GWUS
2024-07-11,10.811,1.488,,,,2024-06-27,00Z-ECE,GWUS
2024-06-28,7.522,-1.288,-0.222,-0.346,-0.311,2024-06-28,00Z-ECE,GWUS
2024-06-29,8.725,-0.128,0.129,0.042,-0.134,2024-06-28,00Z-ECE,GWUS
2024-06-30,8.786,-0.115,0.175,0.095,0.212,2024-06-28,00Z-ECE,GWUS
2024-07-01,7.943,-1.004,0.041,-0.032,-0.103,2024-06-28,00Z-ECE,GWUS
2024-07-02,9.344,0.351,0.297,0.429,0.308,2024-06-28,00Z-ECE,GWUS
2024-07-03,9.825,0.787,,0.116,0.135,2024-06-28,00Z-ECE,GWUS
2024-07-04,10.137,1.054,,0.297,0.277,2024-06-28,00Z-ECE,GWUS
2024-07-05,10.232,1.106,,0.372,0.349,2024-06-28,00Z-ECE,GWUS
2024-07-06,9.957,0.788,,0.213,0.24,2024-06-28,00Z-ECE,GWUS
2024-07-07,9.714,0.505,,-0.073,0.041,2024-06-28,00Z-ECE,GWUS
2024-07-08,9.799,0.55,,-0.287,-0.01,2024-06-28,00Z-ECE,GWUS
2024-07-09,10.113,0.826,,-0.367,0.099,2024-06-28,00Z-ECE,GWUS
2024-07-10,10.505,1.182,,-0.312,0.139,2024-06-28,00Z-ECE,GWUS
2024-07-11,10.777,1.42,,-0.195,-0.01,2024-06-28,00Z-ECE,GWUS
2024-07-12,11.033,1.676,,,,2024-06-28,00Z-ECE,GWUS
2024-06-29,8.55,-0.303,-0.023,-0.188,-0.175,2024-06-29,00Z-ECE,GWUS
2024-06-30,8.313,-0.588,-0.184,-0.476,-0.473,2024-06-29,00Z-ECE,GWUS
2024-07-01,7.618,-1.329,-0.145,-0.239,-0.324,2024-06-29,00Z-ECE,GWUS
2024-07-02,8.711,-0.282,-0.157,-0.303,-0.633,2024-06-29,00Z-ECE,GWUS
2024-07-03,9.451,0.413,0.069,-0.222,-0.374,2024-06-29,00Z-ECE,GWUS
2024-07-04,9.569,0.486,,-0.343,-0.568,2024-06-29,00Z-ECE,GWUS
2024-07-05,9.634,0.507,,-0.239,-0.599,2024-06-29,00Z-ECE,GWUS
2024-07-06,9.273,0.104,,-0.154,-0.684,2024-06-29,00Z-ECE,GWUS
2024-07-07,8.806,-0.404,,-0.296,-0.908,2024-06-29,00Z-ECE,GWUS
2024-07-08,8.94,-0.309,,-0.334,-0.859,2024-06-29,00Z-ECE,GWUS
2024-07-09,9.581,0.295,,-0.07,-0.531,2024-06-29,00Z-ECE,GWUS
2024-07-10,9.941,0.618,,-0.103,-0.564,2024-06-29,00Z-ECE,GWUS
2024-07-11,10.349,0.991,,0.079,-0.428,2024-06-29,00Z-ECE,GWUS
2024-07-12,10.601,1.211,,0.119,-0.406,2024-06-29,00Z-ECE,GWUS
2024-07-13,10.693,1.303,,,,2024-06-29,00Z-ECE,GWUS
2024-06-30,8.279,-0.621,0.208,0.076,-0.034,2024-06-30,00Z-ECE,GWUS
2024-07-01,7.656,-1.291,0.089,-0.018,0.038,2024-06-30,00Z-ECE,GWUS
2024-07-02,8.731,-0.262,0.085,-0.031,0.02,2024-06-30,00Z-ECE,GWUS
2024-07-03,9.382,0.343,0.082,-0.056,-0.069,2024-06-30,00Z-ECE,GWUS
2024-07-04,9.64,0.557,0.113,-0.034,0.072,2024-06-30,00Z-ECE,GWUS
2024-07-05,9.639,0.513,,0.178,0.005,2024-06-30,00Z-ECE,GWUS
2024-07-06,9.29,0.122,,0.093,0.017,2024-06-30,00Z-ECE,GWUS
2024-07-07,9.317,0.107,,0.203,0.511,2024-06-30,00Z-ECE,GWUS
2024-07-08,9.513,0.264,,-0.051,0.573,2024-06-30,00Z-ECE,GWUS
2024-07-09,9.831,0.544,,-0.141,0.249,2024-06-30,00Z-ECE,GWUS
2024-07-10,10.127,0.804,,-0.046,0.186,2024-06-30,00Z-ECE,GWUS
2024-07-11,10.142,0.784,,0.033,-0.207,2024-06-30,00Z-ECE,GWUS
2024-07-12,10.087,0.697,,0.029,-0.514,2024-06-30,00Z-ECE,GWUS
2024-07-13,10.094,0.673,,0.133,-0.577,2024-06-30,00Z-ECE,GWUS
2024-07-14,10.236,0.816,,,,2024-06-30,00Z-ECE,GWUS
2024-07-01,7.312,-1.635,-0.118,-0.155,-0.344,2024-07-01,00Z-ECE,GWUS
2024-07-02,8.497,-0.496,-0.075,-0.106,-0.234,2024-07-01,00Z-ECE,GWUS
2024-07-03,9.075,0.036,-0.043,-0.286,-0.307,2024-07-01,00Z-ECE,GWUS
2024-07-04,9.175,0.092,-0.147,-0.278,-0.465,2024-07-01,00Z-ECE,GWUS
2024-07-05,9.179,0.052,-0.137,-0.367,-0.46,2024-07-01,00Z-ECE,GWUS
2024-07-06,8.903,-0.265,,-0.522,-0.387,2024-07-01,00Z-ECE,GWUS
2024-07-07,9.306,0.096,,-0.224,-0.011,2024-07-01,00Z-ECE,GWUS
2024-07-08,9.365,0.116,,-0.274,-0.148,2024-07-01,00Z-ECE,GWUS
2024-07-09,9.079,-0.207,,-1.014,-0.751,2024-07-01,00Z-ECE,GWUS
2024-07-10,9.215,-0.108,,-1.057,-0.912,2024-07-01,00Z-ECE,GWUS
2024-07-11,9.68,0.323,,-0.488,-0.462,2024-07-01,00Z-ECE,GWUS
2024-07-12,9.835,0.445,,-0.157,-0.252,2024-07-01,00Z-ECE,GWUS
2024-07-13,9.777,0.357,,0.02,-0.316,2024-07-01,00Z-ECE,GWUS
2024-07-14,9.9,0.451,,0.163,-0.31,2024-07-01,00Z-ECE,GWUS
2024-07-15,9.935,0.486,,,,2024-07-01,00Z-ECE,GWUS
2024-07-02,8.239,-0.75,-0.013,-0.151,-0.258,2024-07-02,00Z-ECE,GWUS
2024-07-03,9.157,0.1,0.206,-0.027,0.083,2024-07-02,00Z-ECE,GWUS
2024-07-04,9.305,0.234,0.176,0.06,0.13,2024-07-02,00Z-ECE,GWUS
2024-07-05,9.059,-0.057,0.016,-0.098,-0.12,2024-07-02,00Z-ECE,GWUS
2024-07-06,8.524,-0.663,0.005,-0.207,-0.379,2024-07-02,00Z-ECE,GWUS
2024-07-07,8.695,-0.494,,-0.339,-0.611,2024-07-02,00Z-ECE,GWUS
2024-07-08,8.716,-0.528,,-0.191,-0.648,2024-07-02,00Z-ECE,GWUS
2024-07-09,8.459,-0.839,,-0.347,-0.62,2024-07-02,00Z-ECE,GWUS
2024-07-10,8.495,-0.853,,-0.595,-0.72,2024-07-02,00Z-ECE,GWUS
2024-07-11,8.562,-0.809,,-0.816,-1.118,2024-07-02,00Z-ECE,GWUS
2024-07-12,8.793,-0.57,,-0.98,-1.043,2024-07-02,00Z-ECE,GWUS
2024-07-13,9.013,-0.407,,-0.868,-0.764,2024-07-02,00Z-ECE,GWUS
2024-07-14,9.172,-0.277,,-0.836,-0.728,2024-07-02,00Z-ECE,GWUS
2024-07-15,9.479,0.004,,-0.591,-0.44,2024-07-02,00Z-ECE,GWUS
2024-07-16,9.679,0.227,,,,2024-07-02,00Z-ECE,GWUS
2024-07-03,8.819,-0.219,-0.115,-0.2,-0.338,2024-07-03,00Z-ECE,GWUS
2024-07-04,9.155,0.072,0.155,0.029,-0.15,2024-07-03,00Z-ECE,GWUS
2024-07-05,8.883,-0.244,0.399,-0.056,-0.176,2024-07-03,00Z-ECE,GWUS
2024-07-06,8.433,-0.736,4.471,-0.155,-0.092,2024-07-03,00Z-ECE,GWUS
2024-07-07,8.651,-0.558,4.786,-0.355,-0.044,2024-07-03,00Z-ECE,GWUS
2024-07-08,9.006,-0.243,,-0.054,0.29,2024-07-03,00Z-ECE,GWUS
2024-07-09,8.517,-0.77,,-0.152,0.057,2024-07-03,00Z-ECE,GWUS
2024-07-10,8.176,-1.147,,-0.43,-0.319,2024-07-03,00Z-ECE,GWUS
2024-07-11,7.953,-1.405,,-0.423,-0.61,2024-07-03,00Z-ECE,GWUS
2024-07-12,8.227,-1.163,,-0.251,-0.566,2024-07-03,00Z-ECE,GWUS
2024-07-13,8.366,-1.055,,-0.398,-0.648,2024-07-03,00Z-ECE,GWUS
2024-07-14,8.822,-0.627,,-0.325,-0.35,2024-07-03,00Z-ECE,GWUS
2024-07-15,9.356,-0.119,,-0.173,-0.123,2024-07-03,00Z-ECE,GWUS
2024-07-16,9.632,0.133,,-0.099,-0.038,2024-07-03,00Z-ECE,GWUS
2024-07-17,9.572,0.073,,,,2024-07-03,00Z-ECE,GWUS
2024-07-04,9.107,0.024,-0.061,-0.049,-0.048,2024-07-04,00Z-ECE,GWUS
2024-07-05,8.739,-0.387,0.213,0.055,-0.143,2024-07-04,00Z-ECE,GWUS
2024-07-06,8.331,-0.837,0.118,-0.176,-0.101,2024-07-04,00Z-ECE,GWUS
2024-07-07,8.571,-0.638,0.042,-0.274,-0.08,2024-07-04,00Z-ECE,GWUS
2024-07-08,8.754,-0.495,-0.095,-0.405,-0.252,2024-07-04,00Z-ECE,GWUS
2024-07-09,8.135,-1.152,,-0.429,-0.382,2024-07-04,00Z-ECE,GWUS
2024-07-10,8.009,-1.314,,-0.161,-0.166,2024-07-04,00Z-ECE,GWUS
2024-07-11,8.072,-1.286,,0.257,0.119,2024-07-04,00Z-ECE,GWUS
2024-07-12,8.201,-1.189,,0.202,-0.026,2024-07-04,00Z-ECE,GWUS
2024-07-13,8.484,-0.937,,0.119,0.118,2024-07-04,00Z-ECE,GWUS
2024-07-14,8.82,-0.629,,0.056,-0.002,2024-07-04,00Z-ECE,GWUS
2024-07-15,9.414,-0.062,,0.272,0.057,2024-07-04,00Z-ECE,GWUS
2024-07-16,9.653,0.154,,0.14,0.022,2024-07-04,00Z-ECE,GWUS
2024-07-17,9.582,0.061,,-0.268,0.042,2024-07-04,00Z-ECE,GWUS
2024-07-18,9.589,0.068,,,,2024-07-04,00Z-ECE,GWUS
2024-07-05,8.625,-0.501,0.184,0.012,-0.114,2024-07-05,00Z-ECE,GWUS
2024-07-06,8.29,-0.879,0.247,0.005,-0.042,2024-07-05,00Z-ECE,GWUS
2024-07-07,8.477,-0.733,0.18,-0.056,-0.095,2024-07-05,00Z-ECE,GWUS
2024-07-08,8.532,-0.717,0.007,-0.425,-0.222,2024-07-05,00Z-ECE,GWUS
2024-07-09,8.065,-1.222,0.243,-0.115,-0.07,2024-07-05,00Z-ECE,GWUS
2024-07-10,7.877,-1.446,,-0.089,-0.132,2024-07-05,00Z-ECE,GWUS
2024-07-11,7.783,-1.574,,-0.004,-0.288,2024-07-05,00Z-ECE,GWUS
2024-07-12,8.066,-1.324,,0.118,-0.135,2024-07-05,00Z-ECE,GWUS
2024-07-13,8.729,-0.691,,0.188,0.245,2024-07-05,00Z-ECE,GWUS
2024-07-14,9.447,-0.002,,0.238,0.627,2024-07-05,00Z-ECE,GWUS
2024-07-15,9.951,0.476,,0.321,0.537,2024-07-05,00Z-ECE,GWUS
2024-07-16,10.208,0.709,,0.4,0.555,2024-07-05,00Z-ECE,GWUS
2024-07-17,10.216,0.696,,0.373,0.634,2024-07-05,00Z-ECE,GWUS
2024-07-18,9.92,0.38,,0.184,0.364,2024-07-05,00Z-ECE,GWUS
2024-07-19,9.822,0.282,,,,2024-07-05,00Z-ECE,GWUS
2024-07-06,8.403,-0.765,-0.107,-0.24,0.114,2024-07-06,00Z-ECE,GWUS
2024-07-07,8.496,-0.713,-0.009,-0.202,0.019,2024-07-06,00Z-ECE,GWUS
2024-07-08,8.464,-0.785,0.174,0.021,-0.068,2024-07-06,00Z-ECE,GWUS
2024-07-09,8.011,-1.275,0.053,0.083,-0.053,2024-07-06,00Z-ECE,GWUS
2024-07-10,7.747,-1.576,-0.023,-0.037,-0.13,2024-07-06,00Z-ECE,GWUS
2024-07-11,7.759,-1.598,,-0.164,-0.024,2024-07-06,00Z-ECE,GWUS
2024-07-12,8.207,-1.183,,0.102,0.142,2024-07-06,00Z-ECE,GWUS
2024-07-13,9.021,-0.399,,0.259,0.292,2024-07-06,00Z-ECE,GWUS
2024-07-14,9.804,0.355,,0.265,0.357,2024-07-06,00Z-ECE,GWUS
2024-07-15,10.281,0.806,,0.109,0.33,2024-07-06,00Z-ECE,GWUS
2024-07-16,10.262,0.763,,0.074,0.054,2024-07-06,00Z-ECE,GWUS
2024-07-17,9.709,0.188,,-0.072,-0.508,2024-07-06,00Z-ECE,GWUS
2024-07-18,9.363,-0.178,,0.061,-0.558,2024-07-06,00Z-ECE,GWUS
2024-07-19,9.292,-0.265,,0.067,-0.499,2024-07-06,00Z-ECE,GWUS
2024-07-20,9.36,-0.197,,,,2024-07-06,00Z-ECE,GWUS
2024-07-07,8.277,-0.932,0.124,,-0.219,2024-07-07,00Z-ECE,GWUS
2024-07-08,8.138,-1.111,0.035,,-0.326,2024-07-07,00Z-ECE,GWUS
2024-07-09,8.387,-0.9,0.027,,0.375,2024-07-07,00Z-ECE,GWUS
2024-07-10,8.082,-1.241,0.122,,0.334,2024-07-07,00Z-ECE,GWUS
2024-07-11,8.362,-0.995,0.197,,0.602,2024-07-07,00Z-ECE,GWUS
2024-07-12,8.806,-0.584,,,0.599,2024-07-07,00Z-ECE,GWUS
2024-07-13,9.7,0.279,,,0.679,2024-07-07,00Z-ECE,GWUS
2024-07-14,10.506,1.057,,,0.702,2024-07-07,00Z-ECE,GWUS
2024-07-15,10.754,1.279,,,0.473,2024-07-07,00Z-ECE,GWUS
2024-07-16,10.188,0.689,,,-0.074,2024-07-07,00Z-ECE,GWUS
2024-07-17,9.513,-0.008,,,-0.196,2024-07-07,00Z-ECE,GWUS
2024-07-18,8.973,-0.567,,,-0.389,2024-07-07,00Z-ECE,GWUS
2024-07-19,8.819,-0.738,,,-0.473,2024-07-07,00Z-ECE,GWUS
2024-07-20,9.02,-0.552,,,-0.315,2024-07-07,00Z-ECE,GWUS
2024-07-21,9.199,-0.373,,,,2024-07-07,00Z-ECE,GWUS
2024-07-08,8.086,-1.163,-0.043,-0.247,-0.052,2024-07-08,00Z-ECE,GWUS
2024-07-09,8.203,-1.084,-0.052,-0.16,-0.184,2024-07-08,00Z-ECE,GWUS
2024-07-10,7.955,-1.368,-0.072,-0.117,-0.127,2024-07-08,00Z-ECE,GWUS
2024-07-11,8.218,-1.139,-0.087,-0.076,-0.143,2024-07-08,00Z-ECE,GWUS
2024-07-12,8.542,-0.848,-0.165,-0.176,-0.264,2024-07-08,00Z-ECE,GWUS
2024-07-13,9.325,-0.096,,-0.289,-0.375,2024-07-08,00Z-ECE,GWUS
2024-07-14,10.198,0.749,,-0.209,-0.308,2024-07-08,00Z-ECE,GWUS
2024-07-15,10.609,1.134,,-0.165,-0.145,2024-07-08,00Z-ECE,GWUS
2024-07-16,10.044,0.545,,-0.35,-0.144,2024-07-08,00Z-ECE,GWUS
2024-07-17,9.032,-0.489,,-0.652,-0.481,2024-07-08,00Z-ECE,GWUS
2024-07-18,8.473,-1.067,,-0.847,-0.5,2024-07-08,00Z-ECE,GWUS
2024-07-19,8.371,-1.187,,-0.906,-0.449,2024-07-08,00Z-ECE,GWUS
2024-07-20,8.492,-1.079,,-0.968,-0.528,2024-07-08,00Z-ECE,GWUS
2024-07-21,8.826,-0.757,,-0.932,-0.358,2024-07-08,00Z-ECE,GWUS
2024-07-22,9.234,-0.35,,,,2024-07-08,00Z-ECE,GWUS
2024-07-09,8.2,-1.092,0.039,-0.202,-0.002,2024-07-09,00Z-ECE,GWUS
2024-07-10,8.438,-0.89,0.091,0.037,0.483,2024-07-09,00Z-ECE,GWUS
2024-07-11,8.307,-1.05,-0.044,-0.204,0.089,2024-07-09,00Z-ECE,GWUS
2024-07-12,8.477,-0.914,-0.014,-0.095,-0.064,2024-07-09,00Z-ECE,GWUS
2024-07-13,9.531,0.088,0.208,0.037,0.206,2024-07-09,00Z-ECE,GWUS
2024-07-14,10.544,1.092,,0.082,0.346,2024-07-09,00Z-ECE,GWUS
2024-07-15,11.031,1.544,,0.086,0.422,2024-07-09,00Z-ECE,GWUS
2024-07-16,10.697,1.189,,0.192,0.652,2024-07-09,00Z-ECE,GWUS
2024-07-17,9.675,0.079,,0.431,0.643,2024-07-09,00Z-ECE,GWUS
2024-07-18,8.786,-0.767,,0.423,0.313,2024-07-09,00Z-ECE,GWUS
2024-07-19,8.482,-1.095,,0.153,0.112,2024-07-09,00Z-ECE,GWUS
2024-07-20,8.88,-0.718,,0.245,0.388,2024-07-09,00Z-ECE,GWUS
2024-07-21,9.284,-0.3,,0.089,0.457,2024-07-09,00Z-ECE,GWUS
2024-07-22,9.708,0.149,,-0.084,0.497,2024-07-09,00Z-ECE,GWUS
2024-07-23,10.015,0.399,,,,2024-07-09,00Z-ECE,GWUS
2024-07-10,8.261,-1.061,-0.142,-0.271,-0.177,2024-07-10,00Z-ECE,GWUS
2024-07-11,8.178,-1.179,-0.154,-0.21,-0.129,2024-07-10,00Z-ECE,GWUS
2024-07-12,8.267,-1.123,-0.337,-0.288,-0.21,2024-07-10,00Z-ECE,GWUS
2024-07-13,9.299,-0.121,-0.314,-0.178,-0.232,2024-07-10,00Z-ECE,GWUS
2024-07-14,10.413,0.965,-0.057,0.003,-0.13,2024-07-10,00Z-ECE,GWUS
2024-07-15,10.974,1.499,,-0.016,-0.057,2024-07-10,00Z-ECE,GWUS
2024-07-16,10.878,1.379,,0.2,0.182,2024-07-10,00Z-ECE,GWUS
2024-07-17,9.704,0.183,,0.344,0.03,2024-07-10,00Z-ECE,GWUS
2024-07-18,8.388,-1.152,,0.142,-0.398,2024-07-10,00Z-ECE,GWUS
2024-07-19,7.678,-1.879,,-0.108,-0.805,2024-07-10,00Z-ECE,GWUS
2024-07-20,7.676,-1.895,,-0.068,-1.204,2024-07-10,00Z-ECE,GWUS
2024-07-21,8.064,-1.519,,-0.097,-1.22,2024-07-10,00Z-ECE,GWUS
2024-07-22,8.63,-0.962,,-0.065,-1.078,2024-07-10,00Z-ECE,GWUS
2024-07-23,9.122,-0.477,,-0.094,-0.87,2024-07-10,00Z-ECE,GWUS
2024-07-24,9.444,-0.155,,,,2024-07-10,00Z-ECE,GWUS
2024-07-11,7.915,-1.442,-0.042,-0.273,-0.263,2024-07-11,00Z-ECE,GWUS
2024-07-12,8.231,-1.159,0.079,-0.045,-0.037,2024-07-11,00Z-ECE,GWUS
2024-07-13,9.268,-0.153,0.067,-0.078,-0.032,2024-07-11,00Z-ECE,GWUS
2024-07-14,10.596,1.147,0.099,0.061,0.183,2024-07-11,00Z-ECE,GWUS
2024-07-15,11.1,1.624,0.207,0.223,0.125,2024-07-11,00Z-ECE,GWUS
2024-07-16,11.053,1.554,,0.207,0.175,2024-07-11,00Z-ECE,GWUS
2024-07-17,9.776,0.255,,0.061,0.072,2024-07-11,00Z-ECE,GWUS
2024-07-18,8.157,-1.383,,-0.242,-0.231,2024-07-11,00Z-ECE,GWUS
2024-07-19,7.3,-2.257,,-0.318,-0.378,2024-07-11,00Z-ECE,GWUS
2024-07-20,7.308,-2.264,,-0.294,-0.368,2024-07-11,00Z-ECE,GWUS
2024-07-21,7.842,-1.741,,-0.205,-0.222,2024-07-11,00Z-ECE,GWUS
2024-07-22,8.361,-1.231,,-0.314,-0.269,2024-07-11,00Z-ECE,GWUS
2024-07-23,8.974,-0.624,,-0.139,-0.147,2024-07-11,00Z-ECE,GWUS
2024-07-24,9.383,-0.22,,0.014,-0.036,2024-07-11,00Z-ECE,GWUS
2024-07-25,9.69,0.088,,,,2024-07-11,00Z-ECE,GWUS
2024-07-12,7.769,-1.621,-0.053,-0.456,-0.462,2024-07-12,00Z-ECE,GWUS
2024-07-13,9.039,-0.382,-0.053,-0.152,-0.229,2024-07-12,00Z-ECE,GWUS
2024-07-14,10.154,0.705,-0.163,-0.281,-0.442,2024-07-12,00Z-ECE,GWUS
2024-07-15,10.774,1.299,0.05,-0.065,-0.326,2024-07-12,00Z-ECE,GWUS
2024-07-16,10.613,1.113,0.067,-0.048,-0.441,2024-07-12,00Z-ECE,GWUS
2024-07-17,9.072,-0.449,,-0.29,-0.705,2024-07-12,00Z-ECE,GWUS
2024-07-18,7.374,-2.166,,-0.239,-0.783,2024-07-12,00Z-ECE,GWUS
2024-07-19,6.793,-2.764,,-0.149,-0.507,2024-07-12,00Z-ECE,GWUS
2024-07-20,6.949,-2.622,,-0.178,-0.358,2024-07-12,00Z-ECE,GWUS
2024-07-21,7.278,-2.306,,-0.393,-0.565,2024-07-12,00Z-ECE,GWUS
2024-07-22,7.712,-1.881,,-0.536,-0.65,2024-07-12,00Z-ECE,GWUS
2024-07-23,8.234,-1.365,,-0.585,-0.741,2024-07-12,00Z-ECE,GWUS
2024-07-24,8.734,-0.869,,-0.563,-0.649,2024-07-12,00Z-ECE,GWUS
2024-07-25,8.863,-0.741,,-0.727,-0.802,2024-07-12,00Z-ECE,GWUS
2024-07-26,8.992,-0.612,,,,2024-07-12,00Z-ECE,GWUS
2024-07-13,8.688,-0.732,0.194,-0.22,-0.35,2024-07-13,00Z-ECE,GWUS
2024-07-14,10.075,0.626,0.2,-0.118,-0.079,2024-07-13,00Z-ECE,GWUS
2024-07-15,10.521,1.046,0.177,-0.231,-0.252,2024-07-13,00Z-ECE,GWUS
2024-07-16,10.399,0.899,0.253,-0.08,-0.214,2024-07-13,00Z-ECE,GWUS
2024-07-17,9.094,-0.427,0.268,0.211,0.022,2024-07-13,00Z-ECE,GWUS
2024-07-18,7.219,-2.321,,0.011,-0.155,2024-07-13,00Z-ECE,GWUS
2024-07-19,6.563,-2.994,,-0.251,-0.23,2024-07-13,00Z-ECE,GWUS
2024-07-20,6.746,-2.826,,-0.219,-0.204,2024-07-13,00Z-ECE,GWUS
2024-07-21,7.112,-2.471,,-0.236,-0.165,2024-07-13,00Z-ECE,GWUS
2024-07-22,7.6,-1.992,,-0.197,-0.112,2024-07-13,00Z-ECE,GWUS
2024-07-23,8.028,-1.571,,-0.397,-0.206,2024-07-13,00Z-ECE,GWUS
2024-07-24,8.381,-1.221,,-0.42,-0.352,2024-07-13,00Z-ECE,GWUS
2024-07-25,8.409,-1.195,,-0.464,-0.454,2024-07-13,00Z-ECE,GWUS
2024-07-26,8.41,-1.192,,-0.506,-0.556,2024-07-13,00Z-ECE,GWUS
2024-07-27,8.715,-0.887,,,,2024-07-13,00Z-ECE,GWUS
2024-07-14,9.788,0.344,0.12,-0.162,-0.287,2024-07-14,00Z-ECE,GWUS
2024-07-15,10.615,1.14,0.134,0.064,0.093,2024-07-14,00Z-ECE,GWUS
2024-07-16,10.133,0.618,0.186,0.047,-0.266,2024-07-14,00Z-ECE,GWUS
2024-07-17,9.075,-0.446,0.321,-0.06,-0.02,2024-07-14,00Z-ECE,GWUS
2024-07-18,7.116,-2.424,0.193,-0.202,-0.102,2024-07-14,00Z-ECE,GWUS
2024-07-19,6.547,-3.01,,-0.136,-0.016,2024-07-14,00Z-ECE,GWUS
2024-07-20,6.657,-2.915,,-0.051,-0.089,2024-07-14,00Z-ECE,GWUS
2024-07-21,6.825,-2.758,,-0.144,-0.288,2024-07-14,00Z-ECE,GWUS
2024-07-22,7.255,-2.337,,0.009,-0.344,2024-07-14,00Z-ECE,GWUS
2024-07-23,7.644,-1.955,,-0.096,-0.384,2024-07-14,00Z-ECE,GWUS
2024-07-24,7.772,-1.83,,0.0,-0.609,2024-07-14,00Z-ECE,GWUS
2024-07-25,7.799,-1.805,,-0.22,-0.61,2024-07-14,00Z-ECE,GWUS
2024-07-26,8.184,-1.418,,-0.074,-0.226,2024-07-14,00Z-ECE,GWUS
2024-07-27,8.635,-0.963,,-0.126,-0.065,2024-07-14,00Z-ECE,GWUS
2024-07-28,8.838,-0.76,,,,2024-07-14,00Z-ECE,GWUS
2024-07-15,10.076,0.601,-0.166,-0.171,-0.539,2024-07-15,00Z-ECE,GWUS
2024-07-16,10.2,0.701,0.14,0.162,0.067,2024-07-15,00Z-ECE,GWUS
2024-07-17,9.054,-0.467,0.275,0.223,-0.02,2024-07-15,00Z-ECE,GWUS
2024-07-18,7.15,-2.39,0.168,0.244,0.034,2024-07-15,00Z-ECE,GWUS
2024-07-19,6.684,-2.873,0.14,0.144,0.136,2024-07-15,00Z-ECE,GWUS
2024-07-20,6.762,-2.809,,-0.047,0.106,2024-07-15,00Z-ECE,GWUS
2024-07-21,6.71,-2.873,,-0.094,-0.115,2024-07-15,00Z-ECE,GWUS
2024-07-22,6.666,-2.927,,-0.376,-0.59,2024-07-15,00Z-ECE,GWUS
2024-07-23,7.156,-2.442,,-0.282,-0.487,2024-07-15,00Z-ECE,GWUS
2024-07-24,7.357,-2.245,,-0.075,-0.415,2024-07-15,00Z-ECE,GWUS
2024-07-25,7.364,-2.24,,0.236,-0.435,2024-07-15,00Z-ECE,GWUS
2024-07-26,7.445,-2.157,,0.089,-0.739,2024-07-15,00Z-ECE,GWUS
2024-07-27,7.857,-1.74,,0.142,-0.778,2024-07-15,00Z-ECE,GWUS
2024-07-28,8.489,-1.102,,0.264,-0.333,2024-07-15,00Z-ECE,GWUS
2024-07-29,8.934,-0.657,,,,2024-07-15,00Z-ECE,GWUS
2024-07-16,9.74,0.241,-0.047,-0.329,-0.46,2024-07-16,00Z-ECE,GWUS
2024-07-17,8.758,-0.762,0.097,0.025,-0.296,2024-07-16,00Z-ECE,GWUS
2024-07-18,7.09,-2.45,0.241,0.138,-0.061,2024-07-16,00Z-ECE,GWUS
2024-07-19,6.604,-2.953,0.174,0.141,-0.08,2024-07-16,00Z-ECE,GWUS
2024-07-20,6.909,-2.663,0.273,0.186,0.146,2024-07-16,00Z-ECE,GWUS
2024-07-21,6.811,-2.772,,0.11,0.101,2024-07-16,00Z-ECE,GWUS
2024-07-22,6.524,-3.068,,-0.028,-0.141,2024-07-16,00Z-ECE,GWUS
2024-07-23,6.703,-2.896,,-0.343,-0.454,2024-07-16,00Z-ECE,GWUS
2024-07-24,6.947,-2.655,,-0.37,-0.41,2024-07-16,00Z-ECE,GWUS
2024-07-25,7.171,-2.433,,-0.19,-0.193,2024-07-16,00Z-ECE,GWUS
2024-07-26,7.479,-2.123,,0.05,0.034,2024-07-16,00Z-ECE,GWUS
2024-07-27,7.743,-1.855,,-0.018,-0.115,2024-07-16,00Z-ECE,GWUS
2024-07-28,8.09,-1.501,,-0.095,-0.399,2024-07-16,00Z-ECE,GWUS
2024-07-29,8.496,-1.085,,-0.121,-0.421,2024-07-16,00Z-ECE,GWUS
2024-07-30,8.812,-0.769,,,,2024-07-16,00Z-ECE,GWUS
2024-07-17,8.218,-1.311,-0.021,-0.171,-0.54,2024-07-17,00Z-ECE,GWUS
2024-07-18,6.823,-2.723,-0.012,-0.122,-0.267,2024-07-17,00Z-ECE,GWUS
2024-07-19,6.586,-2.975,0.021,-0.01,-0.018,2024-07-17,00Z-ECE,GWUS
2024-07-20,6.886,-2.691,0.026,-0.097,-0.023,2024-07-17,00Z-ECE,GWUS
2024-07-21,6.775,-2.808,-0.012,-0.165,-0.036,2024-07-17,00Z-ECE,GWUS
2024-07-22,6.614,-2.993,,-0.029,0.09,2024-07-17,00Z-ECE,GWUS
2024-07-23,6.922,-2.653,,0.188,0.219,2024-07-17,00Z-ECE,GWUS
2024-07-24,7.142,-2.466,,0.221,0.195,2024-07-17,00Z-ECE,GWUS
2024-07-25,7.333,-2.277,,0.206,0.162,2024-07-17,00Z-ECE,GWUS
2024-07-26,7.524,-2.062,,0.146,0.045,2024-07-17,00Z-ECE,GWUS
2024-07-27,7.85,-1.719,,0.232,0.107,2024-07-17,00Z-ECE,GWUS
2024-07-28,8.104,-1.51,,-0.061,0.014,2024-07-17,00Z-ECE,GWUS
2024-07-29,8.315,-1.25,,-0.364,-0.182,2024-07-17,00Z-ECE,GWUS
2024-07-30,8.4,-1.199,,-0.424,-0.401,2024-07-17,00Z-ECE,GWUS
2024-07-31,8.579,-0.895,,,,2024-07-17,00Z-ECE,GWUS
2024-07-18,6.677,-2.877,-0.131,-0.131,-0.146,2024-07-18,00Z-ECE,GWUS
2024-07-19,6.532,-3.026,0.069,0.005,-0.054,2024-07-18,00Z-ECE,GWUS
2024-07-20,6.794,-2.778,0.076,0.007,-0.092,2024-07-18,00Z-ECE,GWUS
2024-07-21,6.497,-3.074,0.019,-0.194,-0.279,2024-07-18,00Z-ECE,GWUS
2024-07-22,6.431,-3.142,-0.129,-0.158,-0.183,2024-07-18,00Z-ECE,GWUS
2024-07-23,6.625,-2.962,,-0.389,-0.296,2024-07-18,00Z-ECE,GWUS
2024-07-24,6.707,-2.903,,-0.318,-0.435,2024-07-18,00Z-ECE,GWUS
2024-07-25,6.696,-2.904,,-0.316,-0.637,2024-07-18,00Z-ECE,GWUS
2024-07-26,6.914,-2.679,,-0.122,-0.611,2024-07-18,00Z-ECE,GWUS
2024-07-27,7.343,-2.238,,0.083,-0.507,2024-07-18,00Z-ECE,GWUS
2024-07-28,8.141,-1.494,,0.371,0.037,2024-07-18,00Z-ECE,GWUS
2024-07-29,8.758,-0.851,,0.566,0.444,2024-07-18,00Z-ECE,GWUS
2024-07-30,8.9,-0.67,,0.4,0.499,2024-07-18,00Z-ECE,GWUS
2024-07-31,8.66,-0.781,,-0.104,0.115,2024-07-18,00Z-ECE,GWUS
2024-08-01,8.512,-1.067,,,,2024-07-18,00Z-ECE,GWUS
2024-07-19,6.318,-3.239,-0.013,-0.158,-0.213,2024-07-19,00Z-ECE,GWUS
2024-07-20,6.708,-2.864,-0.004,0.029,-0.086,2024-07-19,00Z-ECE,GWUS
2024-07-21,6.861,-2.722,0.15,0.149,0.364,2024-07-19,00Z-ECE,GWUS
2024-07-22,6.721,-2.871,0.094,0.148,0.29,2024-07-19,00Z-ECE,GWUS
2024-07-23,6.86,-2.739,0.043,0.158,0.235,2024-07-19,00Z-ECE,GWUS
2024-07-24,6.711,-2.891,,-0.049,0.004,2024-07-19,00Z-ECE,GWUS
2024-07-25,6.796,-2.808,,0.19,0.1,2024-07-19,00Z-ECE,GWUS
2024-07-26,6.905,-2.697,,0.06,-0.009,2024-07-19,00Z-ECE,GWUS
2024-07-27,7.262,-2.336,,0.076,-0.081,2024-07-19,00Z-ECE,GWUS
2024-07-28,8.062,-1.528,,0.1,-0.078,2024-07-19,00Z-ECE,GWUS
2024-07-29,8.796,-0.785,,0.21,0.038,2024-07-19,00Z-ECE,GWUS
2024-07-30,9.034,-0.535,,0.168,0.134,2024-07-19,00Z-ECE,GWUS
2024-07-31,8.948,-0.606,,0.049,0.288,2024-07-19,00Z-ECE,GWUS
2024-08-01,8.936,-0.6,,-0.04,0.44,2024-07-19,00Z-ECE,GWUS
2024-08-02,9.204,-0.332,,,,2024-07-19,00Z-ECE,GWUS
2024-07-20,6.454,-3.117,-0.025,-0.176,-0.254,2024-07-20,00Z-ECE,GWUS
2024-07-21,6.612,-2.971,0.059,-0.062,-0.249,2024-07-20,00Z-ECE,GWUS
2024-07-22,6.457,-3.135,0.115,-0.033,-0.264,2024-07-20,00Z-ECE,GWUS
2024-07-23,6.921,-2.678,0.122,0.15,0.061,2024-07-20,00Z-ECE,GWUS
2024-07-24,6.934,-2.669,0.14,0.001,0.222,2024-07-20,00Z-ECE,GWUS
2024-07-25,6.428,-3.176,,-0.271,-0.369,2024-07-20,00Z-ECE,GWUS
2024-07-26,6.548,-3.054,,-0.261,-0.357,2024-07-20,00Z-ECE,GWUS
2024-07-27,7.196,-2.402,,-0.036,-0.066,2024-07-20,00Z-ECE,GWUS
2024-07-28,8.184,-1.406,,0.015,0.122,2024-07-20,00Z-ECE,GWUS
2024-07-29,8.893,-0.688,,-0.076,0.097,2024-07-20,00Z-ECE,GWUS
2024-07-30,9.286,-0.283,,0.137,0.252,2024-07-20,00Z-ECE,GWUS
2024-07-31,9.41,-0.143,,0.234,0.463,2024-07-20,00Z-ECE,GWUS
2024-08-01,9.521,-0.015,,0.285,0.585,2024-07-20,00Z-ECE,GWUS
2024-08-02,9.656,0.141,,0.379,0.476,2024-07-20,00Z-ECE,GWUS
2024-08-03,9.774,0.258,,,,2024-07-20,00Z-ECE,GWUS
2024-07-21,6.259,-3.313,-0.055,-0.156,-0.353,2024-07-21,00Z-ECE,GWUS
2024-07-22,5.961,-3.635,-0.027,-0.231,-0.496,2024-07-21,00Z-ECE,GWUS
2024-07-23,6.764,-2.835,0.085,-0.124,-0.157,2024-07-21,00Z-ECE,GWUS
2024-07-24,6.842,-2.758,0.021,-0.113,-0.092,2024-07-21,00Z-ECE,GWUS
2024-07-25,6.292,-3.334,0.137,-0.048,-0.136,2024-07-21,00Z-ECE,GWUS
2024-07-26,6.324,-3.263,,-0.055,-0.224,2024-07-21,00Z-ECE,GWUS
2024-07-27,6.837,-2.757,,-0.049,-0.359,2024-07-21,00Z-ECE,GWUS
2024-07-28,7.89,-1.704,,-0.15,-0.295,2024-07-21,00Z-ECE,GWUS
2024-07-29,8.666,-0.92,,-0.13,-0.227,2024-07-21,00Z-ECE,GWUS
2024-07-30,8.953,-0.588,,-0.012,-0.334,2024-07-21,00Z-ECE,GWUS
2024-07-31,9.075,-0.46,,0.06,-0.336,2024-07-21,00Z-ECE,GWUS
2024-08-01,9.245,-0.336,,0.045,-0.276,2024-07-21,00Z-ECE,GWUS
2024-08-02,9.428,-0.101,,-0.033,-0.229,2024-07-21,00Z-ECE,GWUS
2024-08-03,9.402,-0.006,,-0.277,-0.348,2024-07-21,00Z-ECE,GWUS
2024-08-04,9.45,-0.043,,,,2024-07-21,00Z-ECE,GWUS
2024-07-22,5.654,-3.938,-0.187,-0.257,-0.307,2024-07-22,00Z-ECE,GWUS
2024-07-23,6.595,-3.004,-0.123,-0.123,-0.17,2024-07-22,00Z-ECE,GWUS
2024-07-24,6.829,-2.773,0.083,0.091,-0.012,2024-07-22,00Z-ECE,GWUS
2024-07-25,6.586,-3.018,0.299,0.377,0.294,2024-07-22,00Z-ECE,GWUS
2024-07-26,6.307,-3.295,0.146,0.299,-0.017,2024-07-22,00Z-ECE,GWUS
2024-07-27,6.52,-3.078,,0.141,-0.317,2024-07-22,00Z-ECE,GWUS
2024-07-28,7.394,-2.197,,0.05,-0.496,2024-07-22,00Z-ECE,GWUS
2024-07-29,8.306,-1.275,,-0.187,-0.36,2024-07-22,00Z-ECE,GWUS
2024-07-30,8.747,-0.822,,-0.313,-0.205,2024-07-22,00Z-ECE,GWUS
2024-07-31,9.077,-0.477,,-0.217,0.002,2024-07-22,00Z-ECE,GWUS
2024-08-01,9.426,-0.11,,-0.139,0.182,2024-07-22,00Z-ECE,GWUS
2024-08-02,9.783,0.267,,0.154,0.355,2024-07-22,00Z-ECE,GWUS
2024-08-03,9.861,0.368,,0.274,0.459,2024-07-22,00Z-ECE,GWUS
2024-08-04,9.818,0.35,,0.266,0.394,2024-07-22,00Z-ECE,GWUS
2024-08-05,10.001,0.533,,,,2024-07-22,00Z-ECE,GWUS
2024-07-23,6.234,-3.365,-0.18,-0.406,-0.361,2024-07-23,00Z-ECE,GWUS
2024-07-24,6.404,-3.199,0.026,-0.191,-0.426,2024-07-23,00Z-ECE,GWUS
2024-07-25,6.418,-3.186,0.044,-0.007,-0.168,2024-07-23,00Z-ECE,GWUS
2024-07-26,6.324,-3.278,-0.048,-0.016,0.017,2024-07-23,00Z-ECE,GWUS
2024-07-27,6.576,-3.022,0.009,0.045,0.055,2024-07-23,00Z-ECE,GWUS
2024-07-28,7.345,-2.246,,-0.147,-0.049,2024-07-23,00Z-ECE,GWUS
2024-07-29,8.271,-1.31,,-0.147,-0.035,2024-07-23,00Z-ECE,GWUS
2024-07-30,8.899,-0.67,,-0.02,0.151,2024-07-23,00Z-ECE,GWUS
2024-07-31,9.412,-0.142,,0.178,0.335,2024-07-23,00Z-ECE,GWUS
2024-08-01,9.864,0.328,,0.156,0.438,2024-07-23,00Z-ECE,GWUS
2024-08-02,10.088,0.573,,0.129,0.305,2024-07-23,00Z-ECE,GWUS
2024-08-03,10.154,0.661,,0.112,0.293,2024-07-23,00Z-ECE,GWUS
2024-08-04,10.234,0.766,,0.107,0.416,2024-07-23,00Z-ECE,GWUS
2024-08-05,10.421,0.981,,0.126,0.445,2024-07-23,00Z-ECE,GWUS
2024-08-06,10.579,1.139,,,,2024-07-23,00Z-ECE,GWUS
2024-07-24,6.195,-3.407,-0.012,-0.186,-0.208,2024-07-24,00Z-ECE,GWUS
2024-07-25,6.297,-3.307,0.1,-0.01,-0.121,2024-07-24,00Z-ECE,GWUS
2024-07-26,6.156,-3.446,-0.029,-0.183,-0.168,2024-07-24,00Z-ECE,GWUS
2024-07-27,6.404,-3.194,-0.034,-0.193,-0.171,2024-07-24,00Z-ECE,GWUS
2024-07-28,7.217,-2.374,-0.068,-0.232,-0.128,2024-07-24,00Z-ECE,GWUS
2024-07-29,7.997,-1.584,,-0.222,-0.275,2024-07-24,00Z-ECE,GWUS
2024-07-30,8.486,-1.082,,-0.132,-0.412,2024-07-24,00Z-ECE,GWUS
2024-07-31,9.255,-0.299,,-0.103,-0.157,2024-07-24,00Z-ECE,GWUS
2024-08-01,10.099,0.563,,0.039,0.235,2024-07-24,00Z-ECE,GWUS
2024-08-02,10.424,0.908,,0.096,0.335,2024-07-24,00Z-ECE,GWUS
2024-08-03,10.451,0.958,,0.165,0.298,2024-07-24,00Z-ECE,GWUS
2024-08-04,10.378,0.911,,0.022,0.144,2024-07-24,00Z-ECE,GWUS
2024-08-05,10.568,1.129,,0.053,0.147,2024-07-24,00Z-ECE,GWUS
2024-08-06,10.747,1.337,,0.049,0.194,2024-07-24,00Z-ECE,GWUS
2024-08-07,10.718,1.308,,,,2024-07-24,00Z-ECE,GWUS
2024-07-25,6.218,-3.386,0.021,-0.084,-0.078,2024-07-25,00Z-ECE,GWUS
2024-07-26,6.084,-3.518,0.026,-0.136,-0.072,2024-07-25,00Z-ECE,GWUS
2024-07-27,6.377,-3.221,0.003,-0.027,-0.027,2024-07-25,00Z-ECE,GWUS
2024-07-28,7.207,-2.384,-0.002,0.065,-0.009,2024-07-25,00Z-ECE,GWUS
2024-07-29,7.908,-1.673,-0.098,-0.102,-0.089,2024-07-25,00Z-ECE,GWUS
2024-07-30,8.295,-1.274,,-0.288,-0.191,2024-07-25,00Z-ECE,GWUS
2024-07-31,9.277,-0.277,,-0.328,0.022,2024-07-25,00Z-ECE,GWUS
2024-08-01,9.94,0.404,,-0.364,-0.159,2024-07-25,00Z-ECE,GWUS
2024-08-02,10.049,0.534,,-0.347,-0.374,2024-07-25,00Z-ECE,GWUS
2024-08-03,9.777,0.285,,-0.424,-0.674,2024-07-25,00Z-ECE,GWUS
2024-08-04,9.59,0.123,,-0.438,-0.788,2024-07-25,00Z-ECE,GWUS
2024-08-05,9.834,0.394,,-0.333,-0.734,2024-07-25,00Z-ECE,GWUS
2024-08-06,10.162,0.752,,-0.182,-0.585,2024-07-25,00Z-ECE,GWUS
2024-08-07,10.266,0.888,,-0.278,-0.412,2024-07-25,00Z-ECE,GWUS
2024-08-08,9.978,0.6,,,,2024-07-25,00Z-ECE,GWUS
2024-07-26,5.871,-3.719,0.046,0.042,-0.214,2024-07-26,00Z-ECE,GWUS
2024-07-27,6.234,-3.364,0.009,0.107,-0.144,2024-07-26,00Z-ECE,GWUS
2024-07-28,7.103,-2.48,0.098,0.153,-0.105,2024-07-26,00Z-ECE,GWUS
2024-07-29,7.695,-1.895,0.035,-0.14,-0.213,2024-07-26,00Z-ECE,GWUS
2024-07-30,8.343,-1.225,0.18,-0.067,0.048,2024-07-26,00Z-ECE,GWUS
2024-07-31,9.044,-0.499,,-0.181,-0.233,2024-07-26,00Z-ECE,GWUS
2024-08-01,9.809,0.302,,-0.055,-0.131,2024-07-26,00Z-ECE,GWUS
2024-08-02,10.22,0.703,,0.102,0.17,2024-07-26,00Z-ECE,GWUS
2024-08-03,10.165,0.672,,0.16,0.387,2024-07-26,00Z-ECE,GWUS
2024-08-04,10.077,0.609,,0.131,0.486,2024-07-26,00Z-ECE,GWUS
2024-08-05,10.129,0.689,,-0.073,0.295,2024-07-26,00Z-ECE,GWUS
2024-08-06,10.301,0.892,,-0.089,0.139,2024-07-26,00Z-ECE,GWUS
2024-08-07,10.294,0.916,,0.079,0.028,2024-07-26,00Z-ECE,GWUS
2024-08-08,9.632,0.29,,-0.044,-0.285,2024-07-26,00Z-ECE,GWUS
2024-08-09,9.073,-0.268,,,,2024-07-26,00Z-ECE,GWUS
2024-07-27,6.002,-3.596,-0.087,-0.132,-0.231,2024-07-27,00Z-ECE,GWUS
2024-07-28,6.876,-2.715,-0.027,-0.085,-0.226,2024-07-27,00Z-ECE,GWUS
2024-07-29,7.607,-1.974,0.102,0.099,-0.088,2024-07-27,00Z-ECE,GWUS
2024-07-30,8.434,-1.135,0.156,0.242,0.091,2024-07-27,00Z-ECE,GWUS
2024-07-31,9.325,-0.229,0.057,0.203,0.281,2024-07-27,00Z-ECE,GWUS
2024-08-01,10.064,0.528,,0.217,0.255,2024-07-27,00Z-ECE,GWUS
2024-08-02,10.237,0.722,,0.217,0.018,2024-07-27,00Z-ECE,GWUS
2024-08-03,10.015,0.522,,0.027,-0.149,2024-07-27,00Z-ECE,GWUS
2024-08-04,9.658,0.19,,-0.391,-0.419,2024-07-27,00Z-ECE,GWUS
2024-08-05,9.617,0.177,,-0.509,-0.512,2024-07-27,00Z-ECE,GWUS
2024-08-06,9.767,0.357,,-0.391,-0.535,2024-07-27,00Z-ECE,GWUS
2024-08-07,9.814,0.437,,0.021,-0.48,2024-07-27,00Z-ECE,GWUS
2024-08-08,9.387,0.044,,0.096,-0.245,2024-07-27,00Z-ECE,GWUS
2024-08-09,8.897,-0.41,,-0.29,-0.15,2024-07-27,00Z-ECE,GWUS
2024-08-10,8.725,-0.581,,,,2024-07-27,00Z-ECE,GWUS
2024-07-28,6.696,-2.887,0.041,-0.117,-0.181,2024-07-28,00Z-ECE,GWUS
2024-07-29,7.45,-2.132,0.067,0.004,-0.158,2024-07-28,00Z-ECE,GWUS
2024-07-30,8.425,-1.156,0.117,0.131,-0.009,2024-07-28,00Z-ECE,GWUS
2024-07-31,9.435,-0.132,0.253,0.216,0.11,2024-07-28,00Z-ECE,GWUS
2024-08-01,9.982,0.433,0.169,0.012,-0.082,2024-07-28,00Z-ECE,GWUS
2024-08-02,9.83,0.322,,-0.295,-0.407,2024-07-28,00Z-ECE,GWUS
2024-08-03,9.717,0.215,,-0.183,-0.298,2024-07-28,00Z-ECE,GWUS
2024-08-04,9.253,-0.159,,-0.269,-0.405,2024-07-28,00Z-ECE,GWUS
2024-08-05,9.006,-0.383,,-0.238,-0.611,2024-07-28,00Z-ECE,GWUS
2024-08-06,9.308,-0.039,,-0.144,-0.458,2024-07-28,00Z-ECE,GWUS
2024-08-07,9.641,0.254,,0.115,-0.173,2024-07-28,00Z-ECE,GWUS
2024-08-08,9.609,0.267,,0.331,0.222,2024-07-28,00Z-ECE,GWUS
2024-08-09,9.381,0.036,,0.394,0.484,2024-07-28,00Z-ECE,GWUS
2024-08-10,9.01,-0.274,,0.249,0.324,2024-07-28,00Z-ECE,GWUS
2024-08-11,8.81,-0.457,,,,2024-07-28,00Z-ECE,GWUS
2024-07-29,7.342,-2.239,0.071,-0.046,-0.108,2024-07-29,00Z-ECE,GWUS
2024-07-30,8.358,-1.21,0.224,0.171,-0.067,2024-07-29,00Z-ECE,GWUS
2024-07-31,9.524,-0.03,0.184,0.091,0.089,2024-07-29,00Z-ECE,GWUS
2024-08-01,10.395,0.859,0.484,0.32,0.413,2024-07-29,00Z-ECE,GWUS
2024-08-02,9.929,0.414,0.297,0.011,0.099,2024-07-29,00Z-ECE,GWUS
2024-08-03,9.739,0.246,,-0.083,0.021,2024-07-29,00Z-ECE,GWUS
2024-08-04,9.587,0.119,,-0.122,0.334,2024-07-29,00Z-ECE,GWUS
2024-08-05,9.711,0.271,,-0.003,0.704,2024-07-29,00Z-ECE,GWUS
2024-08-06,10.072,0.662,,-0.081,0.764,2024-07-29,00Z-ECE,GWUS
2024-08-07,9.987,0.61,,-0.154,0.347,2024-07-29,00Z-ECE,GWUS
2024-08-08,9.335,-0.008,,-0.266,-0.275,2024-07-29,00Z-ECE,GWUS
2024-08-09,8.68,-0.626,,-0.502,-0.701,2024-07-29,00Z-ECE,GWUS
2024-08-10,8.323,-0.945,,-0.614,-0.687,2024-07-29,00Z-ECE,GWUS
2024-08-11,8.297,-0.93,,-0.491,-0.494,2024-07-29,00Z-ECE,GWUS
2024-08-12,8.397,-0.83,,,,2024-07-29,00Z-ECE,GWUS
2024-07-30,8.537,-1.031,0.141,0.012,0.179,2024-07-30,00Z-ECE,GWUS
2024-07-31,9.642,0.088,0.118,-0.113,0.118,2024-07-30,00Z-ECE,GWUS
2024-08-01,10.244,0.708,0.173,0.061,-0.151,2024-07-30,00Z-ECE,GWUS
2024-08-02,9.858,0.342,0.302,0.028,-0.072,2024-07-30,00Z-ECE,GWUS
2024-08-03,9.806,0.313,0.265,0.064,0.068,2024-07-30,00Z-ECE,GWUS
2024-08-04,9.505,0.037,,0.12,-0.082,2024-07-30,00Z-ECE,GWUS
2024-08-05,9.611,0.171,,0.175,-0.099,2024-07-30,00Z-ECE,GWUS
2024-08-06,10.136,0.727,,0.167,0.064,2024-07-30,00Z-ECE,GWUS
2024-08-07,9.94,0.562,,-0.165,-0.048,2024-07-30,00Z-ECE,GWUS
2024-08-08,9.465,0.122,,-0.142,0.13,2024-07-30,00Z-ECE,GWUS
2024-08-09,9.111,-0.195,,-0.026,0.431,2024-07-30,00Z-ECE,GWUS
2024-08-10,8.866,-0.401,,0.17,0.544,2024-07-30,00Z-ECE,GWUS
2024-08-11,8.606,-0.621,,0.146,0.309,2024-07-30,00Z-ECE,GWUS
2024-08-12,8.307,-0.877,,0.08,-0.062,2024-07-30,00Z-ECE,GWUS
2024-08-13,8.261,-0.923,,,,2024-07-30,00Z-ECE,GWUS
2024-08-01,9.665,0.129,-0.195,-0.407,,2024-08-01,00Z-ECE,GWUS
2024-08-02,9.417,-0.099,-0.127,,,2024-08-01,00Z-ECE,GWUS
2024-08-03,9.532,0.039,-0.052,,,2024-08-01,00Z-ECE,GWUS
2024-08-04,9.331,-0.137,-0.038,-3.754,,2024-08-01,00Z-ECE,GWUS
2024-08-05,9.491,0.051,0.034,,,2024-08-01,00Z-ECE,GWUS
2024-08-06,9.251,-0.159,,,,2024-08-01,00Z-ECE,GWUS
2024-08-07,8.647,-0.73,,,,2024-08-01,00Z-ECE,GWUS
2024-08-08,8.159,-1.184,,,,2024-08-01,00Z-ECE,GWUS
2024-08-09,7.951,-1.355,,,,2024-08-01,00Z-ECE,GWUS
2024-08-10,8.104,-1.163,,,,2024-08-01,00Z-ECE,GWUS
2024-08-11,8.477,-0.749,,,,2024-08-01,00Z-ECE,GWUS
2024-08-12,8.826,-0.359,,,,2024-08-01,00Z-ECE,GWUS
2024-08-13,8.984,-0.157,,,,2024-08-01,00Z-ECE,GWUS
2024-08-14,8.947,-0.148,,,,2024-08-01,00Z-ECE,GWUS
2024-08-15,9.038,-0.057,,,,2024-08-01,00Z-ECE,GWUS
2024-08-02,9.3,-0.216,0.078,-0.08,-0.117,2024-08-02,00Z-ECE,GWUS
2024-08-03,9.452,-0.041,0.078,0.116,-0.08,2024-08-02,00Z-ECE,GWUS
2024-08-04,9.247,-0.221,0.039,0.088,-0.084,2024-08-02,00Z-ECE,GWUS
2024-08-05,10.04,0.6,0.173,0.201,0.549,2024-08-02,00Z-ECE,GWUS
2024-08-06,9.713,0.303,-0.047,-0.108,0.462,2024-08-02,00Z-ECE,GWUS
2024-08-07,8.687,-0.69,,0.012,0.04,2024-08-02,00Z-ECE,GWUS
2024-08-08,8.489,-0.854,,0.248,0.33,2024-08-02,00Z-ECE,GWUS
2024-08-09,8.29,-1.016,,0.104,0.339,2024-08-02,00Z-ECE,GWUS
2024-08-10,8.432,-0.836,,-0.181,0.327,2024-08-02,00Z-ECE,GWUS
2024-08-11,8.724,-0.502,,-0.474,0.247,2024-08-02,00Z-ECE,GWUS
2024-08-12,8.953,-0.232,,-0.492,0.127,2024-08-02,00Z-ECE,GWUS
2024-08-13,8.907,-0.233,,-0.442,-0.077,2024-08-02,00Z-ECE,GWUS
2024-08-14,8.776,-0.319,,-0.529,-0.171,2024-08-02,00Z-ECE,GWUS
2024-08-15,8.955,-0.093,,-0.259,-0.056,2024-08-02,00Z-ECE,GWUS
2024-08-16,9.039,-0.009,,,,2024-08-02,00Z-ECE,GWUS
2024-08-03,9.094,-0.407,-0.281,-0.217,-0.358,2024-08-03,00Z-ECE,GWUS
2024-08-04,9.012,-0.459,-0.174,-0.242,-0.235,2024-08-03,00Z-ECE,GWUS
2024-08-05,9.822,0.377,0.091,-0.019,-0.218,2024-08-03,00Z-ECE,GWUS
2024-08-06,9.252,-0.153,0.006,0.016,-0.461,2024-08-03,00Z-ECE,GWUS
2024-08-07,8.314,-1.076,-0.008,-0.151,-0.373,2024-08-03,00Z-ECE,GWUS
2024-08-08,8.098,-1.244,,-0.356,-0.391,2024-08-03,00Z-ECE,GWUS
2024-08-09,8.177,-1.117,,-0.152,-0.113,2024-08-03,00Z-ECE,GWUS
2024-08-10,8.193,-1.103,,-0.199,-0.239,2024-08-03,00Z-ECE,GWUS
2024-08-11,8.012,-1.197,,-0.428,-0.713,2024-08-03,00Z-ECE,GWUS
2024-08-12,8.073,-1.175,,-0.412,-0.879,2024-08-03,00Z-ECE,GWUS
2024-08-13,8.328,-0.8,,-0.273,-0.579,2024-08-03,00Z-ECE,GWUS
2024-08-14,8.616,-0.478,,-0.203,-0.16,2024-08-03,00Z-ECE,GWUS
2024-08-15,8.881,-0.189,,0.006,-0.075,2024-08-03,00Z-ECE,GWUS
2024-08-16,8.888,-0.098,,0.082,-0.132,2024-08-03,00Z-ECE,GWUS
2024-08-17,8.796,-0.196,,,,2024-08-03,00Z-ECE,GWUS
2024-08-04,8.669,-0.798,-0.194,-0.36,-0.342,2024-08-04,00Z-ECE,GWUS
2024-08-05,9.552,0.112,0.029,-0.186,-0.271,2024-08-04,00Z-ECE,GWUS
2024-08-06,9.165,-0.245,0.034,-0.074,-0.087,2024-08-04,00Z-ECE,GWUS
2024-08-07,8.329,-1.048,0.022,0.076,0.015,2024-08-04,00Z-ECE,GWUS
2024-08-08,8.236,-1.107,0.084,0.156,0.138,2024-08-04,00Z-ECE,GWUS
2024-08-09,8.427,-0.879,,0.243,0.25,2024-08-04,00Z-ECE,GWUS
2024-08-10,8.703,-0.565,,0.451,0.51,2024-08-04,00Z-ECE,GWUS
2024-08-11,8.346,-0.881,,0.205,0.334,2024-08-04,00Z-ECE,GWUS
2024-08-12,8.124,-1.06,,-0.057,0.051,2024-08-04,00Z-ECE,GWUS
2024-08-13,8.215,-0.926,,-0.217,-0.113,2024-08-04,00Z-ECE,GWUS
2024-08-14,8.513,-0.581,,-0.162,-0.103,2024-08-04,00Z-ECE,GWUS
2024-08-15,8.605,-0.442,,-0.144,-0.275,2024-08-04,00Z-ECE,GWUS
2024-08-16,8.645,-0.355,,-0.176,-0.244,2024-08-04,00Z-ECE,GWUS
2024-08-17,8.507,-0.443,,-0.378,-0.271,2024-08-04,00Z-ECE,GWUS
2024-08-18,8.481,-0.469,,,,2024-08-04,00Z-ECE,GWUS
2024-08-05,9.084,-0.356,-0.014,-0.218,-0.468,2024-08-05,00Z-ECE,GWUS
2024-08-06,8.964,-0.446,0.139,-0.156,-0.201,2024-08-05,00Z-ECE,GWUS
2024-08-07,8.214,-1.164,0.039,-0.076,-0.115,2024-08-05,00Z-ECE,GWUS
2024-08-08,8.246,-1.097,0.061,0.037,0.01,2024-08-05,00Z-ECE,GWUS
2024-08-09,8.393,-0.913,0.077,-0.008,-0.034,2024-08-05,00Z-ECE,GWUS
2024-08-10,8.525,-0.742,,-0.127,-0.177,2024-08-05,00Z-ECE,GWUS
2024-08-11,8.14,-1.087,,-0.028,-0.205,2024-08-05,00Z-ECE,GWUS
2024-08-12,7.994,-1.19,,0.05,-0.13,2024-08-05,00Z-ECE,GWUS
2024-08-13,8.222,-0.919,,0.038,0.007,2024-08-05,00Z-ECE,GWUS
2024-08-14,8.664,-0.431,,0.012,0.151,2024-08-05,00Z-ECE,GWUS
2024-08-15,8.693,-0.355,,-0.168,0.088,2024-08-05,00Z-ECE,GWUS
2024-08-16,8.625,-0.374,,-0.149,-0.019,2024-08-05,00Z-ECE,GWUS
2024-08-17,8.834,-0.116,,0.23,0.327,2024-08-05,00Z-ECE,GWUS
2024-08-18,9.099,0.199,,0.44,0.632,2024-08-05,00Z-ECE,GWUS
2024-08-19,9.238,0.338,,,,2024-08-05,00Z-ECE,GWUS
2024-08-06,8.575,-0.834,-0.13,-0.346,-0.388,2024-08-06,00Z-ECE,GWUS
2024-08-07,8.001,-1.376,-0.051,-0.211,-0.213,2024-08-06,00Z-ECE,GWUS
2024-08-08,8.146,-1.197,0.058,0.004,-0.1,2024-08-06,00Z-ECE,GWUS
2024-08-09,8.267,-1.039,0.083,-0.024,-0.127,2024-08-06,00Z-ECE,GWUS
2024-08-10,8.317,-0.95,0.093,0.08,-0.208,2024-08-06,00Z-ECE,GWUS
2024-08-11,7.814,-1.413,,0.152,-0.326,2024-08-06,00Z-ECE,GWUS
2024-08-12,7.789,-1.396,,0.157,-0.205,2024-08-06,00Z-ECE,GWUS
2024-08-13,7.991,-1.149,,0.094,-0.231,2024-08-06,00Z-ECE,GWUS
2024-08-14,8.337,-0.758,,-0.097,-0.327,2024-08-06,00Z-ECE,GWUS
2024-08-15,8.513,-0.535,,-0.198,-0.181,2024-08-06,00Z-ECE,GWUS
2024-08-16,8.79,-0.21,,0.109,0.164,2024-08-06,00Z-ECE,GWUS
2024-08-17,8.864,-0.086,,0.287,0.03,2024-08-06,00Z-ECE,GWUS
2024-08-18,8.913,0.013,,0.303,-0.186,2024-08-06,00Z-ECE,GWUS
2024-08-19,8.942,0.093,,0.175,-0.29,2024-08-06,00Z-ECE,GWUS
2024-08-20,8.986,0.138,,,,2024-08-06,00Z-ECE,GWUS
2024-08-07,7.644,-1.733,-0.167,-0.354,-0.357,2024-08-07,00Z-ECE,GWUS
2024-08-08,7.933,-1.41,0.065,-0.111,-0.213,2024-08-07,00Z-ECE,GWUS
2024-08-09,8.049,-1.257,0.123,-0.043,-0.218,2024-08-07,00Z-ECE,GWUS
2024-08-10,8.183,-1.085,0.047,-0.145,-0.135,2024-08-07,00Z-ECE,GWUS
2024-08-11,7.869,-1.358,0.027,-0.001,0.055,2024-08-07,00Z-ECE,GWUS
2024-08-12,7.797,-1.388,,0.119,0.008,2024-08-07,00Z-ECE,GWUS
2024-08-13,8.121,-1.019,,0.194,0.13,2024-08-07,00Z-ECE,GWUS
2024-08-14,8.395,-0.7,,0.181,0.057,2024-08-07,00Z-ECE,GWUS
2024-08-15,8.646,-0.402,,0.27,0.134,2024-08-07,00Z-ECE,GWUS
2024-08-16,8.798,-0.201,,0.388,0.009,2024-08-07,00Z-ECE,GWUS
2024-08-17,8.847,-0.103,,0.332,-0.017,2024-08-07,00Z-ECE,GWUS
2024-08-18,8.889,-0.011,,0.261,-0.024,2024-08-07,00Z-ECE,GWUS
2024-08-19,9.026,0.177,,0.236,0.084,2024-08-07,00Z-ECE,GWUS
2024-08-20,9.226,0.43,,0.494,0.25,2024-08-07,00Z-ECE,GWUS
2024-08-21,9.292,0.495,,,,2024-08-07,00Z-ECE,GWUS
2024-08-08,7.515,-1.828,-0.173,-0.383,-0.418,2024-08-08,00Z-ECE,GWUS
2024-08-09,7.601,-1.705,-0.002,-0.238,-0.448,2024-08-08,00Z-ECE,GWUS
2024-08-10,7.806,-1.462,-0.003,-0.098,-0.377,2024-08-08,00Z-ECE,GWUS
2024-08-11,7.379,-1.848,-0.035,-0.16,-0.49,2024-08-08,00Z-ECE,GWUS
2024-08-12,7.329,-1.856,-0.073,-0.11,-0.468,2024-08-08,00Z-ECE,GWUS
2024-08-13,7.641,-1.499,,-0.144,-0.48,2024-08-08,00Z-ECE,GWUS
2024-08-14,8.065,-1.03,,-0.088,-0.33,2024-08-08,00Z-ECE,GWUS
2024-08-15,8.333,-0.714,,-0.04,-0.313,2024-08-08,00Z-ECE,GWUS
2024-08-16,8.351,-0.648,,0.052,-0.447,2024-08-08,00Z-ECE,GWUS
2024-08-17,8.375,-0.575,,0.085,-0.472,2024-08-08,00Z-ECE,GWUS
2024-08-18,8.655,-0.245,,0.14,-0.234,2024-08-08,00Z-ECE,GWUS
2024-08-19,8.969,0.121,,0.151,-0.056,2024-08-08,00Z-ECE,GWUS
2024-08-20,9.291,0.494,,0.263,0.064,2024-08-08,00Z-ECE,GWUS
2024-08-21,9.243,0.499,,0.129,-0.03,2024-08-08,00Z-ECE,GWUS
2024-08-22,9.232,0.488,,,,2024-08-08,00Z-ECE,GWUS
2024-08-09,7.081,-2.225,-0.146,-0.385,-0.519,2024-08-09,00Z-ECE,GWUS
2024-08-10,7.545,-1.722,-0.046,-0.252,-0.261,2024-08-09,00Z-ECE,GWUS
2024-08-11,7.282,-1.945,-0.102,-0.225,-0.097,2024-08-09,00Z-ECE,GWUS
2024-08-12,7.281,-1.904,-0.035,-0.146,-0.048,2024-08-09,00Z-ECE,GWUS
2024-08-13,7.683,-1.458,0.06,-0.011,0.042,2024-08-09,00Z-ECE,GWUS
2024-08-14,8.035,-1.06,,-0.063,-0.03,2024-08-09,00Z-ECE,GWUS
2024-08-15,8.424,-0.624,,-0.032,0.09,2024-08-09,00Z-ECE,GWUS
2024-08-16,8.493,-0.507,,-0.025,0.142,2024-08-09,00Z-ECE,GWUS
2024-08-17,8.322,-0.628,,-0.168,-0.053,2024-08-09,00Z-ECE,GWUS
2024-08-18,8.386,-0.514,,-0.165,-0.269,2024-08-09,00Z-ECE,GWUS
2024-08-19,8.512,-0.337,,-0.149,-0.458,2024-08-09,00Z-ECE,GWUS
2024-08-20,8.77,-0.027,,-0.028,-0.521,2024-08-09,00Z-ECE,GWUS
2024-08-21,8.842,0.098,,-0.129,-0.401,2024-08-09,00Z-ECE,GWUS
2024-08-22,8.767,0.075,,-0.14,-0.461,2024-08-09,00Z-ECE,GWUS
2024-08-23,8.764,0.072,,,,2024-08-09,00Z-ECE,GWUS
2024-08-10,7.274,-1.993,0.008,-0.182,-0.271,2024-08-10,00Z-ECE,GWUS
2024-08-11,7.118,-2.109,0.005,-0.067,-0.163,2024-08-10,00Z-ECE,GWUS
2024-08-12,7.207,-1.978,0.045,-0.11,-0.074,2024-08-10,00Z-ECE,GWUS
2024-08-13,7.525,-1.616,0.064,-0.14,-0.158,2024-08-10,00Z-ECE,GWUS
2024-08-14,7.846,-1.249,-0.048,-0.301,-0.189,2024-08-10,00Z-ECE,GWUS
2024-08-15,8.224,-0.824,,-0.351,-0.2,2024-08-10,00Z-ECE,GWUS
2024-08-16,8.155,-0.845,,-0.186,-0.338,2024-08-10,00Z-ECE,GWUS
2024-08-17,7.977,-0.973,,-0.203,-0.345,2024-08-10,00Z-ECE,GWUS
2024-08-18,8.177,-0.723,,-0.156,-0.209,2024-08-10,00Z-ECE,GWUS
2024-08-19,8.4,-0.448,,-0.314,-0.112,2024-08-10,00Z-ECE,GWUS
2024-08-20,8.674,-0.123,,-0.268,-0.096,2024-08-10,00Z-ECE,GWUS
2024-08-21,8.62,-0.124,,-0.421,-0.222,2024-08-10,00Z-ECE,GWUS
2024-08-22,8.469,-0.223,,-0.544,-0.298,2024-08-10,00Z-ECE,GWUS
2024-08-23,8.466,-0.173,,-0.46,-0.279,2024-08-10,00Z-ECE,GWUS
2024-08-24,8.591,-0.048,,,,2024-08-10,00Z-ECE,GWUS
2024-08-11,6.833,-2.393,-0.118,-0.268,-0.285,2024-08-11,00Z-ECE,GWUS
2024-08-12,7.204,-1.981,0.085,-0.057,-0.003,2024-08-11,00Z-ECE,GWUS
2024-08-13,7.45,-1.691,0.133,0.017,-0.075,2024-08-11,00Z-ECE,GWUS
2024-08-14,7.84,-1.255,0.15,0.018,-0.006,2024-08-11,00Z-ECE,GWUS
2024-08-15,8.138,-0.91,0.06,0.099,-0.086,2024-08-11,00Z-ECE,GWUS
2024-08-16,8.227,-0.772,,0.195,0.072,2024-08-11,00Z-ECE,GWUS
2024-08-17,8.257,-0.693,,0.293,0.28,2024-08-11,00Z-ECE,GWUS
2024-08-18,8.477,-0.423,,0.141,0.3,2024-08-11,00Z-ECE,GWUS
2024-08-19,8.666,-0.182,,-0.096,0.266,2024-08-11,00Z-ECE,GWUS
2024-08-20,9.003,0.206,,-0.038,0.329,2024-08-11,00Z-ECE,GWUS
2024-08-21,9.126,0.382,,-0.035,0.506,2024-08-11,00Z-ECE,GWUS
2024-08-22,9.045,0.353,,-0.099,0.577,2024-08-11,00Z-ECE,GWUS
2024-08-23,8.987,0.348,,-0.013,0.522,2024-08-11,00Z-ECE,GWUS
2024-08-24,8.964,0.378,,-0.091,0.38,2024-08-11,00Z-ECE,GWUS
2024-08-25,8.854,0.268,,,,2024-08-11,00Z-ECE,GWUS
2024-08-12,6.832,-2.353,-0.121,-0.246,-0.372,2024-08-12,00Z-ECE,GWUS
2024-08-13,7.252,-1.888,0.035,-0.099,-0.198,2024-08-12,00Z-ECE,GWUS
2024-08-14,7.728,-1.367,0.024,-0.058,-0.112,2024-08-12,00Z-ECE,GWUS
2024-08-15,8.199,-0.849,0.04,0.064,0.061,2024-08-12,00Z-ECE,GWUS
2024-08-16,8.478,-0.522,0.07,0.116,0.25,2024-08-12,00Z-ECE,GWUS
2024-08-17,8.341,-0.609,,-0.088,0.084,2024-08-12,00Z-ECE,GWUS
2024-08-18,8.371,-0.529,,-0.091,-0.106,2024-08-12,00Z-ECE,GWUS
2024-08-19,8.47,-0.379,,-0.065,-0.196,2024-08-12,00Z-ECE,GWUS
2024-08-20,8.637,-0.16,,-0.006,-0.366,2024-08-12,00Z-ECE,GWUS
2024-08-21,8.622,-0.122,,0.126,-0.504,2024-08-12,00Z-ECE,GWUS
2024-08-22,8.305,-0.387,,0.017,-0.74,2024-08-12,00Z-ECE,GWUS
2024-08-23,8.182,-0.457,,0.034,-0.805,2024-08-12,00Z-ECE,GWUS
2024-08-24,8.441,-0.144,,0.12,-0.523,2024-08-12,00Z-ECE,GWUS
2024-08-25,8.625,0.092,,0.324,-0.219,2024-08-12,00Z-ECE,GWUS
2024-08-26,8.659,0.126,,,,2024-08-12,00Z-ECE,GWUS
2024-08-13,6.965,-2.176,-0.037,-0.131,-0.287,2024-08-13,00Z-ECE,GWUS
2024-08-14,7.499,-1.596,-0.03,-0.12,-0.229,2024-08-13,00Z-ECE,GWUS
2024-08-15,8.072,-0.976,0.013,-0.012,-0.127,2024-08-13,00Z-ECE,GWUS
2024-08-16,8.485,-0.514,0.123,0.144,0.008,2024-08-13,00Z-ECE,GWUS
2024-08-17,8.109,-0.841,-0.018,-0.037,-0.232,2024-08-13,00Z-ECE,GWUS
2024-08-18,8.198,-0.701,,-0.043,-0.173,2024-08-13,00Z-ECE,GWUS
2024-08-19,8.355,-0.494,,0.038,-0.115,2024-08-13,00Z-ECE,GWUS
2024-08-20,8.498,-0.299,,0.215,-0.139,2024-08-13,00Z-ECE,GWUS
2024-08-21,8.619,-0.125,,0.487,-0.003,2024-08-13,00Z-ECE,GWUS
2024-08-22,8.332,-0.359,,0.218,0.027,2024-08-13,00Z-ECE,GWUS
2024-08-23,8.263,-0.376,,0.074,0.081,2024-08-13,00Z-ECE,GWUS
2024-08-24,8.427,-0.159,,0.103,-0.014,2024-08-13,00Z-ECE,GWUS
2024-08-25,8.703,0.17,,0.467,0.079,2024-08-13,00Z-ECE,GWUS
2024-08-26,8.804,0.323,,0.515,0.168,2024-08-13,00Z-ECE,GWUS
2024-08-27,8.699,0.218,,,,2024-08-13,00Z-ECE,GWUS
2024-08-14,7.543,-1.552,0.208,0.032,0.045,2024-08-14,00Z-ECE,GWUS
2024-08-15,8.148,-0.9,0.233,0.126,0.076,2024-08-14,00Z-ECE,GWUS
2024-08-16,8.421,-0.578,0.289,0.229,-0.064,2024-08-14,00Z-ECE,GWUS
2024-08-17,7.785,-1.166,0.034,-0.03,-0.324,2024-08-14,00Z-ECE,GWUS
2024-08-18,7.893,-1.006,0.136,0.065,-0.305,2024-08-14,00Z-ECE,GWUS
2024-08-19,8.41,-0.438,,0.144,0.055,2024-08-14,00Z-ECE,GWUS
2024-08-20,8.718,-0.078,,0.303,0.221,2024-08-14,00Z-ECE,GWUS
2024-08-21,8.474,-0.27,,0.131,-0.145,2024-08-14,00Z-ECE,GWUS
2024-08-22,7.953,-0.738,,0.011,-0.379,2024-08-14,00Z-ECE,GWUS
2024-08-23,7.805,-0.834,,-0.047,-0.458,2024-08-14,00Z-ECE,GWUS
2024-08-24,7.956,-0.63,,-0.069,-0.471,2024-08-14,00Z-ECE,GWUS
2024-08-25,8.225,-0.308,,-0.006,-0.478,2024-08-14,00Z-ECE,GWUS
2024-08-26,8.399,-0.081,,0.08,-0.405,2024-08-14,00Z-ECE,GWUS
2024-08-27,8.626,0.197,,0.292,-0.069,2024-08-14,00Z-ECE,GWUS
2024-08-28,8.71,0.281,,,,2024-08-14,00Z-ECE,GWUS
2024-08-15,7.95,-1.098,0.146,-0.019,-0.198,2024-08-15,00Z-ECE,GWUS
2024-08-16,8.521,-0.478,0.064,0.028,0.1,2024-08-15,00Z-ECE,GWUS
2024-08-17,7.93,-1.02,0.109,0.08,0.146,2024-08-15,00Z-ECE,GWUS
2024-08-18,7.596,-1.304,0.142,-0.006,-0.297,2024-08-15,00Z-ECE,GWUS
2024-08-19,7.789,-1.06,0.095,-0.001,-0.621,2024-08-15,00Z-ECE,GWUS
2024-08-20,7.74,-1.057,,-0.104,-0.978,2024-08-15,00Z-ECE,GWUS
2024-08-21,7.875,-0.869,,0.09,-0.599,2024-08-15,00Z-ECE,GWUS
2024-08-22,7.487,-1.205,,-0.031,-0.467,2024-08-15,00Z-ECE,GWUS
2024-08-23,7.405,-1.234,,-0.198,-0.4,2024-08-15,00Z-ECE,GWUS
2024-08-24,7.709,-0.877,,-0.246,-0.247,2024-08-15,00Z-ECE,GWUS
2024-08-25,8.065,-0.468,,-0.09,-0.161,2024-08-15,00Z-ECE,GWUS
2024-08-26,8.444,-0.037,,0.097,0.044,2024-08-15,00Z-ECE,GWUS
2024-08-27,8.7,0.27,,0.038,0.073,2024-08-15,00Z-ECE,GWUS
2024-08-28,8.954,0.576,,0.182,0.248,2024-08-15,00Z-ECE,GWUS
2024-08-29,9.014,0.636,,,,2024-08-15,00Z-ECE,GWUS
2024-08-16,8.487,-0.513,0.342,0.197,-0.035,2024-08-16,00Z-ECE,GWUS
2024-08-17,7.933,-1.017,0.185,0.121,0.003,2024-08-16,00Z-ECE,GWUS
2024-08-18,7.613,-1.287,0.229,0.111,0.017,2024-08-16,00Z-ECE,GWUS
2024-08-19,7.879,-0.969,0.311,0.268,0.09,2024-08-16,00Z-ECE,GWUS
2024-08-20,7.762,-1.035,0.41,0.361,0.022,2024-08-16,00Z-ECE,GWUS
2024-08-21,7.755,-0.99,,0.386,-0.12,2024-08-16,00Z-ECE,GWUS
2024-08-22,7.356,-1.336,,0.282,-0.131,2024-08-16,00Z-ECE,GWUS
2024-08-23,7.28,-1.359,,0.138,-0.125,2024-08-16,00Z-ECE,GWUS
2024-08-24,7.646,-0.94,,0.042,-0.063,2024-08-16,00Z-ECE,GWUS
2024-08-25,8.044,-0.49,,-0.211,-0.021,2024-08-16,00Z-ECE,GWUS
2024-08-26,8.276,-0.205,,-0.291,-0.167,2024-08-16,00Z-ECE,GWUS
2024-08-27,8.382,-0.047,,-0.51,-0.317,2024-08-16,00Z-ECE,GWUS
2024-08-28,8.552,0.173,,-0.381,-0.403,2024-08-16,00Z-ECE,GWUS
2024-08-29,8.49,0.162,,-0.343,-0.513,2024-08-16,00Z-ECE,GWUS
2024-08-30,8.192,-0.136,,,,2024-08-16,00Z-ECE,GWUS
2024-08-17,7.701,-1.249,0.068,-0.016,-0.232,2024-08-17,00Z-ECE,GWUS
2024-08-18,7.7,-1.215,0.25,0.111,0.087,2024-08-17,00Z-ECE,GWUS
2024-08-19,7.917,-0.915,0.11,0.082,0.037,2024-08-17,00Z-ECE,GWUS
2024-08-20,7.865,-0.918,0.194,0.16,0.103,2024-08-17,00Z-ECE,GWUS
2024-08-21,7.77,-0.984,0.171,0.209,0.015,2024-08-17,00Z-ECE,GWUS
2024-08-22,7.286,-1.379,,0.13,-0.07,2024-08-17,00Z-ECE,GWUS
2024-08-23,7.428,-1.203,,0.243,0.148,2024-08-17,00Z-ECE,GWUS
2024-08-24,8.05,-0.549,,0.235,0.404,2024-08-17,00Z-ECE,GWUS
2024-08-25,8.608,0.09,,0.117,0.565,2024-08-17,00Z-ECE,GWUS
2024-08-26,8.983,0.419,,0.089,0.707,2024-08-17,00Z-ECE,GWUS
2024-08-27,9.1,0.669,,0.026,0.717,2024-08-17,00Z-ECE,GWUS
2024-08-28,8.982,0.565,,-0.022,0.43,2024-08-17,00Z-ECE,GWUS
2024-08-29,8.594,0.339,,-0.009,0.104,2024-08-17,00Z-ECE,GWUS
2024-08-30,8.173,-0.089,,0.081,-0.003,2024-08-17,00Z-ECE,GWUS
2024-08-31,7.916,-0.372,,,,2024-08-17,00Z-ECE,GWUS
2024-08-18,7.367,-1.532,-0.032,-0.073,-0.332,2024-08-18,00Z-ECE,GWUS
2024-08-19,7.873,-0.976,0.057,0.02,-0.044,2024-08-18,00Z-ECE,GWUS
2024-08-20,7.555,-1.242,-0.155,-0.169,-0.31,2024-08-18,00Z-ECE,GWUS
2024-08-21,7.677,-1.067,-0.163,-0.195,-0.093,2024-08-18,00Z-ECE,GWUS
2024-08-22,7.25,-1.442,-0.094,-0.022,-0.036,2024-08-18,00Z-ECE,GWUS
2024-08-23,7.483,-1.156,,0.032,0.055,2024-08-18,00Z-ECE,GWUS
2024-08-24,8.252,-0.334,,0.065,0.202,2024-08-18,00Z-ECE,GWUS
2024-08-25,8.987,0.454,,0.009,0.379,2024-08-18,00Z-ECE,GWUS
2024-08-26,9.435,0.954,,0.067,0.451,2024-08-18,00Z-ECE,GWUS
2024-08-27,9.231,0.802,,0.048,0.131,2024-08-18,00Z-ECE,GWUS
2024-08-28,8.928,0.55,,0.29,-0.054,2024-08-18,00Z-ECE,GWUS
2024-08-29,8.494,0.166,,0.376,-0.099,2024-08-18,00Z-ECE,GWUS
2024-08-30,8.209,-0.07,,0.474,0.036,2024-08-18,00Z-ECE,GWUS
2024-08-31,7.962,-0.27,,0.345,0.041,2024-08-18,00Z-ECE,GWUS
2024-09-01,7.906,-0.326,,,,2024-08-18,00Z-ECE,GWUS
2024-08-19,7.762,-1.087,0.112,0.1,-0.111,2024-08-19,00Z-ECE,GWUS
2024-08-20,7.609,-1.187,0.201,-0.009,0.054,2024-08-19,00Z-ECE,GWUS
2024-08-21,7.939,-0.805,0.376,-0.077,0.262,2024-08-19,00Z-ECE,GWUS
2024-08-22,7.475,-1.217,0.312,-0.016,0.225,2024-08-19,00Z-ECE,GWUS
2024-08-23,7.647,-0.992,0.179,-0.136,0.164,2024-08-19,00Z-ECE,GWUS
2024-08-24,8.147,-0.439,,-0.44,-0.105,2024-08-19,00Z-ECE,GWUS
2024-08-25,8.847,0.314,,-0.519,-0.141,2024-08-19,00Z-ECE,GWUS
2024-08-26,9.352,0.871,,-0.352,-0.083,2024-08-19,00Z-ECE,GWUS
2024-08-27,9.371,0.942,,0.315,0.14,2024-08-19,00Z-ECE,GWUS
2024-08-28,9.119,0.741,,0.781,0.191,2024-08-19,00Z-ECE,GWUS
2024-08-29,8.71,0.382,,0.805,0.216,2024-08-19,00Z-ECE,GWUS
2024-08-30,8.266,-0.013,,0.563,0.057,2024-08-19,00Z-ECE,GWUS
2024-08-31,7.832,-0.4,,0.272,-0.13,2024-08-19,00Z-ECE,GWUS
2024-09-01,7.562,-0.623,,0.197,-0.345,2024-08-19,00Z-ECE,GWUS
2024-09-02,7.579,-0.606,,,,2024-08-19,00Z-ECE,GWUS
2024-08-20,7.422,-1.375,-0.072,-0.104,-0.187,2024-08-20,00Z-ECE,GWUS
2024-08-21,7.746,-0.999,-0.031,0.03,-0.194,2024-08-20,00Z-ECE,GWUS
2024-08-22,7.149,-1.543,-0.099,-0.082,-0.326,2024-08-20,00Z-ECE,GWUS
2024-08-23,7.385,-1.254,0.11,-0.003,-0.262,2024-08-20,00Z-ECE,GWUS
2024-08-24,7.967,-0.619,0.102,-0.05,-0.18,2024-08-20,00Z-ECE,GWUS
2024-08-25,8.696,0.163,,-0.15,-0.151,2024-08-20,00Z-ECE,GWUS
2024-08-26,9.476,0.995,,0.205,0.125,2024-08-20,00Z-ECE,GWUS
2024-08-27,9.608,1.179,,0.491,0.238,2024-08-20,00Z-ECE,GWUS
2024-08-28,9.182,0.804,,0.46,0.064,2024-08-20,00Z-ECE,GWUS
2024-08-29,8.515,0.187,,0.223,-0.195,2024-08-20,00Z-ECE,GWUS
2024-08-30,8.025,-0.254,,0.196,-0.241,2024-08-20,00Z-ECE,GWUS
2024-08-31,7.715,-0.517,,0.017,-0.117,2024-08-20,00Z-ECE,GWUS
2024-09-01,7.653,-0.533,,-0.003,0.09,2024-08-20,00Z-ECE,GWUS
2024-09-02,7.608,-0.533,,0.039,0.01,2024-08-20,00Z-ECE,GWUS
2024-09-03,7.683,-0.458,,,,2024-08-20,00Z-ECE,GWUS
2024-08-21,7.592,-1.165,0.033,-0.105,-0.154,2024-08-21,00Z-ECE,GWUS
2024-08-22,7.18,-1.537,0.18,0.073,0.032,2024-08-21,00Z-ECE,GWUS
2024-08-23,7.214,-1.408,0.125,0.017,-0.171,2024-08-21,00Z-ECE,GWUS
2024-08-24,7.965,-0.593,0.194,0.149,-0.001,2024-08-21,00Z-ECE,GWUS
2024-08-25,8.719,0.207,0.13,0.128,0.023,2024-08-21,00Z-ECE,GWUS
2024-08-26,9.385,0.94,,0.155,-0.091,2024-08-21,00Z-ECE,GWUS
2024-08-27,9.414,1.019,,0.01,-0.194,2024-08-21,00Z-ECE,GWUS
2024-08-28,9.328,0.905,,-0.147,0.145,2024-08-21,00Z-ECE,GWUS
2024-08-29,9.037,0.67,,-0.095,0.522,2024-08-21,00Z-ECE,GWUS
2024-08-30,8.281,-0.006,,-0.178,0.256,2024-08-21,00Z-ECE,GWUS
2024-08-31,7.74,-0.492,,-0.261,0.025,2024-08-21,00Z-ECE,GWUS
2024-09-01,7.639,-0.483,,-0.223,-0.014,2024-08-21,00Z-ECE,GWUS
2024-09-02,7.6,-0.598,,-0.147,-0.008,2024-08-21,00Z-ECE,GWUS
2024-09-03,7.397,-0.686,,-0.286,-0.297,2024-08-21,00Z-ECE,GWUS
2024-09-04,7.294,-0.787,,,,2024-08-21,00Z-ECE,GWUS
2024-08-22,6.873,-1.818,0.035,-0.214,-0.307,2024-08-22,00Z-ECE,GWUS
2024-08-23,6.926,-1.712,0.009,-0.154,-0.288,2024-08-22,00Z-ECE,GWUS
2024-08-24,7.708,-0.878,0.034,-0.066,-0.258,2024-08-22,00Z-ECE,GWUS
2024-08-25,8.542,0.009,0.169,0.009,-0.178,2024-08-22,00Z-ECE,GWUS
2024-08-26,8.932,0.451,-0.005,-0.197,-0.453,2024-08-22,00Z-ECE,GWUS
2024-08-27,9.091,0.662,,0.106,-0.323,2024-08-22,00Z-ECE,GWUS
2024-08-28,9.29,0.912,,0.51,-0.037,2024-08-22,00Z-ECE,GWUS
2024-08-29,9.159,0.831,,0.504,0.122,2024-08-22,00Z-ECE,GWUS
2024-08-30,8.237,-0.042,,-0.005,-0.043,2024-08-22,00Z-ECE,GWUS
2024-08-31,7.632,-0.599,,0.105,-0.108,2024-08-22,00Z-ECE,GWUS
2024-09-01,7.278,-0.908,,0.152,-0.361,2024-08-22,00Z-ECE,GWUS
2024-09-02,7.145,-0.996,,0.086,-0.455,2024-08-22,00Z-ECE,GWUS
2024-09-03,7.137,-0.962,,0.091,-0.261,2024-08-22,00Z-ECE,GWUS
2024-09-04,7.15,-0.909,,0.035,-0.163,2024-08-22,00Z-ECE,GWUS
2024-09-05,6.309,-1.749,,,,2024-08-22,00Z-ECE,GWUS
2024-08-23,6.857,-1.782,0.144,-0.117,-0.07,2024-08-23,00Z-ECE,GWUS
2024-08-24,7.458,-1.128,0.006,-0.122,-0.25,2024-08-23,00Z-ECE,GWUS
2024-08-25,8.17,-0.364,0.067,-0.172,-0.372,2024-08-23,00Z-ECE,GWUS
2024-08-26,8.718,0.237,0.276,0.141,-0.214,2024-08-23,00Z-ECE,GWUS
2024-08-27,9.143,0.714,0.14,0.187,0.052,2024-08-23,00Z-ECE,GWUS
2024-08-28,9.222,0.844,,-0.155,-0.068,2024-08-23,00Z-ECE,GWUS
2024-08-29,9.176,0.848,,-0.255,0.018,2024-08-23,00Z-ECE,GWUS
2024-08-30,8.456,0.177,,0.019,0.218,2024-08-23,00Z-ECE,GWUS
2024-08-31,7.524,-0.707,,-0.05,-0.108,2024-08-23,00Z-ECE,GWUS
2024-09-01,7.101,-1.085,,-0.117,-0.177,2024-08-23,00Z-ECE,GWUS
2024-09-02,6.924,-1.217,,-0.147,-0.22,2024-08-23,00Z-ECE,GWUS
2024-09-03,6.817,-1.281,,-0.243,-0.319,2024-08-23,00Z-ECE,GWUS
2024-09-04,6.759,-1.299,,-0.271,-0.39,2024-08-23,00Z-ECE,GWUS
2024-09-05,6.59,-1.431,,-0.297,-0.57,2024-08-23,00Z-ECE,GWUS
2024-09-06,6.384,-1.636,,,,2024-08-23,00Z-ECE,GWUS
2024-08-24,7.475,-1.111,0.032,-0.055,0.017,2024-08-24,00Z-ECE,GWUS
2024-08-25,8.456,-0.077,0.206,-0.051,0.287,2024-08-24,00Z-ECE,GWUS
2024-08-26,8.903,0.422,0.022,-0.143,0.185,2024-08-24,00Z-ECE,GWUS
2024-08-27,9.74,1.311,0.227,0.215,0.596,2024-08-24,00Z-ECE,GWUS
2024-08-28,9.982,1.604,0.357,0.363,0.76,2024-08-24,00Z-ECE,GWUS
2024-08-29,9.199,0.871,,-0.048,0.023,2024-08-24,00Z-ECE,GWUS
2024-08-30,8.247,-0.032,,0.119,-0.209,2024-08-24,00Z-ECE,GWUS
2024-08-31,7.588,-0.644,,0.162,0.063,2024-08-24,00Z-ECE,GWUS
2024-09-01,7.23,-0.955,,0.098,0.13,2024-08-24,00Z-ECE,GWUS
2024-09-02,6.832,-1.309,,-0.077,-0.092,2024-08-24,00Z-ECE,GWUS
2024-09-03,6.541,-1.557,,-0.175,-0.276,2024-08-24,00Z-ECE,GWUS
2024-09-04,6.451,-1.607,,-0.225,-0.308,2024-08-24,00Z-ECE,GWUS
2024-09-05,6.37,-1.651,,-0.176,-0.22,2024-08-24,00Z-ECE,GWUS
2024-09-06,6.341,-1.644,,-0.214,-0.073,2024-08-24,00Z-ECE,GWUS
2024-09-07,6.332,-1.653,,,,2024-08-24,00Z-ECE,GWUS
2024-08-25,8.354,-0.179,0.029,0.105,-0.103,2024-08-25,00Z-ECE,GWUS
2024-08-26,8.827,0.347,-0.042,-0.008,-0.076,2024-08-25,00Z-ECE,GWUS
2024-08-27,9.713,1.284,0.025,0.114,-0.027,2024-08-25,00Z-ECE,GWUS
2024-08-28,9.919,1.541,0.111,0.292,-0.063,2024-08-25,00Z-ECE,GWUS
2024-08-29,8.943,0.615,0.318,0.331,-0.256,2024-08-25,00Z-ECE,GWUS
2024-08-30,7.945,-0.335,,0.096,-0.302,2024-08-25,00Z-ECE,GWUS
2024-08-31,7.083,-1.148,,-0.013,-0.504,2024-08-25,00Z-ECE,GWUS
2024-09-01,6.944,-1.242,,0.023,-0.287,2024-08-25,00Z-ECE,GWUS
2024-09-02,6.629,-1.512,,0.004,-0.203,2024-08-25,00Z-ECE,GWUS
2024-09-03,6.308,-1.791,,-0.045,-0.233,2024-08-25,00Z-ECE,GWUS
2024-09-04,6.234,-1.824,,-0.145,-0.217,2024-08-25,00Z-ECE,GWUS
2024-09-05,6.222,-1.798,,-0.136,-0.147,2024-08-25,00Z-ECE,GWUS
2024-09-06,6.22,-1.765,,-0.14,-0.121,2024-08-25,00Z-ECE,GWUS
2024-09-07,6.312,-1.64,,0.054,-0.059,2024-08-25,00Z-ECE,GWUS
2024-09-08,6.443,-1.509,,,,2024-08-25,00Z-ECE,GWUS
2024-08-26,8.399,-0.082,-0.019,-0.187,-0.428,2024-08-26,00Z-ECE,GWUS
2024-08-27,9.174,0.745,0.197,0.099,-0.539,2024-08-26,00Z-ECE,GWUS
2024-08-28,9.291,0.913,0.127,-0.066,-0.628,2024-08-26,00Z-ECE,GWUS
2024-08-29,8.305,-0.023,0.047,-0.16,-0.638,2024-08-26,00Z-ECE,GWUS
2024-08-30,7.315,-0.964,-0.046,-0.071,-0.63,2024-08-26,00Z-ECE,GWUS
2024-08-31,6.638,-1.594,,-0.098,-0.446,2024-08-26,00Z-ECE,GWUS
2024-09-01,6.681,-1.504,,-0.083,-0.262,2024-08-26,00Z-ECE,GWUS
2024-09-02,6.435,-1.706,,-0.24,-0.194,2024-08-26,00Z-ECE,GWUS
2024-09-03,6.162,-1.937,,-0.343,-0.147,2024-08-26,00Z-ECE,GWUS
2024-09-04,6.301,-1.757,,-0.208,0.067,2024-08-26,00Z-ECE,GWUS
2024-09-05,6.336,-1.684,,-0.252,0.114,2024-08-26,00Z-ECE,GWUS
2024-09-06,6.468,-1.517,,-0.029,0.248,2024-08-26,00Z-ECE,GWUS
2024-09-07,6.48,-1.472,,-0.011,0.168,2024-08-26,00Z-ECE,GWUS
2024-09-08,6.61,-1.312,,-0.054,0.117,2024-08-26,00Z-ECE,GWUS
2024-09-09,6.645,-1.277,,,,2024-08-26,00Z-ECE,GWUS
2024-08-27,9.056,0.627,0.212,-0.013,-0.118,2024-08-27,00Z-ECE,GWUS
2024-08-28,9.04,0.662,0.294,0.081,-0.252,2024-08-27,00Z-ECE,GWUS
2024-08-29,7.587,-0.741,-0.154,-0.404,-0.718,2024-08-27,00Z-ECE,GWUS
2024-08-30,7.254,-1.025,0.038,-0.056,-0.061,2024-08-27,00Z-ECE,GWUS
2024-08-31,6.421,-1.81,0.074,-0.059,-0.216,2024-08-27,00Z-ECE,GWUS
2024-09-01,6.555,-1.631,,0.013,-0.127,2024-08-27,00Z-ECE,GWUS
2024-09-02,6.18,-1.961,,0.066,-0.255,2024-08-27,00Z-ECE,GWUS
2024-09-03,5.985,-2.113,,0.104,-0.176,2024-08-27,00Z-ECE,GWUS
2024-09-04,6.097,-1.961,,0.003,-0.204,2024-08-27,00Z-ECE,GWUS
2024-09-05,6.251,-1.769,,-0.053,-0.085,2024-08-27,00Z-ECE,GWUS
2024-09-06,6.298,-1.687,,-0.053,-0.17,2024-08-27,00Z-ECE,GWUS
2024-09-07,6.394,-1.558,,-0.051,-0.086,2024-08-27,00Z-ECE,GWUS
2024-09-08,6.481,-1.441,,-0.106,-0.129,2024-08-27,00Z-ECE,GWUS
2024-09-09,6.606,-1.289,,-0.064,-0.056,2024-08-27,00Z-ECE,GWUS
2024-09-10,6.665,-1.231,,,,2024-08-27,00Z-ECE,GWUS
2024-08-28,8.689,0.311,0.088,-0.211,-0.35,2024-08-28,00Z-ECE,GWUS
2024-08-29,7.698,-0.63,0.232,0.202,0.111,2024-08-28,00Z-ECE,GWUS
2024-08-30,7.155,-1.124,0.204,0.062,-0.099,2024-08-28,00Z-ECE,GWUS
2024-08-31,6.11,-2.122,0.051,-0.271,-0.311,2024-08-28,00Z-ECE,GWUS
2024-09-01,6.324,-1.862,0.224,-0.058,-0.231,2024-08-28,00Z-ECE,GWUS
2024-09-02,6.185,-1.956,,-0.005,0.005,2024-08-28,00Z-ECE,GWUS
2024-09-03,6.266,-1.833,,0.145,0.28,2024-08-28,00Z-ECE,GWUS
2024-09-04,6.215,-1.844,,0.113,0.118,2024-08-28,00Z-ECE,GWUS
2024-09-05,6.387,-1.633,,0.213,0.136,2024-08-28,00Z-ECE,GWUS
2024-09-06,6.486,-1.498,,0.188,0.188,2024-08-28,00Z-ECE,GWUS
2024-09-07,6.463,-1.489,,0.011,0.069,2024-08-28,00Z-ECE,GWUS
2024-09-08,6.507,-1.415,,-0.121,0.026,2024-08-28,00Z-ECE,GWUS
2024-09-09,6.584,-1.311,,-0.194,-0.022,2024-08-28,00Z-ECE,GWUS
2024-09-10,6.533,-1.339,,-0.205,-0.194,2024-08-28,00Z-ECE,GWUS
2024-09-11,6.511,-1.361,,,,2024-08-28,00Z-ECE,GWUS
2024-08-29,7.224,-1.104,0.012,-0.259,-0.474,2024-08-29,00Z-ECE,GWUS
2024-08-30,6.901,-1.378,0.036,-0.138,-0.254,2024-08-29,00Z-ECE,GWUS
2024-08-31,5.97,-2.262,-0.022,-0.01,-0.14,2024-08-29,00Z-ECE,GWUS
2024-09-01,6.095,-2.091,-0.088,-0.118,-0.229,2024-08-29,00Z-ECE,GWUS
2024-09-02,5.907,-2.234,-0.142,-0.12,-0.278,2024-08-29,00Z-ECE,GWUS
2024-09-03,6.109,-1.99,,-0.091,-0.157,2024-08-29,00Z-ECE,GWUS
2024-09-04,6.021,-2.037,,-0.185,-0.194,2024-08-29,00Z-ECE,GWUS
2024-09-05,6.146,-1.875,,-0.173,-0.241,2024-08-29,00Z-ECE,GWUS
2024-09-06,6.205,-1.78,,-0.244,-0.281,2024-08-29,00Z-ECE,GWUS
2024-09-07,6.428,-1.524,,-0.239,-0.035,2024-08-29,00Z-ECE,GWUS
2024-09-08,6.551,-1.371,,-0.035,0.044,2024-08-29,00Z-ECE,GWUS
2024-09-09,6.503,-1.392,,0.015,-0.08,2024-08-29,00Z-ECE,GWUS
2024-09-10,6.403,-1.469,,0.026,-0.13,2024-08-29,00Z-ECE,GWUS
2024-09-11,6.27,-1.582,,-0.143,-0.32,2024-08-29,00Z-ECE,GWUS
2024-09-12,6.136,-1.716,,,,2024-08-29,00Z-ECE,GWUS
2024-08-30,7.075,-1.204,0.089,0.114,0.175,2024-08-30,00Z-ECE,GWUS
2024-08-31,6.018,-2.214,0.08,0.117,0.048,2024-08-30,00Z-ECE,GWUS
2024-09-01,6.139,-2.04,-0.003,0.072,0.044,2024-08-30,00Z-ECE,GWUS
2024-09-02,6.124,-2.013,-0.014,0.176,0.218,2024-08-30,00Z-ECE,GWUS
2024-09-03,6.186,-1.891,-0.067,0.084,0.076,2024-08-30,00Z-ECE,GWUS
2024-09-04,6.165,-1.91,,0.003,0.144,2024-08-30,00Z-ECE,GWUS
2024-09-05,6.393,-1.642,,0.092,0.247,2024-08-30,00Z-ECE,GWUS
2024-09-06,6.286,-1.701,,-0.036,0.081,2024-08-30,00Z-ECE,GWUS
2024-09-07,6.374,-1.574,,-0.068,-0.054,2024-08-30,00Z-ECE,GWUS
2024-09-08,6.45,-1.446,,0.055,-0.101,2024-08-30,00Z-ECE,GWUS
2024-09-09,6.391,-1.487,,0.034,-0.112,2024-08-30,00Z-ECE,GWUS
2024-09-10,6.32,-1.563,,-0.016,-0.082,2024-08-30,00Z-ECE,GWUS
2024-09-11,6.42,-1.417,,0.091,0.151,2024-08-30,00Z-ECE,GWUS
2024-09-12,6.553,-1.263,,0.208,0.39,2024-08-30,00Z-ECE,GWUS
2024-09-13,6.604,-1.173,,,,2024-08-30,00Z-ECE,GWUS
2024-08-31,5.877,-2.354,0.059,-0.041,-0.141,2024-08-31,00Z-ECE,GWUS
2024-09-01,5.919,-2.266,0.075,-0.113,-0.219,2024-08-31,00Z-ECE,GWUS
2024-09-02,5.731,-2.41,-0.058,0.005,-0.394,2024-08-31,00Z-ECE,GWUS
2024-09-03,5.947,-2.152,-0.209,-0.134,-0.239,2024-08-31,00Z-ECE,GWUS
2024-09-04,5.936,-2.122,-0.334,-0.257,-0.229,2024-08-31,00Z-ECE,GWUS
2024-09-05,6.164,-1.856,,-0.387,-0.229,2024-08-31,00Z-ECE,GWUS
2024-09-06,6.088,-1.897,,-0.364,-0.197,2024-08-31,00Z-ECE,GWUS
2024-09-07,6.329,-1.623,,-0.213,-0.044,2024-08-31,00Z-ECE,GWUS
2024-09-08,6.402,-1.52,,-0.277,-0.048,2024-08-31,00Z-ECE,GWUS
2024-09-09,6.341,-1.554,,-0.256,-0.05,2024-08-31,00Z-ECE,GWUS
2024-09-10,6.251,-1.621,,-0.118,-0.069,2024-08-31,00Z-ECE,GWUS
2024-09-11,6.216,-1.636,,-0.121,-0.204,2024-08-31,00Z-ECE,GWUS
2024-09-12,6.173,-1.662,,-0.132,-0.38,2024-08-31,00Z-ECE,GWUS
2024-09-13,6.205,-1.618,,-0.208,-0.426,2024-08-31,00Z-ECE,GWUS
2024-09-14,6.267,-1.555,,,,2024-08-31,00Z-ECE,GWUS
2024-09-01,5.868,-2.317,-0.073,-0.027,-0.051,2024-09-01,00Z-ECE,GWUS
2024-09-02,5.621,-2.52,-0.184,-0.131,-0.11,2024-09-01,00Z-ECE,GWUS
2024-09-03,5.979,-2.12,-0.208,0.02,0.032,2024-09-01,00Z-ECE,GWUS
2024-09-04,6.034,-2.024,-0.239,0.012,0.098,2024-09-01,00Z-ECE,GWUS
2024-09-05,6.186,-1.834,-0.288,-0.051,0.022,2024-09-01,00Z-ECE,GWUS
2024-09-06,6.117,-1.868,,-0.058,0.029,2024-09-01,00Z-ECE,GWUS
2024-09-07,6.552,-1.4,,0.219,0.222,2024-09-01,00Z-ECE,GWUS
2024-09-08,6.663,-1.259,,0.113,0.26,2024-09-01,00Z-ECE,GWUS
2024-09-09,6.562,-1.334,,-0.031,0.22,2024-09-01,00Z-ECE,GWUS
2024-09-10,6.289,-1.583,,0.003,0.038,2024-09-01,00Z-ECE,GWUS
2024-09-11,6.108,-1.743,,-0.099,-0.108,2024-09-01,00Z-ECE,GWUS
2024-09-12,6.084,-1.752,,-0.091,-0.089,2024-09-01,00Z-ECE,GWUS
2024-09-13,6.152,-1.671,,-0.084,-0.053,2024-09-01,00Z-ECE,GWUS
2024-09-14,6.189,-1.625,,-0.19,-0.136,2024-09-01,00Z-ECE,GWUS
2024-09-15,6.093,-1.721,,,,2024-09-01,00Z-ECE,GWUS
2024-09-02,5.718,-2.423,0.075,-0.038,0.098,2024-09-02,00Z-ECE,GWUS
2024-09-03,5.958,-2.141,-0.074,-0.086,-0.021,2024-09-02,00Z-ECE,GWUS
2024-09-04,6.014,-2.044,-0.133,-0.221,-0.02,2024-09-02,00Z-ECE,GWUS
2024-09-05,6.338,-1.682,-0.114,-0.149,0.152,2024-09-02,00Z-ECE,GWUS
2024-09-06,6.061,-1.923,-0.056,-0.178,-0.056,2024-09-02,00Z-ECE,GWUS
2024-09-07,6.361,-1.591,,-0.335,-0.19,2024-09-02,00Z-ECE,GWUS
2024-09-08,6.465,-1.458,,-0.316,-0.198,2024-09-02,00Z-ECE,GWUS
2024-09-09,6.415,-1.48,,-0.207,-0.146,2024-09-02,00Z-ECE,GWUS
2024-09-10,6.228,-1.644,,-0.143,-0.061,2024-09-02,00Z-ECE,GWUS
2024-09-11,6.12,-1.732,,-0.174,0.011,2024-09-02,00Z-ECE,GWUS
2024-09-12,6.076,-1.759,,-0.207,-0.007,2024-09-02,00Z-ECE,GWUS
2024-09-13,6.168,-1.655,,-0.231,0.016,2024-09-02,00Z-ECE,GWUS
2024-09-14,6.252,-1.562,,-0.176,0.069,2024-09-02,00Z-ECE,GWUS
2024-09-15,6.234,-1.576,,-0.218,0.11,2024-09-02,00Z-ECE,GWUS
2024-09-16,6.253,-1.557,,,,2024-09-02,00Z-ECE,GWUS
2024-09-03,6.167,-1.938,0.109,0.124,0.209,2024-09-03,00Z-ECE,GWUS
2024-09-04,6.263,-1.8,0.03,0.006,0.25,2024-09-03,00Z-ECE,GWUS
2024-09-05,6.651,-1.367,0.045,-0.013,0.313,2024-09-03,00Z-ECE,GWUS
2024-09-06,6.468,-1.489,0.141,0.046,0.406,2024-09-03,00Z-ECE,GWUS
2024-09-07,6.574,-1.388,-0.193,-0.046,0.213,2024-09-03,00Z-ECE,GWUS
2024-09-08,6.634,-1.285,,-0.089,0.169,2024-09-03,00Z-ECE,GWUS
2024-09-09,6.434,-1.462,,-0.078,0.018,2024-09-03,00Z-ECE,GWUS
2024-09-10,6.199,-1.682,,-0.113,-0.029,2024-09-03,00Z-ECE,GWUS
2024-09-11,6.041,-1.796,,-0.067,-0.079,2024-09-03,00Z-ECE,GWUS
2024-09-12,6.007,-1.818,,-0.088,-0.069,2024-09-03,00Z-ECE,GWUS
2024-09-13,6.062,-1.775,,-0.091,-0.106,2024-09-03,00Z-ECE,GWUS
2024-09-14,6.234,-1.651,,-0.061,-0.018,2024-09-03,00Z-ECE,GWUS
2024-09-15,6.363,-1.41,,-0.023,0.129,2024-09-03,00Z-ECE,GWUS
2024-09-16,6.353,-1.482,,-0.113,0.076,2024-09-03,00Z-ECE,GWUS
2024-09-17,6.326,-1.493,,,,2024-09-03,00Z-ECE,GWUS
2024-09-04,5.894,-2.165,-0.168,-0.15,-0.37,2024-09-04,00Z-ECE,GWUS
2024-09-05,6.34,-1.673,-0.055,-0.134,-0.311,2024-09-04,00Z-ECE,GWUS
2024-09-06,5.968,-2.03,0.049,-0.131,-0.5,2024-09-04,00Z-ECE,GWUS
2024-09-07,6.427,-1.526,-0.052,-0.17,-0.148,2024-09-04,00Z-ECE,GWUS
2024-09-08,6.724,-1.211,-0.081,-0.04,0.09,2024-09-04,00Z-ECE,GWUS
2024-09-09,6.506,-1.364,,0.032,0.072,2024-09-04,00Z-ECE,GWUS
2024-09-10,6.144,-1.727,,-0.091,-0.055,2024-09-04,00Z-ECE,GWUS
2024-09-11,6.074,-1.776,,0.051,0.034,2024-09-04,00Z-ECE,GWUS
2024-09-12,6.005,-1.833,,-0.008,-0.002,2024-09-04,00Z-ECE,GWUS
2024-09-13,6.11,-1.726,,0.026,0.048,2024-09-04,00Z-ECE,GWUS
2024-09-14,6.3,-1.49,,0.039,0.066,2024-09-04,00Z-ECE,GWUS
2024-09-15,6.526,-1.285,,0.108,0.163,2024-09-04,00Z-ECE,GWUS
2024-09-16,6.649,-1.154,,-0.002,0.297,2024-09-04,00Z-ECE,GWUS
2024-09-17,6.745,-1.068,,-0.116,0.397,2024-09-04,00Z-ECE,GWUS
2024-09-18,6.797,-1.017,,,,2024-09-04,00Z-ECE,GWUS
2024-09-05,6.264,-1.763,0.031,-0.069,-0.076,2024-09-05,00Z-ECE,GWUS
2024-09-06,5.889,-2.095,0.075,-0.07,-0.079,2024-09-05,00Z-ECE,GWUS
2024-09-07,6.25,-1.71,-0.038,-0.066,-0.177,2024-09-05,00Z-ECE,GWUS
2024-09-08,7.03,-0.891,0.035,0.1,0.306,2024-09-05,00Z-ECE,GWUS
2024-09-09,6.484,-1.406,-0.011,0.016,-0.021,2024-09-05,00Z-ECE,GWUS
2024-09-10,6.106,-1.766,,-0.121,-0.038,2024-09-05,00Z-ECE,GWUS
2024-09-11,6.102,-1.735,,-0.037,0.028,2024-09-05,00Z-ECE,GWUS
2024-09-12,6.191,-1.65,,0.177,0.186,2024-09-05,00Z-ECE,GWUS
2024-09-13,6.374,-1.48,,0.227,0.264,2024-09-05,00Z-ECE,GWUS
2024-09-14,6.542,-1.271,,0.259,0.242,2024-09-05,00Z-ECE,GWUS
2024-09-15,6.74,-1.027,,0.306,0.214,2024-09-05,00Z-ECE,GWUS
2024-09-16,6.817,-1.02,,0.243,0.167,2024-09-05,00Z-ECE,GWUS
2024-09-17,6.846,-0.971,,0.105,0.101,2024-09-05,00Z-ECE,GWUS
2024-09-18,6.876,-0.936,,0.013,0.023,2024-09-05,00Z-ECE,GWUS
2024-09-19,6.878,-0.967,,,,2024-09-05,00Z-ECE,GWUS
2024-09-06,5.885,-2.099,0.072,-0.011,-0.003,2024-09-06,00Z-ECE,GWUS
2024-09-07,6.359,-1.593,0.265,0.061,0.109,2024-09-06,00Z-ECE,GWUS
2024-09-08,7.082,-0.84,0.223,0.181,0.052,2024-09-06,00Z-ECE,GWUS
2024-09-09,6.565,-1.33,0.239,0.236,0.08,2024-09-06,00Z-ECE,GWUS
2024-09-10,6.045,-1.826,0.138,0.158,-0.06,2024-09-06,00Z-ECE,GWUS
2024-09-11,5.936,-1.916,,0.1,-0.166,2024-09-06,00Z-ECE,GWUS
2024-09-12,6.198,-1.638,,0.181,0.006,2024-09-06,00Z-ECE,GWUS
2024-09-13,6.551,-1.272,,0.444,0.177,2024-09-06,00Z-ECE,GWUS
2024-09-14,6.722,-1.092,,0.591,0.18,2024-09-06,00Z-ECE,GWUS
2024-09-15,6.472,-1.337,,0.272,-0.268,2024-09-06,00Z-ECE,GWUS
2024-09-16,6.25,-1.56,,-0.061,-0.567,2024-09-06,00Z-ECE,GWUS
2024-09-17,6.331,-1.484,,-0.041,-0.516,2024-09-06,00Z-ECE,GWUS
2024-09-18,6.49,-1.333,,0.116,-0.385,2024-09-06,00Z-ECE,GWUS
2024-09-19,6.683,-1.154,,0.402,-0.248,2024-09-06,00Z-ECE,GWUS
2024-09-20,6.641,-1.196,,,,2024-09-06,00Z-ECE,GWUS
2024-09-07,6.326,-1.626,-0.017,-0.001,-0.032,2024-09-07,00Z-ECE,GWUS
2024-09-08,6.995,-0.927,-0.008,-0.067,-0.086,2024-09-07,00Z-ECE,GWUS
2024-09-09,6.419,-1.476,0.095,0.001,-0.145,2024-09-07,00Z-ECE,GWUS
2024-09-10,6.089,-1.783,0.063,0.143,0.043,2024-09-07,00Z-ECE,GWUS
2024-09-11,5.997,-1.854,0.122,0.216,0.061,2024-09-07,00Z-ECE,GWUS
2024-09-12,6.173,-1.662,,0.207,-0.024,2024-09-07,00Z-ECE,GWUS
2024-09-13,6.601,-1.222,,0.287,0.05,2024-09-07,00Z-ECE,GWUS
2024-09-14,6.762,-1.052,,0.383,0.04,2024-09-07,00Z-ECE,GWUS
2024-09-15,6.68,-1.13,,0.265,0.208,2024-09-07,00Z-ECE,GWUS
2024-09-16,6.54,-1.269,,0.364,0.29,2024-09-07,00Z-ECE,GWUS
2024-09-17,6.46,-1.354,,0.199,0.129,2024-09-07,00Z-ECE,GWUS
2024-09-18,6.623,-1.2,,0.191,0.133,2024-09-07,00Z-ECE,GWUS
2024-09-19,6.674,-1.163,,0.14,-0.009,2024-09-07,00Z-ECE,GWUS
2024-09-20,6.772,-1.085,,0.361,0.06,2024-09-07,00Z-ECE,GWUS
2024-09-21,6.78,-1.077,,,,2024-09-07,00Z-ECE,GWUS
2024-09-08,7.044,-0.878,0.01,-0.029,0.048,2024-09-08,00Z-ECE,GWUS
2024-09-09,6.519,-1.376,0.182,0.086,0.1,2024-09-08,00Z-ECE,GWUS
2024-09-10,6.073,-1.799,0.09,0.161,-0.016,2024-09-08,00Z-ECE,GWUS
2024-09-11,6.004,-1.847,0.134,0.245,0.007,2024-09-08,00Z-ECE,GWUS
2024-09-12,6.095,-1.74,0.111,0.153,-0.078,2024-09-08,00Z-ECE,GWUS
2024-09-13,6.247,-1.576,,0.187,-0.354,2024-09-08,00Z-ECE,GWUS
2024-09-14,6.33,-1.484,,0.144,-0.431,2024-09-08,00Z-ECE,GWUS
2024-09-15,6.429,-1.38,,0.223,-0.251,2024-09-08,00Z-ECE,GWUS
2024-09-16,6.362,-1.447,,0.241,-0.178,2024-09-08,00Z-ECE,GWUS
2024-09-17,6.427,-1.387,,0.308,-0.033,2024-09-08,00Z-ECE,GWUS
2024-09-18,6.68,-1.144,,0.387,0.057,2024-09-08,00Z-ECE,GWUS
2024-09-19,6.911,-0.927,,0.383,0.237,2024-09-08,00Z-ECE,GWUS
2024-09-20,6.733,-1.124,,0.159,-0.039,2024-09-08,00Z-ECE,GWUS
2024-09-21,6.467,-1.413,,0.022,-0.368,2024-09-08,00Z-ECE,GWUS
2024-09-22,6.306,-1.575,,,,2024-09-08,00Z-ECE,GWUS
2024-09-09,6.395,-1.505,0.054,0.063,-0.124,2024-09-09,00Z-ECE,GWUS
2024-09-10,5.962,-1.912,0.041,-0.039,-0.111,2024-09-09,00Z-ECE,GWUS
2024-09-11,5.954,-1.88,-0.049,0.06,-0.05,2024-09-09,00Z-ECE,GWUS
2024-09-12,5.958,-1.872,0.041,0.0,-0.138,2024-09-09,00Z-ECE,GWUS
2024-09-13,5.884,-1.937,-0.007,0.054,-0.363,2024-09-09,00Z-ECE,GWUS
2024-09-14,6.021,-1.804,,0.056,-0.309,2024-09-09,00Z-ECE,GWUS
2024-09-15,5.996,-1.835,,0.108,-0.433,2024-09-09,00Z-ECE,GWUS
2024-09-16,5.779,-2.036,,0.023,-0.584,2024-09-09,00Z-ECE,GWUS
2024-09-17,5.843,-1.974,,0.073,-0.583,2024-09-09,00Z-ECE,GWUS
2024-09-18,6.044,-1.777,,0.128,-0.636,2024-09-09,00Z-ECE,GWUS
2024-09-19,6.266,-1.571,,0.22,-0.645,2024-09-09,00Z-ECE,GWUS
2024-09-20,6.175,-1.686,,0.085,-0.557,2024-09-09,00Z-ECE,GWUS
2024-09-21,6.084,-1.76,,-0.006,-0.383,2024-09-09,00Z-ECE,GWUS
2024-09-22,6.077,-1.809,,-0.024,-0.284,2024-09-09,00Z-ECE,GWUS
2024-09-23,6.081,-1.818,,,,2024-09-09,00Z-ECE,GWUS
2024-09-10,5.791,-2.081,0.1,0.003,-0.171,2024-09-10,00Z-ECE,GWUS
2024-09-11,5.744,-2.107,0.124,0.064,-0.21,2024-09-10,00Z-ECE,GWUS
2024-09-12,5.722,-2.113,0.03,-0.002,-0.236,2024-09-10,00Z-ECE,GWUS
2024-09-13,5.951,-1.871,0.216,0.215,0.067,2024-09-10,00Z-ECE,GWUS
2024-09-14,6.06,-1.754,0.125,0.088,0.039,2024-09-10,00Z-ECE,GWUS
2024-09-15,5.919,-1.89,,0.036,-0.077,2024-09-10,00Z-ECE,GWUS
2024-09-16,5.697,-2.112,,0.08,-0.081,2024-09-10,00Z-ECE,GWUS
2024-09-17,5.758,-2.057,,0.051,-0.086,2024-09-10,00Z-ECE,GWUS
2024-09-18,6.018,-1.805,,0.072,-0.025,2024-09-10,00Z-ECE,GWUS
2024-09-19,6.278,-1.559,,0.041,0.012,2024-09-10,00Z-ECE,GWUS
2024-09-20,6.409,-1.448,,0.165,0.233,2024-09-10,00Z-ECE,GWUS
2024-09-21,6.362,-1.519,,0.335,0.277,2024-09-10,00Z-ECE,GWUS
2024-09-22,6.393,-1.517,,0.354,0.315,2024-09-10,00Z-ECE,GWUS
2024-09-23,6.322,-1.623,,0.245,0.205,2024-09-10,00Z-ECE,GWUS
2024-09-24,6.107,-1.838,,,,2024-09-10,00Z-ECE,GWUS
2024-09-11,5.683,-2.169,0.113,0.041,-0.061,2024-09-11,00Z-ECE,GWUS
2024-09-12,5.623,-2.213,-0.029,-0.025,-0.1,2024-09-11,00Z-ECE,GWUS
2024-09-13,5.762,-2.061,0.059,0.018,-0.189,2024-09-11,00Z-ECE,GWUS
2024-09-14,6.051,-1.763,0.052,0.046,-0.009,2024-09-11,00Z-ECE,GWUS
2024-09-15,5.89,-1.92,0.066,-0.028,-0.029,2024-09-11,00Z-ECE,GWUS
2024-09-16,5.82,-1.99,,0.028,0.122,2024-09-11,00Z-ECE,GWUS
2024-09-17,6.126,-1.688,,0.093,0.369,2024-09-11,00Z-ECE,GWUS
2024-09-18,6.381,-1.442,,-0.012,0.363,2024-09-11,00Z-ECE,GWUS
2024-09-19,6.765,-1.073,,0.222,0.487,2024-09-11,00Z-ECE,GWUS
2024-09-20,6.751,-1.105,,0.231,0.343,2024-09-11,00Z-ECE,GWUS
2024-09-21,6.39,-1.491,,0.066,0.028,2024-09-11,00Z-ECE,GWUS
2024-09-22,6.178,-1.732,,-0.08,-0.215,2024-09-11,00Z-ECE,GWUS
2024-09-23,6.013,-1.931,,-0.329,-0.309,2024-09-11,00Z-ECE,GWUS
2024-09-24,5.971,-2.014,,-0.245,-0.249,2024-09-11,00Z-ECE,GWUS
2024-09-25,5.912,-2.072,,,,2024-09-11,00Z-ECE,GWUS
2024-09-12,5.404,-2.432,-0.016,-0.145,-0.219,2024-09-12,00Z-ECE,GWUS
2024-09-13,5.643,-2.179,0.038,-0.059,-0.119,2024-09-12,00Z-ECE,GWUS
2024-09-14,5.977,-1.837,0.031,-0.132,-0.075,2024-09-12,00Z-ECE,GWUS
2024-09-15,5.781,-2.029,-0.006,-0.118,-0.109,2024-09-12,00Z-ECE,GWUS
2024-09-16,5.79,-2.019,-0.064,-0.137,-0.029,2024-09-12,00Z-ECE,GWUS
2024-09-17,6.031,-1.783,,-0.178,-0.095,2024-09-12,00Z-ECE,GWUS
2024-09-18,6.183,-1.64,,-0.168,-0.198,2024-09-12,00Z-ECE,GWUS
2024-09-19,6.589,-1.248,,-0.197,-0.175,2024-09-12,00Z-ECE,GWUS
2024-09-20,6.672,-1.184,,-0.21,-0.079,2024-09-12,00Z-ECE,GWUS
2024-09-21,6.447,-1.434,,-0.039,0.057,2024-09-12,00Z-ECE,GWUS
2024-09-22,6.27,-1.64,,0.165,0.093,2024-09-12,00Z-ECE,GWUS
2024-09-23,6.008,-1.937,,0.03,-0.005,2024-09-12,00Z-ECE,GWUS
2024-09-24,5.9,-2.085,,0.023,-0.071,2024-09-12,00Z-ECE,GWUS
2024-09-25,5.944,-2.087,,0.074,-0.028,2024-09-12,00Z-ECE,GWUS
2024-09-26,5.862,-2.169,,,,2024-09-12,00Z-ECE,GWUS
2024-09-13,5.657,-2.165,-0.001,-0.05,0.014,2024-09-13,00Z-ECE,GWUS
2024-09-14,6.043,-1.772,0.104,-0.025,0.066,2024-09-13,00Z-ECE,GWUS
2024-09-15,5.818,-1.992,0.086,-0.002,0.037,2024-09-13,00Z-ECE,GWUS
2024-09-16,5.891,-1.919,0.005,0.104,0.1,2024-09-13,00Z-ECE,GWUS
2024-09-17,6.111,-1.703,-0.051,0.106,0.08,2024-09-13,00Z-ECE,GWUS
2024-09-18,6.137,-1.686,,-0.088,-0.045,2024-09-13,00Z-ECE,GWUS
2024-09-19,6.503,-1.335,,-0.101,-0.087,2024-09-13,00Z-ECE,GWUS
2024-09-20,6.636,-1.22,,0.054,-0.036,2024-09-13,00Z-ECE,GWUS
2024-09-21,6.438,-1.442,,0.225,-0.009,2024-09-13,00Z-ECE,GWUS
2024-09-22,6.22,-1.69,,0.267,-0.051,2024-09-13,00Z-ECE,GWUS
2024-09-23,6.074,-1.87,,0.248,0.067,2024-09-13,00Z-ECE,GWUS
2024-09-24,5.966,-2.018,,0.174,0.066,2024-09-13,00Z-ECE,GWUS
2024-09-25,5.903,-2.128,,0.137,-0.041,2024-09-13,00Z-ECE,GWUS
2024-09-26,5.903,-2.179,,0.045,-0.024,2024-09-13,00Z-ECE,GWUS
2024-09-27,5.933,-2.149,,,,2024-09-13,00Z-ECE,GWUS
2024-09-14,6.055,-1.756,0.051,-0.013,0.012,2024-09-14,00Z-ECE,GWUS
2024-09-15,5.843,-1.97,0.091,0.062,0.025,2024-09-14,00Z-ECE,GWUS
2024-09-16,5.716,-2.091,-0.044,0.039,-0.175,2024-09-14,00Z-ECE,GWUS
2024-09-17,5.772,-2.042,0.01,0.006,-0.339,2024-09-14,00Z-ECE,GWUS
2024-09-18,5.744,-2.08,0.024,-0.078,-0.394,2024-09-14,00Z-ECE,GWUS
2024-09-19,6.194,-1.643,,-0.142,-0.308,2024-09-14,00Z-ECE,GWUS
2024-09-20,6.355,-1.501,,-0.153,-0.281,2024-09-14,00Z-ECE,GWUS
2024-09-21,6.308,-1.572,,-0.226,-0.13,2024-09-14,00Z-ECE,GWUS
2024-09-22,6.326,-1.584,,-0.066,0.106,2024-09-14,00Z-ECE,GWUS
2024-09-23,6.095,-1.85,,-0.006,0.021,2024-09-14,00Z-ECE,GWUS
2024-09-24,5.885,-2.1,,-0.163,-0.082,2024-09-14,00Z-ECE,GWUS
2024-09-25,5.851,-2.18,,-0.339,-0.052,2024-09-14,00Z-ECE,GWUS
2024-09-26,6.099,-1.984,,-0.195,0.196,2024-09-14,00Z-ECE,GWUS
2024-09-27,6.169,-1.971,,-0.243,0.12,2024-09-14,00Z-ECE,GWUS
2024-09-28,6.134,-2.006,,,,2024-09-14,00Z-ECE,GWUS
2024-09-15,5.674,-2.136,0.036,-0.041,-0.17,2024-09-15,00Z-ECE,GWUS
2024-09-16,5.553,-2.256,0.032,0.003,-0.162,2024-09-15,00Z-ECE,GWUS
2024-09-17,5.405,-2.409,-0.067,-0.094,-0.367,2024-09-15,00Z-ECE,GWUS
2024-09-18,5.429,-2.394,-0.058,-0.004,-0.315,2024-09-15,00Z-ECE,GWUS
2024-09-19,5.887,-1.951,0.037,-0.025,-0.308,2024-09-15,00Z-ECE,GWUS
2024-09-20,6.057,-1.8,,-0.029,-0.299,2024-09-15,00Z-ECE,GWUS
2024-09-21,6.014,-1.866,,-0.055,-0.294,2024-09-15,00Z-ECE,GWUS
2024-09-22,6.045,-1.865,,-0.031,-0.281,2024-09-15,00Z-ECE,GWUS
2024-09-23,6.16,-1.784,,0.137,0.065,2024-09-15,00Z-ECE,GWUS
2024-09-24,6.11,-1.875,,0.147,0.225,2024-09-15,00Z-ECE,GWUS
2024-09-25,6.021,-2.01,,0.045,0.17,2024-09-15,00Z-ECE,GWUS
2024-09-26,6.019,-2.063,,-0.1,-0.079,2024-09-15,00Z-ECE,GWUS
2024-09-27,6.207,-1.933,,-0.056,0.038,2024-09-15,00Z-ECE,GWUS
2024-09-28,6.292,-1.911,,-0.07,-0.034,2024-09-15,00Z-ECE,GWUS
2024-09-29,6.136,-2.068,,,,2024-09-15,00Z-ECE,GWUS
2024-09-16,5.575,-2.235,0.115,0.035,0.021,2024-09-16,00Z-ECE,GWUS
2024-09-17,5.464,-2.351,0.067,0.002,0.059,2024-09-16,00Z-ECE,GWUS
2024-09-18,5.459,-2.365,0.03,-0.085,0.029,2024-09-16,00Z-ECE,GWUS
2024-09-19,6.128,-1.71,0.109,0.065,0.241,2024-09-16,00Z-ECE,GWUS
2024-09-20,6.542,-1.314,0.209,0.17,0.486,2024-09-16,00Z-ECE,GWUS
2024-09-21,6.442,-1.439,,0.197,0.427,2024-09-16,00Z-ECE,GWUS
2024-09-22,6.263,-1.647,,0.175,0.218,2024-09-16,00Z-ECE,GWUS
2024-09-23,6.221,-1.724,,0.055,0.06,2024-09-16,00Z-ECE,GWUS
2024-09-24,6.191,-1.793,,0.013,0.082,2024-09-16,00Z-ECE,GWUS
2024-09-25,6.061,-1.969,,0.082,0.04,2024-09-16,00Z-ECE,GWUS
2024-09-26,6.114,-1.969,,0.09,0.094,2024-09-16,00Z-ECE,GWUS
2024-09-27,6.372,-1.768,,0.208,0.165,2024-09-16,00Z-ECE,GWUS
2024-09-28,6.505,-1.698,,0.409,0.213,2024-09-16,00Z-ECE,GWUS
2024-09-29,6.501,-1.772,,0.177,0.187,2024-09-16,00Z-ECE,GWUS
2024-09-30,6.32,-1.953,,,,2024-09-16,00Z-ECE,GWUS
2024-09-17,5.557,-2.258,0.085,0.032,0.093,2024-09-17,00Z-ECE,GWUS
2024-09-18,5.491,-2.332,0.084,-0.075,0.033,2024-09-17,00Z-ECE,GWUS
2024-09-19,6.135,-1.702,0.028,-0.047,0.007,2024-09-17,00Z-ECE,GWUS
2024-09-20,6.554,-1.303,-0.109,-0.058,0.011,2024-09-17,00Z-ECE,GWUS
2024-09-21,6.514,-1.366,-0.109,-0.02,0.073,2024-09-17,00Z-ECE,GWUS
2024-09-22,6.323,-1.587,,-0.092,0.059,2024-09-17,00Z-ECE,GWUS
2024-09-23,6.163,-1.781,,-0.207,-0.057,2024-09-17,00Z-ECE,GWUS
2024-09-24,6.145,-1.84,,-0.238,-0.046,2024-09-17,00Z-ECE,GWUS
2024-09-25,5.827,-2.204,,-0.311,-0.234,2024-09-17,00Z-ECE,GWUS
2024-09-26,5.794,-2.288,,-0.304,-0.32,2024-09-17,00Z-ECE,GWUS
2024-09-27,5.998,-2.142,,-0.161,-0.374,2024-09-17,00Z-ECE,GWUS
2024-09-28,6.052,-2.152,,-0.179,-0.454,2024-09-17,00Z-ECE,GWUS
2024-09-29,6.069,-2.204,,-0.231,-0.432,2024-09-17,00Z-ECE,GWUS
2024-09-30,6.295,-2.053,,-0.308,-0.234,2024-09-17,00Z-ECE,GWUS
2024-10-01,6.324,-2.025,,,,2024-09-17,00Z-ECE,GWUS
2024-09-18,5.593,-2.23,0.154,0.054,0.102,2024-09-18,00Z-ECE,GWUS
2024-09-19,6.175,-1.662,0.14,0.055,0.04,2024-09-18,00Z-ECE,GWUS
2024-09-20,6.485,-1.371,0.156,0.043,-0.069,2024-09-18,00Z-ECE,GWUS
2024-09-21,6.587,-1.293,0.155,0.142,0.073,2024-09-18,00Z-ECE,GWUS
2024-09-22,6.507,-1.403,0.141,0.038,0.184,2024-09-18,00Z-ECE,GWUS
2024-09-23,6.279,-1.666,,-0.04,0.115,2024-09-18,00Z-ECE,GWUS
2024-09-24,6.094,-1.891,,-0.069,-0.051,2024-09-18,00Z-ECE,GWUS
2024-09-25,5.759,-2.272,,-0.015,-0.068,2024-09-18,00Z-ECE,GWUS
2024-09-26,5.561,-2.522,,-0.073,-0.234,2024-09-18,00Z-ECE,GWUS
2024-09-27,5.541,-2.599,,-0.198,-0.458,2024-09-18,00Z-ECE,GWUS
2024-09-28,5.643,-2.561,,-0.132,-0.409,2024-09-18,00Z-ECE,GWUS
2024-09-29,5.832,-2.441,,-0.106,-0.237,2024-09-18,00Z-ECE,GWUS
2024-09-30,6.064,-2.284,,-0.182,-0.231,2024-09-18,00Z-ECE,GWUS
2024-10-01,6.329,-2.102,,-0.112,-0.19,2024-09-18,00Z-ECE,GWUS
2024-10-02,6.351,-2.08,,,,2024-09-18,00Z-ECE,GWUS
2024-09-19,6.48,-1.358,0.168,0.156,0.305,2024-09-19,00Z-ECE,GWUS
2024-09-20,6.624,-1.232,0.07,0.118,0.139,2024-09-19,00Z-ECE,GWUS
2024-09-21,6.618,-1.263,0.16,0.042,0.031,2024-09-19,00Z-ECE,GWUS
2024-09-22,6.531,-1.378,0.102,0.01,0.024,2024-09-19,00Z-ECE,GWUS
2024-09-23,6.166,-1.778,0.128,0.025,-0.112,2024-09-19,00Z-ECE,GWUS
2024-09-24,5.977,-2.008,,-0.101,-0.117,2024-09-19,00Z-ECE,GWUS
2024-09-25,5.437,-2.594,,-0.044,-0.322,2024-09-19,00Z-ECE,GWUS
2024-09-26,5.373,-2.71,,0.068,-0.188,2024-09-19,00Z-ECE,GWUS
2024-09-27,5.459,-2.681,,0.174,-0.082,2024-09-19,00Z-ECE,GWUS
2024-09-28,5.619,-2.585,,0.137,-0.024,2024-09-19,00Z-ECE,GWUS
2024-09-29,5.677,-2.596,,-0.069,-0.155,2024-09-19,00Z-ECE,GWUS
2024-09-30,5.912,-2.436,,-0.165,-0.152,2024-09-19,00Z-ECE,GWUS
2024-10-01,6.17,-2.26,,-0.119,-0.158,2024-09-19,00Z-ECE,GWUS
2024-10-02,6.338,-2.181,,-0.174,-0.184,2024-09-19,00Z-ECE,GWUS
2024-10-03,6.323,-2.196,,,,2024-09-19,00Z-ECE,GWUS
2024-09-20,6.704,-1.142,0.034,0.013,0.08,2024-09-20,00Z-ECE,GWUS
2024-09-21,6.653,-1.223,-0.026,-0.103,0.035,2024-09-20,00Z-ECE,GWUS
2024-09-22,6.349,-1.561,-0.025,0.034,-0.182,2024-09-20,00Z-ECE,GWUS
2024-09-23,5.876,-2.059,-0.044,-0.061,-0.29,2024-09-20,00Z-ECE,GWUS
2024-09-24,5.813,-2.186,0.038,0.024,-0.164,2024-09-20,00Z-ECE,GWUS
2024-09-25,5.435,-2.595,,0.028,-0.002,2024-09-20,00Z-ECE,GWUS
2024-09-26,5.468,-2.627,,0.121,0.096,2024-09-20,00Z-ECE,GWUS
2024-09-27,5.583,-2.574,,0.042,0.124,2024-09-20,00Z-ECE,GWUS
2024-09-28,5.706,-2.506,,0.094,0.087,2024-09-20,00Z-ECE,GWUS
2024-09-29,5.75,-2.541,,0.007,0.073,2024-09-20,00Z-ECE,GWUS
2024-09-30,5.831,-2.522,,-0.171,-0.082,2024-09-20,00Z-ECE,GWUS
2024-10-01,5.975,-2.457,,-0.297,-0.195,2024-09-20,00Z-ECE,GWUS
2024-10-02,6.383,-2.102,,-0.238,0.045,2024-09-20,00Z-ECE,GWUS
2024-10-03,6.614,-1.972,,-0.326,0.07,2024-09-20,00Z-ECE,GWUS
2024-10-04,6.546,-2.13,,,,2024-09-20,00Z-ECE,GWUS
2024-09-21,6.818,-1.062,0.159,0.14,0.165,2024-09-21,00Z-ECE,GWUS
2024-09-22,6.263,-1.64,-0.002,-0.077,-0.086,2024-09-21,00Z-ECE,GWUS
2024-09-23,5.766,-2.185,-0.077,-0.03,-0.11,2024-09-21,00Z-ECE,GWUS
2024-09-24,5.741,-2.248,-0.076,-0.12,-0.073,2024-09-21,00Z-ECE,GWUS
2024-09-25,5.166,-2.879,-0.121,-0.326,-0.269,2024-09-21,00Z-ECE,GWUS
2024-09-26,5.005,-3.062,,-0.326,-0.463,2024-09-21,00Z-ECE,GWUS
2024-09-27,5.146,-2.994,,-0.297,-0.437,2024-09-21,00Z-ECE,GWUS
2024-09-28,5.491,-2.713,,-0.104,-0.215,2024-09-21,00Z-ECE,GWUS
2024-09-29,5.665,-2.608,,-0.002,-0.086,2024-09-21,00Z-ECE,GWUS
2024-09-30,5.806,-2.542,,-0.038,-0.024,2024-09-21,00Z-ECE,GWUS
2024-10-01,6.016,-2.414,,-0.135,0.041,2024-09-21,00Z-ECE,GWUS
2024-10-02,6.203,-2.315,,-0.213,-0.18,2024-09-21,00Z-ECE,GWUS
2024-10-03,6.229,-2.384,,-0.275,-0.385,2024-09-21,00Z-ECE,GWUS
2024-10-04,6.335,-2.379,,-0.359,-0.408,2024-09-21,00Z-ECE,GWUS
2024-10-05,6.288,-2.417,,,,2024-09-21,00Z-ECE,GWUS
2024-09-22,6.22,-1.69,-0.061,-0.044,-0.043,2024-09-22,00Z-ECE,GWUS
2024-09-23,5.745,-2.199,0.03,0.071,-0.021,2024-09-22,00Z-ECE,GWUS
2024-09-24,5.712,-2.273,0.043,-0.034,-0.029,2024-09-22,00Z-ECE,GWUS
2024-09-25,5.04,-2.991,-0.094,-0.149,-0.126,2024-09-22,00Z-ECE,GWUS
2024-09-26,4.585,-3.497,-0.338,-0.45,-0.42,2024-09-22,00Z-ECE,GWUS
2024-09-27,4.799,-3.341,,-0.335,-0.347,2024-09-22,00Z-ECE,GWUS
2024-09-28,5.349,-2.854,,-0.086,-0.142,2024-09-22,00Z-ECE,GWUS
2024-09-29,5.724,-2.549,,0.032,0.059,2024-09-22,00Z-ECE,GWUS
2024-09-30,5.873,-2.475,,-0.046,0.067,2024-09-22,00Z-ECE,GWUS
2024-10-01,5.944,-2.487,,-0.231,-0.072,2024-09-22,00Z-ECE,GWUS
2024-10-02,6.131,-2.388,,-0.231,-0.072,2024-09-22,00Z-ECE,GWUS
2024-10-03,6.17,-2.443,,-0.37,-0.059,2024-09-22,00Z-ECE,GWUS
2024-10-04,6.447,-2.267,,-0.402,0.112,2024-09-22,00Z-ECE,GWUS
2024-10-05,6.717,-2.103,,-0.23,0.231,2024-09-22,00Z-ECE,GWUS
2024-10-06,6.556,-2.265,,,,2024-09-22,00Z-ECE,GWUS
2024-09-23,5.687,-2.258,0.014,-0.036,-0.058,2024-09-23,00Z-ECE,GWUS
2024-09-24,5.433,-2.551,-0.109,-0.113,-0.279,2024-09-23,00Z-ECE,GWUS
2024-09-25,4.867,-3.164,-0.048,0.039,-0.173,2024-09-23,00Z-ECE,GWUS
2024-09-26,4.59,-3.493,-0.033,0.016,0.005,2024-09-23,00Z-ECE,GWUS
2024-09-27,4.693,-3.447,-0.044,-0.01,-0.106,2024-09-23,00Z-ECE,GWUS
2024-09-28,5.196,-3.007,,-0.006,-0.153,2024-09-23,00Z-ECE,GWUS
2024-09-29,5.36,-2.912,,0.03,-0.363,2024-09-23,00Z-ECE,GWUS
2024-09-30,5.425,-2.923,,0.006,-0.448,2024-09-23,00Z-ECE,GWUS
2024-10-01,5.771,-2.659,,0.008,-0.172,2024-09-23,00Z-ECE,GWUS
2024-10-02,6.107,-2.411,,0.103,-0.024,2024-09-23,00Z-ECE,GWUS
2024-10-03,6.392,-2.221,,0.159,0.222,2024-09-23,00Z-ECE,GWUS
2024-10-04,6.57,-2.143,,0.218,0.123,2024-09-23,00Z-ECE,GWUS
2024-10-05,6.696,-2.125,,0.224,-0.022,2024-09-23,00Z-ECE,GWUS
2024-10-06,6.757,-2.178,,0.013,-0.078,2024-09-23,00Z-ECE,GWUS
2024-10-07,6.658,-2.276,,,,2024-09-23,00Z-ECE,GWUS
2024-09-24,5.54,-2.445,-0.054,0.014,0.106,2024-09-24,00Z-ECE,GWUS
2024-09-25,4.765,-3.266,-0.138,-0.023,-0.102,2024-09-24,00Z-ECE,GWUS
2024-09-26,4.405,-3.677,-0.017,-0.068,-0.185,2024-09-24,00Z-ECE,GWUS
2024-09-27,4.701,-3.439,-0.038,-0.024,0.008,2024-09-24,00Z-ECE,GWUS
2024-09-28,5.091,-3.112,-0.067,-0.131,-0.105,2024-09-24,00Z-ECE,GWUS
2024-09-29,5.251,-3.022,,-0.148,-0.109,2024-09-24,00Z-ECE,GWUS
2024-09-30,5.428,-2.921,,-0.278,0.002,2024-09-24,00Z-ECE,GWUS
2024-10-01,5.816,-2.615,,-0.302,0.044,2024-09-24,00Z-ECE,GWUS
2024-10-02,6.348,-2.17,,-0.268,0.241,2024-09-24,00Z-ECE,GWUS
2024-10-03,6.77,-1.843,,-0.246,0.378,2024-09-24,00Z-ECE,GWUS
2024-10-04,6.915,-1.799,,-0.263,0.345,2024-09-24,00Z-ECE,GWUS
2024-10-05,6.941,-1.879,,-0.255,0.246,2024-09-24,00Z-ECE,GWUS
2024-10-06,7.239,-1.695,,0.031,0.483,2024-09-24,00Z-ECE,GWUS
2024-10-07,7.316,-1.738,,-0.126,0.383,2024-09-24,00Z-ECE,GWUS
2024-10-08,7.153,-1.901,,,,2024-09-24,00Z-ECE,GWUS
2024-09-25,5.0,-3.031,0.169,0.206,0.235,2024-09-25,00Z-ECE,GWUS
2024-09-26,4.521,-3.561,0.101,0.065,0.116,2024-09-25,00Z-ECE,GWUS
2024-09-27,4.695,-3.445,0.002,0.007,-0.006,2024-09-25,00Z-ECE,GWUS
2024-09-28,5.058,-3.145,0.094,0.031,-0.033,2024-09-25,00Z-ECE,GWUS
2024-09-29,5.304,-2.969,0.174,0.111,0.052,2024-09-25,00Z-ECE,GWUS
2024-09-30,5.598,-2.75,,0.154,0.171,2024-09-25,00Z-ECE,GWUS
2024-10-01,6.358,-2.073,,0.174,0.542,2024-09-25,00Z-ECE,GWUS
2024-10-02,6.986,-1.533,,-0.003,0.638,2024-09-25,00Z-ECE,GWUS
2024-10-03,7.231,-1.382,,-0.059,0.461,2024-09-25,00Z-ECE,GWUS
2024-10-04,7.175,-1.539,,0.082,0.26,2024-09-25,00Z-ECE,GWUS
2024-10-05,7.043,-1.777,,0.235,0.102,2024-09-25,00Z-ECE,GWUS
2024-10-06,7.054,-1.88,,0.35,-0.185,2024-09-25,00Z-ECE,GWUS
2024-10-07,7.105,-1.95,,0.283,-0.212,2024-09-25,00Z-ECE,GWUS
2024-10-08,7.219,-1.962,,0.153,-0.191,2024-09-25,00Z-ECE,GWUS
2024-10-09,7.034,-2.147,,,,2024-09-25,00Z-ECE,GWUS
2024-09-26,4.693,-3.392,0.146,0.135,0.172,2024-09-26,00Z-ECE,GWUS
2024-09-27,4.751,-3.379,0.033,0.012,0.056,2024-09-26,00Z-ECE,GWUS
2024-09-28,5.114,-3.089,0.053,0.068,0.056,2024-09-26,00Z-ECE,GWUS
2024-09-29,5.258,-3.007,0.064,-0.044,-0.045,2024-09-26,00Z-ECE,GWUS
2024-09-30,5.733,-2.619,0.091,0.021,0.134,2024-09-26,00Z-ECE,GWUS
2024-10-01,6.466,-1.943,,0.156,0.108,2024-09-26,00Z-ECE,GWUS
2024-10-02,7.102,-1.446,,0.428,0.116,2024-09-26,00Z-ECE,GWUS
2024-10-03,7.172,-1.423,,0.385,-0.059,2024-09-26,00Z-ECE,GWUS
2024-10-04,6.908,-1.845,,0.335,-0.266,2024-09-26,00Z-ECE,GWUS
2024-10-05,6.985,-1.846,,0.637,-0.059,2024-09-26,00Z-ECE,GWUS
2024-10-06,7.15,-1.767,,0.731,0.096,2024-09-26,00Z-ECE,GWUS
2024-10-07,7.03,-2.142,,0.449,-0.074,2024-09-26,00Z-ECE,GWUS
2024-10-08,7.003,-2.179,,0.218,-0.215,2024-09-26,00Z-ECE,GWUS
2024-10-09,7.037,-2.219,,0.101,-0.267,2024-09-26,00Z-ECE,GWUS
2024-10-10,6.865,-2.463,,,,2024-09-26,00Z-ECE,GWUS
2024-09-27,4.727,-3.41,0.035,0.017,-0.024,2024-09-27,00Z-ECE,GWUS
2024-09-28,5.147,-3.056,0.07,0.021,0.033,2024-09-27,00Z-ECE,GWUS
2024-09-29,5.158,-3.115,0.101,0.036,-0.1,2024-09-27,00Z-ECE,GWUS
2024-09-30,5.65,-2.698,0.047,0.016,-0.082,2024-09-27,00Z-ECE,GWUS
2024-10-01,6.282,-2.148,-0.106,-0.048,-0.184,2024-09-27,00Z-ECE,GWUS
2024-10-02,6.982,-1.536,,-0.064,-0.12,2024-09-27,00Z-ECE,GWUS
2024-10-03,7.325,-1.288,,0.17,0.153,2024-09-27,00Z-ECE,GWUS
2024-10-04,7.274,-1.44,,0.443,0.366,2024-09-27,00Z-ECE,GWUS
2024-10-05,7.542,-1.279,,0.747,0.557,2024-09-27,00Z-ECE,GWUS
2024-10-06,7.903,-1.032,,0.907,0.753,2024-09-27,00Z-ECE,GWUS
2024-10-07,7.885,-1.17,,1.017,0.854,2024-09-27,00Z-ECE,GWUS
2024-10-08,7.994,-1.187,,1.149,0.991,2024-09-27,00Z-ECE,GWUS
2024-10-09,8.118,-1.196,,1.038,1.08,2024-09-27,00Z-ECE,GWUS
2024-10-10,8.094,-1.359,,0.761,0.993,2024-09-27,00Z-ECE,GWUS
2024-10-11,7.868,-1.585,,,,2024-09-27,00Z-ECE,GWUS
2024-09-28,5.218,-2.985,0.111,0.084,0.071,2024-09-28,00Z-ECE,GWUS
2024-09-29,5.198,-3.075,0.091,0.044,0.04,2024-09-28,00Z-ECE,GWUS
2024-09-30,5.598,-2.75,0.073,0.034,-0.052,2024-09-28,00Z-ECE,GWUS
2024-10-01,6.363,-2.067,-0.016,0.056,0.081,2024-09-28,00Z-ECE,GWUS
2024-10-02,7.093,-1.425,-0.121,-0.031,0.111,2024-09-28,00Z-ECE,GWUS
2024-10-03,7.016,-1.597,,-0.29,-0.31,2024-09-28,00Z-ECE,GWUS
2024-10-04,6.756,-1.958,,-0.406,-0.518,2024-09-28,00Z-ECE,GWUS
2024-10-05,6.858,-1.962,,-0.353,-0.684,2024-09-28,00Z-ECE,GWUS
2024-10-06,7.032,-1.903,,-0.317,-0.871,2024-09-28,00Z-ECE,GWUS
2024-10-07,6.883,-2.171,,-0.415,-1.002,2024-09-28,00Z-ECE,GWUS
2024-10-08,6.908,-2.273,,-0.652,-1.085,2024-09-28,00Z-ECE,GWUS
2024-10-09,7.174,-2.139,,-0.696,-0.943,2024-09-28,00Z-ECE,GWUS
2024-10-10,7.497,-1.956,,-0.522,-0.597,2024-09-28,00Z-ECE,GWUS
2024-10-11,7.847,-1.752,,-0.271,-0.323,2024-09-28,00Z-ECE,GWUS
2024-10-12,7.748,-1.851,,,,2024-09-28,00Z-ECE,GWUS
2024-09-29,5.247,-3.011,0.168,0.076,0.049,2024-09-29,00Z-ECE,GWUS
2024-09-30,5.687,-2.653,0.127,0.045,0.089,2024-09-29,00Z-ECE,GWUS
2024-10-01,6.146,-2.272,0.059,-0.046,-0.217,2024-09-29,00Z-ECE,GWUS
2024-10-02,6.913,-1.61,-0.047,-0.044,-0.18,2024-09-29,00Z-ECE,GWUS
2024-10-03,7.023,-1.574,0.055,0.072,0.008,2024-09-29,00Z-ECE,GWUS
2024-10-04,6.903,-1.802,,0.05,0.147,2024-09-29,00Z-ECE,GWUS
2024-10-05,7.238,-1.598,,0.268,0.38,2024-09-29,00Z-ECE,GWUS
2024-10-06,7.567,-1.356,,0.388,0.535,2024-09-29,00Z-ECE,GWUS
2024-10-07,7.635,-1.408,,0.45,0.752,2024-09-29,00Z-ECE,GWUS
2024-10-08,7.766,-1.415,,0.458,0.858,2024-09-29,00Z-ECE,GWUS
2024-10-09,7.832,-1.445,,0.419,0.658,2024-09-29,00Z-ECE,GWUS
2024-10-10,7.693,-1.761,,0.215,0.196,2024-09-29,00Z-ECE,GWUS
2024-10-11,7.653,-1.946,,-0.121,-0.194,2024-09-29,00Z-ECE,GWUS
2024-10-12,7.979,-1.772,,-0.022,-0.117,2024-09-29,00Z-ECE,GWUS
2024-10-13,7.989,-1.677,,,,2024-09-29,00Z-ECE,GWUS
2024-09-30,5.738,-2.611,0.073,0.046,0.051,2024-09-30,00Z-ECE,GWUS
2024-10-01,6.214,-2.216,-0.007,-0.004,0.069,2024-09-30,00Z-ECE,GWUS
2024-10-02,6.861,-1.657,0.061,0.061,-0.052,2024-09-30,00Z-ECE,GWUS
2024-10-03,6.944,-1.669,0.036,0.011,-0.079,2024-09-30,00Z-ECE,GWUS
2024-10-04,6.558,-2.155,-0.111,-0.148,-0.344,2024-09-30,00Z-ECE,GWUS
2024-10-05,6.541,-2.28,,-0.492,-0.697,2024-09-30,00Z-ECE,GWUS
2024-10-06,6.896,-2.039,,-0.472,-0.671,2024-09-30,00Z-ECE,GWUS
2024-10-07,7.087,-1.968,,-0.298,-0.548,2024-09-30,00Z-ECE,GWUS
2024-10-08,7.162,-2.018,,-0.546,-0.604,2024-09-30,00Z-ECE,GWUS
2024-10-09,7.134,-2.18,,-0.571,-0.698,2024-09-30,00Z-ECE,GWUS
2024-10-10,7.123,-2.33,,-0.41,-0.569,2024-09-30,00Z-ECE,GWUS
2024-10-11,7.307,-2.292,,-0.312,-0.345,2024-09-30,00Z-ECE,GWUS
2024-10-12,7.715,-2.036,,-0.023,-0.264,2024-09-30,00Z-ECE,GWUS
2024-10-13,7.962,-1.948,,0.062,-0.256,2024-09-30,00Z-ECE,GWUS
2024-10-14,7.763,-2.147,,,,2024-09-30,00Z-ECE,GWUS
2024-10-01,6.179,-2.252,-0.063,-0.037,-0.036,2024-10-01,00Z-ECE,GWUS
2024-10-02,6.836,-1.682,-0.077,0.014,-0.025,2024-10-01,00Z-ECE,GWUS
2024-10-03,6.97,-1.643,-0.043,0.098,0.026,2024-10-01,00Z-ECE,GWUS
2024-10-04,6.612,-2.102,-0.024,0.081,0.054,2024-10-01,00Z-ECE,GWUS
2024-10-05,6.495,-2.326,-0.087,0.059,-0.046,2024-10-01,00Z-ECE,GWUS
2024-10-06,6.797,-2.137,,-0.02,-0.098,2024-10-01,00Z-ECE,GWUS
2024-10-07,7.442,-1.612,,0.154,0.355,2024-10-01,00Z-ECE,GWUS
2024-10-08,7.661,-1.52,,0.154,0.498,2024-10-01,00Z-ECE,GWUS
2024-10-09,7.346,-1.968,,0.116,0.212,2024-10-01,00Z-ECE,GWUS
2024-10-10,7.167,-2.286,,0.173,0.044,2024-10-01,00Z-ECE,GWUS
2024-10-11,7.308,-2.291,,0.414,0.0,2024-10-01,00Z-ECE,GWUS
2024-10-12,7.533,-2.218,,0.484,-0.182,2024-10-01,00Z-ECE,GWUS
2024-10-13,7.603,-2.307,,0.207,-0.359,2024-10-01,00Z-ECE,GWUS
2024-10-14,7.906,-2.169,,0.03,-0.174,2024-10-01,00Z-ECE,GWUS
2024-10-15,8.022,-2.053,,,,2024-10-01,00Z-ECE,GWUS
2024-10-02,6.905,-1.613,0.078,-0.012,0.069,2024-10-02,00Z-ECE,GWUS
2024-10-03,7.03,-1.583,0.046,0.06,0.059,2024-10-02,00Z-ECE,GWUS
2024-10-04,6.553,-2.16,0.058,0.005,-0.059,2024-10-02,00Z-ECE,GWUS
2024-10-05,6.404,-2.417,0.031,0.033,-0.09,2024-10-02,00Z-ECE,GWUS
2024-10-06,6.79,-2.144,0.102,0.036,-0.007,2024-10-02,00Z-ECE,GWUS
2024-10-07,7.339,-1.716,,0.102,-0.104,2024-10-02,00Z-ECE,GWUS
2024-10-08,7.713,-1.468,,0.202,0.053,2024-10-02,00Z-ECE,GWUS
2024-10-09,7.749,-1.565,,0.316,0.403,2024-10-02,00Z-ECE,GWUS
2024-10-10,7.619,-1.835,,0.479,0.451,2024-10-02,00Z-ECE,GWUS
2024-10-11,7.592,-2.007,,0.576,0.285,2024-10-02,00Z-ECE,GWUS
2024-10-12,7.682,-2.069,,0.422,0.15,2024-10-02,00Z-ECE,GWUS
2024-10-13,7.922,-1.988,,0.388,0.319,2024-10-02,00Z-ECE,GWUS
2024-10-14,8.196,-1.878,,0.256,0.29,2024-10-02,00Z-ECE,GWUS
2024-10-15,8.33,-1.915,,-0.085,-0.074,2024-10-02,00Z-ECE,GWUS
2024-10-16,8.344,-1.902,,,,2024-10-02,00Z-ECE,GWUS
2024-10-03,7.02,-1.593,-0.068,-0.129,-0.01,2024-10-03,00Z-ECE,GWUS
2024-10-04,6.514,-2.199,-0.075,-0.149,-0.039,2024-10-03,00Z-ECE,GWUS
2024-10-05,6.297,-2.524,-0.104,-0.198,-0.107,2024-10-03,00Z-ECE,GWUS
2024-10-06,6.934,-2.0,0.051,0.04,0.144,2024-10-03,00Z-ECE,GWUS
2024-10-07,7.38,-1.675,-0.062,-0.049,0.041,2024-10-03,00Z-ECE,GWUS
2024-10-08,7.663,-1.518,,-0.066,-0.051,2024-10-03,00Z-ECE,GWUS
2024-10-09,8.052,-1.262,,0.163,0.304,2024-10-03,00Z-ECE,GWUS
2024-10-10,8.106,-1.347,,0.291,0.488,2024-10-03,00Z-ECE,GWUS
2024-10-11,7.629,-1.97,,0.106,0.037,2024-10-03,00Z-ECE,GWUS
2024-10-12,7.343,-2.408,,-0.215,-0.339,2024-10-03,00Z-ECE,GWUS
2024-10-13,7.469,-2.441,,-0.246,-0.453,2024-10-03,00Z-ECE,GWUS
2024-10-14,7.812,-2.263,,0.084,-0.385,2024-10-03,00Z-ECE,GWUS
2024-10-15,8.249,-1.997,,0.074,-0.082,2024-10-03,00Z-ECE,GWUS
2024-10-16,8.351,-2.073,,-0.273,-0.25,2024-10-03,00Z-ECE,GWUS
2024-10-17,7.911,-2.512,,,,2024-10-03,00Z-ECE,GWUS
2024-10-04,6.343,-2.37,-0.066,-0.183,-0.171,2024-10-04,00Z-ECE,GWUS
2024-10-05,6.372,-2.449,-0.027,-0.069,0.075,2024-10-04,00Z-ECE,GWUS
2024-10-06,6.853,-2.081,-0.114,-0.045,-0.081,2024-10-04,00Z-ECE,GWUS
2024-10-07,7.559,-1.496,-0.111,0.072,0.179,2024-10-04,00Z-ECE,GWUS
2024-10-08,7.831,-1.349,-0.067,0.172,0.169,2024-10-04,00Z-ECE,GWUS
2024-10-09,8.392,-0.921,,0.295,0.34,2024-10-04,00Z-ECE,GWUS
2024-10-10,8.177,-1.276,,-0.069,0.071,2024-10-04,00Z-ECE,GWUS
2024-10-11,7.22,-2.379,,-0.401,-0.409,2024-10-04,00Z-ECE,GWUS
2024-10-12,6.942,-2.809,,-0.288,-0.401,2024-10-04,00Z-ECE,GWUS
2024-10-13,7.572,-2.338,,0.49,0.103,2024-10-04,00Z-ECE,GWUS
2024-10-14,8.238,-1.837,,0.798,0.427,2024-10-04,00Z-ECE,GWUS
2024-10-15,8.556,-1.69,,0.309,0.307,2024-10-04,00Z-ECE,GWUS
2024-10-16,8.727,-1.696,,0.225,0.377,2024-10-04,00Z-ECE,GWUS
2024-10-17,8.512,-2.095,,0.296,0.291,2024-10-04,00Z-ECE,GWUS
2024-10-18,8.131,-2.476,,,,2024-10-04,00Z-ECE,GWUS
2024-10-05,6.238,-2.583,0.034,-0.041,-0.134,2024-10-05,00Z-ECE,GWUS
2024-10-06,6.802,-2.133,-0.05,-0.13,-0.051,2024-10-05,00Z-ECE,GWUS
2024-10-07,7.287,-1.768,-0.121,-0.076,-0.272,2024-10-05,00Z-ECE,GWUS
2024-10-08,7.841,-1.34,-0.052,-0.089,0.009,2024-10-05,00Z-ECE,GWUS
2024-10-09,8.135,-1.179,-0.115,-0.21,-0.257,2024-10-05,00Z-ECE,GWUS
2024-10-10,8.188,-1.266,,-0.198,0.01,2024-10-05,00Z-ECE,GWUS
2024-10-11,7.317,-2.282,,-0.109,0.096,2024-10-05,00Z-ECE,GWUS
2024-10-12,6.622,-3.13,,-0.321,-0.321,2024-10-05,00Z-ECE,GWUS
2024-10-13,7.099,-2.811,,-0.418,-0.473,2024-10-05,00Z-ECE,GWUS
2024-10-14,8.494,-1.581,,-0.131,0.255,2024-10-05,00Z-ECE,GWUS
2024-10-15,9.599,-0.647,,0.098,1.043,2024-10-05,00Z-ECE,GWUS
2024-10-16,9.508,-0.915,,0.23,0.781,2024-10-05,00Z-ECE,GWUS
2024-10-17,8.513,-2.094,,-0.044,0.001,2024-10-05,00Z-ECE,GWUS
2024-10-18,7.854,-2.942,,-0.4,-0.537,2024-10-05,00Z-ECE,GWUS
2024-10-19,7.689,-3.108,,,,2024-10-05,00Z-ECE,GWUS
2024-10-06,6.588,-2.347,-0.059,-0.211,-0.214,2024-10-06,00Z-ECE,GWUS
2024-10-07,7.174,-1.881,-0.047,-0.065,-0.113,2024-10-06,00Z-ECE,GWUS
2024-10-08,7.661,-1.52,-0.008,0.007,-0.179,2024-10-06,00Z-ECE,GWUS
2024-10-09,8.005,-1.309,-0.157,-0.071,-0.13,2024-10-06,00Z-ECE,GWUS
2024-10-10,8.239,-1.214,0.032,0.028,0.051,2024-10-06,00Z-ECE,GWUS
2024-10-11,7.405,-2.194,,0.075,0.088,2024-10-06,00Z-ECE,GWUS
2024-10-12,6.637,-3.114,,-0.053,0.016,2024-10-06,00Z-ECE,GWUS
2024-10-13,7.033,-2.877,,0.107,-0.066,2024-10-06,00Z-ECE,GWUS
2024-10-14,8.105,-1.969,,0.199,-0.388,2024-10-06,00Z-ECE,GWUS
2024-10-15,8.545,-1.701,,0.129,-1.054,2024-10-06,00Z-ECE,GWUS
2024-10-16,8.515,-1.908,,0.255,-0.993,2024-10-06,00Z-ECE,GWUS
2024-10-17,8.119,-2.488,,0.218,-0.394,2024-10-06,00Z-ECE,GWUS
2024-10-18,7.564,-3.233,,-0.144,-0.29,2024-10-06,00Z-ECE,GWUS
2024-10-19,7.58,-3.412,,-0.367,-0.488,2024-10-06,00Z-ECE,GWUS
2024-10-20,7.669,-3.323,,,,2024-10-06,00Z-ECE,GWUS
2024-10-07,7.103,-1.945,0.06,0.034,-0.071,2024-10-07,00Z-ECE,GWUS
2024-10-08,7.523,-1.672,0.045,0.059,-0.138,2024-10-07,00Z-ECE,GWUS
2024-10-09,7.669,-1.655,-0.044,-0.02,-0.336,2024-10-07,00Z-ECE,GWUS
2024-10-10,8.247,-1.212,-0.134,-0.127,0.008,2024-10-07,00Z-ECE,GWUS
2024-10-11,7.88,-1.726,-0.084,-0.073,0.475,2024-10-07,00Z-ECE,GWUS
2024-10-12,7.113,-2.639,,0.105,0.475,2024-10-07,00Z-ECE,GWUS
2024-10-13,7.955,-1.91,,0.469,0.922,2024-10-07,00Z-ECE,GWUS
2024-10-14,9.213,-0.88,,0.655,1.108,2024-10-07,00Z-ECE,GWUS
2024-10-15,9.757,-0.55,,0.571,1.212,2024-10-07,00Z-ECE,GWUS
2024-10-16,9.241,-1.19,,0.525,0.725,2024-10-07,00Z-ECE,GWUS
2024-10-17,8.283,-2.326,,0.159,0.163,2024-10-07,00Z-ECE,GWUS
2024-10-18,7.831,-2.969,,0.012,0.267,2024-10-07,00Z-ECE,GWUS
2024-10-19,7.845,-3.124,,0.004,0.265,2024-10-07,00Z-ECE,GWUS
2024-10-20,8.236,-2.935,,0.047,0.218,2024-10-07,00Z-ECE,GWUS
2024-10-21,8.218,-2.949,,,,2024-10-07,00Z-ECE,GWUS
2024-10-08,7.323,-1.858,-0.041,-0.08,-0.201,2024-10-08,00Z-ECE,GWUS
2024-10-09,7.657,-1.657,-0.011,-0.016,-0.013,2024-10-08,00Z-ECE,GWUS
2024-10-10,8.125,-1.328,0.004,0.048,-0.122,2024-10-08,00Z-ECE,GWUS
2024-10-11,7.75,-1.849,-0.173,-0.071,-0.13,2024-10-08,00Z-ECE,GWUS
2024-10-12,7.168,-2.583,-0.063,0.222,0.056,2024-10-08,00Z-ECE,GWUS
2024-10-13,8.26,-1.65,,0.392,0.305,2024-10-08,00Z-ECE,GWUS
2024-10-14,9.941,-0.133,,0.727,0.728,2024-10-08,00Z-ECE,GWUS
2024-10-15,11.432,1.186,,1.327,1.675,2024-10-08,00Z-ECE,GWUS
2024-10-16,11.593,1.169,,2.043,2.352,2024-10-08,00Z-ECE,GWUS
2024-10-17,10.588,-0.019,,2.027,2.305,2024-10-08,00Z-ECE,GWUS
2024-10-18,9.009,-1.788,,1.189,1.178,2024-10-08,00Z-ECE,GWUS
2024-10-19,8.003,-2.989,,0.431,0.158,2024-10-08,00Z-ECE,GWUS
2024-10-20,7.799,-3.394,,0.268,-0.437,2024-10-08,00Z-ECE,GWUS
2024-10-21,8.126,-3.275,,0.39,-0.445,2024-10-08,00Z-ECE,GWUS
2024-10-22,8.186,-3.215,,,,2024-10-08,00Z-ECE,GWUS
2024-10-09,7.581,-1.733,-0.014,-0.064,-0.076,2024-10-09,00Z-ECE,GWUS
2024-10-10,8.292,-1.161,0.097,0.121,0.167,2024-10-09,00Z-ECE,GWUS
2024-10-11,7.806,-1.793,0.035,0.196,0.056,2024-10-09,00Z-ECE,GWUS
2024-10-12,7.22,-2.531,-0.174,0.051,0.052,2024-10-09,00Z-ECE,GWUS
2024-10-13,8.367,-1.543,-0.194,-0.03,0.107,2024-10-09,00Z-ECE,GWUS
2024-10-14,10.068,-0.007,,-0.072,0.126,2024-10-09,00Z-ECE,GWUS
2024-10-15,11.458,1.213,,-0.439,0.026,2024-10-09,00Z-ECE,GWUS
2024-10-16,11.492,1.069,,-0.603,-0.101,2024-10-09,00Z-ECE,GWUS
2024-10-17,10.547,-0.06,,-0.622,-0.041,2024-10-09,00Z-ECE,GWUS
2024-10-18,9.04,-1.756,,-0.556,0.031,2024-10-09,00Z-ECE,GWUS
2024-10-19,7.82,-3.172,,-0.663,-0.182,2024-10-09,00Z-ECE,GWUS
2024-10-20,7.452,-3.741,,-0.405,-0.347,2024-10-09,00Z-ECE,GWUS
2024-10-21,7.707,-3.694,,-0.117,-0.419,2024-10-09,00Z-ECE,GWUS
2024-10-22,8.301,-3.313,,0.349,-0.276,2024-10-09,00Z-ECE,GWUS
2024-10-23,8.381,-3.232,,,,2024-10-09,00Z-ECE,GWUS
2024-10-10,8.298,-1.155,-0.05,-0.133,0.006,2024-10-10,00Z-ECE,GWUS
2024-10-11,7.803,-1.796,0.015,-0.028,-0.002,2024-10-10,00Z-ECE,GWUS
2024-10-12,6.956,-2.795,0.03,-0.12,-0.264,2024-10-10,00Z-ECE,GWUS
2024-10-13,7.924,-1.985,-0.108,-0.417,-0.443,2024-10-10,00Z-ECE,GWUS
2024-10-14,9.886,-0.189,-0.015,-0.147,-0.181,2024-10-10,00Z-ECE,GWUS
2024-10-15,11.641,1.395,,0.048,0.183,2024-10-10,00Z-ECE,GWUS
2024-10-16,11.611,1.187,,-0.475,0.119,2024-10-10,00Z-ECE,GWUS
2024-10-17,10.465,-0.142,,-1.03,-0.082,2024-10-10,00Z-ECE,GWUS
2024-10-18,9.267,-1.529,,-0.795,0.227,2024-10-10,00Z-ECE,GWUS
2024-10-19,8.388,-2.604,,-0.306,0.568,2024-10-10,00Z-ECE,GWUS
2024-10-20,7.684,-3.51,,-0.245,0.231,2024-10-10,00Z-ECE,GWUS
2024-10-21,7.498,-3.903,,-0.422,-0.21,2024-10-10,00Z-ECE,GWUS
2024-10-22,7.793,-3.821,,-0.338,-0.508,2024-10-10,00Z-ECE,GWUS
2024-10-23,8.551,-3.281,,-0.014,-0.351,2024-10-10,00Z-ECE,GWUS
2024-10-24,8.944,-2.888,,,,2024-10-10,00Z-ECE,GWUS
2024-10-11,7.652,-1.731,-0.029,-0.041,-0.152,2024-10-11,00Z-ECE,GWUS
2024-10-12,6.854,-2.51,0.049,0.046,-0.102,2024-10-11,00Z-ECE,GWUS
2024-10-13,7.741,-1.757,0.026,0.055,-0.184,2024-10-11,00Z-ECE,GWUS
2024-10-14,9.757,-0.088,-0.074,-0.044,-0.129,2024-10-11,00Z-ECE,GWUS
2024-10-15,11.616,1.77,0.072,0.018,0.063,2024-10-11,00Z-ECE,GWUS
2024-10-16,11.75,1.175,,0.182,0.139,2024-10-11,00Z-ECE,GWUS
2024-10-17,11.059,0.306,,0.85,0.593,2024-10-11,00Z-ECE,GWUS
2024-10-18,9.856,-0.992,,0.987,0.589,2024-10-11,00Z-ECE,GWUS
2024-10-19,8.86,-1.722,,0.843,0.471,2024-10-11,00Z-ECE,GWUS
2024-10-20,8.105,-2.445,,0.426,0.421,2024-10-11,00Z-ECE,GWUS
2024-10-21,8.124,-2.879,,0.311,0.627,2024-10-11,00Z-ECE,GWUS
2024-10-22,8.504,-2.783,,0.129,0.712,2024-10-11,00Z-ECE,GWUS
2024-10-23,8.767,-2.762,,-0.091,0.215,2024-10-11,00Z-ECE,GWUS
2024-10-24,9.348,-2.309,,-0.121,-0.102,2024-10-11,00Z-ECE,GWUS
2024-10-25,9.553,-2.104,,,,2024-10-11,00Z-ECE,GWUS
2024-10-12,6.784,-2.58,0.013,-0.071,-0.07,2024-10-12,00Z-ECE,GWUS
2024-10-13,7.741,-1.757,0.003,-0.046,0.0,2024-10-12,00Z-ECE,GWUS
2024-10-14,9.39,-0.455,-0.077,-0.058,-0.367,2024-10-12,00Z-ECE,GWUS
2024-10-15,11.8,1.695,0.027,-0.054,0.103,2024-10-12,00Z-ECE,GWUS
2024-10-16,11.922,1.346,-0.215,-0.232,0.172,2024-10-12,00Z-ECE,GWUS
2024-10-17,11.182,0.429,,-0.339,0.123,2024-10-12,00Z-ECE,GWUS
2024-10-18,9.574,-1.274,,-0.484,-0.282,2024-10-12,00Z-ECE,GWUS
2024-10-19,8.558,-2.024,,0.002,-0.302,2024-10-12,00Z-ECE,GWUS
2024-10-20,8.018,-2.533,,0.021,-0.087,2024-10-12,00Z-ECE,GWUS
2024-10-21,8.548,-2.456,,0.405,0.423,2024-10-12,00Z-ECE,GWUS
2024-10-22,9.088,-2.2,,0.559,0.583,2024-10-12,00Z-ECE,GWUS
2024-10-23,9.183,-2.345,,0.328,0.417,2024-10-12,00Z-ECE,GWUS
2024-10-24,9.8,-1.857,,0.347,0.452,2024-10-12,00Z-ECE,GWUS
2024-10-25,10.359,-1.647,,0.52,0.362,2024-10-12,00Z-ECE,GWUS
2024-10-26,9.998,-2.008,,,,2024-10-12,00Z-ECE,GWUS
2024-10-13,7.843,-1.655,0.02,0.064,0.102,2024-10-13,00Z-ECE,GWUS
2024-10-14,9.443,-0.403,0.052,0.1,0.052,2024-10-13,00Z-ECE,GWUS
2024-10-15,12.026,1.921,0.077,0.244,0.226,2024-10-13,00Z-ECE,GWUS
2024-10-16,12.542,1.966,0.089,0.274,0.62,2024-10-13,00Z-ECE,GWUS
2024-10-17,11.828,1.075,0.314,0.353,0.646,2024-10-13,00Z-ECE,GWUS
2024-10-18,10.177,-0.671,,0.244,0.603,2024-10-13,00Z-ECE,GWUS
2024-10-19,8.974,-1.607,,0.242,0.416,2024-10-13,00Z-ECE,GWUS
2024-10-20,8.373,-2.178,,0.23,0.355,2024-10-13,00Z-ECE,GWUS
2024-10-21,8.469,-2.534,,0.39,-0.078,2024-10-13,00Z-ECE,GWUS
2024-10-22,8.574,-2.713,,0.333,-0.513,2024-10-13,00Z-ECE,GWUS
2024-10-23,8.293,-3.235,,-0.121,-0.89,2024-10-13,00Z-ECE,GWUS
2024-10-24,8.62,-3.037,,-0.611,-1.18,2024-10-13,00Z-ECE,GWUS
2024-10-25,9.077,-2.929,,-1.047,-1.282,2024-10-13,00Z-ECE,GWUS
2024-10-26,9.403,-3.122,,-1.417,-0.924,2024-10-13,00Z-ECE,GWUS
2024-10-27,9.207,-3.319,,,,2024-10-13,00Z-ECE,GWUS
2024-10-14,9.618,-0.227,-0.045,0.008,0.176,2024-10-14,00Z-ECE,GWUS
2024-10-15,12.19,2.084,-0.052,-0.143,0.163,2024-10-14,00Z-ECE,GWUS
2024-10-16,12.42,1.845,-0.024,-0.168,-0.121,2024-10-14,00Z-ECE,GWUS
2024-10-17,11.888,1.135,0.172,-0.098,0.06,2024-10-14,00Z-ECE,GWUS
2024-10-18,10.164,-0.684,0.142,-0.072,-0.013,2024-10-14,00Z-ECE,GWUS
2024-10-19,9.08,-1.501,,-0.026,0.106,2024-10-14,00Z-ECE,GWUS
2024-10-20,8.164,-2.386,,0.108,-0.208,2024-10-14,00Z-ECE,GWUS
2024-10-21,7.458,-3.546,,0.11,-1.012,2024-10-14,00Z-ECE,GWUS
2024-10-22,7.29,-3.997,,0.047,-1.284,2024-10-14,00Z-ECE,GWUS
2024-10-23,7.607,-3.921,,0.062,-0.686,2024-10-14,00Z-ECE,GWUS
2024-10-24,8.987,-2.67,,0.591,0.367,2024-10-14,00Z-ECE,GWUS
2024-10-25,9.925,-2.081,,0.461,0.848,2024-10-14,00Z-ECE,GWUS
2024-10-26,9.862,-2.664,,-0.06,0.458,2024-10-14,00Z-ECE,GWUS
2024-10-27,9.64,-3.444,,-0.32,-0.023,2024-10-14,00Z-ECE,GWUS
2024-10-28,9.621,-3.464,,,,2024-10-14,00Z-ECE,GWUS
2024-10-15,12.235,2.13,-0.058,-0.072,0.046,2024-10-15,00Z-ECE,GWUS
2024-10-16,12.443,1.868,0.073,-0.063,0.023,2024-10-15,00Z-ECE,GWUS
2024-10-17,11.826,1.073,0.053,-0.127,-0.062,2024-10-15,00Z-ECE,GWUS
2024-10-18,9.959,-0.889,-0.026,-0.175,-0.205,2024-10-15,00Z-ECE,GWUS
2024-10-19,9.029,-1.553,0.045,-0.012,-0.052,2024-10-15,00Z-ECE,GWUS
2024-10-20,8.245,-2.306,,0.039,0.081,2024-10-15,00Z-ECE,GWUS
2024-10-21,7.498,-3.506,,0.032,0.04,2024-10-15,00Z-ECE,GWUS
2024-10-22,7.446,-3.842,,0.062,0.155,2024-10-15,00Z-ECE,GWUS
2024-10-23,8.135,-3.393,,0.288,0.528,2024-10-15,00Z-ECE,GWUS
2024-10-24,9.334,-2.323,,0.473,0.348,2024-10-15,00Z-ECE,GWUS
2024-10-25,9.245,-2.761,,0.316,-0.68,2024-10-15,00Z-ECE,GWUS
2024-10-26,8.837,-3.689,,-0.041,-1.025,2024-10-15,00Z-ECE,GWUS
2024-10-27,8.94,-4.144,,-0.389,-0.7,2024-10-15,00Z-ECE,GWUS
2024-10-28,9.732,-3.703,,-0.479,-0.46,2024-10-15,00Z-ECE,GWUS
2024-10-29,10.291,-3.144,,,,2024-10-15,00Z-ECE,GWUS
2024-10-16,12.224,1.649,-0.213,-0.157,-0.219,2024-10-16,00Z-ECE,GWUS
2024-10-17,11.907,1.154,-0.116,0.002,0.081,2024-10-16,00Z-ECE,GWUS
2024-10-18,9.973,-0.876,-0.148,-0.06,0.014,2024-10-16,00Z-ECE,GWUS
2024-10-19,9.088,-1.494,-0.076,-0.066,0.059,2024-10-16,00Z-ECE,GWUS
2024-10-20,8.281,-2.269,-0.11,-0.102,0.037,2024-10-16,00Z-ECE,GWUS
2024-10-21,7.611,-3.393,,-0.008,0.113,2024-10-16,00Z-ECE,GWUS
2024-10-22,7.362,-3.925,,-0.009,-0.083,2024-10-16,00Z-ECE,GWUS
2024-10-23,7.517,-4.011,,-0.23,-0.618,2024-10-16,00Z-ECE,GWUS
2024-10-24,8.423,-3.234,,-0.179,-0.911,2024-10-16,00Z-ECE,GWUS
2024-10-25,8.866,-3.141,,-0.001,-0.379,2024-10-16,00Z-ECE,GWUS
2024-10-26,8.917,-3.608,,0.237,0.08,2024-10-16,00Z-ECE,GWUS
2024-10-27,9.235,-3.85,,0.482,0.294,2024-10-16,00Z-ECE,GWUS
2024-10-28,9.944,-3.491,,0.524,0.211,2024-10-16,00Z-ECE,GWUS
2024-10-29,10.683,-2.691,,0.558,-0.114,2024-10-16,00Z-ECE,GWUS
2024-10-30,10.637,-2.737,,,,2024-10-16,00Z-ECE,GWUS
2024-10-17,11.787,1.034,-0.121,-0.197,-0.12,2024-10-17,00Z-ECE,GWUS
2024-10-18,9.888,-0.961,-0.093,-0.138,-0.085,2024-10-17,00Z-ECE,GWUS
2024-10-19,8.899,-1.683,-0.161,-0.153,-0.189,2024-10-17,00Z-ECE,GWUS
2024-10-20,8.069,-2.481,-0.227,-0.22,-0.212,2024-10-17,00Z-ECE,GWUS
2024-10-21,7.298,-3.706,-0.34,-0.342,-0.313,2024-10-17,00Z-ECE,GWUS
2024-10-22,7.175,-4.113,,-0.187,-0.187,2024-10-17,00Z-ECE,GWUS
2024-10-23,7.546,-3.982,,-0.172,0.03,2024-10-17,00Z-ECE,GWUS
2024-10-24,8.619,-3.038,,-0.214,0.196,2024-10-17,00Z-ECE,GWUS
2024-10-25,8.972,-3.034,,-0.732,0.106,2024-10-17,00Z-ECE,GWUS
2024-10-26,8.459,-4.067,,-1.152,-0.458,2024-10-17,00Z-ECE,GWUS
2024-10-27,8.245,-4.839,,-1.104,-0.99,2024-10-17,00Z-ECE,GWUS
2024-10-28,8.624,-4.811,,-0.307,-1.319,2024-10-17,00Z-ECE,GWUS
2024-10-29,9.344,-4.029,,0.416,-1.338,2024-10-17,00Z-ECE,GWUS
2024-10-30,10.126,-3.327,,0.647,-0.962,2024-10-17,00Z-ECE,GWUS
2024-10-31,10.024,-3.429,,,,2024-10-17,00Z-ECE,GWUS
2024-10-18,9.936,-0.912,-0.071,-0.113,0.049,2024-10-18,00Z-ECE,GWUS
2024-10-19,8.882,-1.699,-0.072,-0.061,-0.016,2024-10-18,00Z-ECE,GWUS
2024-10-20,7.981,-2.569,-0.08,-0.036,-0.088,2024-10-18,00Z-ECE,GWUS
2024-10-21,7.185,-3.818,-0.103,-0.014,-0.113,2024-10-18,00Z-ECE,GWUS
2024-10-22,7.154,-3.85,0.054,0.136,-0.002,2024-10-18,00Z-ECE,GWUS
2024-10-23,8.046,-3.482,,0.251,0.499,2024-10-18,00Z-ECE,GWUS
2024-10-24,9.665,-1.992,,0.319,1.045,2024-10-18,00Z-ECE,GWUS
2024-10-25,9.839,-2.168,,-0.065,0.867,2024-10-18,00Z-ECE,GWUS
2024-10-26,9.141,-3.385,,-0.201,0.682,2024-10-18,00Z-ECE,GWUS
2024-10-27,8.678,-4.406,,0.073,0.433,2024-10-18,00Z-ECE,GWUS
2024-10-28,8.341,-5.094,,-0.101,-0.283,2024-10-18,00Z-ECE,GWUS
2024-10-29,8.267,-5.107,,-0.733,-1.077,2024-10-18,00Z-ECE,GWUS
2024-10-30,8.536,-4.917,,-1.017,-1.59,2024-10-18,00Z-ECE,GWUS
2024-10-31,9.277,-4.507,,-0.673,-1.312,2024-10-18,00Z-ECE,GWUS
2024-11-01,9.68,-4.104,,,,2024-10-18,00Z-ECE,GWUS
2024-10-19,8.926,-1.656,0.0,-0.08,0.043,2024-10-19,00Z-ECE,GWUS
2024-10-20,7.903,-2.648,-0.038,-0.105,-0.078,2024-10-19,00Z-ECE,GWUS
2024-10-21,7.055,-3.948,-0.116,-0.16,-0.13,2024-10-19,00Z-ECE,GWUS
2024-10-22,6.819,-4.469,-0.074,-0.102,-0.357,2024-10-19,00Z-ECE,GWUS
2024-10-23,7.925,-3.604,0.042,-0.027,-0.121,2024-10-19,00Z-ECE,GWUS
2024-10-24,9.446,-2.211,,-0.137,-0.218,2024-10-19,00Z-ECE,GWUS
2024-10-25,9.656,-2.35,,-0.392,-0.183,2024-10-19,00Z-ECE,GWUS
2024-10-26,9.04,-3.486,,-0.257,-0.101,2024-10-19,00Z-ECE,GWUS
2024-10-27,9.222,-3.862,,0.362,0.544,2024-10-19,00Z-ECE,GWUS
2024-10-28,9.116,-4.319,,0.662,0.775,2024-10-19,00Z-ECE,GWUS
2024-10-29,8.95,-4.423,,0.502,0.683,2024-10-19,00Z-ECE,GWUS
2024-10-30,9.043,-4.41,,0.216,0.507,2024-10-19,00Z-ECE,GWUS
2024-10-31,9.347,-4.437,,-0.056,0.07,2024-10-19,00Z-ECE,GWUS
2024-11-01,10.174,-4.458,,0.159,0.001,2024-10-19,00Z-ECE,GWUS
2024-11-02,10.393,-4.239,,,,2024-10-19,00Z-ECE,GWUS
2024-10-20,7.828,-2.722,-0.033,-0.066,-0.075,2024-10-20,00Z-ECE,GWUS
2024-10-21,6.906,-4.098,-0.142,-0.237,-0.15,2024-10-20,00Z-ECE,GWUS
2024-10-22,6.747,-4.541,-0.073,-0.147,-0.072,2024-10-20,00Z-ECE,GWUS
2024-10-23,8.274,-3.254,0.114,0.252,0.349,2024-10-20,00Z-ECE,GWUS
2024-10-24,9.834,-1.823,0.447,0.328,0.388,2024-10-20,00Z-ECE,GWUS
2024-10-25,9.766,-2.24,,0.232,0.11,2024-10-20,00Z-ECE,GWUS
2024-10-26,8.898,-3.627,,0.058,-0.141,2024-10-20,00Z-ECE,GWUS
2024-10-27,8.989,-4.096,,-0.273,-0.233,2024-10-20,00Z-ECE,GWUS
2024-10-28,9.091,-4.344,,-0.111,-0.025,2024-10-20,00Z-ECE,GWUS
2024-10-29,8.447,-4.926,,-0.127,-0.503,2024-10-20,00Z-ECE,GWUS
2024-10-30,8.072,-5.381,,-0.27,-0.971,2024-10-20,00Z-ECE,GWUS
2024-10-31,8.365,-5.419,,-0.438,-0.982,2024-10-20,00Z-ECE,GWUS
2024-11-01,8.959,-5.673,,-0.507,-1.215,2024-10-20,00Z-ECE,GWUS
2024-11-02,9.439,-5.193,,-0.693,-1.345,2024-10-20,00Z-ECE,GWUS
2024-11-03,9.714,-5.308,,,,2024-10-20,00Z-ECE,GWUS
2024-10-21,6.79,-4.214,-0.226,-0.3,-0.116,2024-10-21,00Z-ECE,GWUS
2024-10-22,6.709,-4.579,-0.043,-0.094,-0.038,2024-10-21,00Z-ECE,GWUS
2024-10-23,7.812,-3.716,-0.087,-0.132,-0.462,2024-10-21,00Z-ECE,GWUS
2024-10-24,9.939,-1.718,0.161,0.051,0.105,2024-10-21,00Z-ECE,GWUS
2024-10-25,9.741,-2.266,0.214,0.218,-0.026,2024-10-21,00Z-ECE,GWUS
2024-10-26,9.759,-2.767,,1.266,0.861,2024-10-21,00Z-ECE,GWUS
2024-10-27,11.72,-1.364,,2.629,2.731,2024-10-21,00Z-ECE,GWUS
2024-10-28,10.984,-2.451,,2.501,1.892,2024-10-21,00Z-ECE,GWUS
2024-10-29,8.843,-4.531,,1.491,0.396,2024-10-21,00Z-ECE,GWUS
2024-10-30,8.34,-5.112,,0.821,0.269,2024-10-21,00Z-ECE,GWUS
2024-10-31,8.793,-4.991,,0.774,0.427,2024-10-21,00Z-ECE,GWUS
2024-11-01,9.591,-5.041,,0.876,0.632,2024-10-21,00Z-ECE,GWUS
2024-11-02,10.168,-4.464,,0.835,0.729,2024-10-21,00Z-ECE,GWUS
2024-11-03,11.381,-3.567,,1.075,0.937,2024-10-21,00Z-ECE,GWUS
2024-11-04,11.97,-2.979,,,,2024-10-21,00Z-ECE,GWUS
2024-10-22,6.69,-4.597,-0.028,-0.075,-0.018,2024-10-22,00Z-ECE,GWUS
2024-10-23,7.803,-3.725,-0.002,-0.043,-0.009,2024-10-22,00Z-ECE,GWUS
2024-10-24,9.522,-2.135,-0.114,-0.195,-0.417,2024-10-22,00Z-ECE,GWUS
2024-10-25,9.733,-2.273,0.001,-0.006,-0.008,2024-10-22,00Z-ECE,GWUS
2024-10-26,9.727,-2.799,0.154,0.403,-0.032,2024-10-22,00Z-ECE,GWUS
2024-10-27,11.082,-2.003,,0.07,-0.639,2024-10-22,00Z-ECE,GWUS
2024-10-28,10.149,-3.287,,-0.466,-0.835,2024-10-22,00Z-ECE,GWUS
2024-10-29,8.147,-5.227,,-0.356,-0.696,2024-10-22,00Z-ECE,GWUS
2024-10-30,8.144,-5.308,,-0.147,-0.196,2024-10-22,00Z-ECE,GWUS
2024-10-31,8.685,-5.098,,-0.197,-0.107,2024-10-22,00Z-ECE,GWUS
2024-11-01,9.556,-5.076,,0.001,-0.035,2024-10-22,00Z-ECE,GWUS
2024-11-02,10.141,-4.492,,0.15,-0.027,2024-10-22,00Z-ECE,GWUS
2024-11-03,10.818,-4.131,,-0.208,-0.564,2024-10-22,00Z-ECE,GWUS
2024-11-04,11.738,-3.023,,-0.534,-0.835,2024-10-22,00Z-ECE,GWUS
2024-11-05,11.826,-2.935,,,,2024-10-22,00Z-ECE,GWUS
2024-10-23,7.761,-3.768,-0.003,0.038,-0.042,2024-10-23,00Z-ECE,GWUS
2024-10-24,9.212,-2.445,0.065,-0.062,-0.311,2024-10-23,00Z-ECE,GWUS
2024-10-25,9.541,-2.465,0.036,-0.014,-0.192,2024-10-23,00Z-ECE,GWUS
2024-10-26,9.806,-2.72,0.192,-0.039,0.079,2024-10-23,00Z-ECE,GWUS
2024-10-27,10.91,-2.175,0.222,-0.027,-0.172,2024-10-23,00Z-ECE,GWUS
2024-10-28,10.049,-3.386,,-0.022,-0.099,2024-10-23,00Z-ECE,GWUS
2024-10-29,8.258,-5.116,,0.145,0.111,2024-10-23,00Z-ECE,GWUS
2024-10-30,7.979,-5.474,,0.137,-0.166,2024-10-23,00Z-ECE,GWUS
2024-10-31,8.489,-5.295,,0.341,-0.197,2024-10-23,00Z-ECE,GWUS
2024-11-01,9.5,-5.133,,0.663,-0.056,2024-10-23,00Z-ECE,GWUS
2024-11-02,10.167,-4.465,,0.493,0.026,2024-10-23,00Z-ECE,GWUS
2024-11-03,10.781,-4.167,,-0.114,-0.037,2024-10-23,00Z-ECE,GWUS
2024-11-04,11.081,-3.68,,-0.424,-0.657,2024-10-23,00Z-ECE,GWUS
2024-11-05,11.078,-3.973,,-0.139,-1.263,2024-10-23,00Z-ECE,GWUS
2024-11-06,11.125,-3.926,,,,2024-10-23,00Z-ECE,GWUS
2024-10-24,9.133,-2.524,-0.024,-0.112,-0.079,2024-10-24,00Z-ECE,GWUS
2024-10-25,9.332,-2.674,-0.135,-0.191,-0.209,2024-10-24,00Z-ECE,GWUS
2024-10-26,9.37,-3.156,-0.079,0.039,-0.436,2024-10-24,00Z-ECE,GWUS
2024-10-27,11.12,-1.964,-0.101,0.185,0.21,2024-10-24,00Z-ECE,GWUS
2024-10-28,10.713,-2.722,0.091,0.148,0.664,2024-10-24,00Z-ECE,GWUS
2024-10-29,8.97,-4.404,,0.432,0.712,2024-10-24,00Z-ECE,GWUS
2024-10-30,8.077,-5.376,,0.309,0.098,2024-10-24,00Z-ECE,GWUS
2024-10-31,8.223,-5.561,,0.039,-0.266,2024-10-24,00Z-ECE,GWUS
2024-11-01,8.764,-5.869,,-0.387,-0.736,2024-10-24,00Z-ECE,GWUS
2024-11-02,9.736,-4.897,,-0.214,-0.431,2024-10-24,00Z-ECE,GWUS
2024-11-03,11.089,-3.859,,0.127,0.308,2024-10-24,00Z-ECE,GWUS
2024-11-04,11.839,-2.922,,0.316,0.758,2024-10-24,00Z-ECE,GWUS
2024-11-05,12.71,-2.341,,0.654,1.632,2024-10-24,00Z-ECE,GWUS
2024-11-06,13.481,-2.395,,0.497,1.82,2024-10-24,00Z-ECE,GWUS
2024-11-07,13.023,-2.853,,,,2024-10-24,00Z-ECE,GWUS
2024-10-25,9.403,-2.604,-0.041,-0.097,0.071,2024-10-25,00Z-ECE,GWUS
2024-10-26,9.311,-3.215,0.024,-0.013,-0.059,2024-10-25,00Z-ECE,GWUS
2024-10-27,10.793,-2.292,-0.016,-0.182,-0.327,2024-10-25,00Z-ECE,GWUS
2024-10-28,10.349,-3.086,-0.146,-0.254,-0.364,2024-10-25,00Z-ECE,GWUS
2024-10-29,8.447,-4.927,-0.242,-0.36,-0.523,2024-10-25,00Z-ECE,GWUS
2024-10-30,7.724,-5.729,,-0.085,-0.353,2024-10-25,00Z-ECE,GWUS
2024-10-31,8.227,-5.557,,0.089,0.004,2024-10-25,00Z-ECE,GWUS
2024-11-01,9.345,-5.288,,0.273,0.581,2024-10-25,00Z-ECE,GWUS
2024-11-02,9.681,-4.951,,-0.016,-0.055,2024-10-25,00Z-ECE,GWUS
2024-11-03,10.046,-4.902,,-0.757,-1.043,2024-10-25,00Z-ECE,GWUS
2024-11-04,10.868,-3.892,,-1.157,-0.971,2024-10-25,00Z-ECE,GWUS
2024-11-05,11.897,-3.154,,-0.794,-0.813,2024-10-25,00Z-ECE,GWUS
2024-11-06,12.423,-3.452,,-0.549,-1.058,2024-10-25,00Z-ECE,GWUS
2024-11-07,13.191,-3.074,,-0.101,-0.534,2024-10-25,00Z-ECE,GWUS
2024-11-08,13.724,-2.541,,,,2024-10-25,00Z-ECE,GWUS
2024-10-26,9.331,-3.195,-0.068,0.075,0.02,2024-10-26,00Z-ECE,GWUS
2024-10-27,10.732,-2.352,-0.099,0.041,-0.061,2024-10-26,00Z-ECE,GWUS
2024-10-28,10.286,-3.149,-0.089,-0.064,-0.063,2024-10-26,00Z-ECE,GWUS
2024-10-29,8.613,-4.76,-0.018,0.035,0.167,2024-10-26,00Z-ECE,GWUS
2024-10-30,7.924,-5.529,-0.066,0.123,0.2,2024-10-26,00Z-ECE,GWUS
2024-10-31,8.966,-4.818,,0.542,0.739,2024-10-26,00Z-ECE,GWUS
2024-11-01,11.111,-3.522,,1.414,1.766,2024-10-26,00Z-ECE,GWUS
2024-11-02,10.96,-3.672,,1.048,1.279,2024-10-26,00Z-ECE,GWUS
2024-11-03,9.467,-5.481,,-0.582,-0.579,2024-10-26,00Z-ECE,GWUS
2024-11-04,9.529,-5.231,,-0.824,-1.339,2024-10-26,00Z-ECE,GWUS
2024-11-05,10.896,-4.155,,-0.602,-1.001,2024-10-26,00Z-ECE,GWUS
2024-11-06,11.975,-3.9,,-0.522,-0.448,2024-10-26,00Z-ECE,GWUS
2024-11-07,12.719,-3.546,,-0.515,-0.472,2024-10-26,00Z-ECE,GWUS
2024-11-08,13.787,-2.374,,-0.348,-0.6,2024-10-26,00Z-ECE,GWUS
2024-11-09,13.75,-2.41,,,,2024-10-26,00Z-ECE,GWUS
2024-10-27,10.767,-2.318,-0.018,-0.071,0.034,2024-10-27,00Z-ECE,GWUS
2024-10-28,10.091,-3.344,-0.027,-0.075,-0.195,2024-10-27,00Z-ECE,GWUS
2024-10-29,8.151,-5.223,-0.031,-0.22,-0.462,2024-10-27,00Z-ECE,GWUS
2024-10-30,7.563,-5.89,-0.031,-0.201,-0.361,2024-10-27,00Z-ECE,GWUS
2024-10-31,8.502,-5.282,-0.03,-0.337,-0.464,2024-10-27,00Z-ECE,GWUS
2024-11-01,10.415,-4.217,,-0.288,-0.696,2024-10-27,00Z-ECE,GWUS
2024-11-02,10.569,-4.063,,-0.252,-0.391,2024-10-27,00Z-ECE,GWUS
2024-11-03,8.857,-6.091,,-0.35,-0.61,2024-10-27,00Z-ECE,GWUS
2024-11-04,8.196,-6.565,,-0.776,-1.334,2024-10-27,00Z-ECE,GWUS
2024-11-05,10.335,-4.716,,-0.251,-0.561,2024-10-27,00Z-ECE,GWUS
2024-11-06,12.097,-3.778,,0.155,0.122,2024-10-27,00Z-ECE,GWUS
2024-11-07,13.215,-3.05,,0.116,0.496,2024-10-27,00Z-ECE,GWUS
2024-11-08,14.723,-1.437,,-0.159,0.936,2024-10-27,00Z-ECE,GWUS
2024-11-09,15.004,-1.291,,-1.266,0.848,2024-10-27,00Z-ECE,GWUS
2024-11-10,14.305,-1.989,,,,2024-10-27,00Z-ECE,GWUS
2024-10-28,10.14,-3.295,0.067,-0.072,0.049,2024-10-28,00Z-ECE,GWUS
2024-10-29,8.206,-5.168,0.035,0.021,0.055,2024-10-28,00Z-ECE,GWUS
2024-10-30,7.502,-5.951,-0.041,0.04,-0.061,2024-10-28,00Z-ECE,GWUS
2024-10-31,8.423,-5.361,-0.057,-0.107,-0.079,2024-10-28,00Z-ECE,GWUS
2024-11-01,10.446,-4.186,-0.048,-0.096,0.032,2024-10-28,00Z-ECE,GWUS
2024-11-02,10.823,-3.809,,0.062,0.254,2024-10-28,00Z-ECE,GWUS
2024-11-03,9.4,-5.548,,0.297,0.543,2024-10-28,00Z-ECE,GWUS
2024-11-04,8.133,-6.627,,-0.003,-0.063,2024-10-28,00Z-ECE,GWUS
2024-11-05,8.887,-6.164,,-0.45,-1.447,2024-10-28,00Z-ECE,GWUS
2024-11-06,10.501,-5.374,,-0.466,-1.596,2024-10-28,00Z-ECE,GWUS
2024-11-07,12.174,-4.091,,-0.69,-1.041,2024-10-28,00Z-ECE,GWUS
2024-11-08,13.671,-2.49,,-1.319,-1.053,2024-10-28,00Z-ECE,GWUS
2024-11-09,14.125,-2.17,,-1.063,-0.879,2024-10-28,00Z-ECE,GWUS
2024-11-10,13.914,-3.351,,-0.805,-0.839,2024-10-28,00Z-ECE,GWUS
2024-11-11,13.195,-4.07,,,,2024-10-28,00Z-ECE,GWUS
2024-10-29,8.401,-4.972,0.091,0.094,0.196,2024-10-29,00Z-ECE,GWUS
2024-10-30,7.59,-5.863,-0.044,-0.057,0.088,2024-10-29,00Z-ECE,GWUS
2024-10-31,8.007,-5.777,-0.072,-0.179,-0.416,2024-10-29,00Z-ECE,GWUS
2024-11-01,10.495,-4.138,0.09,-0.225,0.048,2024-10-29,00Z-ECE,GWUS
2024-11-02,11.298,-3.334,0.12,-0.151,0.475,2024-10-29,00Z-ECE,GWUS
2024-11-03,10.075,-4.873,,0.103,0.675,2024-10-29,00Z-ECE,GWUS
2024-11-04,8.493,-6.267,,0.058,0.36,2024-10-29,00Z-ECE,GWUS
2024-11-05,8.529,-6.523,,-0.299,-0.359,2024-10-29,00Z-ECE,GWUS
2024-11-06,9.772,-6.104,,-0.503,-0.73,2024-10-29,00Z-ECE,GWUS
2024-11-07,12.419,-3.846,,0.398,0.245,2024-10-29,00Z-ECE,GWUS
2024-11-08,14.398,-1.762,,0.325,0.727,2024-10-29,00Z-ECE,GWUS
2024-11-09,13.828,-2.466,,-0.603,-0.296,2024-10-29,00Z-ECE,GWUS
2024-11-10,12.952,-4.314,,-0.992,-0.963,2024-10-29,00Z-ECE,GWUS
2024-11-11,12.803,-5.404,,-0.724,-0.918,2024-10-29,00Z-ECE,GWUS
2024-11-12,12.782,-5.425,,,,2024-10-29,00Z-ECE,GWUS
2024-10-30,7.718,-5.74,-0.056,-0.05,0.128,2024-10-30,00Z-ECE,GWUS
2024-10-31,8.013,-5.778,-0.049,-0.099,0.006,2024-10-30,00Z-ECE,GWUS
2024-11-01,10.011,-4.61,-0.092,-0.139,-0.483,2024-10-30,00Z-ECE,GWUS
2024-11-02,11.173,-3.446,-0.014,-0.058,-0.125,2024-10-30,00Z-ECE,GWUS
2024-11-03,10.374,-4.574,-0.047,-0.011,0.299,2024-10-30,00Z-ECE,GWUS
2024-11-04,8.894,-5.867,,-0.104,0.401,2024-10-30,00Z-ECE,GWUS
2024-11-05,8.694,-6.357,,0.216,0.165,2024-10-30,00Z-ECE,GWUS
2024-11-06,9.843,-6.032,,0.201,0.071,2024-10-30,00Z-ECE,GWUS
2024-11-07,11.805,-4.46,,-0.054,-0.614,2024-10-30,00Z-ECE,GWUS
2024-11-08,13.222,-2.938,,-0.267,-1.176,2024-10-30,00Z-ECE,GWUS
2024-11-09,13.099,-3.196,,0.029,-0.729,2024-10-30,00Z-ECE,GWUS
2024-11-10,12.276,-4.99,,-0.12,-0.676,2024-10-30,00Z-ECE,GWUS
2024-11-11,11.808,-6.399,,-0.684,-0.996,2024-10-30,00Z-ECE,GWUS
2024-11-12,12.29,-6.01,,-1.071,-1.165,2024-10-30,00Z-ECE,GWUS
2024-11-13,12.631,-5.669,,,,2024-10-30,00Z-ECE,GWUS
2024-10-31,8.148,-5.636,-0.022,0.081,0.135,2024-10-31,00Z-ECE,GWUS
2024-11-01,9.944,-4.688,-0.133,-0.029,-0.067,2024-10-31,00Z-ECE,GWUS
2024-11-02,10.998,-3.635,-0.046,0.001,-0.092,2024-10-31,00Z-ECE,GWUS
2024-11-03,10.623,-4.325,-0.028,0.031,0.249,2024-10-31,00Z-ECE,GWUS
2024-11-04,9.251,-5.51,-0.047,-0.077,0.357,2024-10-31,00Z-ECE,GWUS
2024-11-05,8.916,-6.135,,0.001,0.222,2024-10-31,00Z-ECE,GWUS
2024-11-06,9.738,-6.137,,-0.302,-0.105,2024-10-31,00Z-ECE,GWUS
2024-11-07,11.034,-5.231,,-0.853,-0.771,2024-10-31,00Z-ECE,GWUS
2024-11-08,12.243,-3.917,,-0.456,-0.979,2024-10-31,00Z-ECE,GWUS
2024-11-09,13.387,-2.907,,0.905,0.288,2024-10-31,00Z-ECE,GWUS
2024-11-10,13.485,-3.781,,1.358,1.209,2024-10-31,00Z-ECE,GWUS
2024-11-11,12.299,-5.909,,0.735,0.491,2024-10-31,00Z-ECE,GWUS
2024-11-12,11.935,-6.366,,-0.094,-0.356,2024-10-31,00Z-ECE,GWUS
2024-11-13,12.401,-5.325,,-0.9,-0.84,2024-10-31,00Z-ECE,GWUS
2024-11-14,12.73,-4.997,,,,2024-10-31,00Z-ECE,GWUS
2024-11-01,10.058,-4.574,0.099,0.173,0.114,2024-11-01,00Z-ECE,GWUS
2024-11-02,10.897,-3.735,0.017,0.103,-0.101,2024-11-01,00Z-ECE,GWUS
2024-11-03,10.535,-4.413,0.104,-0.044,-0.088,2024-11-01,00Z-ECE,GWUS
2024-11-04,9.491,-5.27,0.137,0.025,0.24,2024-11-01,00Z-ECE,GWUS
2024-11-05,8.574,-6.477,-0.33,-0.56,-0.342,2024-11-01,00Z-ECE,GWUS
2024-11-06,9.556,-6.319,,-0.324,-0.182,2024-11-01,00Z-ECE,GWUS
2024-11-07,10.743,-5.522,,-0.353,-0.291,2024-11-01,00Z-ECE,GWUS
2024-11-08,11.439,-4.721,,-0.594,-0.804,2024-11-01,00Z-ECE,GWUS
2024-11-09,12.494,-3.801,,-1.353,-0.894,2024-11-01,00Z-ECE,GWUS
2024-11-10,12.675,-4.59,,-1.141,-0.809,2024-11-01,00Z-ECE,GWUS
2024-11-11,11.759,-6.449,,-0.499,-0.54,2024-11-01,00Z-ECE,GWUS
2024-11-12,11.455,-6.846,,-0.158,-0.48,2024-11-01,00Z-ECE,GWUS
2024-11-13,12.18,-5.546,,-0.496,-0.221,2024-11-01,00Z-ECE,GWUS
2024-11-14,13.052,-4.665,,-0.815,-0.367,2024-11-01,00Z-ECE,GWUS
2024-11-15,13.377,-4.339,,,,2024-11-01,00Z-ECE,GWUS
2024-11-02,11.101,-3.531,-0.003,0.035,0.204,2024-11-02,00Z-ECE,GWUS
2024-11-03,10.886,-4.063,0.067,0.19,0.351,2024-11-02,00Z-ECE,GWUS
2024-11-04,9.663,-5.098,0.081,0.106,0.172,2024-11-02,00Z-ECE,GWUS
2024-11-05,9.076,-5.975,0.437,0.489,0.502,2024-11-02,00Z-ECE,GWUS
2024-11-06,10.157,-5.719,0.684,0.741,0.6,2024-11-02,00Z-ECE,GWUS
2024-11-07,10.942,-5.323,,0.505,0.198,2024-11-02,00Z-ECE,GWUS
2024-11-08,11.383,-4.777,,-0.198,-0.056,2024-11-02,00Z-ECE,GWUS
2024-11-09,12.224,-4.071,,0.234,-0.27,2024-11-02,00Z-ECE,GWUS
2024-11-10,11.978,-5.287,,-0.176,-0.697,2024-11-02,00Z-ECE,GWUS
2024-11-11,11.392,-6.815,,-0.437,-0.366,2024-11-02,00Z-ECE,GWUS
2024-11-12,11.676,-6.625,,-0.332,0.221,2024-11-02,00Z-ECE,GWUS
2024-11-13,12.338,-5.389,,-0.563,0.158,2024-11-02,00Z-ECE,GWUS
2024-11-14,13.516,-4.201,,-0.593,0.464,2024-11-02,00Z-ECE,GWUS
2024-11-15,14.878,-3.397,,-0.438,0.717,2024-11-02,00Z-ECE,GWUS
2024-11-16,15.321,-2.953,,,,2024-11-02,00Z-ECE,GWUS
2024-11-03,10.88,-4.068,-0.086,-0.069,-0.005,2024-11-03,00Z-ECE,GWUS
2024-11-04,9.512,-5.248,-0.106,-0.165,-0.151,2024-11-03,00Z-ECE,GWUS
2024-11-05,8.809,-6.242,0.003,0.04,-0.267,2024-11-03,00Z-ECE,GWUS
2024-11-06,9.874,-6.002,0.153,0.293,-0.283,2024-11-03,00Z-ECE,GWUS
2024-11-07,10.858,-5.407,0.093,0.119,-0.083,2024-11-03,00Z-ECE,GWUS
2024-11-08,11.235,-4.926,,-0.028,-0.149,2024-11-03,00Z-ECE,GWUS
2024-11-09,11.413,-4.881,,-0.259,-0.81,2024-11-03,00Z-ECE,GWUS
2024-11-10,10.211,-7.055,,-1.233,-1.767,2024-11-03,00Z-ECE,GWUS
2024-11-11,9.854,-8.353,,-1.618,-1.538,2024-11-03,00Z-ECE,GWUS
2024-11-12,10.734,-7.566,,-1.332,-0.942,2024-11-03,00Z-ECE,GWUS
2024-11-13,12.213,-5.514,,-0.705,-0.125,2024-11-03,00Z-ECE,GWUS
2024-11-14,14.31,-3.406,,-0.132,0.795,2024-11-03,00Z-ECE,GWUS
2024-11-15,15.536,-2.738,,0.219,0.658,2024-11-03,00Z-ECE,GWUS
2024-11-16,16.048,-2.733,,0.936,0.095,2024-11-03,00Z-ECE,GWUS
2024-11-17,15.812,-2.969,,,,2024-11-03,00Z-ECE,GWUS
2024-11-04,9.607,-5.153,0.093,0.0,0.095,2024-11-04,00Z-ECE,GWUS
2024-11-05,8.708,-6.343,-0.039,-0.092,-0.101,2024-11-04,00Z-ECE,GWUS
2024-11-06,9.56,-6.316,-0.092,-0.156,-0.314,2024-11-04,00Z-ECE,GWUS
2024-11-07,11.196,-5.069,0.031,0.035,0.337,2024-11-04,00Z-ECE,GWUS
2024-11-08,11.198,-4.962,0.048,-0.219,-0.036,2024-11-04,00Z-ECE,GWUS
2024-11-09,11.422,-4.873,,0.111,0.008,2024-11-04,00Z-ECE,GWUS
2024-11-10,10.141,-7.124,,0.038,-0.069,2024-11-04,00Z-ECE,GWUS
2024-11-11,9.48,-8.727,,0.133,-0.374,2024-11-04,00Z-ECE,GWUS
2024-11-12,10.578,-7.722,,0.346,-0.156,2024-11-04,00Z-ECE,GWUS
2024-11-13,12.032,-5.694,,0.221,-0.18,2024-11-04,00Z-ECE,GWUS
2024-11-14,14.419,-3.297,,0.192,0.109,2024-11-04,00Z-ECE,GWUS
2024-11-15,16.084,-2.19,,0.121,0.548,2024-11-04,00Z-ECE,GWUS
2024-11-16,16.582,-2.199,,-0.224,0.533,2024-11-04,00Z-ECE,GWUS
2024-11-17,16.442,-2.251,,-0.659,0.136,2024-11-04,00Z-ECE,GWUS
2024-11-18,15.815,-2.878,,,,2024-11-04,00Z-ECE,GWUS
2024-11-05,8.739,-6.312,-0.065,-0.015,0.031,2024-11-05,00Z-ECE,GWUS
2024-11-06,9.371,-6.504,0.04,0.046,-0.189,2024-11-05,00Z-ECE,GWUS
2024-11-07,10.733,-5.532,-0.035,0.033,-0.463,2024-11-05,00Z-ECE,GWUS
2024-11-08,11.205,-4.955,-0.095,-0.006,0.007,2024-11-05,00Z-ECE,GWUS
2024-11-09,12.075,-4.22,-0.123,0.036,0.653,2024-11-05,00Z-ECE,GWUS
2024-11-10,10.528,-6.737,,0.071,0.387,2024-11-05,00Z-ECE,GWUS
2024-11-11,9.571,-8.636,,0.31,0.091,2024-11-05,00Z-ECE,GWUS
2024-11-12,10.246,-8.054,,-0.097,-0.331,2024-11-05,00Z-ECE,GWUS
2024-11-13,12.076,-5.651,,-0.595,0.043,2024-11-05,00Z-ECE,GWUS
2024-11-14,15.149,-2.568,,-0.815,0.73,2024-11-05,00Z-ECE,GWUS
2024-11-15,16.801,-1.474,,-0.649,0.717,2024-11-05,00Z-ECE,GWUS
2024-11-16,16.733,-2.048,,-0.534,0.152,2024-11-05,00Z-ECE,GWUS
2024-11-17,16.03,-2.663,,-0.627,-0.412,2024-11-05,00Z-ECE,GWUS
2024-11-18,15.783,-2.341,,-0.182,-0.528,2024-11-05,00Z-ECE,GWUS
2024-11-19,15.254,-2.87,,,,2024-11-05,00Z-ECE,GWUS
2024-11-06,9.381,-6.495,0.04,0.07,0.01,2024-11-06,00Z-ECE,GWUS
2024-11-07,10.635,-5.63,0.009,-0.098,-0.098,2024-11-06,00Z-ECE,GWUS
2024-11-08,10.987,-5.174,-0.12,-0.129,-0.218,2024-11-06,00Z-ECE,GWUS
2024-11-09,12.597,-3.697,0.198,0.457,0.522,2024-11-06,00Z-ECE,GWUS
2024-11-10,10.68,-6.586,0.209,0.402,0.151,2024-11-06,00Z-ECE,GWUS
2024-11-11,9.761,-7.504,,-0.065,0.244,2024-11-06,00Z-ECE,GWUS
2024-11-12,11.034,-7.266,,0.237,0.788,2024-11-06,00Z-ECE,GWUS
2024-11-13,11.799,-5.927,,-0.32,-0.277,2024-11-06,00Z-ECE,GWUS
2024-11-14,13.367,-4.349,,-1.186,-1.781,2024-11-06,00Z-ECE,GWUS
2024-11-15,14.149,-4.126,,-1.927,-2.652,2024-11-06,00Z-ECE,GWUS
2024-11-16,13.971,-4.81,,-1.942,-2.762,2024-11-06,00Z-ECE,GWUS
2024-11-17,13.772,-4.921,,-1.039,-2.258,2024-11-06,00Z-ECE,GWUS
2024-11-18,14.025,-4.1,,-0.377,-1.759,2024-11-06,00Z-ECE,GWUS
2024-11-19,15.328,-2.992,,-0.044,-0.65,2024-11-06,00Z-ECE,GWUS
2024-11-20,15.785,-2.535,,,,2024-11-06,00Z-ECE,GWUS
2024-11-07,10.795,-5.469,0.106,0.096,0.16,2024-11-07,00Z-ECE,GWUS
2024-11-08,10.865,-5.295,-0.04,-0.155,-0.122,2024-11-07,00Z-ECE,GWUS
2024-11-09,12.992,-3.303,-0.101,-0.336,0.395,2024-11-07,00Z-ECE,GWUS
2024-11-10,11.178,-6.088,-0.125,-0.302,0.498,2024-11-07,00Z-ECE,GWUS
2024-11-11,10.427,-7.78,0.092,0.087,0.579,2024-11-07,00Z-ECE,GWUS
2024-11-12,12.517,-5.784,,0.564,1.483,2024-11-07,00Z-ECE,GWUS
2024-11-13,12.886,-4.84,,0.452,1.087,2024-11-07,00Z-ECE,GWUS
2024-11-14,13.421,-4.295,,-0.31,0.054,2024-11-07,00Z-ECE,GWUS
2024-11-15,14.304,-3.97,,-0.891,0.156,2024-11-07,00Z-ECE,GWUS
2024-11-16,14.402,-4.379,,-0.528,0.431,2024-11-07,00Z-ECE,GWUS
2024-11-17,13.498,-5.196,,-0.548,-0.275,2024-11-07,00Z-ECE,GWUS
2024-11-18,13.402,-4.722,,-0.694,-0.623,2024-11-07,00Z-ECE,GWUS
2024-11-19,14.626,-3.694,,-0.303,-0.702,2024-11-07,00Z-ECE,GWUS
2024-11-20,16.253,-2.621,,-0.234,-0.308,2024-11-07,00Z-ECE,GWUS
2024-11-21,16.744,-2.13,,,,2024-11-07,00Z-ECE,GWUS
2024-11-08,10.876,-5.284,-0.098,-0.152,0.011,2024-11-08,00Z-ECE,GWUS
2024-11-09,12.961,-3.334,-0.073,-0.181,-0.031,2024-11-08,00Z-ECE,GWUS
2024-11-10,11.11,-6.156,-0.045,-0.028,-0.068,2024-11-08,00Z-ECE,GWUS
2024-11-11,10.415,-7.793,-0.085,-0.325,-0.012,2024-11-08,00Z-ECE,GWUS
2024-11-12,13.238,-5.062,-0.042,-0.637,0.721,2024-11-08,00Z-ECE,GWUS
2024-11-13,13.207,-4.519,,-0.463,0.321,2024-11-08,00Z-ECE,GWUS
2024-11-14,12.868,-4.848,,-0.164,-0.553,2024-11-08,00Z-ECE,GWUS
2024-11-15,13.178,-5.096,,-0.094,-1.126,2024-11-08,00Z-ECE,GWUS
2024-11-16,13.497,-5.284,,0.071,-0.905,2024-11-08,00Z-ECE,GWUS
2024-11-17,13.063,-5.63,,0.13,-0.434,2024-11-08,00Z-ECE,GWUS
2024-11-18,13.356,-4.768,,0.32,-0.046,2024-11-08,00Z-ECE,GWUS
2024-11-19,14.754,-3.566,,0.763,0.127,2024-11-08,00Z-ECE,GWUS
2024-11-20,16.156,-2.717,,0.824,-0.097,2024-11-08,00Z-ECE,GWUS
2024-11-21,16.98,-2.529,,-0.088,-0.353,2024-11-08,00Z-ECE,GWUS
2024-11-22,16.865,-2.644,,,,2024-11-08,00Z-ECE,GWUS
2024-11-09,12.812,-3.483,-0.059,-0.121,-0.149,2024-11-09,00Z-ECE,GWUS
2024-11-10,11.09,-6.176,-0.075,-0.07,-0.02,2024-11-09,00Z-ECE,GWUS
2024-11-11,10.532,-7.675,-0.004,0.076,0.118,2024-11-09,00Z-ECE,GWUS
2024-11-12,14.943,-3.357,0.11,0.363,1.705,2024-11-09,00Z-ECE,GWUS
2024-11-13,14.795,-2.931,0.308,0.578,1.588,2024-11-09,00Z-ECE,GWUS
2024-11-14,13.808,-3.908,,0.742,0.941,2024-11-09,00Z-ECE,GWUS
2024-11-15,14.036,-4.238,,0.496,0.859,2024-11-09,00Z-ECE,GWUS
2024-11-16,14.42,-4.361,,0.539,0.923,2024-11-09,00Z-ECE,GWUS
2024-11-17,13.693,-5.0,,0.566,0.63,2024-11-09,00Z-ECE,GWUS
2024-11-18,13.206,-4.918,,0.368,-0.15,2024-11-09,00Z-ECE,GWUS
2024-11-19,13.952,-4.368,,0.047,-0.801,2024-11-09,00Z-ECE,GWUS
2024-11-20,15.81,-3.063,,0.332,-0.346,2024-11-09,00Z-ECE,GWUS
2024-11-21,17.872,-1.636,,0.687,0.892,2024-11-09,00Z-ECE,GWUS
2024-11-22,18.961,-1.183,,0.934,1.53,2024-11-09,00Z-ECE,GWUS
2024-11-23,18.302,-1.842,,,,2024-11-09,00Z-ECE,GWUS
2024-11-10,10.934,-6.331,-0.004,-0.06,-0.156,2024-11-10,00Z-ECE,GWUS
2024-11-11,10.496,-7.711,-0.02,0.037,-0.036,2024-11-10,00Z-ECE,GWUS
2024-11-12,15.257,-3.043,0.142,0.215,0.313,2024-11-10,00Z-ECE,GWUS
2024-11-13,15.549,-2.177,0.02,0.06,0.754,2024-11-10,00Z-ECE,GWUS
2024-11-14,14.881,-2.835,0.331,0.02,1.073,2024-11-10,00Z-ECE,GWUS
2024-11-15,14.724,-3.55,,-0.129,0.687,2024-11-10,00Z-ECE,GWUS
2024-11-16,14.238,-4.543,,-0.198,-0.182,2024-11-10,00Z-ECE,GWUS
2024-11-17,13.211,-5.482,,-0.226,-0.482,2024-11-10,00Z-ECE,GWUS
2024-11-18,12.664,-5.46,,-0.444,-0.542,2024-11-10,00Z-ECE,GWUS
2024-11-19,13.909,-4.411,,0.05,-0.044,2024-11-10,00Z-ECE,GWUS
2024-11-20,16.794,-2.079,,0.777,0.984,2024-11-10,00Z-ECE,GWUS
2024-11-21,19.216,-0.292,,0.566,1.344,2024-11-10,00Z-ECE,GWUS
2024-11-22,19.449,-0.695,,-0.6,0.488,2024-11-10,00Z-ECE,GWUS
2024-11-23,18.541,-2.267,,-1.424,-0.212,2024-11-10,00Z-ECE,GWUS
2024-11-24,18.002,-2.806,,,,2024-11-10,00Z-ECE,GWUS
2024-11-11,10.478,-7.729,-0.009,-0.053,-0.018,2024-11-11,00Z-ECE,GWUS
2024-11-12,15.091,-3.209,0.004,-0.084,-0.166,2024-11-11,00Z-ECE,GWUS
2024-11-13,15.526,-2.2,-0.039,-0.104,-0.023,2024-11-11,00Z-ECE,GWUS
2024-11-14,15.408,-2.309,0.22,0.251,0.527,2024-11-11,00Z-ECE,GWUS
2024-11-15,15.611,-2.105,0.319,0.402,0.946,2024-11-11,00Z-ECE,GWUS
2024-11-16,14.856,-3.925,,0.001,0.617,2024-11-11,00Z-ECE,GWUS
2024-11-17,13.591,-5.103,,-0.205,0.38,2024-11-11,00Z-ECE,GWUS
2024-11-18,13.022,-5.103,,-0.165,0.357,2024-11-11,00Z-ECE,GWUS
2024-11-19,13.731,-4.589,,-0.163,-0.178,2024-11-11,00Z-ECE,GWUS
2024-11-20,15.272,-3.602,,-0.4,-1.523,2024-11-11,00Z-ECE,GWUS
2024-11-21,17.655,-1.853,,-0.2,-1.561,2024-11-11,00Z-ECE,GWUS
2024-11-22,19.147,-0.997,,0.269,-0.302,2024-11-11,00Z-ECE,GWUS
2024-11-23,19.962,-0.847,,1.039,1.421,2024-11-11,00Z-ECE,GWUS
2024-11-24,20.735,-0.162,,1.718,2.158,2024-11-11,00Z-ECE,GWUS
2024-11-25,20.427,-0.47,,,,2024-11-11,00Z-ECE,GWUS
2024-11-12,14.823,-3.451,-0.189,-0.375,-0.268,2024-11-12,00Z-ECE,GWUS
2024-11-13,15.443,-2.252,-0.034,-0.261,-0.083,2024-11-12,00Z-ECE,GWUS
2024-11-14,15.267,-2.458,-0.086,-0.237,-0.141,2024-11-12,00Z-ECE,GWUS
2024-11-15,15.691,-2.583,-0.09,-0.193,-0.013,2024-11-12,00Z-ECE,GWUS
2024-11-16,14.887,-3.902,-0.073,0.015,0.031,2024-11-12,00Z-ECE,GWUS
2024-11-17,13.528,-5.154,,0.062,-0.063,2024-11-12,00Z-ECE,GWUS
2024-11-18,13.274,-4.827,,0.022,0.253,2024-11-12,00Z-ECE,GWUS
2024-11-19,13.917,-4.375,,-0.089,0.187,2024-11-12,00Z-ECE,GWUS
2024-11-20,15.898,-2.928,,0.24,0.626,2024-11-12,00Z-ECE,GWUS
2024-11-21,18.086,-1.388,,0.086,0.431,2024-11-12,00Z-ECE,GWUS
2024-11-22,19.112,-1.127,,-0.506,-0.035,2024-11-12,00Z-ECE,GWUS
2024-11-23,19.902,-0.883,,-0.27,-0.06,2024-11-12,00Z-ECE,GWUS
2024-11-24,20.69,-0.162,,0.03,-0.045,2024-11-12,00Z-ECE,GWUS
2024-11-25,21.641,1.489,,0.678,0.635,2024-11-12,00Z-ECE,GWUS
2024-11-26,21.413,0.98,,,,2024-11-12,00Z-ECE,GWUS
2024-11-13,15.4,-2.327,-0.027,-0.146,-0.043,2024-11-13,00Z-ECE,GWUS
2024-11-14,14.82,-2.896,-0.08,-0.263,-0.447,2024-11-13,00Z-ECE,GWUS
2024-11-15,15.011,-3.263,0.045,0.007,-0.68,2024-11-13,00Z-ECE,GWUS
2024-11-16,14.364,-4.417,0.118,0.128,-0.523,2024-11-13,00Z-ECE,GWUS
2024-11-17,13.025,-5.668,-0.022,0.019,-0.503,2024-11-13,00Z-ECE,GWUS
2024-11-18,12.211,-5.913,,0.057,-1.063,2024-11-13,00Z-ECE,GWUS
2024-11-19,13.278,-5.042,,-0.211,-0.639,2024-11-13,00Z-ECE,GWUS
2024-11-20,16.035,-2.839,,-0.402,0.137,2024-11-13,00Z-ECE,GWUS
2024-11-21,19.161,-0.347,,-0.077,1.076,2024-11-13,00Z-ECE,GWUS
2024-11-22,20.583,0.439,,0.062,1.471,2024-11-13,00Z-ECE,GWUS
2024-11-23,20.676,-0.133,,0.269,0.774,2024-11-13,00Z-ECE,GWUS
2024-11-24,20.939,0.041,,1.009,0.249,2024-11-13,00Z-ECE,GWUS
2024-11-25,21.676,1.203,,1.538,0.036,2024-11-13,00Z-ECE,GWUS
2024-11-26,21.838,0.558,,0.901,-0.019,2024-11-13,00Z-ECE,GWUS
2024-11-27,21.317,0.037,,,,2024-11-13,00Z-ECE,GWUS
2024-11-14,14.556,-3.16,-0.137,-0.298,-0.264,2024-11-14,00Z-ECE,GWUS
2024-11-15,14.66,-3.614,-0.197,-0.316,-0.351,2024-11-14,00Z-ECE,GWUS
2024-11-16,13.963,-4.818,-0.149,-0.224,-0.401,2024-11-14,00Z-ECE,GWUS
2024-11-17,12.878,-5.815,-0.132,-0.111,-0.146,2024-11-14,00Z-ECE,GWUS
2024-11-18,12.416,-5.708,-0.071,-0.033,0.205,2024-11-14,00Z-ECE,GWUS
2024-11-19,13.481,-4.839,,-0.159,0.204,2024-11-14,00Z-ECE,GWUS
2024-11-20,15.273,-3.601,,-0.786,-0.762,2024-11-14,00Z-ECE,GWUS
2024-11-21,18.065,-1.443,,-1.071,-1.097,2024-11-14,00Z-ECE,GWUS
2024-11-22,19.368,-0.776,,-1.133,-1.215,2024-11-14,00Z-ECE,GWUS
2024-11-23,20.298,-0.511,,-0.794,-0.378,2024-11-14,00Z-ECE,GWUS
2024-11-24,21.298,0.4,,-0.315,0.359,2024-11-14,00Z-ECE,GWUS
2024-11-25,21.947,1.473,,0.102,0.27,2024-11-14,00Z-ECE,GWUS
2024-11-26,22.036,0.756,,0.163,0.198,2024-11-14,00Z-ECE,GWUS
2024-11-27,21.503,0.224,,-0.222,-0.183,2024-11-14,00Z-ECE,GWUS
2024-11-28,20.247,-1.032,,,,2024-11-14,00Z-ECE,GWUS
2024-11-15,14.653,-3.621,-0.07,-0.101,-0.008,2024-11-15,00Z-ECE,GWUS
2024-11-16,14.213,-4.568,0.025,0.213,0.25,2024-11-15,00Z-ECE,GWUS
2024-11-17,12.859,-5.834,0.017,0.056,-0.019,2024-11-15,00Z-ECE,GWUS
2024-11-18,12.157,-5.967,-0.197,-0.397,-0.259,2024-11-15,00Z-ECE,GWUS
2024-11-19,13.346,-4.974,-0.128,-0.328,-0.136,2024-11-15,00Z-ECE,GWUS
2024-11-20,15.89,-2.984,,0.656,0.617,2024-11-15,00Z-ECE,GWUS
2024-11-21,18.303,-1.205,,0.468,0.239,2024-11-15,00Z-ECE,GWUS
2024-11-22,18.595,-1.549,,-0.148,-0.773,2024-11-15,00Z-ECE,GWUS
2024-11-23,18.436,-2.372,,-1.238,-1.862,2024-11-15,00Z-ECE,GWUS
2024-11-24,18.073,-2.824,,-2.292,-3.224,2024-11-15,00Z-ECE,GWUS
2024-11-25,17.77,-2.704,,-3.263,-4.177,2024-11-15,00Z-ECE,GWUS
2024-11-26,18.446,-2.834,,-2.531,-3.59,2024-11-15,00Z-ECE,GWUS
2024-11-27,19.572,-1.707,,-0.813,-1.931,2024-11-15,00Z-ECE,GWUS
2024-11-28,20.382,-0.496,,0.677,-0.401,2024-11-15,00Z-ECE,GWUS
2024-11-29,20.546,-0.332,,,,2024-11-15,00Z-ECE,GWUS
2024-11-16,14.096,-4.685,-0.146,-0.187,-0.117,2024-11-16,00Z-ECE,GWUS
2024-11-17,12.888,-5.805,-0.051,-0.105,0.03,2024-11-16,00Z-ECE,GWUS
2024-11-18,12.093,-6.031,0.027,-0.216,-0.064,2024-11-16,00Z-ECE,GWUS
2024-11-19,13.277,-5.043,0.017,-0.181,-0.069,2024-11-16,00Z-ECE,GWUS
2024-11-20,15.876,-2.998,-0.256,-0.148,-0.014,2024-11-16,00Z-ECE,GWUS
2024-11-21,18.235,-1.273,,-0.329,-0.068,2024-11-16,00Z-ECE,GWUS
2024-11-22,18.445,-1.699,,-0.435,-0.15,2024-11-16,00Z-ECE,GWUS
2024-11-23,18.054,-2.755,,-0.649,-0.383,2024-11-16,00Z-ECE,GWUS
2024-11-24,17.57,-3.327,,-0.249,-0.503,2024-11-16,00Z-ECE,GWUS
2024-11-25,16.754,-3.719,,-0.168,-1.016,2024-11-16,00Z-ECE,GWUS
2024-11-26,16.607,-4.673,,-0.475,-1.84,2024-11-16,00Z-ECE,GWUS
2024-11-27,17.783,-3.496,,-0.333,-1.789,2024-11-16,00Z-ECE,GWUS
2024-11-28,19.367,-1.511,,-0.51,-1.015,2024-11-16,00Z-ECE,GWUS
2024-11-29,20.619,-0.535,,-0.489,-0.571,2024-11-16,00Z-ECE,GWUS
2024-11-30,20.659,-0.495,,,,2024-11-16,00Z-ECE,GWUS
2024-11-17,12.877,-5.817,-0.035,-0.126,-0.012,2024-11-17,00Z-ECE,GWUS
2024-11-18,11.815,-6.309,-0.032,-0.193,-0.278,2024-11-17,00Z-ECE,GWUS
2024-11-19,13.058,-5.261,0.037,-0.11,-0.218,2024-11-17,00Z-ECE,GWUS
2024-11-20,15.949,-2.925,0.235,0.129,0.073,2024-11-17,00Z-ECE,GWUS
2024-11-21,18.845,-0.664,0.343,0.31,0.609,2024-11-17,00Z-ECE,GWUS
2024-11-22,19.486,-0.658,,0.338,1.041,2024-11-17,00Z-ECE,GWUS
2024-11-23,18.981,-1.827,,0.022,0.928,2024-11-17,00Z-ECE,GWUS
2024-11-24,17.811,-3.086,,-0.61,0.241,2024-11-17,00Z-ECE,GWUS
2024-11-25,16.841,-3.633,,-0.261,0.086,2024-11-17,00Z-ECE,GWUS
2024-11-26,18.023,-3.257,,1.133,1.416,2024-11-17,00Z-ECE,GWUS
2024-11-27,20.013,-1.266,,2.132,2.23,2024-11-17,00Z-ECE,GWUS
2024-11-28,21.633,0.755,,1.852,2.266,2024-11-17,00Z-ECE,GWUS
2024-11-29,22.378,1.224,,1.208,1.759,2024-11-17,00Z-ECE,GWUS
2024-11-30,22.835,0.824,,1.213,1.566,2024-11-17,00Z-ECE,GWUS
2024-12-01,22.697,0.687,,,,2024-11-17,00Z-ECE,GWUS
2024-11-18,11.565,-6.56,-0.075,-0.268,-0.251,2024-11-18,00Z-ECE,GWUS
2024-11-19,12.975,-5.345,-0.061,-0.174,-0.084,2024-11-18,00Z-ECE,GWUS
2024-11-20,15.715,-3.159,0.069,-0.414,-0.234,2024-11-18,00Z-ECE,GWUS
2024-11-21,19.246,-0.262,0.04,-0.369,0.402,2024-11-18,00Z-ECE,GWUS
2024-11-22,19.235,-0.909,-0.083,-0.818,-0.252,2024-11-18,00Z-ECE,GWUS
2024-11-23,18.592,-2.217,,-0.787,-0.389,2024-11-18,00Z-ECE,GWUS
2024-11-24,17.037,-3.86,,-1.038,-0.774,2024-11-18,00Z-ECE,GWUS
2024-11-25,15.604,-4.87,,-0.803,-1.237,2024-11-18,00Z-ECE,GWUS
2024-11-26,15.119,-6.161,,-0.76,-2.904,2024-11-18,00Z-ECE,GWUS
2024-11-27,16.267,-5.012,,-1.382,-3.746,2024-11-18,00Z-ECE,GWUS
2024-11-28,18.416,-2.461,,-1.675,-3.217,2024-11-18,00Z-ECE,GWUS
2024-11-29,20.424,-0.73,,-1.209,-1.954,2024-11-18,00Z-ECE,GWUS
2024-11-30,22.095,0.085,,-0.523,-0.74,2024-11-18,00Z-ECE,GWUS
2024-12-01,23.883,1.601,,-0.439,0.369,2024-11-18,00Z-ECE,GWUS
2024-12-02,25.037,2.755,,,,2024-11-18,00Z-ECE,GWUS
2024-11-19,12.939,-5.381,-0.147,-0.116,-0.036,2024-11-19,00Z-ECE,GWUS
2024-11-20,15.571,-3.302,-0.055,-0.04,-0.144,2024-11-19,00Z-ECE,GWUS
2024-11-21,19.175,-0.333,-0.175,-0.081,-0.071,2024-11-19,00Z-ECE,GWUS
2024-11-22,19.774,-0.37,-0.097,0.061,0.54,2024-11-19,00Z-ECE,GWUS
2024-11-23,18.845,-1.964,-0.014,-0.062,0.253,2024-11-19,00Z-ECE,GWUS
2024-11-24,16.536,-4.362,,-0.518,-0.501,2024-11-19,00Z-ECE,GWUS
2024-11-25,15.246,-5.228,,-0.42,-0.358,2024-11-19,00Z-ECE,GWUS
2024-11-26,15.841,-5.438,,0.22,0.722,2024-11-19,00Z-ECE,GWUS
2024-11-27,17.588,-3.691,,0.533,1.321,2024-11-19,00Z-ECE,GWUS
2024-11-28,19.977,-0.9,,0.378,1.561,2024-11-19,00Z-ECE,GWUS
2024-11-29,22.799,1.645,,0.917,2.376,2024-11-19,00Z-ECE,GWUS
2024-11-30,24.528,2.517,,1.236,2.433,2024-11-19,00Z-ECE,GWUS
2024-12-01,24.849,2.567,,0.647,0.966,2024-11-19,00Z-ECE,GWUS
2024-12-02,24.703,2.505,,-0.176,-0.095,2024-11-19,00Z-ECE,GWUS
2024-12-03,24.055,1.857,,,,2024-11-19,00Z-ECE,GWUS
2024-11-20,15.632,-3.241,0.167,0.081,0.061,2024-11-20,00Z-ECE,GWUS
2024-11-21,19.579,0.07,0.145,-0.112,0.404,2024-11-20,00Z-ECE,GWUS
2024-11-22,20.114,-0.03,0.089,-0.178,0.339,2024-11-20,00Z-ECE,GWUS
2024-11-23,18.697,-2.112,-0.101,-0.493,-0.148,2024-11-20,00Z-ECE,GWUS
2024-11-24,16.126,-4.771,-0.187,-0.466,-0.409,2024-11-20,00Z-ECE,GWUS
2024-11-25,15.943,-4.531,,0.633,0.697,2024-11-20,00Z-ECE,GWUS
2024-11-26,18.291,-2.989,,2.267,2.449,2024-11-20,00Z-ECE,GWUS
2024-11-27,19.456,-1.823,,1.81,1.869,2024-11-20,00Z-ECE,GWUS
2024-11-28,20.475,-0.403,,0.602,0.497,2024-11-20,00Z-ECE,GWUS
2024-11-29,23.091,1.937,,-0.193,0.292,2024-11-20,00Z-ECE,GWUS
2024-11-30,26.005,3.994,,0.543,1.477,2024-11-20,00Z-ECE,GWUS
2024-12-01,27.288,5.005,,1.987,2.438,2024-11-20,00Z-ECE,GWUS
2024-12-02,27.94,5.742,,3.335,3.237,2024-11-20,00Z-ECE,GWUS
2024-12-03,27.44,4.776,,3.157,2.978,2024-11-20,00Z-ECE,GWUS
2024-12-04,25.628,2.964,,,,2024-11-20,00Z-ECE,GWUS
2024-11-21,19.794,0.286,0.095,-0.053,0.215,2024-11-21,00Z-ECE,GWUS
2024-11-22,20.305,0.161,0.068,0.007,0.191,2024-11-21,00Z-ECE,GWUS
2024-11-23,18.884,-1.925,-0.048,-0.362,0.187,2024-11-21,00Z-ECE,GWUS
2024-11-24,16.651,-4.247,0.07,-0.255,0.524,2024-11-21,00Z-ECE,GWUS
2024-11-25,16.394,-4.08,-0.224,-0.162,0.451,2024-11-21,00Z-ECE,GWUS
2024-11-26,18.434,-2.846,,-0.478,0.143,2024-11-21,00Z-ECE,GWUS
2024-11-27,19.64,-1.639,,-0.625,0.184,2024-11-21,00Z-ECE,GWUS
2024-11-28,20.617,-0.261,,-0.1,0.143,2024-11-21,00Z-ECE,GWUS
2024-11-29,23.529,2.375,,0.947,0.438,2024-11-21,00Z-ECE,GWUS
2024-11-30,26.945,4.935,,2.14,0.941,2024-11-21,00Z-ECE,GWUS
2024-12-01,28.075,5.793,,2.039,0.787,2024-11-21,00Z-ECE,GWUS
2024-12-02,29.304,7.106,,2.01,1.364,2024-11-21,00Z-ECE,GWUS
2024-12-03,29.643,6.979,,2.061,2.203,2024-11-21,00Z-ECE,GWUS
2024-12-04,28.598,4.35,,2.072,2.593,2024-11-21,00Z-ECE,GWUS
2024-12-05,27.413,3.164,,,,2024-11-21,00Z-ECE,GWUS
2024-11-22,20.237,0.093,-0.111,-0.345,-0.068,2024-11-22,00Z-ECE,GWUS
2024-11-23,18.353,-2.456,-0.16,-0.426,-0.531,2024-11-22,00Z-ECE,GWUS
2024-11-24,15.863,-5.035,-0.128,-0.524,-0.788,2024-11-22,00Z-ECE,GWUS
2024-11-25,15.76,-4.713,-0.291,-0.57,-0.634,2024-11-22,00Z-ECE,GWUS
2024-11-26,19.046,-2.234,0.09,0.508,0.612,2024-11-22,00Z-ECE,GWUS
2024-11-27,20.415,-0.864,,0.703,0.774,2024-11-22,00Z-ECE,GWUS
2024-11-28,22.451,1.573,,1.11,1.833,2024-11-22,00Z-ECE,GWUS
2024-11-29,26.131,4.977,,1.16,2.601,2024-11-22,00Z-ECE,GWUS
2024-11-30,28.198,6.188,,0.069,1.253,2024-11-22,00Z-ECE,GWUS
2024-12-01,28.63,6.348,,-0.77,0.555,2024-11-22,00Z-ECE,GWUS
2024-12-02,28.413,6.215,,-1.102,-0.891,2024-11-22,00Z-ECE,GWUS
2024-12-03,26.421,3.758,,-1.61,-3.221,2024-11-22,00Z-ECE,GWUS
2024-12-04,24.777,0.528,,-1.767,-3.821,2024-11-22,00Z-ECE,GWUS
2024-12-05,25.383,0.238,,-0.682,-2.881,2024-11-22,00Z-ECE,GWUS
2024-12-06,26.141,0.996,,,,2024-11-22,00Z-ECE,GWUS
2024-11-23,18.542,-2.267,0.139,0.08,0.189,2024-11-23,00Z-ECE,GWUS
2024-11-24,16.245,-4.652,0.132,0.198,0.382,2024-11-23,00Z-ECE,GWUS
2024-11-25,16.231,-4.243,0.045,0.232,0.47,2024-11-23,00Z-ECE,GWUS
2024-11-26,18.996,-2.283,-0.23,-0.035,-0.05,2024-11-23,00Z-ECE,GWUS
2024-11-27,19.788,-1.491,-0.467,-0.422,-0.627,2024-11-23,00Z-ECE,GWUS
2024-11-28,21.445,0.567,,-0.606,-1.006,2024-11-23,00Z-ECE,GWUS
2024-11-29,26.53,5.376,,-0.025,0.399,2024-11-23,00Z-ECE,GWUS
2024-11-30,29.546,7.535,,0.055,1.347,2024-11-23,00Z-ECE,GWUS
2024-12-01,30.676,8.394,,0.651,2.046,2024-11-23,00Z-ECE,GWUS
2024-12-02,30.474,8.276,,1.322,2.061,2024-11-23,00Z-ECE,GWUS
2024-12-03,28.771,6.107,,1.866,2.35,2024-11-23,00Z-ECE,GWUS
2024-12-04,26.836,2.587,,2.257,2.059,2024-11-23,00Z-ECE,GWUS
2024-12-05,26.49,1.345,,2.775,1.107,2024-11-23,00Z-ECE,GWUS
2024-12-06,27.577,1.729,,3.108,0.797,2024-11-23,00Z-ECE,GWUS
2024-12-07,27.21,1.362,,,,2024-11-23,00Z-ECE,GWUS
2024-11-24,16.312,-4.585,-0.193,-0.203,0.068,2024-11-24,00Z-ECE,GWUS
2024-11-25,16.829,-3.645,0.1,0.302,0.599,2024-11-24,00Z-ECE,GWUS
2024-11-26,18.917,-2.363,-0.14,-0.005,-0.079,2024-11-24,00Z-ECE,GWUS
2024-11-27,19.338,-1.941,-0.3,-0.356,-0.45,2024-11-24,00Z-ECE,GWUS
2024-11-28,22.047,1.169,0.03,0.173,0.602,2024-11-24,00Z-ECE,GWUS
2024-11-29,27.006,5.851,,-0.477,0.476,2024-11-24,00Z-ECE,GWUS
2024-11-30,27.86,5.85,,-2.336,-1.685,2024-11-24,00Z-ECE,GWUS
2024-12-01,29.101,6.819,,-1.998,-1.575,2024-11-24,00Z-ECE,GWUS
2024-12-02,31.419,9.221,,0.203,0.945,2024-11-24,00Z-ECE,GWUS
2024-12-03,31.027,8.363,,1.464,2.256,2024-11-24,00Z-ECE,GWUS
2024-12-04,28.639,4.39,,2.001,1.803,2024-11-24,00Z-ECE,GWUS
2024-12-05,27.567,2.422,,2.301,1.077,2024-11-24,00Z-ECE,GWUS
2024-12-06,28.289,2.442,,2.63,0.713,2024-11-24,00Z-ECE,GWUS
2024-12-07,28.844,2.783,,2.554,1.054,2024-11-24,00Z-ECE,GWUS
2024-12-08,28.044,1.983,,,,2024-11-24,00Z-ECE,GWUS
2024-11-25,17.078,-3.557,-0.087,-0.13,,2024-11-25,00Z-ECE,GWUS
2024-11-26,19.398,-1.882,-0.149,-0.074,,2024-11-25,00Z-ECE,GWUS
2024-11-27,19.72,-1.559,0.018,0.111,,2024-11-25,00Z-ECE,GWUS
2024-11-28,22.207,1.329,-0.002,0.351,,2024-11-25,00Z-ECE,GWUS
2024-11-29,27.36,6.206,0.917,0.712,,2024-11-25,00Z-ECE,GWUS
2024-11-30,28.484,6.473,,0.499,,2024-11-25,00Z-ECE,GWUS
2024-12-01,29.967,7.401,,-0.17,,2024-11-25,00Z-ECE,GWUS
2024-12-02,30.263,8.065,,-0.801,,2024-11-25,00Z-ECE,GWUS
2024-12-03,28.36,5.696,,-1.034,,2024-11-25,00Z-ECE,GWUS
2024-12-04,26.297,2.048,,-1.081,,2024-11-25,00Z-ECE,GWUS
2024-12-05,25.228,0.083,,-1.115,,2024-11-25,00Z-ECE,GWUS
2024-12-06,25.107,-0.74,,-2.086,,2024-11-25,00Z-ECE,GWUS
2024-12-07,27.041,0.98,,-1.694,,2024-11-25,00Z-ECE,GWUS
2024-12-08,28.382,2.676,,-0.858,,2024-11-25,00Z-ECE,GWUS
2024-11-26,19.569,-1.711,-0.157,-0.087,,2024-11-26,00Z-ECE,GWUS
2024-11-27,19.56,-1.719,-0.074,-0.159,,2024-11-26,00Z-ECE,GWUS
2024-11-28,22.066,1.188,-0.193,-0.424,,2024-11-26,00Z-ECE,GWUS
2024-11-29,27.22,6.066,0.217,0.418,,2024-11-26,00Z-ECE,GWUS
2024-11-30,28.506,6.496,0.326,0.627,,2024-11-26,00Z-ECE,GWUS
2024-12-01,28.882,6.6,,-0.257,,2024-11-26,00Z-ECE,GWUS
2024-12-02,29.682,7.484,,0.381,,2024-11-26,00Z-ECE,GWUS
2024-12-03,28.732,6.068,,1.378,,2024-11-26,00Z-ECE,GWUS
2024-12-04,27.355,3.106,,1.692,,2024-11-26,00Z-ECE,GWUS
2024-12-05,26.681,1.536,,1.285,,2024-11-26,00Z-ECE,GWUS
2024-12-06,25.615,-0.232,,0.326,,2024-11-26,00Z-ECE,GWUS
2024-12-07,26.614,0.553,,0.946,,2024-11-26,00Z-ECE,GWUS
2024-12-08,26.572,0.865,,0.375,,2024-11-26,00Z-ECE,GWUS
2024-12-09,25.957,0.319,,-0.552,,2024-11-26,00Z-ECE,GWUS
2024-11-27,19.32,-1.959,-0.047,-0.214,-0.24,2024-11-27,00Z-ECE,GWUS
2024-11-28,22.212,1.335,-0.042,-0.14,0.147,2024-11-27,00Z-ECE,GWUS
2024-11-29,27.148,5.994,-0.133,-0.412,-0.072,2024-11-27,00Z-ECE,GWUS
2024-11-30,28.34,6.33,-0.397,-0.395,-0.166,2024-11-27,00Z-ECE,GWUS
2024-12-01,27.852,5.57,-0.51,-0.417,-1.031,2024-11-27,00Z-ECE,GWUS
2024-12-02,27.872,5.674,,-0.613,-1.81,2024-11-27,00Z-ECE,GWUS
2024-12-03,27.732,5.068,,-0.719,-1.0,2024-11-27,00Z-ECE,GWUS
2024-12-04,26.773,2.524,,-0.537,-0.582,2024-11-27,00Z-ECE,GWUS
2024-12-05,25.002,-0.143,,-0.688,-1.68,2024-11-27,00Z-ECE,GWUS
2024-12-06,23.678,-2.17,,-1.636,-1.937,2024-11-27,00Z-ECE,GWUS
2024-12-07,24.131,-1.93,,-2.651,-2.483,2024-11-27,00Z-ECE,GWUS
2024-12-08,24.872,-0.835,,-2.329,-1.7,2024-11-27,00Z-ECE,GWUS
2024-12-09,25.687,0.049,,-1.17,-0.27,2024-11-27,00Z-ECE,GWUS
2024-12-10,25.945,0.327,,-0.45,,2024-11-27,00Z-ECE,GWUS
2024-11-28,22.472,1.595,0.058,0.348,0.26,2024-11-28,00Z-ECE,GWUS
2024-11-29,27.638,6.484,0.051,0.331,0.491,2024-11-28,00Z-ECE,GWUS
2024-11-30,28.391,6.381,0.012,0.136,0.051,2024-11-28,00Z-ECE,GWUS
2024-12-01,27.788,5.506,0.038,-0.08,-0.063,2024-11-28,00Z-ECE,GWUS
2024-12-02,28.308,6.11,0.307,0.076,0.436,2024-11-28,00Z-ECE,GWUS
2024-12-03,27.531,4.867,,0.181,-0.2,2024-11-28,00Z-ECE,GWUS
2024-12-04,24.641,0.392,,-0.43,-2.132,2024-11-28,00Z-ECE,GWUS
2024-12-05,21.735,-3.41,,-0.205,-3.267,2024-11-28,00Z-ECE,GWUS
2024-12-06,23.337,-2.511,,1.82,-0.341,2024-11-28,00Z-ECE,GWUS
2024-12-07,26.581,0.52,,2.802,2.45,2024-11-28,00Z-ECE,GWUS
2024-12-08,26.82,1.113,,2.574,1.948,2024-11-28,00Z-ECE,GWUS
2024-12-09,25.497,-0.141,,1.386,-0.211,2024-11-28,00Z-ECE,GWUS
2024-12-10,24.493,-1.124,,-0.033,-1.452,2024-11-28,00Z-ECE,GWUS
2024-12-11,25.516,0.134,,0.231,,2024-11-28,00Z-ECE,GWUS
2024-11-29,27.948,6.794,0.027,0.209,0.309,2024-11-29,00Z-ECE,GWUS
2024-11-30,28.87,6.86,0.025,0.225,0.479,2024-11-29,00Z-ECE,GWUS
2024-12-01,27.282,4.999,-0.025,-0.118,-0.507,2024-11-29,00Z-ECE,GWUS
2024-12-02,28.015,5.817,0.085,0.234,-0.293,2024-11-29,00Z-ECE,GWUS
2024-12-03,28.225,5.561,-0.108,0.48,0.694,2024-11-29,00Z-ECE,GWUS
2024-12-04,24.76,0.511,,-0.237,0.119,2024-11-29,00Z-ECE,GWUS
2024-12-05,23.321,-1.824,,1.294,1.585,2024-11-29,00Z-ECE,GWUS
2024-12-06,27.55,1.703,,3.088,4.213,2024-11-29,00Z-ECE,GWUS
2024-12-07,30.153,4.092,,1.87,3.572,2024-11-29,00Z-ECE,GWUS
2024-12-08,28.329,2.623,,-0.167,1.51,2024-11-29,00Z-ECE,GWUS
2024-12-09,25.83,0.192,,-0.724,0.353,2024-11-29,00Z-ECE,GWUS
2024-12-10,25.778,0.107,,0.077,1.285,2024-11-29,00Z-ECE,GWUS
2024-12-11,26.589,1.206,,0.497,1.073,2024-11-29,00Z-ECE,GWUS
2024-12-12,26.262,1.318,,0.064,,2024-11-29,00Z-ECE,GWUS
2024-11-30,29.018,7.007,-0.081,-0.142,0.148,2024-11-30,00Z-ECE,GWUS
2024-12-01,27.591,5.309,-0.155,-0.106,0.31,2024-11-30,00Z-ECE,GWUS
2024-12-02,28.075,5.877,-0.324,-0.142,0.061,2024-11-30,00Z-ECE,GWUS
2024-12-03,27.783,5.119,-0.029,-0.013,-0.442,2024-11-30,00Z-ECE,GWUS
2024-12-04,24.441,0.193,0.164,0.003,-0.319,2024-11-30,00Z-ECE,GWUS
2024-12-05,24.774,-0.371,,0.932,1.477,2024-11-30,00Z-ECE,GWUS
2024-12-06,28.804,2.956,,1.25,1.254,2024-11-30,00Z-ECE,GWUS
2024-12-07,29.034,2.973,,-0.132,-1.119,2024-11-30,00Z-ECE,GWUS
2024-12-08,26.389,0.682,,-0.484,-1.941,2024-11-30,00Z-ECE,GWUS
2024-12-09,24.183,-1.455,,-0.115,-1.647,2024-11-30,00Z-ECE,GWUS
2024-12-10,23.7,-1.918,,-0.344,-2.078,2024-11-30,00Z-ECE,GWUS
2024-12-11,24.834,-0.549,,-0.49,-1.755,2024-11-30,00Z-ECE,GWUS
2024-12-12,25.624,0.681,,-0.417,-0.638,2024-11-30,00Z-ECE,GWUS
2024-12-13,24.224,-0.636,,-0.761,,2024-11-30,00Z-ECE,GWUS
2024-12-01,27.721,5.439,-0.078,-0.176,0.13,2024-12-01,00Z-ECE,GWUS
2024-12-02,28.3,6.102,-0.01,-0.016,0.225,2024-12-01,00Z-ECE,GWUS
2024-12-03,28.527,5.863,0.243,0.267,0.743,2024-12-01,00Z-ECE,GWUS
2024-12-04,25.255,1.007,0.273,0.398,0.814,2024-12-01,00Z-ECE,GWUS
2024-12-05,26.626,1.481,0.407,1.21,1.879,2024-12-01,00Z-ECE,GWUS
2024-12-06,28.437,2.589,,0.43,-0.367,2024-12-01,00Z-ECE,GWUS
2024-12-07,25.64,-0.421,,-1.346,-3.394,2024-12-01,00Z-ECE,GWUS
2024-12-08,23.775,-1.932,,-1.616,-2.614,2024-12-01,00Z-ECE,GWUS
2024-12-09,22.276,-3.362,,-1.495,-1.907,2024-12-01,00Z-ECE,GWUS
2024-12-10,23.104,-2.513,,-0.401,-0.595,2024-12-01,00Z-ECE,GWUS
2024-12-11,25.373,-0.01,,0.439,0.539,2024-12-01,00Z-ECE,GWUS
2024-12-12,25.852,0.909,,0.601,0.228,2024-12-01,00Z-ECE,GWUS
2024-12-13,24.741,-0.12,,0.934,0.516,2024-12-01,00Z-ECE,GWUS
2024-12-14,24.015,-1.522,,1.501,,2024-12-01,00Z-ECE,GWUS
2024-12-02,28.249,6.051,-0.124,-0.34,-0.051,2024-12-02,00Z-ECE,GWUS
2024-12-03,28.156,5.492,-0.264,-0.65,-0.371,2024-12-02,00Z-ECE,GWUS
2024-12-04,25.5,1.251,0.061,-0.175,0.245,2024-12-02,00Z-ECE,GWUS
2024-12-05,28.173,3.028,0.704,0.408,1.547,2024-12-02,00Z-ECE,GWUS
2024-12-06,29.711,3.863,0.62,-0.039,1.274,2024-12-02,00Z-ECE,GWUS
2024-12-07,25.535,-0.526,,-0.675,-0.105,2024-12-02,00Z-ECE,GWUS
2024-12-08,21.637,-4.069,,-1.35,-2.137,2024-12-02,00Z-ECE,GWUS
2024-12-09,20.603,-5.035,,-1.155,-1.673,2024-12-02,00Z-ECE,GWUS
2024-12-10,22.678,-2.94,,-1.051,-0.427,2024-12-02,00Z-ECE,GWUS
2024-12-11,25.077,-0.306,,-1.004,-0.296,2024-12-02,00Z-ECE,GWUS
2024-12-12,24.954,0.011,,-0.295,-0.898,2024-12-02,00Z-ECE,GWUS
2024-12-13,23.342,-1.518,,0.17,-1.398,2024-12-02,00Z-ECE,GWUS
2024-12-14,22.917,-2.62,,0.458,-1.098,2024-12-02,00Z-ECE,GWUS
2024-12-15,23.301,-2.194,,0.508,,2024-12-02,00Z-ECE,GWUS
2024-12-03,27.988,5.325,-0.287,-0.475,-0.15,2024-12-03,00Z-ECE,GWUS
2024-12-04,25.531,1.282,-0.223,-0.358,0.03,2024-12-03,00Z-ECE,GWUS
2024-12-05,28.394,3.249,0.041,-0.518,0.221,2024-12-03,00Z-ECE,GWUS
2024-12-06,30.378,4.531,-0.126,-0.347,0.668,2024-12-03,00Z-ECE,GWUS
2024-12-07,25.658,-0.403,-0.349,-0.282,0.123,2024-12-03,00Z-ECE,GWUS
2024-12-08,19.92,-5.786,,-1.533,-1.717,2024-12-03,00Z-ECE,GWUS
2024-12-09,19.303,-6.335,,-0.994,-1.3,2024-12-03,00Z-ECE,GWUS
2024-12-10,22.203,-3.414,,-1.304,-0.475,2024-12-03,00Z-ECE,GWUS
2024-12-11,26.152,0.769,,-1.007,1.075,2024-12-03,00Z-ECE,GWUS
2024-12-12,26.761,1.817,,-0.646,1.806,2024-12-03,00Z-ECE,GWUS
2024-12-13,25.299,0.438,,1.134,1.956,2024-12-03,00Z-ECE,GWUS
2024-12-14,23.513,-2.025,,1.416,0.596,2024-12-03,00Z-ECE,GWUS
2024-12-15,22.675,-2.819,,-0.349,-0.625,2024-12-03,00Z-ECE,GWUS
2024-12-16,22.622,-3.727,,-1.78,,2024-12-03,00Z-ECE,GWUS
2024-12-04,25.36,1.111,-0.257,-0.368,-0.171,2024-12-04,00Z-ECE,GWUS
2024-12-05,28.589,3.444,0.002,-0.14,0.195,2024-12-04,00Z-ECE,GWUS
2024-12-06,30.465,4.617,-0.048,-0.303,0.086,2024-12-04,00Z-ECE,GWUS
2024-12-07,26.163,0.102,,0.146,0.505,2024-12-04,00Z-ECE,GWUS
2024-12-08,20.257,-5.449,,0.219,0.337,2024-12-04,00Z-ECE,GWUS
2024-12-09,18.847,-6.79,,-0.546,-0.455,2024-12-04,00Z-ECE,GWUS
2024-12-10,22.456,-3.161,,0.04,0.253,2024-12-04,00Z-ECE,GWUS
2024-12-11,26.37,0.987,,0.881,0.218,2024-12-04,00Z-ECE,GWUS
2024-12-12,27.124,2.181,,1.119,0.364,2024-12-04,00Z-ECE,GWUS
2024-12-13,24.071,-0.79,,0.848,-1.228,2024-12-04,00Z-ECE,GWUS
2024-12-14,21.003,-4.534,,-0.122,-2.509,2024-12-04,00Z-ECE,GWUS
2024-12-15,21.049,-4.446,,-0.856,-1.626,2024-12-04,00Z-ECE,GWUS
2024-12-16,21.974,-4.375,,-0.884,-0.648,2024-12-04,00Z-ECE,GWUS
2024-12-17,22.649,-4.393,,-0.572,,2024-12-04,00Z-ECE,GWUS
2024-12-05,28.626,3.481,-0.217,-0.622,0.037,2024-12-05,00Z-ECE,GWUS
2024-12-06,30.487,4.639,-0.103,-0.356,0.022,2024-12-05,00Z-ECE,GWUS
2024-12-07,25.888,-0.173,-0.094,-0.373,-0.275,2024-12-05,00Z-ECE,GWUS
2024-12-08,19.796,-5.91,-0.468,-0.824,-0.461,2024-12-05,00Z-ECE,GWUS
2024-12-09,18.374,-7.264,-0.393,-0.728,-0.473,2024-12-05,00Z-ECE,GWUS
2024-12-10,22.02,-3.598,,-0.323,-0.437,2024-12-05,00Z-ECE,GWUS
2024-12-11,26.78,1.397,,0.586,0.41,2024-12-05,00Z-ECE,GWUS
2024-12-12,29.942,4.998,,2.785,2.817,2024-12-05,00Z-ECE,GWUS
2024-12-13,27.462,2.602,,2.866,3.391,2024-12-05,00Z-ECE,GWUS
2024-12-14,23.497,-2.04,,1.376,2.494,2024-12-05,00Z-ECE,GWUS
2024-12-15,21.499,-3.995,,-0.462,0.45,2024-12-05,00Z-ECE,GWUS
2024-12-16,21.358,-4.991,,-0.812,-0.616,2024-12-05,00Z-ECE,GWUS
2024-12-17,22.173,-4.869,,-0.331,-0.476,2024-12-05,00Z-ECE,GWUS
2024-12-18,22.641,-4.663,,-0.628,,2024-12-05,00Z-ECE,GWUS
2024-12-06,30.222,4.375,-0.175,-0.283,-0.264,2024-12-06,00Z-ECE,GWUS
2024-12-07,25.234,-0.827,-0.275,-0.501,-0.654,2024-12-06,00Z-ECE,GWUS
2024-12-08,19.263,-6.443,-0.241,-0.417,-0.533,2024-12-06,00Z-ECE,GWUS
2024-12-09,18.574,-7.064,-0.156,-0.11,0.199,2024-12-06,00Z-ECE,GWUS
2024-12-10,21.788,-3.829,-0.175,0.132,-0.232,2024-12-06,00Z-ECE,GWUS
2024-12-11,26.353,0.97,,-0.295,-0.428,2024-12-06,00Z-ECE,GWUS
2024-12-12,29.286,4.342,,-0.307,-0.659,2024-12-06,00Z-ECE,GWUS
2024-12-13,25.71,0.849,,-0.536,-1.752,2024-12-06,00Z-ECE,GWUS
2024-12-14,22.099,-3.439,,-0.68,-1.399,2024-12-06,00Z-ECE,GWUS
2024-12-15,20.644,-4.851,,-0.921,-0.855,2024-12-06,00Z-ECE,GWUS
2024-12-16,20.365,-5.984,,-1.145,-0.993,2024-12-06,00Z-ECE,GWUS
2024-12-17,21.075,-5.967,,-0.748,-1.097,2024-12-06,00Z-ECE,GWUS
2024-12-18,21.965,-5.339,,-0.522,-0.737,2024-12-06,00Z-ECE,GWUS
2024-12-19,22.298,-4.847,,-0.756,,2024-12-06,00Z-ECE,GWUS
2024-12-07,25.01,-1.051,-0.152,-0.384,-0.225,2024-12-07,00Z-ECE,GWUS
2024-12-08,19.041,-6.665,-0.367,-0.571,-0.222,2024-12-07,00Z-ECE,GWUS
2024-12-09,18.483,-7.155,-0.316,-0.441,-0.091,2024-12-07,00Z-ECE,GWUS
2024-12-10,21.704,-3.914,-0.137,-0.444,-0.084,2024-12-07,00Z-ECE,GWUS
2024-12-11,25.931,0.549,-0.127,-0.659,-0.421,2024-12-07,00Z-ECE,GWUS
2024-12-12,29.687,4.744,,0.111,0.375,2024-12-07,00Z-ECE,GWUS
2024-12-13,26.022,1.161,,0.678,0.312,2024-12-07,00Z-ECE,GWUS
2024-12-14,21.703,-3.834,,0.52,-0.395,2024-12-07,00Z-ECE,GWUS
2024-12-15,20.333,-5.162,,0.682,-0.311,2024-12-07,00Z-ECE,GWUS
2024-12-16,20.883,-5.467,,0.661,0.517,2024-12-07,00Z-ECE,GWUS
2024-12-17,22.032,-5.01,,0.45,0.957,2024-12-07,00Z-ECE,GWUS
2024-12-18,23.005,-4.3,,0.337,1.039,2024-12-07,00Z-ECE,GWUS
2024-12-19,23.657,-3.488,,0.855,1.359,2024-12-07,00Z-ECE,GWUS
2024-12-20,23.884,-2.604,,1.506,,2024-12-07,00Z-ECE,GWUS
2024-12-08,18.55,-7.215,-0.444,-0.902,-0.491,2024-12-08,00Z-ECE,GWUS
2024-12-09,18.364,-7.274,-0.326,-0.642,-0.125,2024-12-08,00Z-ECE,GWUS
2024-12-10,21.673,-3.944,-0.31,-0.438,-0.03,2024-12-08,00Z-ECE,GWUS
2024-12-11,26.371,0.988,-0.045,-0.225,0.439,2024-12-08,00Z-ECE,GWUS
2024-12-12,32.421,7.477,0.841,2.011,2.733,2024-12-08,00Z-ECE,GWUS
2024-12-13,29.025,4.063,,3.097,3.004,2024-12-08,00Z-ECE,GWUS
2024-12-14,24.225,-1.313,,2.734,2.521,2024-12-08,00Z-ECE,GWUS
2024-12-15,21.524,-3.971,,1.842,1.191,2024-12-08,00Z-ECE,GWUS
2024-12-16,20.367,-5.982,,0.342,-0.516,2024-12-08,00Z-ECE,GWUS
2024-12-17,21.105,-5.937,,0.068,-0.926,2024-12-08,00Z-ECE,GWUS
2024-12-18,22.497,-4.807,,0.672,-0.508,2024-12-08,00Z-ECE,GWUS
2024-12-19,23.833,-3.311,,0.891,0.177,2024-12-08,00Z-ECE,GWUS
2024-12-20,24.602,-1.886,,1.22,0.718,2024-12-08,00Z-ECE,GWUS
2024-12-21,24.479,-1.922,,0.463,,2024-12-08,00Z-ECE,GWUS
2024-12-09,17.69,-7.948,-0.523,-0.628,-0.676,2024-12-09,00Z-ECE,GWUS
2024-12-10,21.066,-4.551,-0.366,-0.514,-0.607,2024-12-09,00Z-ECE,GWUS
2024-12-11,25.688,0.306,0.033,-0.397,-0.682,2024-12-09,00Z-ECE,GWUS
2024-12-12,31.834,6.89,0.352,-0.429,-0.587,2024-12-09,00Z-ECE,GWUS
2024-12-13,28.139,3.279,0.029,-0.978,-0.886,2024-12-09,00Z-ECE,GWUS
2024-12-14,23.257,-2.281,,-0.756,-0.968,2024-12-09,00Z-ECE,GWUS
2024-12-15,20.89,-4.605,,-0.539,-0.634,2024-12-09,00Z-ECE,GWUS
2024-12-16,19.748,-6.602,,-0.377,-0.619,2024-12-09,00Z-ECE,GWUS
2024-12-17,20.892,-6.149,,0.268,-0.213,2024-12-09,00Z-ECE,GWUS
2024-12-18,23.423,-3.882,,1.203,0.926,2024-12-09,00Z-ECE,GWUS
2024-12-19,26.06,-1.085,,1.879,2.226,2024-12-09,00Z-ECE,GWUS
2024-12-20,26.596,0.109,,0.815,1.994,2024-12-09,00Z-ECE,GWUS
2024-12-21,26.386,-0.016,,-0.403,1.907,2024-12-09,00Z-ECE,GWUS
2024-12-22,26.328,-0.458,,-0.957,,2024-12-09,00Z-ECE,GWUS
2024-12-10,20.897,-4.72,-0.109,-0.159,-0.169,2024-12-10,00Z-ECE,GWUS
2024-12-11,25.404,0.021,0.116,0.029,-0.284,2024-12-10,00Z-ECE,GWUS
2024-12-12,31.656,6.712,0.304,-0.086,-0.178,2024-12-10,00Z-ECE,GWUS
2024-12-13,27.287,2.426,0.291,-0.5,-0.853,2024-12-10,00Z-ECE,GWUS
2024-12-14,22.232,-3.306,0.217,-0.674,-1.025,2024-12-10,00Z-ECE,GWUS
2024-12-15,19.951,-5.544,,-0.515,-0.939,2024-12-10,00Z-ECE,GWUS
2024-12-16,18.91,-7.44,,-0.554,-0.838,2024-12-10,00Z-ECE,GWUS
2024-12-17,19.842,-7.2,,-0.36,-1.05,2024-12-10,00Z-ECE,GWUS
2024-12-18,22.856,-4.448,,0.242,-0.566,2024-12-10,00Z-ECE,GWUS
2024-12-19,25.675,-1.469,,0.777,-0.384,2024-12-10,00Z-ECE,GWUS
2024-12-20,26.38,-0.108,,1.243,-0.216,2024-12-10,00Z-ECE,GWUS
2024-12-21,27.009,0.608,,1.048,0.623,2024-12-10,00Z-ECE,GWUS
2024-12-22,26.701,-0.085,,0.219,0.373,2024-12-10,00Z-ECE,GWUS
2024-12-23,24.224,-4.013,,-0.612,,2024-12-10,00Z-ECE,GWUS
2024-12-11,25.147,-0.236,0.058,0.079,-0.257,2024-12-11,00Z-ECE,GWUS
2024-12-12,31.09,6.147,-0.117,-0.103,-0.566,2024-12-11,00Z-ECE,GWUS
2024-12-13,27.748,2.888,-0.013,0.221,0.462,2024-12-11,00Z-ECE,GWUS
2024-12-14,22.433,-3.105,-0.087,-0.226,0.201,2024-12-11,00Z-ECE,GWUS
2024-12-15,19.967,-5.528,0.109,-0.244,0.016,2024-12-11,00Z-ECE,GWUS
2024-12-16,17.617,-8.732,,-0.406,-1.293,2024-12-11,00Z-ECE,GWUS
2024-12-17,20.128,-6.914,,-0.556,0.286,2024-12-11,00Z-ECE,GWUS
2024-12-18,23.768,-3.537,,-0.744,0.911,2024-12-11,00Z-ECE,GWUS
2024-12-19,25.004,-2.14,,-0.927,-0.671,2024-12-11,00Z-ECE,GWUS
2024-12-20,24.777,-1.711,,-1.08,-1.603,2024-12-11,00Z-ECE,GWUS
2024-12-21,27.257,0.856,,0.396,0.248,2024-12-11,00Z-ECE,GWUS
2024-12-22,28.46,1.674,,1.743,1.759,2024-12-11,00Z-ECE,GWUS
2024-12-23,26.193,-2.044,,1.604,1.969,2024-12-11,00Z-ECE,GWUS
2024-12-24,24.402,-4.739,,1.582,,2024-12-11,00Z-ECE,GWUS
2024-12-12,31.078,6.134,-0.18,-0.256,-0.012,2024-12-12,00Z-ECE,GWUS
2024-12-13,28.003,3.142,-0.217,-0.223,0.255,2024-12-12,00Z-ECE,GWUS
2024-12-14,22.762,-2.776,-0.625,-0.613,0.329,2024-12-12,00Z-ECE,GWUS
2024-12-15,19.932,-5.562,-0.803,-0.875,-0.034,2024-12-12,00Z-ECE,GWUS
2024-12-16,17.318,-9.031,-0.529,-0.376,-0.298,2024-12-12,00Z-ECE,GWUS
2024-12-17,19.145,-7.896,,-0.266,-0.983,2024-12-12,00Z-ECE,GWUS
2024-12-18,22.71,-4.595,,-1.25,-1.058,2024-12-12,00Z-ECE,GWUS
2024-12-19,24.917,-2.228,,-1.208,-0.087,2024-12-12,00Z-ECE,GWUS
2024-12-20,26.408,-0.08,,0.487,1.631,2024-12-12,00Z-ECE,GWUS
2024-12-21,29.297,2.896,,0.892,2.041,2024-12-12,00Z-ECE,GWUS
2024-12-22,29.616,2.83,,0.465,1.156,2024-12-12,00Z-ECE,GWUS
2024-12-23,26.71,-1.527,,0.846,0.517,2024-12-12,00Z-ECE,GWUS
2024-12-24,23.935,-5.205,,0.913,-0.466,2024-12-12,00Z-ECE,GWUS
2024-12-25,22.933,-5.761,,-0.03,,2024-12-12,00Z-ECE,GWUS
2024-12-13,28.508,3.648,-0.122,-0.121,0.505,2024-12-13,00Z-ECE,GWUS
2024-12-14,23.775,-1.763,-0.102,0.098,1.013,2024-12-13,00Z-ECE,GWUS
2024-12-15,20.576,-4.919,-0.209,-0.178,0.643,2024-12-13,00Z-ECE,GWUS
2024-12-16,17.412,-8.937,-0.279,-0.437,0.094,2024-12-13,00Z-ECE,GWUS
2024-12-17,18.463,-8.579,-0.663,-0.689,-0.682,2024-12-13,00Z-ECE,GWUS
2024-12-18,22.264,-5.041,,-0.016,-0.517,2024-12-13,00Z-ECE,GWUS
2024-12-19,24.157,-2.988,,-0.605,-0.76,2024-12-13,00Z-ECE,GWUS
2024-12-20,25.419,-1.068,,-0.73,-0.988,2024-12-13,00Z-ECE,GWUS
2024-12-21,30.777,4.376,,0.89,1.48,2024-12-13,00Z-ECE,GWUS
2024-12-22,32.661,5.875,,0.473,3.045,2024-12-13,00Z-ECE,GWUS
2024-12-23,28.817,0.579,,-0.689,2.107,2024-12-13,00Z-ECE,GWUS
2024-12-24,24.655,-4.485,,-0.779,0.72,2024-12-13,00Z-ECE,GWUS
2024-12-25,23.102,-5.592,,-0.024,0.169,2024-12-13,00Z-ECE,GWUS
2024-12-26,23.213,-4.607,,0.605,,2024-12-13,00Z-ECE,GWUS
2024-12-14,23.683,-1.854,-0.137,-0.356,-0.092,2024-12-14,00Z-ECE,GWUS
2024-12-15,20.551,-4.944,-0.262,-0.264,-0.025,2024-12-14,00Z-ECE,GWUS
2024-12-16,16.893,-9.457,-0.311,-0.389,-0.519,2024-12-14,00Z-ECE,GWUS
2024-12-17,17.652,-9.39,-0.348,-0.637,-0.811,2024-12-14,00Z-ECE,GWUS
2024-12-18,21.538,-5.766,0.231,-0.156,-0.715,2024-12-14,00Z-ECE,GWUS
2024-12-19,24.648,-2.496,,1.164,0.492,2024-12-14,00Z-ECE,GWUS
2024-12-20,26.723,0.235,,1.478,1.304,2024-12-14,00Z-ECE,GWUS
2024-12-21,31.354,4.953,,0.37,0.577,2024-12-14,00Z-ECE,GWUS
2024-12-22,33.62,6.833,,0.789,0.959,2024-12-14,00Z-ECE,GWUS
2024-12-23,29.658,1.421,,1.779,0.842,2024-12-14,00Z-ECE,GWUS
2024-12-24,24.239,-4.901,,1.163,-0.416,2024-12-14,00Z-ECE,GWUS
2024-12-25,21.563,-7.132,,0.326,-1.522,2024-12-14,00Z-ECE,GWUS
2024-12-26,20.645,-7.175,,0.345,-2.568,2024-12-14,00Z-ECE,GWUS
2024-12-27,20.879,-6.147,,0.111,,2024-12-14,00Z-ECE,GWUS
2024-12-15,20.521,-4.974,-0.239,-0.207,-0.03,2024-12-15,00Z-ECE,GWUS
2024-12-16,16.8,-9.55,-0.067,0.005,-0.093,2024-12-15,00Z-ECE,GWUS
2024-12-17,17.382,-9.659,-0.185,-0.177,-0.27,2024-12-15,00Z-ECE,GWUS
2024-12-18,21.389,-5.916,-0.081,-0.525,-0.149,2024-12-15,00Z-ECE,GWUS
2024-12-19,24.079,-3.065,-0.385,-1.557,-0.569,2024-12-15,00Z-ECE,GWUS
2024-12-20,25.671,-0.817,,-1.12,-1.052,2024-12-15,00Z-ECE,GWUS
2024-12-21,30.362,3.961,,-0.307,-0.992,2024-12-15,00Z-ECE,GWUS
2024-12-22,34.649,7.863,,1.028,1.03,2024-12-15,00Z-ECE,GWUS
2024-12-23,32.578,4.341,,1.988,2.92,2024-12-15,00Z-ECE,GWUS
2024-12-24,27.15,-1.99,,1.535,2.911,2024-12-15,00Z-ECE,GWUS
2024-12-25,23.599,-5.095,,0.622,1.998,2024-12-15,00Z-ECE,GWUS
2024-12-26,21.496,-6.324,,0.017,0.852,2024-12-15,00Z-ECE,GWUS
2024-12-27,20.678,-6.348,,-0.232,-0.201,2024-12-15,00Z-ECE,GWUS
2024-12-28,20.034,-7.008,,-0.892,,2024-12-15,00Z-ECE,GWUS
2024-12-16,16.718,-9.632,-0.171,-0.094,-0.082,2024-12-16,00Z-ECE,GWUS
2024-12-17,16.919,-10.123,-0.257,-0.29,-0.463,2024-12-16,00Z-ECE,GWUS
2024-12-18,20.511,-6.794,-0.181,-0.127,-0.878,2024-12-16,00Z-ECE,GWUS
2024-12-19,23.218,-3.926,-0.34,-0.861,-0.861,2024-12-16,00Z-ECE,GWUS
2024-12-20,27.166,0.678,0.583,0.32,1.495,2024-12-16,00Z-ECE,GWUS
2024-12-21,32.24,5.839,,-0.036,1.878,2024-12-16,00Z-ECE,GWUS
2024-12-22,33.419,6.632,,-2.013,-1.231,2024-12-16,00Z-ECE,GWUS
2024-12-23,29.55,1.313,,-3.204,-3.028,2024-12-16,00Z-ECE,GWUS
2024-12-24,24.957,-4.184,,-2.973,-2.193,2024-12-16,00Z-ECE,GWUS
2024-12-25,21.817,-6.878,,-2.619,-1.783,2024-12-16,00Z-ECE,GWUS
2024-12-26,19.537,-8.283,,-2.174,-1.96,2024-12-16,00Z-ECE,GWUS
2024-12-27,18.004,-9.022,,-2.209,-2.674,2024-12-16,00Z-ECE,GWUS
2024-12-28,17.393,-9.648,,-1.834,-2.64,2024-12-16,00Z-ECE,GWUS
2024-12-29,17.687,-9.673,,-1.534,,2024-12-16,00Z-ECE,GWUS
2024-12-17,16.802,-10.24,-0.136,-0.401,-0.117,2024-12-17,00Z-ECE,GWUS
2024-12-18,20.475,-6.829,-0.045,-0.421,-0.035,2024-12-17,00Z-ECE,GWUS
2024-12-19,23.417,-3.727,0.21,-0.246,0.199,2024-12-17,00Z-ECE,GWUS
2024-12-20,26.53,0.042,0.156,-0.538,-0.636,2024-12-17,00Z-ECE,GWUS
2024-12-21,31.134,4.733,0.118,-0.444,-1.106,2024-12-17,00Z-ECE,GWUS
2024-12-22,32.427,5.641,,-0.49,-0.991,2024-12-17,00Z-ECE,GWUS
2024-12-23,29.083,0.845,,-0.322,-0.467,2024-12-17,00Z-ECE,GWUS
2024-12-24,24.352,-4.789,,-0.252,-0.605,2024-12-17,00Z-ECE,GWUS
2024-12-25,21.675,-7.019,,-0.004,-0.141,2024-12-17,00Z-ECE,GWUS
2024-12-26,19.421,-8.399,,0.187,-0.115,2024-12-17,00Z-ECE,GWUS
2024-12-27,17.874,-9.152,,0.507,-0.13,2024-12-17,00Z-ECE,GWUS
2024-12-28,16.943,-10.098,,0.964,-0.45,2024-12-17,00Z-ECE,GWUS
2024-12-29,17.558,-9.802,,1.325,-0.129,2024-12-17,00Z-ECE,GWUS
2024-12-30,19.607,-8.242,,1.744,,2024-12-17,00Z-ECE,GWUS
2024-12-18,20.021,-7.283,-0.35,-0.433,-0.454,2024-12-18,00Z-ECE,GWUS
2024-12-19,23.359,-3.785,-0.17,-0.162,-0.058,2024-12-18,00Z-ECE,GWUS
2024-12-20,26.43,-0.057,-0.503,-0.526,-0.099,2024-12-18,00Z-ECE,GWUS
2024-12-21,31.272,4.871,-0.311,-0.265,0.138,2024-12-18,00Z-ECE,GWUS
2024-12-22,31.652,4.865,-0.344,-0.356,-0.776,2024-12-18,00Z-ECE,GWUS
2024-12-23,27.676,-0.561,,-0.345,-1.407,2024-12-18,00Z-ECE,GWUS
2024-12-24,23.474,-5.667,,-0.008,-0.877,2024-12-18,00Z-ECE,GWUS
2024-12-25,21.007,-7.688,,-0.277,-0.669,2024-12-18,00Z-ECE,GWUS
2024-12-26,19.002,-8.818,,-0.665,-0.42,2024-12-18,00Z-ECE,GWUS
2024-12-27,18.187,-8.84,,-0.729,0.313,2024-12-18,00Z-ECE,GWUS
2024-12-28,17.514,-9.528,,-0.638,0.571,2024-12-18,00Z-ECE,GWUS
2024-12-29,18.308,-9.052,,-0.243,0.75,2024-12-18,00Z-ECE,GWUS
2024-12-30,20.143,-7.705,,0.088,0.537,2024-12-18,00Z-ECE,GWUS
2024-12-31,21.951,-6.647,,0.032,,2024-12-18,00Z-ECE,GWUS
2024-12-19,23.381,-3.763,-0.194,-0.227,0.022,2024-12-19,00Z-ECE,GWUS
2024-12-20,26.917,0.43,0.041,0.192,0.487,2024-12-19,00Z-ECE,GWUS
2024-12-21,32.072,5.671,0.2,0.155,0.8,2024-12-19,00Z-ECE,GWUS
2024-12-22,31.767,4.981,-0.438,-0.674,0.115,2024-12-19,00Z-ECE,GWUS
2024-12-23,26.828,-1.409,-0.965,-1.31,-0.848,2024-12-19,00Z-ECE,GWUS
2024-12-24,22.819,-6.321,,-0.848,-0.655,2024-12-19,00Z-ECE,GWUS
2024-12-25,20.985,-7.71,,-0.568,-0.022,2024-12-19,00Z-ECE,GWUS
2024-12-26,19.347,-8.473,,-0.292,0.346,2024-12-19,00Z-ECE,GWUS
2024-12-27,18.188,-8.838,,-0.222,0.001,2024-12-19,00Z-ECE,GWUS
2024-12-28,17.22,-9.822,,-0.063,-0.294,2024-12-19,00Z-ECE,GWUS
2024-12-29,17.756,-9.604,,0.126,-0.552,2024-12-19,00Z-ECE,GWUS
2024-12-30,19.405,-8.444,,0.168,-0.739,2024-12-19,00Z-ECE,GWUS
2024-12-31,21.675,-6.923,,0.293,-0.276,2024-12-19,00Z-ECE,GWUS
2025-01-01,24.3,-4.382,,0.527,,2024-12-19,00Z-ECE,GWUS
2024-12-20,26.653,0.165,-0.117,-0.28,-0.264,2024-12-20,00Z-ECE,GWUS
2024-12-21,31.98,5.579,-0.127,-0.386,-0.092,2024-12-20,00Z-ECE,GWUS
2024-12-22,31.582,4.795,-0.219,-0.459,-0.186,2024-12-20,00Z-ECE,GWUS
2024-12-23,26.432,-1.806,-0.397,-0.369,-0.397,2024-12-20,00Z-ECE,GWUS
2024-12-24,22.621,-6.519,-0.157,-0.081,-0.198,2024-12-20,00Z-ECE,GWUS
2024-12-25,21.265,-7.429,,0.208,0.28,2024-12-20,00Z-ECE,GWUS
2024-12-26,19.64,-8.18,,0.239,0.293,2024-12-20,00Z-ECE,GWUS
2024-12-27,18.253,-8.773,,0.16,0.065,2024-12-20,00Z-ECE,GWUS
2024-12-28,17.004,-10.037,,-0.013,-0.216,2024-12-20,00Z-ECE,GWUS
2024-12-29,17.456,-9.904,,-0.049,-0.3,2024-12-20,00Z-ECE,GWUS
2024-12-30,18.512,-9.337,,-0.342,-0.893,2024-12-20,00Z-ECE,GWUS
2024-12-31,19.959,-8.64,,-0.894,-1.716,2024-12-20,00Z-ECE,GWUS
2025-01-01,22.888,-5.794,,-1.041,-1.412,2024-12-20,00Z-ECE,GWUS
2025-01-02,25.594,-3.053,,-0.447,,2024-12-20,00Z-ECE,GWUS
2024-12-21,31.831,5.43,-0.331,-0.497,-0.149,2024-12-21,00Z-ECE,GWUS
2024-12-22,31.132,4.346,-0.477,-0.638,-0.45,2024-12-21,00Z-ECE,GWUS
2024-12-23,25.876,-2.361,-0.595,-0.799,-0.556,2024-12-21,00Z-ECE,GWUS
2024-12-24,22.51,-6.631,-0.58,-0.53,-0.112,2024-12-21,00Z-ECE,GWUS
2024-12-25,21.92,-6.775,-0.644,-0.169,0.654,2024-12-21,00Z-ECE,GWUS
2024-12-26,20.113,-7.707,,-0.119,0.473,2024-12-21,00Z-ECE,GWUS
2024-12-27,18.745,-8.282,,0.199,0.492,2024-12-21,00Z-ECE,GWUS
2024-12-28,16.955,-10.087,,0.177,-0.049,2024-12-21,00Z-ECE,GWUS
2024-12-29,16.738,-10.622,,-0.163,-0.718,2024-12-21,00Z-ECE,GWUS
2024-12-30,17.999,-9.85,,-0.597,-0.513,2024-12-21,00Z-ECE,GWUS
2024-12-31,19.9,-8.698,,-0.638,-0.087,2024-12-21,00Z-ECE,GWUS
2025-01-01,23.885,-4.796,,-0.074,0.997,2024-12-21,00Z-ECE,GWUS
2025-01-02,27.552,-1.095,,0.29,1.958,2024-12-21,00Z-ECE,GWUS
2025-01-03,29.517,0.548,,0.348,,2024-12-21,00Z-ECE,GWUS
2024-12-22,30.913,4.126,-0.228,-0.481,-0.219,2024-12-22,00Z-ECE,GWUS
2024-12-23,25.918,-2.319,-0.066,-0.23,0.042,2024-12-22,00Z-ECE,GWUS
2024-12-24,22.61,-6.531,0.08,-0.222,0.1,2024-12-22,00Z-ECE,GWUS
2024-12-25,22.806,-5.888,0.309,0.461,0.86,2024-12-22,00Z-ECE,GWUS
2024-12-26,20.991,-6.829,-0.038,0.387,0.878,2024-12-22,00Z-ECE,GWUS
2024-12-27,19.635,-7.391,,0.703,0.89,2024-12-22,00Z-ECE,GWUS
2024-12-28,17.832,-9.209,,1.066,0.878,2024-12-22,00Z-ECE,GWUS
2024-12-29,17.496,-9.891,,1.037,0.758,2024-12-22,00Z-ECE,GWUS
2024-12-30,18.728,-9.121,,0.844,0.729,2024-12-22,00Z-ECE,GWUS
2024-12-31,20.355,-8.243,,0.351,0.415,2024-12-22,00Z-ECE,GWUS
2025-01-01,23.435,-5.247,,-0.144,-0.451,2024-12-22,00Z-ECE,GWUS
2025-01-02,26.499,-2.148,,-0.88,-1.054,2024-12-22,00Z-ECE,GWUS
2025-01-03,28.432,-0.537,,-1.139,-1.061,2024-12-22,00Z-ECE,GWUS
2025-01-04,29.497,0.122,,-1.709,,2024-12-22,00Z-ECE,GWUS
2024-12-23,25.565,-2.672,-0.266,-0.753,-0.353,2024-12-23,00Z-ECE,GWUS
2024-12-24,22.391,-6.75,-0.243,-0.632,-0.219,2024-12-23,00Z-ECE,GWUS
2024-12-25,23.384,-5.31,-0.11,-0.373,0.572,2024-12-23,00Z-ECE,GWUS
2024-12-26,21.842,-5.978,-0.518,-0.644,0.851,2024-12-23,00Z-ECE,GWUS
2024-12-27,19.927,-7.099,-0.814,-0.966,0.292,2024-12-23,00Z-ECE,GWUS
2024-12-28,17.223,-9.818,,-1.399,-0.609,2024-12-23,00Z-ECE,GWUS
2024-12-29,16.356,-11.004,,-1.408,-1.14,2024-12-23,00Z-ECE,GWUS
2024-12-30,18.087,-9.762,,-0.991,-0.641,2024-12-23,00Z-ECE,GWUS
2024-12-31,21.165,-7.434,,-0.293,0.809,2024-12-23,00Z-ECE,GWUS
2025-01-01,25.229,-3.453,,0.078,1.794,2024-12-23,00Z-ECE,GWUS
2025-01-02,27.887,-0.76,,0.024,1.389,2024-12-23,00Z-ECE,GWUS
2025-01-03,29.178,0.221,,-0.238,0.746,2024-12-23,00Z-ECE,GWUS
2025-01-04,30.579,1.204,,-0.243,1.082,2024-12-23,00Z-ECE,GWUS
2025-01-05,30.938,1.275,,-0.274,,2024-12-23,00Z-ECE,GWUS
2024-12-24,22.57,-6.571,-0.157,-0.123,0.179,2024-12-24,00Z-ECE,GWUS
2024-12-25,23.572,-5.123,-0.035,0.046,0.188,2024-12-24,00Z-ECE,GWUS
2024-12-26,21.639,-6.181,-0.317,-0.37,-0.203,2024-12-24,00Z-ECE,GWUS
2024-12-27,19.713,-7.313,-0.36,-0.311,-0.214,2024-12-24,00Z-ECE,GWUS
2024-12-28,16.534,-10.507,-0.556,-0.676,-0.689,2024-12-24,00Z-ECE,GWUS
2024-12-29,16.242,-11.118,,-0.343,-0.114,2024-12-24,00Z-ECE,GWUS
2024-12-30,18.033,-9.816,,-0.089,-0.054,2024-12-24,00Z-ECE,GWUS
2024-12-31,21.389,-7.209,,0.094,0.225,2024-12-24,00Z-ECE,GWUS
2025-01-01,24.517,-4.165,,-0.59,-0.712,2024-12-24,00Z-ECE,GWUS
2025-01-02,27.212,-1.435,,-1.046,-0.675,2024-12-24,00Z-ECE,GWUS
2025-01-03,28.546,-0.424,,-1.255,-0.633,2024-12-24,00Z-ECE,GWUS
2025-01-04,30.32,0.946,,-0.583,-0.259,2024-12-24,00Z-ECE,GWUS
2025-01-05,30.513,0.859,,-0.768,-0.425,2024-12-24,00Z-ECE,GWUS
2025-01-06,30.23,0.191,,-1.24,,2024-12-24,00Z-ECE,GWUS
2024-12-25,23.522,-5.172,-0.334,-0.216,-0.05,2024-12-25,00Z-ECE,GWUS
2024-12-26,21.832,-5.988,-0.088,0.043,0.193,2024-12-25,00Z-ECE,GWUS
2024-12-27,20.122,-6.905,0.16,0.327,0.409,2024-12-25,00Z-ECE,GWUS
2024-12-28,16.599,-10.442,0.189,0.031,0.064,2024-12-25,00Z-ECE,GWUS
2024-12-29,16.586,-10.773,0.45,0.165,0.344,2024-12-25,00Z-ECE,GWUS
2024-12-30,18.599,-9.25,,0.053,0.566,2024-12-25,00Z-ECE,GWUS
2024-12-31,22.225,-6.374,,-0.008,0.835,2024-12-25,00Z-ECE,GWUS
2025-01-01,25.352,-3.33,,-0.273,0.836,2024-12-25,00Z-ECE,GWUS
2025-01-02,27.398,-1.249,,-0.659,0.186,2024-12-25,00Z-ECE,GWUS
2025-01-03,28.742,-0.227,,-0.96,0.196,2024-12-25,00Z-ECE,GWUS
2025-01-04,30.71,1.335,,-0.942,0.389,2024-12-25,00Z-ECE,GWUS
2025-01-05,30.224,0.569,,-1.286,-0.289,2024-12-25,00Z-ECE,GWUS
2025-01-06,29.0,-1.038,,-1.895,-1.23,2024-12-25,00Z-ECE,GWUS
2025-01-07,30.235,0.719,,-1.943,,2024-12-25,00Z-ECE,GWUS
2024-12-26,21.362,-6.458,-0.198,-0.332,-0.47,2024-12-26,00Z-ECE,GWUS
2024-12-27,19.31,-7.717,-0.397,-0.549,-0.812,2024-12-26,00Z-ECE,GWUS
2024-12-28,15.348,-11.694,-0.542,-0.538,-1.251,2024-12-26,00Z-ECE,GWUS
2024-12-29,15.447,-11.912,-0.347,-0.347,-1.139,2024-12-26,00Z-ECE,GWUS
2024-12-30,18.148,-9.7,0.053,0.033,-0.45,2024-12-26,00Z-ECE,GWUS
2024-12-31,22.007,-6.592,,0.172,-0.218,2024-12-26,00Z-ECE,GWUS
2025-01-01,25.688,-2.994,,0.183,0.336,2024-12-26,00Z-ECE,GWUS
2025-01-02,28.536,-0.111,,0.329,1.138,2024-12-26,00Z-ECE,GWUS
2025-01-03,30.693,1.724,,0.697,1.951,2024-12-26,00Z-ECE,GWUS
2025-01-04,32.697,3.322,,0.837,1.987,2024-12-26,00Z-ECE,GWUS
2025-01-05,30.448,0.793,,-0.069,0.223,2024-12-26,00Z-ECE,GWUS
2025-01-06,27.788,-2.25,,-2.106,-1.212,2024-12-26,00Z-ECE,GWUS
2025-01-07,28.168,-1.349,,-2.674,-2.068,2024-12-26,00Z-ECE,GWUS
2025-01-08,28.3,-0.464,,-3.189,,2024-12-26,00Z-ECE,GWUS
2024-12-27,19.15,-7.877,-0.226,-0.243,-0.159,2024-12-27,00Z-ECE,GWUS
2024-12-28,15.15,-11.891,-0.096,-0.091,-0.197,2024-12-27,00Z-ECE,GWUS
2024-12-29,15.077,-12.283,-0.24,-0.135,-0.37,2024-12-27,00Z-ECE,GWUS
2024-12-30,17.606,-10.242,-0.284,-0.214,-0.542,2024-12-27,00Z-ECE,GWUS
2024-12-31,21.727,-6.872,0.084,-0.198,-0.28,2024-12-27,00Z-ECE,GWUS
2025-01-01,26.349,-2.333,,0.344,0.661,2024-12-27,00Z-ECE,GWUS
2025-01-02,29.772,1.125,,0.557,1.236,2024-12-27,00Z-ECE,GWUS
2025-01-03,31.373,2.408,,0.305,0.68,2024-12-27,00Z-ECE,GWUS
2025-01-04,32.615,3.24,,0.797,-0.082,2024-12-27,00Z-ECE,GWUS
2025-01-05,30.431,0.777,,1.156,-0.016,2024-12-27,00Z-ECE,GWUS
2025-01-06,30.737,0.699,,2.569,2.949,2024-12-27,00Z-ECE,GWUS
2025-01-07,33.069,3.553,,3.622,4.901,2024-12-27,00Z-ECE,GWUS
2025-01-08,35.298,6.534,,4.144,7.063,2024-12-27,00Z-ECE,GWUS
2025-01-09,35.729,7.176,,3.89,,2024-12-27,00Z-ECE,GWUS
2024-12-28,15.275,-11.766,0.064,-0.08,0.125,2024-12-28,00Z-ECE,GWUS
2024-12-29,15.158,-12.202,0.049,-0.001,0.081,2024-12-28,00Z-ECE,GWUS
2024-12-30,17.462,-10.386,0.077,-0.064,-0.144,2024-12-28,00Z-ECE,GWUS
2024-12-31,21.693,-6.906,0.188,-0.061,-0.034,2024-12-28,00Z-ECE,GWUS
2025-01-01,26.436,-2.246,,-0.086,0.087,2024-12-28,00Z-ECE,GWUS
2025-01-02,29.126,0.479,,-0.584,-0.647,2024-12-28,00Z-ECE,GWUS
2025-01-03,30.493,1.524,,-0.13,-0.88,2024-12-28,00Z-ECE,GWUS
2025-01-04,32.767,3.392,,0.693,0.152,2024-12-28,00Z-ECE,GWUS
2025-01-05,31.431,1.776,,1.286,1.0,2024-12-28,00Z-ECE,GWUS
2025-01-06,32.441,2.403,,2.695,1.704,2024-12-28,00Z-ECE,GWUS
2025-01-07,34.542,5.026,,2.144,1.474,2024-12-28,00Z-ECE,GWUS
2025-01-08,36.527,7.764,,1.165,1.237,2024-12-28,00Z-ECE,GWUS
2025-01-09,37.969,9.415,,1.426,2.24,2024-12-28,00Z-ECE,GWUS
2025-01-10,37.752,10.138,,1.76,,2024-12-28,00Z-ECE,GWUS
2024-12-29,15.112,-12.248,-0.197,-0.089,-0.046,2024-12-29,00Z-ECE,GWUS
2024-12-30,17.473,-10.376,0.029,0.109,0.01,2024-12-29,00Z-ECE,GWUS
2024-12-31,21.65,-6.949,-0.004,-0.073,-0.043,2024-12-29,00Z-ECE,GWUS
2025-01-01,26.431,-2.251,0.089,-0.145,-0.005,2024-12-29,00Z-ECE,GWUS
2025-01-02,28.618,-0.029,-0.023,-0.2,-0.507,2024-12-29,00Z-ECE,GWUS
2025-01-03,29.527,0.558,,-0.293,-0.966,2024-12-29,00Z-ECE,GWUS
2025-01-04,32.3,2.925,,0.126,-0.467,2024-12-29,00Z-ECE,GWUS
2025-01-05,30.954,1.3,,0.286,-0.477,2024-12-29,00Z-ECE,GWUS
2025-01-06,32.03,1.991,,-0.065,-0.412,2024-12-29,00Z-ECE,GWUS
2025-01-07,34.85,5.334,,0.353,0.307,2024-12-29,00Z-ECE,GWUS
2025-01-08,37.363,8.6,,-0.084,0.836,2024-12-29,00Z-ECE,GWUS
2025-01-09,39.608,11.055,,0.334,1.639,2024-12-29,00Z-ECE,GWUS
2025-01-10,40.357,12.743,,0.925,2.605,2024-12-29,00Z-ECE,GWUS
2025-01-11,38.995,12.027,,1.181,,2024-12-29,00Z-ECE,GWUS
2024-12-30,17.555,-10.294,0.092,-0.046,0.082,2024-12-30,00Z-ECE,GWUS
2024-12-31,22.063,-6.536,0.031,0.131,0.413,2024-12-30,00Z-ECE,GWUS
2025-01-01,26.884,-1.798,-0.095,0.07,0.453,2024-12-30,00Z-ECE,GWUS
2025-01-02,28.425,-0.222,-0.15,-0.022,-0.194,2024-12-30,00Z-ECE,GWUS
2025-01-03,29.209,0.24,-0.752,-0.654,-0.318,2024-12-30,00Z-ECE,GWUS
2025-01-04,31.945,2.57,,-0.833,-0.355,2024-12-30,00Z-ECE,GWUS
2025-01-05,31.704,2.049,,-0.08,0.749,2024-12-30,00Z-ECE,GWUS
2025-01-06,33.936,3.898,,-0.385,1.907,2024-12-30,00Z-ECE,GWUS
2025-01-07,36.62,7.104,,-0.164,1.77,2024-12-30,00Z-ECE,GWUS
2025-01-08,38.264,9.501,,0.417,0.901,2024-12-30,00Z-ECE,GWUS
2025-01-09,39.485,10.932,,1.09,-0.122,2024-12-30,00Z-ECE,GWUS
2025-01-10,40.994,13.38,,2.857,0.637,2024-12-30,00Z-ECE,GWUS
2025-01-11,41.573,14.604,,4.19,2.577,2024-12-30,00Z-ECE,GWUS
2025-01-12,39.604,11.247,,3.622,,2024-12-30,00Z-ECE,GWUS
2024-12-31,21.429,-7.17,-0.185,-0.491,-0.635,2024-12-31,00Z-ECE,GWUS
2025-01-01,26.041,-2.641,-0.322,-0.577,-0.843,2024-12-31,00Z-ECE,GWUS
2025-01-02,27.28,-1.367,-0.306,-0.652,-1.145,2024-12-31,00Z-ECE,GWUS
2025-01-03,28.868,-0.101,0.201,-0.025,-0.342,2024-12-31,00Z-ECE,GWUS
2025-01-04,31.083,1.708,0.067,-0.071,-0.862,2024-12-31,00Z-ECE,GWUS
2025-01-05,30.174,0.52,,-0.781,-1.529,2024-12-31,00Z-ECE,GWUS
2025-01-06,33.117,3.078,,-1.622,-0.819,2024-12-31,00Z-ECE,GWUS
2025-01-07,36.012,6.495,,-1.275,-0.608,2024-12-31,00Z-ECE,GWUS
2025-01-08,37.209,8.446,,-1.064,-1.055,2024-12-31,00Z-ECE,GWUS
2025-01-09,37.281,8.728,,-1.631,-2.204,2024-12-31,00Z-ECE,GWUS
2025-01-10,37.965,10.351,,-1.678,-3.029,2024-12-31,00Z-ECE,GWUS
2025-01-11,38.26,11.292,,-0.991,-3.313,2024-12-31,00Z-ECE,GWUS
2025-01-12,37.038,8.68,,-0.026,-2.429,2024-12-31,00Z-ECE,GWUS
2025-01-13,35.5,5.912,,0.389,,2024-12-31,00Z-ECE,GWUS
2025-01-01,26.162,-2.52,0.153,0.044,0.121,2025-01-01,00Z-ECE,GWUS
2025-01-02,27.39,-1.257,0.241,0.168,0.11,2025-01-01,00Z-ECE,GWUS
2025-01-03,28.542,-0.427,0.056,-0.287,-0.326,2025-01-01,00Z-ECE,GWUS
2025-01-04,31.532,2.158,-0.066,-0.01,0.45,2025-01-01,00Z-ECE,GWUS
2025-01-05,30.728,1.074,0.53,0.835,0.554,2025-01-01,00Z-ECE,GWUS
2025-01-06,34.309,4.271,,1.68,1.193,2025-01-01,00Z-ECE,GWUS
2025-01-07,37.954,8.438,,1.49,1.942,2025-01-01,00Z-ECE,GWUS
2025-01-08,39.123,10.36,,1.504,1.914,2025-01-01,00Z-ECE,GWUS
2025-01-09,38.64,10.087,,0.596,1.359,2025-01-01,00Z-ECE,GWUS
2025-01-10,37.543,9.929,,-0.246,-0.422,2025-01-01,00Z-ECE,GWUS
2025-01-11,36.669,9.7,,0.737,-1.591,2025-01-01,00Z-ECE,GWUS
2025-01-12,34.519,6.162,,1.403,-2.663,2025-01-01,00Z-ECE,GWUS
2025-01-13,33.06,3.472,,1.466,-2.44,2025-01-01,00Z-ECE,GWUS
2025-01-14,33.016,2.921,,1.796,,2025-01-01,00Z-ECE,GWUS
2025-01-02,26.636,-2.011,-0.464,-0.525,-0.754,2025-01-02,00Z-ECE,GWUS
2025-01-03,28.031,-0.938,-0.548,-0.595,-0.511,2025-01-02,00Z-ECE,GWUS
2025-01-04,31.019,1.644,-0.378,-0.796,-0.513,2025-01-02,00Z-ECE,GWUS
2025-01-05,31.159,1.504,0.032,0.167,0.431,2025-01-02,00Z-ECE,GWUS
2025-01-06,35.348,5.31,-0.265,0.655,1.039,2025-01-02,00Z-ECE,GWUS
2025-01-07,37.624,8.108,,0.005,-0.33,2025-01-02,00Z-ECE,GWUS
2025-01-08,38.55,9.787,,0.027,-0.573,2025-01-02,00Z-ECE,GWUS
2025-01-09,38.379,9.826,,0.945,-0.261,2025-01-02,00Z-ECE,GWUS
2025-01-10,37.828,10.214,,0.763,0.284,2025-01-02,00Z-ECE,GWUS
2025-01-11,38.148,11.179,,0.978,1.479,2025-01-02,00Z-ECE,GWUS
2025-01-12,35.205,6.848,,0.443,0.765,2025-01-02,00Z-ECE,GWUS
2025-01-13,33.513,3.925,,-0.393,0.453,2025-01-02,00Z-ECE,GWUS
2025-01-14,34.639,4.544,,-0.527,1.545,2025-01-02,00Z-ECE,GWUS
2025-01-15,35.763,5.501,,-0.632,,2025-01-02,00Z-ECE,GWUS
2025-01-03,28.039,-0.93,-0.193,-0.386,0.008,2025-01-03,00Z-ECE,GWUS
2025-01-04,31.407,2.032,0.199,-0.121,0.388,2025-01-03,00Z-ECE,GWUS
2025-01-05,31.503,1.849,0.188,0.457,0.344,2025-01-03,00Z-ECE,GWUS
2025-01-06,35.199,5.16,0.186,0.54,-0.149,2025-01-03,00Z-ECE,GWUS
2025-01-07,37.644,8.128,-0.249,-0.01,0.02,2025-01-03,00Z-ECE,GWUS
2025-01-08,39.416,10.653,,-0.224,0.871,2025-01-03,00Z-ECE,GWUS
2025-01-09,38.421,9.868,,-1.192,0.042,2025-01-03,00Z-ECE,GWUS
2025-01-10,35.171,7.557,,-2.311,-2.657,2025-01-03,00Z-ECE,GWUS
2025-01-11,33.36,6.392,,-2.693,-4.787,2025-01-03,00Z-ECE,GWUS
2025-01-12,31.334,2.977,,-2.015,-3.871,2025-01-03,00Z-ECE,GWUS
2025-01-13,30.36,0.772,,-1.567,-3.153,2025-01-03,00Z-ECE,GWUS
2025-01-14,31.621,1.527,,-1.915,-3.018,2025-01-03,00Z-ECE,GWUS
2025-01-15,32.664,2.403,,-1.357,-3.098,2025-01-03,00Z-ECE,GWUS
2025-01-16,32.919,2.628,,-0.086,,2025-01-03,00Z-ECE,GWUS
2025-01-04,30.92,1.546,-0.063,-0.37,-0.487,2025-01-04,00Z-ECE,GWUS
2025-01-05,31.496,1.841,0.086,-0.176,-0.007,2025-01-04,00Z-ECE,GWUS
2025-01-06,34.82,4.782,-0.077,-0.291,-0.379,2025-01-04,00Z-ECE,GWUS
2025-01-07,37.38,7.864,-0.042,-0.177,-0.264,2025-01-04,00Z-ECE,GWUS
2025-01-08,39.213,10.449,-0.133,-0.125,-0.211,2025-01-04,00Z-ECE,GWUS
2025-01-09,38.467,9.914,,0.307,0.046,2025-01-04,00Z-ECE,GWUS
2025-01-10,34.851,7.237,,0.46,-0.32,2025-01-04,00Z-ECE,GWUS
2025-01-11,33.762,6.794,,1.019,0.402,2025-01-04,00Z-ECE,GWUS
2025-01-12,32.814,4.456,,1.986,1.48,2025-01-04,00Z-ECE,GWUS
2025-01-13,32.076,2.488,,1.587,1.716,2025-01-04,00Z-ECE,GWUS
2025-01-14,32.9,2.805,,0.707,1.279,2025-01-04,00Z-ECE,GWUS
2025-01-15,32.922,2.661,,-0.091,0.258,2025-01-04,00Z-ECE,GWUS
2025-01-16,32.064,1.773,,-0.138,-0.855,2025-01-04,00Z-ECE,GWUS
2025-01-17,31.566,1.005,,0.941,,2025-01-04,00Z-ECE,GWUS
2025-01-05,31.602,1.947,0.027,-0.151,0.106,2025-01-05,00Z-ECE,GWUS
2025-01-06,35.319,5.281,0.222,0.363,0.499,2025-01-05,00Z-ECE,GWUS
2025-01-07,38.067,8.55,-0.002,0.371,0.687,2025-01-05,00Z-ECE,GWUS
2025-01-08,39.759,10.996,-0.036,0.195,0.547,2025-01-05,00Z-ECE,GWUS
2025-01-09,38.939,10.386,-0.098,0.122,0.472,2025-01-05,00Z-ECE,GWUS
2025-01-10,35.263,7.649,,0.069,0.412,2025-01-05,00Z-ECE,GWUS
2025-01-11,33.869,6.901,,0.461,0.106,2025-01-05,00Z-ECE,GWUS
2025-01-12,33.678,5.321,,0.504,0.864,2025-01-05,00Z-ECE,GWUS
2025-01-13,33.058,3.47,,0.1,0.981,2025-01-05,00Z-ECE,GWUS
2025-01-14,33.008,2.914,,-0.554,0.109,2025-01-05,00Z-ECE,GWUS
2025-01-15,32.843,2.582,,-0.296,-0.079,2025-01-05,00Z-ECE,GWUS
2025-01-16,32.372,2.082,,0.512,0.309,2025-01-05,00Z-ECE,GWUS
2025-01-17,31.792,1.23,,-0.02,0.226,2025-01-05,00Z-ECE,GWUS
2025-01-18,31.9,1.36,,-1.263,,2025-01-05,00Z-ECE,GWUS
2025-01-06,35.0,4.961,-0.057,-0.341,-0.319,2025-01-06,00Z-ECE,GWUS
2025-01-07,38.06,8.543,0.061,-0.107,-0.007,2025-01-06,00Z-ECE,GWUS
2025-01-08,39.446,10.683,-0.042,-0.333,-0.313,2025-01-06,00Z-ECE,GWUS
2025-01-09,39.26,10.706,0.065,0.009,0.32,2025-01-06,00Z-ECE,GWUS
2025-01-10,35.926,8.312,0.257,0.517,0.664,2025-01-06,00Z-ECE,GWUS
2025-01-11,33.895,6.927,,0.835,0.026,2025-01-06,00Z-ECE,GWUS
2025-01-12,33.272,4.915,,1.115,-0.406,2025-01-06,00Z-ECE,GWUS
2025-01-13,32.973,3.385,,1.491,-0.085,2025-01-06,00Z-ECE,GWUS
2025-01-14,34.558,4.464,,1.885,1.55,2025-01-06,00Z-ECE,GWUS
2025-01-15,35.966,5.705,,2.517,3.123,2025-01-06,00Z-ECE,GWUS
2025-01-16,36.278,5.987,,3.156,3.906,2025-01-06,00Z-ECE,GWUS
2025-01-17,35.911,5.349,,3.027,4.119,2025-01-06,00Z-ECE,GWUS
2025-01-18,35.009,4.47,,1.893,3.109,2025-01-06,00Z-ECE,GWUS
2025-01-19,33.694,3.441,,-0.081,,2025-01-06,00Z-ECE,GWUS
2025-01-07,37.606,8.09,-0.307,-0.595,-0.454,2025-01-07,00Z-ECE,GWUS
2025-01-08,38.831,10.068,-0.032,-0.431,-0.615,2025-01-07,00Z-ECE,GWUS
2025-01-09,38.356,9.803,-0.027,-0.684,-0.903,2025-01-07,00Z-ECE,GWUS
2025-01-10,35.33,7.716,0.276,-0.438,-0.596,2025-01-07,00Z-ECE,GWUS
2025-01-11,33.841,6.873,0.137,0.015,-0.053,2025-01-07,00Z-ECE,GWUS
2025-01-12,33.08,4.723,,-0.024,-0.192,2025-01-07,00Z-ECE,GWUS
2025-01-13,32.753,3.165,,-0.012,-0.24,2025-01-07,00Z-ECE,GWUS
2025-01-14,33.89,3.796,,0.283,-0.668,2025-01-07,00Z-ECE,GWUS
2025-01-15,34.555,4.293,,0.14,-1.412,2025-01-07,00Z-ECE,GWUS
2025-01-16,34.58,4.342,,-0.489,-1.698,2025-01-07,00Z-ECE,GWUS
2025-01-17,33.748,3.187,,-0.828,-2.162,2025-01-07,00Z-ECE,GWUS
2025-01-18,31.48,0.941,,-2.239,-3.528,2025-01-07,00Z-ECE,GWUS
2025-01-19,30.754,0.501,,-3.144,-2.94,2025-01-07,00Z-ECE,GWUS
2025-01-20,32.191,1.775,,-3.485,,2025-01-07,00Z-ECE,GWUS
2025-01-08,38.306,9.542,-0.192,-0.404,-0.525,2025-01-08,00Z-ECE,GWUS
2025-01-09,37.725,9.171,0.038,-0.043,-0.632,2025-01-08,00Z-ECE,GWUS
2025-01-10,34.883,7.269,0.079,0.135,-0.447,2025-01-08,00Z-ECE,GWUS
2025-01-11,33.55,6.582,-0.089,-0.21,-0.292,2025-01-08,00Z-ECE,GWUS
2025-01-12,33.157,4.8,-0.261,-0.651,0.077,2025-01-08,00Z-ECE,GWUS
2025-01-13,33.848,4.26,,-0.101,0.978,2025-01-08,00Z-ECE,GWUS
2025-01-14,36.053,5.959,,0.601,2.163,2025-01-08,00Z-ECE,GWUS
2025-01-15,37.09,6.829,,1.208,2.536,2025-01-08,00Z-ECE,GWUS
2025-01-16,35.879,5.588,,1.24,1.299,2025-01-08,00Z-ECE,GWUS
2025-01-17,33.244,2.683,,0.312,-0.504,2025-01-08,00Z-ECE,GWUS
2025-01-18,31.706,1.167,,0.864,0.226,2025-01-08,00Z-ECE,GWUS
2025-01-19,33.542,3.289,,2.838,2.788,2025-01-08,00Z-ECE,GWUS
2025-01-20,37.37,6.953,,3.967,5.179,2025-01-08,00Z-ECE,GWUS
2025-01-21,38.651,9.015,,3.733,,2025-01-08,00Z-ECE,GWUS
2025-01-09,37.285,8.732,-0.285,-0.696,-0.44,2025-01-09,00Z-ECE,GWUS
2025-01-10,34.883,7.269,-0.126,-0.419,-0.001,2025-01-09,00Z-ECE,GWUS
2025-01-11,33.928,6.96,-0.273,-0.196,0.379,2025-01-09,00Z-ECE,GWUS
2025-01-12,33.031,4.674,-0.236,-0.219,-0.126,2025-01-09,00Z-ECE,GWUS
2025-01-13,33.884,4.296,-0.579,-0.304,0.036,2025-01-09,00Z-ECE,GWUS
2025-01-14,37.03,6.936,,0.032,0.977,2025-01-09,00Z-ECE,GWUS
2025-01-15,37.767,7.506,,0.01,0.677,2025-01-09,00Z-ECE,GWUS
2025-01-16,36.497,6.207,,0.517,0.619,2025-01-09,00Z-ECE,GWUS
2025-01-17,33.188,2.626,,0.912,-0.056,2025-01-09,00Z-ECE,GWUS
2025-01-18,30.603,0.064,,-0.552,-1.103,2025-01-09,00Z-ECE,GWUS
2025-01-19,31.719,1.467,,-2.449,-1.822,2025-01-09,00Z-ECE,GWUS
2025-01-20,35.931,5.514,,-1.3,-1.439,2025-01-09,00Z-ECE,GWUS
2025-01-21,38.465,8.828,,0.913,-0.186,2025-01-09,00Z-ECE,GWUS
2025-01-22,38.213,8.943,,0.833,,2025-01-09,00Z-ECE,GWUS
2025-01-10,34.46,6.846,-0.312,-0.687,-0.423,2025-01-10,00Z-ECE,GWUS
2025-01-11,33.646,6.678,-0.485,-0.773,-0.282,2025-01-10,00Z-ECE,GWUS
2025-01-12,32.899,4.541,-0.606,-0.755,-0.132,2025-01-10,00Z-ECE,GWUS
2025-01-13,34.599,5.011,-0.544,-0.125,0.716,2025-01-10,00Z-ECE,GWUS
2025-01-14,38.55,8.455,-0.33,0.611,1.52,2025-01-10,00Z-ECE,GWUS
2025-01-15,38.061,7.8,,-0.076,0.294,2025-01-10,00Z-ECE,GWUS
2025-01-16,34.72,4.43,,-2.323,-1.777,2025-01-10,00Z-ECE,GWUS
2025-01-17,29.741,-0.82,,-3.786,-3.447,2025-01-10,00Z-ECE,GWUS
2025-01-18,28.897,-1.642,,-1.724,-1.706,2025-01-10,00Z-ECE,GWUS
2025-01-19,32.944,2.691,,-0.277,1.225,2025-01-10,00Z-ECE,GWUS
2025-01-20,36.578,6.162,,-0.306,0.648,2025-01-10,00Z-ECE,GWUS
2025-01-21,38.643,9.007,,1.046,0.179,2025-01-10,00Z-ECE,GWUS
2025-01-22,38.44,9.17,,1.172,0.227,2025-01-10,00Z-ECE,GWUS
2025-01-23,37.253,7.611,,0.384,,2025-01-10,00Z-ECE,GWUS
2025-01-11,33.157,6.189,-0.688,-0.504,-0.49,2025-01-11,00Z-ECE,GWUS
2025-01-12,33.041,4.684,-0.187,-0.074,0.142,2025-01-11,00Z-ECE,GWUS
2025-01-13,36.037,6.449,0.281,0.541,1.438,2025-01-11,00Z-ECE,GWUS
2025-01-14,38.629,8.535,-0.379,-0.144,0.08,2025-01-11,00Z-ECE,GWUS
2025-01-15,37.14,6.878,-1.059,-0.539,-0.922,2025-01-11,00Z-ECE,GWUS
2025-01-16,32.757,2.466,,-1.862,-1.964,2025-01-11,00Z-ECE,GWUS
2025-01-17,27.775,-2.787,,-1.679,-1.966,2025-01-11,00Z-ECE,GWUS
2025-01-18,29.201,-1.338,,0.12,0.304,2025-01-11,00Z-ECE,GWUS
2025-01-19,35.27,5.017,,0.983,2.326,2025-01-11,00Z-ECE,GWUS
2025-01-20,39.243,8.827,,0.611,2.665,2025-01-11,00Z-ECE,GWUS
2025-01-21,40.847,11.211,,0.792,2.204,2025-01-11,00Z-ECE,GWUS
2025-01-22,40.839,11.569,,0.942,2.399,2025-01-11,00Z-ECE,GWUS
2025-01-23,39.316,9.673,,0.685,2.062,2025-01-11,00Z-ECE,GWUS
2025-01-24,36.932,7.172,,-0.127,,2025-01-11,00Z-ECE,GWUS
2025-01-12,32.293,3.936,-0.504,-0.788,-0.748,2025-01-12,00Z-ECE,GWUS
2025-01-13,35.517,5.929,-0.447,-0.742,-0.52,2025-01-12,00Z-ECE,GWUS
2025-01-14,38.117,8.022,-0.168,-0.522,-0.513,2025-01-12,00Z-ECE,GWUS
2025-01-15,36.59,6.328,-0.695,-0.511,-0.55,2025-01-12,00Z-ECE,GWUS
2025-01-16,32.13,1.84,-1.61,-1.261,-0.626,2025-01-12,00Z-ECE,GWUS
2025-01-17,27.648,-2.913,,-0.598,-0.127,2025-01-12,00Z-ECE,GWUS
2025-01-18,29.657,-0.882,,-0.064,0.457,2025-01-12,00Z-ECE,GWUS
2025-01-19,37.437,7.185,,0.914,2.167,2025-01-12,00Z-ECE,GWUS
2025-01-20,43.891,13.474,,3.095,4.647,2025-01-12,00Z-ECE,GWUS
2025-01-21,45.296,15.66,,3.591,4.449,2025-01-12,00Z-ECE,GWUS
2025-01-22,42.365,13.095,,0.765,1.526,2025-01-12,00Z-ECE,GWUS
2025-01-23,38.246,8.603,,-1.376,-1.07,2025-01-12,00Z-ECE,GWUS
2025-01-24,35.475,5.716,,-1.39,-1.457,2025-01-12,00Z-ECE,GWUS
2025-01-25,34.665,5.398,,0.022,,2025-01-12,00Z-ECE,GWUS
2025-01-13,33.98,4.392,-0.677,-1.32,-1.537,2025-01-13,00Z-ECE,GWUS
2025-01-14,37.361,7.266,-0.367,-0.796,-0.756,2025-01-13,00Z-ECE,GWUS
2025-01-15,36.247,5.986,-0.124,-0.042,-0.343,2025-01-13,00Z-ECE,GWUS
2025-01-16,31.399,1.109,-0.357,0.101,-0.731,2025-01-13,00Z-ECE,GWUS
2025-01-17,26.84,-3.722,-0.351,-0.045,-0.809,2025-01-13,00Z-ECE,GWUS
2025-01-18,28.836,-1.703,,-0.587,-0.821,2025-01-13,00Z-ECE,GWUS
2025-01-19,38.276,8.023,,-0.289,0.838,2025-01-13,00Z-ECE,GWUS
2025-01-20,45.361,14.945,,0.235,1.471,2025-01-13,00Z-ECE,GWUS
2025-01-21,46.488,16.852,,0.301,1.192,2025-01-13,00Z-ECE,GWUS
2025-01-22,42.411,13.141,,-0.532,0.046,2025-01-13,00Z-ECE,GWUS
2025-01-23,38.321,8.678,,-1.565,0.074,2025-01-13,00Z-ECE,GWUS
2025-01-24,36.712,6.952,,-0.94,1.237,2025-01-13,00Z-ECE,GWUS
2025-01-25,36.482,7.216,,0.611,1.818,2025-01-13,00Z-ECE,GWUS
2025-01-26,33.971,5.119,,0.275,,2025-01-13,00Z-ECE,GWUS
2025-01-14,36.353,6.259,-0.372,-0.828,-1.007,2025-01-14,00Z-ECE,GWUS
2025-01-15,35.523,5.262,-0.232,-0.725,-0.724,2025-01-14,00Z-ECE,GWUS
2025-01-16,31.061,0.771,-0.179,-0.657,-0.338,2025-01-14,00Z-ECE,GWUS
2025-01-17,27.565,-2.996,0.18,0.161,0.726,2025-01-14,00Z-ECE,GWUS
2025-01-18,29.933,-0.606,0.324,0.349,1.097,2025-01-14,00Z-ECE,GWUS
2025-01-19,39.177,8.924,,-0.035,0.901,2025-01-14,00Z-ECE,GWUS
2025-01-20,46.287,15.87,,-0.09,0.925,2025-01-14,00Z-ECE,GWUS
2025-01-21,46.264,16.627,,-0.063,-0.225,2025-01-14,00Z-ECE,GWUS
2025-01-22,41.077,11.808,,0.309,-1.333,2025-01-14,00Z-ECE,GWUS
2025-01-23,35.603,5.96,,-0.686,-2.718,2025-01-14,00Z-ECE,GWUS
2025-01-24,32.528,2.768,,-2.579,-4.184,2025-01-14,00Z-ECE,GWUS
2025-01-25,29.932,0.665,,-3.779,-6.55,2025-01-14,00Z-ECE,GWUS
2025-01-26,28.806,-0.046,,-2.618,-5.165,2025-01-14,00Z-ECE,GWUS
2025-01-27,30.015,1.298,,-1.27,,2025-01-14,00Z-ECE,GWUS
2025-01-15,35.024,4.762,-0.202,-0.551,-0.499,2025-01-15,00Z-ECE,GWUS
2025-01-16,30.337,0.046,-0.317,-0.641,-0.724,2025-01-15,00Z-ECE,GWUS
2025-01-17,27.783,-2.779,-0.34,-0.367,0.217,2025-01-15,00Z-ECE,GWUS
2025-01-18,30.01,-0.529,0.006,-0.245,0.077,2025-01-15,00Z-ECE,GWUS
2025-01-19,40.03,9.777,0.361,0.21,0.853,2025-01-15,00Z-ECE,GWUS
2025-01-20,47.532,17.116,,-0.296,1.246,2025-01-15,00Z-ECE,GWUS
2025-01-21,48.254,18.617,,-0.298,1.99,2025-01-15,00Z-ECE,GWUS
2025-01-22,42.812,13.542,,0.864,1.734,2025-01-15,00Z-ECE,GWUS
2025-01-23,37.021,7.378,,1.713,1.418,2025-01-15,00Z-ECE,GWUS
2025-01-24,33.955,4.195,,1.345,1.427,2025-01-15,00Z-ECE,GWUS
2025-01-25,31.369,2.102,,0.708,1.437,2025-01-15,00Z-ECE,GWUS
2025-01-26,30.909,2.057,,1.947,2.103,2025-01-15,00Z-ECE,GWUS
2025-01-27,32.208,3.492,,2.52,2.193,2025-01-15,00Z-ECE,GWUS
2025-01-28,32.464,3.389,,1.36,,2025-01-15,00Z-ECE,GWUS
2025-01-16,29.675,-0.615,-0.358,-0.612,-0.662,2025-01-16,00Z-ECE,GWUS
2025-01-17,27.433,-3.129,-0.337,-0.319,-0.35,2025-01-16,00Z-ECE,GWUS
2025-01-18,30.595,0.056,-0.252,-0.028,0.585,2025-01-16,00Z-ECE,GWUS
2025-01-19,41.514,11.261,0.084,0.353,1.484,2025-01-16,00Z-ECE,GWUS
2025-01-20,48.576,18.16,0.55,0.168,1.044,2025-01-16,00Z-ECE,GWUS
2025-01-21,49.102,19.466,,0.343,0.848,2025-01-16,00Z-ECE,GWUS
2025-01-22,44.476,15.206,,1.049,1.664,2025-01-16,00Z-ECE,GWUS
2025-01-23,36.528,6.885,,-0.265,-0.493,2025-01-16,00Z-ECE,GWUS
2025-01-24,32.493,2.734,,-0.399,-1.462,2025-01-16,00Z-ECE,GWUS
2025-01-25,32.016,2.749,,1.209,0.647,2025-01-16,00Z-ECE,GWUS
2025-01-26,31.532,2.68,,1.192,0.623,2025-01-16,00Z-ECE,GWUS
2025-01-27,30.937,2.221,,-0.29,-1.271,2025-01-16,00Z-ECE,GWUS
2025-01-28,31.169,2.093,,-0.654,-1.296,2025-01-16,00Z-ECE,GWUS
2025-01-29,32.107,2.396,,0.793,,2025-01-16,00Z-ECE,GWUS
2025-01-17,26.735,-3.827,-0.342,-0.661,-0.698,2025-01-17,00Z-ECE,GWUS
2025-01-18,30.318,-0.221,-0.138,-0.266,-0.277,2025-01-17,00Z-ECE,GWUS
2025-01-19,41.21,10.958,0.027,-0.027,-0.304,2025-01-17,00Z-ECE,GWUS
2025-01-20,48.087,17.67,0.016,-0.38,-0.489,2025-01-17,00Z-ECE,GWUS
2025-01-21,48.234,18.598,-0.387,-0.625,-0.868,2025-01-17,00Z-ECE,GWUS
2025-01-22,42.701,13.431,,-0.208,-1.775,2025-01-17,00Z-ECE,GWUS
2025-01-23,36.102,6.46,,0.197,-0.425,2025-01-17,00Z-ECE,GWUS
2025-01-24,33.313,3.553,,-0.132,0.819,2025-01-17,00Z-ECE,GWUS
2025-01-25,30.792,1.526,,-1.403,-1.223,2025-01-17,00Z-ECE,GWUS
2025-01-26,30.07,1.218,,-1.749,-1.462,2025-01-17,00Z-ECE,GWUS
2025-01-27,31.37,2.653,,-1.858,0.432,2025-01-17,00Z-ECE,GWUS
2025-01-28,33.47,4.394,,-1.752,2.301,2025-01-17,00Z-ECE,GWUS
2025-01-29,34.586,4.876,,-0.551,2.479,2025-01-17,00Z-ECE,GWUS
2025-01-30,32.944,3.688,,-0.97,,2025-01-17,00Z-ECE,GWUS
2025-01-18,29.658,-0.881,-0.25,-0.582,-0.66,2025-01-18,00Z-ECE,GWUS
2025-01-19,40.934,10.681,0.063,-0.29,-0.276,2025-01-18,00Z-ECE,GWUS
2025-01-20,47.64,17.224,0.167,-0.209,-0.447,2025-01-18,00Z-ECE,GWUS
2025-01-21,48.694,19.058,0.859,0.349,0.46,2025-01-18,00Z-ECE,GWUS
2025-01-22,45.617,16.347,2.388,1.922,2.915,2025-01-18,00Z-ECE,GWUS
2025-01-23,39.362,9.72,,2.638,3.26,2025-01-18,00Z-ECE,GWUS
2025-01-24,34.473,4.714,,1.282,1.161,2025-01-18,00Z-ECE,GWUS
2025-01-25,31.014,1.748,,0.609,0.222,2025-01-18,00Z-ECE,GWUS
2025-01-26,29.554,0.702,,0.145,-0.517,2025-01-18,00Z-ECE,GWUS
2025-01-27,29.192,0.476,,0.287,-2.177,2025-01-18,00Z-ECE,GWUS
2025-01-28,28.967,-0.108,,0.068,-4.503,2025-01-18,00Z-ECE,GWUS
2025-01-29,31.265,1.555,,0.489,-3.321,2025-01-18,00Z-ECE,GWUS
2025-01-30,34.382,5.126,,2.178,1.438,2025-01-18,00Z-ECE,GWUS
2025-01-31,33.926,5.696,,1.722,,2025-01-18,00Z-ECE,GWUS
2025-01-19,39.936,9.683,-0.223,-0.683,-0.957,2025-01-19,00Z-ECE,GWUS
2025-01-20,47.413,16.997,-0.131,-0.527,-0.227,2025-01-19,00Z-ECE,GWUS
2025-01-21,48.851,19.215,,-0.585,0.157,2025-01-19,00Z-ECE,GWUS
2025-01-22,44.465,15.196,,-1.214,-1.151,2025-01-19,00Z-ECE,GWUS
2025-01-23,38.263,8.62,,-0.729,-1.099,2025-01-19,00Z-ECE,GWUS
2025-01-24,35.432,5.672,,0.86,0.959,2025-01-19,00Z-ECE,GWUS
2025-01-25,31.392,2.125,,0.148,0.378,2025-01-19,00Z-ECE,GWUS
2025-01-26,29.247,0.395,,-0.508,-0.307,2025-01-19,00Z-ECE,GWUS
2025-01-27,28.765,0.051,,-0.682,-0.428,2025-01-19,00Z-ECE,GWUS
2025-01-28,28.195,-0.881,,-1.452,-0.772,2025-01-19,00Z-ECE,GWUS
2025-01-29,30.512,0.801,,-0.728,-0.753,2025-01-19,00Z-ECE,GWUS
2025-01-30,32.546,3.308,,-0.714,-1.836,2025-01-19,00Z-ECE,GWUS
2025-01-31,31.077,2.846,,-1.024,-2.85,2025-01-19,00Z-ECE,GWUS
2025-02-01,28.243,-0.315,,-0.338,,2025-01-19,00Z-ECE,GWUS
2025-01-20,46.818,16.402,-0.078,-0.276,-0.595,2025-01-20,00Z-ECE,GWUS
2025-01-21,48.357,18.721,-0.066,-0.208,-0.494,2025-01-20,00Z-ECE,GWUS
2025-01-22,43.943,14.674,-0.552,-0.264,-0.522,2025-01-20,00Z-ECE,GWUS
2025-01-23,37.927,8.284,-0.659,-0.226,-0.336,2025-01-20,00Z-ECE,GWUS
2025-01-24,36.122,6.362,0.147,0.533,0.69,2025-01-20,00Z-ECE,GWUS
2025-01-25,32.924,3.657,,1.395,1.5,2025-01-20,00Z-ECE,GWUS
2025-01-26,30.66,1.808,,1.508,1.413,2025-01-20,00Z-ECE,GWUS
2025-01-27,30.916,2.199,,2.57,2.151,2025-01-20,00Z-ECE,GWUS
2025-01-28,30.707,1.632,,3.185,2.512,2025-01-20,00Z-ECE,GWUS
2025-01-29,30.818,1.107,,0.146,0.306,2025-01-20,00Z-ECE,GWUS
2025-01-30,31.998,2.742,,-1.87,-0.548,2025-01-20,00Z-ECE,GWUS
2025-01-31,31.087,2.854,,-1.082,0.01,2025-01-20,00Z-ECE,GWUS
2025-02-01,27.612,-0.916,,-0.432,-0.631,2025-01-20,00Z-ECE,GWUS
2025-02-02,25.847,-2.16,,0.576,,2025-01-20,00Z-ECE,GWUS
2025-01-21,48.083,18.447,-0.174,-0.319,-0.274,2025-01-21,00Z-ECE,GWUS
2025-01-22,43.939,14.669,0.055,0.176,-0.004,2025-01-21,00Z-ECE,GWUS
2025-01-23,39.039,9.397,0.113,0.518,1.113,2025-01-21,00Z-ECE,GWUS
2025-01-24,38.479,8.719,0.283,0.865,2.357,2025-01-21,00Z-ECE,GWUS
2025-01-25,35.398,6.132,0.623,1.219,2.462,2025-01-21,00Z-ECE,GWUS
2025-01-26,31.586,2.734,,1.293,0.926,2025-01-21,00Z-ECE,GWUS
2025-01-27,31.873,3.156,,0.639,0.957,2025-01-21,00Z-ECE,GWUS
2025-01-28,30.42,1.344,,-1.27,-0.287,2025-01-21,00Z-ECE,GWUS
2025-01-29,29.126,-0.584,,-1.01,-1.692,2025-01-21,00Z-ECE,GWUS
2025-01-30,29.712,0.456,,-1.031,-2.286,2025-01-21,00Z-ECE,GWUS
2025-01-31,30.682,2.452,,-0.466,-0.405,2025-01-21,00Z-ECE,GWUS
2025-02-01,27.754,-0.773,,-0.389,0.143,2025-01-21,00Z-ECE,GWUS
2025-02-02,24.185,-3.822,,-0.562,-1.662,2025-01-21,00Z-ECE,GWUS
2025-02-03,24.722,-3.499,,0.137,,2025-01-21,00Z-ECE,GWUS
2025-01-22,43.719,14.449,-0.357,-0.34,-0.221,2025-01-22,00Z-ECE,GWUS
2025-01-23,39.134,9.491,-0.199,-0.173,0.094,2025-01-22,00Z-ECE,GWUS
2025-01-24,38.354,8.594,-0.197,-0.55,-0.125,2025-01-22,00Z-ECE,GWUS
2025-01-25,35.135,5.868,-0.27,-0.19,-0.263,2025-01-22,00Z-ECE,GWUS
2025-01-26,31.854,3.002,0.254,0.387,0.268,2025-01-22,00Z-ECE,GWUS
2025-01-27,30.684,1.968,,-0.893,-1.189,2025-01-22,00Z-ECE,GWUS
2025-01-28,28.852,-0.223,,-0.688,-1.568,2025-01-22,00Z-ECE,GWUS
2025-01-29,28.955,-0.756,,-0.051,-0.171,2025-01-22,00Z-ECE,GWUS
2025-01-30,29.443,0.187,,-1.517,-0.269,2025-01-22,00Z-ECE,GWUS
2025-01-31,30.929,2.699,,0.817,0.247,2025-01-22,00Z-ECE,GWUS
2025-02-01,28.139,-0.389,,2.173,0.384,2025-01-22,00Z-ECE,GWUS
2025-02-02,24.871,-3.135,,0.795,0.687,2025-01-22,00Z-ECE,GWUS
2025-02-03,24.798,-3.423,,-0.105,0.076,2025-01-22,00Z-ECE,GWUS
2025-02-04,26.636,-2.084,,-0.548,,2025-01-22,00Z-ECE,GWUS
2025-01-23,38.305,8.662,-0.382,-0.778,-0.829,2025-01-23,00Z-ECE,GWUS
2025-01-24,37.823,8.063,-0.542,-0.686,-0.531,2025-01-23,00Z-ECE,GWUS
2025-01-25,34.289,5.023,-0.575,-0.641,-0.846,2025-01-23,00Z-ECE,GWUS
2025-01-26,31.113,2.261,-0.116,-0.618,-0.741,2025-01-23,00Z-ECE,GWUS
2025-01-27,29.29,0.574,-0.803,-0.866,-1.394,2025-01-23,00Z-ECE,GWUS
2025-01-28,27.837,-1.238,,-1.847,-1.015,2025-01-23,00Z-ECE,GWUS
2025-01-29,28.278,-1.432,,-2.038,-0.677,2025-01-23,00Z-ECE,GWUS
2025-01-30,29.391,0.135,,-0.73,-0.052,2025-01-23,00Z-ECE,GWUS
2025-01-31,29.826,1.595,,-1.244,-1.103,2025-01-23,00Z-ECE,GWUS
2025-02-01,27.656,-0.871,,-0.286,-0.482,2025-01-23,00Z-ECE,GWUS
2025-02-02,25.623,-2.384,,1.117,0.751,2025-01-23,00Z-ECE,GWUS
2025-02-03,25.975,-2.246,,0.859,1.177,2025-01-23,00Z-ECE,GWUS
2025-02-04,27.737,-0.983,,-0.413,1.101,2025-01-23,00Z-ECE,GWUS
2025-02-05,29.53,1.487,,-0.606,,2025-01-23,00Z-ECE,GWUS
2025-01-24,37.144,7.385,-0.518,-0.796,-0.678,2025-01-24,00Z-ECE,GWUS
2025-01-25,33.6,4.333,-0.383,-0.816,-0.689,2025-01-24,00Z-ECE,GWUS
2025-01-26,31.219,2.367,-0.007,-0.248,0.106,2025-01-24,00Z-ECE,GWUS
2025-01-27,29.396,0.679,-0.19,-0.233,0.105,2025-01-24,00Z-ECE,GWUS
2025-01-28,27.205,-1.87,-0.428,-1.119,-0.632,2025-01-24,00Z-ECE,GWUS
2025-01-29,27.264,-2.446,,-1.492,-1.014,2025-01-24,00Z-ECE,GWUS
2025-01-30,28.506,-0.751,,-0.872,-0.885,2025-01-24,00Z-ECE,GWUS
2025-01-31,29.821,1.591,,-0.96,-0.005,2025-01-24,00Z-ECE,GWUS
2025-02-01,26.598,-1.93,,-0.917,-1.059,2025-01-24,00Z-ECE,GWUS
2025-02-02,23.96,-4.046,,-1.001,-1.663,2025-01-24,00Z-ECE,GWUS
2025-02-03,25.296,-2.925,,-1.095,-0.679,2025-01-24,00Z-ECE,GWUS
2025-02-04,28.199,-0.521,,-0.715,0.462,2025-01-24,00Z-ECE,GWUS
2025-02-05,30.019,1.977,,-0.053,0.489,2025-01-24,00Z-ECE,GWUS
2025-02-06,30.362,2.793,,-0.809,,2025-01-24,00Z-ECE,GWUS
2025-01-25,32.669,3.402,-0.694,-1.264,-0.931,2025-01-25,00Z-ECE,GWUS
2025-01-26,30.249,1.397,-0.845,-1.649,-0.97,2025-01-25,00Z-ECE,GWUS
2025-01-27,29.205,0.489,-0.635,-0.826,-0.191,2025-01-25,00Z-ECE,GWUS
2025-01-28,26.262,-2.813,-0.211,-0.847,-0.943,2025-01-25,00Z-ECE,GWUS
2025-01-29,25.535,-4.176,-0.8,-0.407,-1.73,2025-01-25,00Z-ECE,GWUS
2025-01-30,29.972,0.716,,-0.22,1.466,2025-01-25,00Z-ECE,GWUS
2025-01-31,27.215,-1.016,,-2.844,-2.607,2025-01-25,00Z-ECE,GWUS
2025-02-01,24.979,-3.549,,-2.299,-1.619,2025-01-25,00Z-ECE,GWUS
2025-02-02,23.328,-4.678,,-1.483,-0.632,2025-01-25,00Z-ECE,GWUS
2025-02-03,25.043,-3.178,,-1.356,-0.253,2025-01-25,00Z-ECE,GWUS
2025-02-04,27.984,-0.736,,-1.819,-0.215,2025-01-25,00Z-ECE,GWUS
2025-02-05,29.562,1.52,,-1.36,-0.457,2025-01-25,00Z-ECE,GWUS
2025-02-06,31.3,3.73,,-0.222,0.937,2025-01-25,00Z-ECE,GWUS
2025-02-07,33.682,5.627,,0.145,,2025-01-25,00Z-ECE,GWUS
2025-01-26,29.716,0.864,-0.392,-0.886,-0.532,2025-01-26,00Z-ECE,GWUS
2025-01-27,29.316,0.6,-0.042,-0.392,0.111,2025-01-26,00Z-ECE,GWUS
2025-01-28,27.815,-1.261,0.312,0.571,1.552,2025-01-26,00Z-ECE,GWUS
2025-01-29,25.356,-4.354,-0.317,0.01,-0.178,2025-01-26,00Z-ECE,GWUS
2025-01-30,26.732,-2.525,-1.077,-0.5,-3.24,2025-01-26,00Z-ECE,GWUS
2025-01-31,24.615,-3.616,,-0.139,-2.6,2025-01-26,00Z-ECE,GWUS
2025-02-01,25.541,-2.986,,1.202,0.563,2025-01-26,00Z-ECE,GWUS
2025-02-02,23.452,-4.555,,0.785,0.123,2025-01-26,00Z-ECE,GWUS
2025-02-03,23.466,-4.755,,-0.946,-1.577,2025-01-26,00Z-ECE,GWUS
2025-02-04,27.02,-1.7,,-1.107,-0.964,2025-01-26,00Z-ECE,GWUS
2025-02-05,27.675,-0.367,,-1.72,-1.887,2025-01-26,00Z-ECE,GWUS
2025-02-06,27.762,0.192,,-2.732,-3.529,2025-01-26,00Z-ECE,GWUS
2025-02-07,28.525,0.471,,-2.671,-5.144,2025-01-26,00Z-ECE,GWUS
2025-02-08,30.037,2.002,,-1.29,,2025-01-26,00Z-ECE,GWUS
2025-01-27,28.985,0.268,-0.125,-0.1,-0.332,2025-01-27,00Z-ECE,GWUS
2025-01-28,26.994,-2.064,-0.524,-0.303,-0.82,2025-01-27,00Z-ECE,GWUS
2025-01-29,25.061,-4.65,-0.335,-0.123,-0.296,2025-01-27,00Z-ECE,GWUS
2025-01-30,25.538,-3.718,0.417,0.381,-1.193,2025-01-27,00Z-ECE,GWUS
2025-01-31,22.98,-5.25,0.149,-0.129,-1.634,2025-01-27,00Z-ECE,GWUS
2025-02-01,25.684,-2.844,,-0.144,0.143,2025-01-27,00Z-ECE,GWUS
2025-02-02,23.466,-4.54,,-0.725,0.014,2025-01-27,00Z-ECE,GWUS
2025-02-03,24.012,-4.209,,0.427,0.546,2025-01-27,00Z-ECE,GWUS
2025-02-04,27.5,-1.22,,0.684,0.48,2025-01-27,00Z-ECE,GWUS
2025-02-05,27.324,-0.718,,-0.474,-0.351,2025-01-27,00Z-ECE,GWUS
2025-02-06,25.98,-1.589,,-0.554,-1.36,2025-01-27,00Z-ECE,GWUS
2025-02-07,25.631,-2.423,,-2.204,-2.894,2025-01-27,00Z-ECE,GWUS
2025-02-08,26.703,-1.332,,-3.263,-3.334,2025-01-27,00Z-ECE,GWUS
2025-02-09,27.434,-0.597,,-3.393,,2025-01-27,00Z-ECE,GWUS
2025-01-28,25.949,-3.127,-0.546,-1.02,-1.046,2025-01-28,00Z-ECE,GWUS
2025-01-29,24.141,-5.569,-0.302,-0.765,-0.919,2025-01-28,00Z-ECE,GWUS
2025-01-30,24.573,-4.683,-0.504,-0.316,-0.965,2025-01-28,00Z-ECE,GWUS
2025-01-31,22.768,-5.463,-0.31,-0.139,-0.213,2025-01-28,00Z-ECE,GWUS
2025-02-01,27.194,-1.333,-0.067,0.158,1.51,2025-01-28,00Z-ECE,GWUS
2025-02-02,23.351,-4.656,,0.064,-0.115,2025-01-28,00Z-ECE,GWUS
2025-02-03,23.086,-5.134,,-1.284,-0.926,2025-01-28,00Z-ECE,GWUS
2025-02-04,28.459,-0.26,,-0.853,0.96,2025-01-28,00Z-ECE,GWUS
2025-02-05,29.033,0.991,,0.832,1.781,2025-01-28,00Z-ECE,GWUS
2025-02-06,26.437,-1.132,,0.404,0.457,2025-01-28,00Z-ECE,GWUS
2025-02-07,24.265,-3.789,,-1.38,-1.366,2025-01-28,00Z-ECE,GWUS
2025-02-08,25.21,-2.825,,-1.62,-1.493,2025-01-28,00Z-ECE,GWUS
2025-02-09,27.33,-0.702,,-0.632,-0.161,2025-01-28,00Z-ECE,GWUS
2025-02-10,27.185,-1.372,,-1.744,,2025-01-28,00Z-ECE,GWUS
2025-01-29,23.569,-6.141,-0.322,-0.472,-0.572,2025-01-29,00Z-ECE,GWUS
2025-01-30,23.89,-5.367,-0.087,-0.479,-0.684,2025-01-29,00Z-ECE,GWUS
2025-01-31,21.905,-6.326,-0.093,-0.509,-0.863,2025-01-29,00Z-ECE,GWUS
2025-02-01,25.762,-2.766,-0.099,-0.656,-1.432,2025-01-29,00Z-ECE,GWUS
2025-02-02,22.573,-5.433,-0.31,-0.765,-0.777,2025-01-29,00Z-ECE,GWUS
2025-02-03,20.151,-8.069,,-0.455,-2.935,2025-01-29,00Z-ECE,GWUS
2025-02-04,24.317,-4.403,,-0.488,-4.142,2025-01-29,00Z-ECE,GWUS
2025-02-05,24.108,-3.934,,-1.601,-4.929,2025-01-29,00Z-ECE,GWUS
2025-02-06,22.154,-5.416,,-1.387,-4.284,2025-01-29,00Z-ECE,GWUS
2025-02-07,24.097,-3.957,,0.604,-0.168,2025-01-29,00Z-ECE,GWUS
2025-02-08,26.265,-1.771,,0.022,1.055,2025-01-29,00Z-ECE,GWUS
2025-02-09,26.464,-1.567,,-1.589,-0.866,2025-01-29,00Z-ECE,GWUS
2025-02-10,26.803,-1.754,,-1.435,-0.382,2025-01-29,00Z-ECE,GWUS
2025-02-11,27.155,-1.783,,-0.694,,2025-01-29,00Z-ECE,GWUS
2025-01-30,23.64,-5.616,-0.37,-0.27,-0.249,2025-01-30,00Z-ECE,GWUS
2025-01-31,21.857,-6.373,-0.253,0.119,-0.048,2025-01-30,00Z-ECE,GWUS
2025-02-01,25.29,-3.237,-0.021,0.313,-0.472,2025-01-30,00Z-ECE,GWUS
2025-02-02,21.875,-6.131,-0.01,0.151,-0.698,2025-01-30,00Z-ECE,GWUS
2025-02-03,19.119,-9.102,-0.494,-0.656,-1.032,2025-01-30,00Z-ECE,GWUS
2025-02-04,21.646,-7.074,,-1.32,-2.671,2025-01-30,00Z-ECE,GWUS
2025-02-05,20.566,-7.476,,-2.171,-3.542,2025-01-30,00Z-ECE,GWUS
2025-02-06,19.826,-7.743,,-2.981,-2.327,2025-01-30,00Z-ECE,GWUS
2025-02-07,24.648,-3.406,,-0.066,0.551,2025-01-30,00Z-ECE,GWUS
2025-02-08,27.82,-0.215,,1.187,1.555,2025-01-30,00Z-ECE,GWUS
2025-02-09,28.911,0.88,,1.475,2.447,2025-01-30,00Z-ECE,GWUS
2025-02-10,30.439,1.883,,1.136,3.636,2025-01-30,00Z-ECE,GWUS
2025-02-11,29.892,0.953,,-0.499,2.737,2025-01-30,00Z-ECE,GWUS
2025-02-12,27.95,-0.664,,-2.132,,2025-01-30,00Z-ECE,GWUS
2025-01-31,21.261,-6.97,-0.276,-0.583,-0.596,2025-01-31,00Z-ECE,GWUS
2025-02-01,25.564,-2.964,0.049,-0.089,0.274,2025-01-31,00Z-ECE,GWUS
2025-02-02,22.694,-5.312,,0.36,0.819,2025-01-31,00Z-ECE,GWUS
2025-02-03,19.002,-9.219,,0.028,-0.117,2025-01-31,00Z-ECE,GWUS
2025-02-04,21.09,-7.63,,0.204,-0.556,2025-01-31,00Z-ECE,GWUS
2025-02-05,20.48,-7.562,,0.977,-0.086,2025-01-31,00Z-ECE,GWUS
2025-02-06,19.83,-7.74,,0.647,0.003,2025-01-31,00Z-ECE,GWUS
2025-02-07,23.783,-4.272,,-0.609,-0.865,2025-01-31,00Z-ECE,GWUS
2025-02-08,26.871,-1.164,,-2.12,-0.949,2025-01-31,00Z-ECE,GWUS
2025-02-09,27.564,-0.467,,-3.025,-1.347,2025-01-31,00Z-ECE,GWUS
2025-02-10,28.892,0.335,,-2.048,-1.548,2025-01-31,00Z-ECE,GWUS
2025-02-11,29.873,0.934,,-0.431,-0.019,2025-01-31,00Z-ECE,GWUS
2025-02-12,28.62,0.006,,-0.345,0.669,2025-01-31,00Z-ECE,GWUS
2025-02-13,26.108,-1.037,,-1.486,,2025-01-31,00Z-ECE,GWUS
2025-02-01,25.356,-3.171,-0.249,-0.338,-0.207,2025-02-01,00Z-ECE,GWUS
2025-02-02,22.944,-5.063,-0.021,0.153,0.249,2025-02-01,00Z-ECE,GWUS
2025-02-03,18.467,-9.754,-0.086,-0.247,-0.535,2025-02-01,00Z-ECE,GWUS
2025-02-04,21.512,-7.207,0.239,0.22,0.422,2025-02-01,00Z-ECE,GWUS
2025-02-05,22.498,-5.544,1.275,1.286,2.018,2025-02-01,00Z-ECE,GWUS
2025-02-06,20.651,-6.918,,-0.197,0.822,2025-02-01,00Z-ECE,GWUS
2025-02-07,23.437,-4.618,,-0.938,-0.346,2025-02-01,00Z-ECE,GWUS
2025-02-08,24.879,-3.157,,-0.042,-1.993,2025-02-01,00Z-ECE,GWUS
2025-02-09,26.347,-1.685,,0.224,-1.218,2025-02-01,00Z-ECE,GWUS
2025-02-10,29.482,0.925,,0.809,0.59,2025-02-01,00Z-ECE,GWUS
2025-02-11,31.792,2.853,,2.242,1.919,2025-02-01,00Z-ECE,GWUS
2025-02-12,32.557,3.942,,4.397,3.937,2025-02-01,00Z-ECE,GWUS
2025-02-13,31.048,3.904,,3.9,4.941,2025-02-01,00Z-ECE,GWUS
2025-02-14,29.942,3.15,,3.126,,2025-02-01,00Z-ECE,GWUS
2025-02-02,22.538,-5.468,-0.375,-0.581,-0.405,2025-02-02,00Z-ECE,GWUS
2025-02-03,18.108,-10.113,-0.303,-0.478,-0.359,2025-02-02,00Z-ECE,GWUS
2025-02-04,22.251,-6.469,0.142,-0.155,0.739,2025-02-02,00Z-ECE,GWUS
2025-02-05,22.83,-5.213,0.248,-0.034,0.331,2025-02-02,00Z-ECE,GWUS
2025-02-06,20.344,-7.225,0.166,-0.185,-0.307,2025-02-02,00Z-ECE,GWUS
2025-02-07,23.481,-4.573,,0.303,0.044,2025-02-02,00Z-ECE,GWUS
2025-02-08,23.81,-4.226,,0.101,-1.069,2025-02-02,00Z-ECE,GWUS
2025-02-09,25.727,-2.304,,-0.318,-0.619,2025-02-02,00Z-ECE,GWUS
2025-02-10,30.35,1.794,,0.762,0.868,2025-02-02,00Z-ECE,GWUS
2025-02-11,32.926,3.987,,1.675,1.134,2025-02-02,00Z-ECE,GWUS
2025-02-12,33.714,5.1,,2.178,1.158,2025-02-02,00Z-ECE,GWUS
2025-02-13,33.646,6.502,,2.598,2.598,2025-02-02,00Z-ECE,GWUS
2025-02-14,33.055,6.263,,3.153,3.112,2025-02-02,00Z-ECE,GWUS
2025-02-15,33.611,6.504,,4.699,,2025-02-02,00Z-ECE,GWUS
2025-02-03,18.408,-9.813,-0.036,0.353,0.3,2025-02-03,00Z-ECE,GWUS
2025-02-04,22.667,-6.053,0.085,0.378,0.416,2025-02-03,00Z-ECE,GWUS
2025-02-05,23.619,-4.423,0.354,0.886,0.79,2025-02-03,00Z-ECE,GWUS
2025-02-06,19.749,-7.82,-0.454,-0.287,-0.595,2025-02-03,00Z-ECE,GWUS
2025-02-07,22.211,-5.843,-1.339,-1.446,-1.27,2025-02-03,00Z-ECE,GWUS
2025-02-08,22.973,-5.063,,-0.583,-0.837,2025-02-03,00Z-ECE,GWUS
2025-02-09,26.204,-1.828,,1.4,0.477,2025-02-03,00Z-ECE,GWUS
2025-02-10,30.26,1.703,,0.571,-0.091,2025-02-03,00Z-ECE,GWUS
2025-02-11,32.684,3.746,,-0.112,-0.241,2025-02-03,00Z-ECE,GWUS
2025-02-12,34.255,5.641,,1.115,0.541,2025-02-03,00Z-ECE,GWUS
2025-02-13,32.65,5.505,,0.688,-0.996,2025-02-03,00Z-ECE,GWUS
2025-02-14,31.282,4.49,,0.522,-1.773,2025-02-03,00Z-ECE,GWUS
2025-02-15,29.839,2.733,,-0.929,-3.771,2025-02-03,00Z-ECE,GWUS
2025-02-16,30.489,3.989,,-1.967,,2025-02-03,00Z-ECE,GWUS
2025-02-04,22.719,-6.0,-0.193,-0.072,0.053,2025-02-04,00Z-ECE,GWUS
2025-02-05,24.237,-3.805,-0.138,0.014,0.618,2025-02-04,00Z-ECE,GWUS
2025-02-06,20.459,-7.11,-0.134,0.066,0.71,2025-02-04,00Z-ECE,GWUS
2025-02-07,22.801,-5.253,-0.201,0.394,0.59,2025-02-04,00Z-ECE,GWUS
2025-02-08,23.905,-4.131,-0.055,0.616,0.932,2025-02-04,00Z-ECE,GWUS
2025-02-09,27.206,-0.826,,1.067,1.002,2025-02-04,00Z-ECE,GWUS
2025-02-10,31.858,3.302,,0.601,1.599,2025-02-04,00Z-ECE,GWUS
2025-02-11,32.945,4.006,,0.378,0.261,2025-02-04,00Z-ECE,GWUS
2025-02-12,32.37,3.756,,0.44,-1.885,2025-02-04,00Z-ECE,GWUS
2025-02-13,30.427,3.282,,-0.161,-2.223,2025-02-04,00Z-ECE,GWUS
2025-02-14,26.829,0.037,,-1.054,-4.453,2025-02-04,00Z-ECE,GWUS
2025-02-15,24.339,-2.768,,-2.247,-5.5,2025-02-04,00Z-ECE,GWUS
2025-02-16,26.37,-0.13,,-4.172,-4.119,2025-02-04,00Z-ECE,GWUS
2025-02-17,28.451,2.59,,-4.041,,2025-02-04,00Z-ECE,GWUS
2025-02-05,24.709,-3.333,-0.026,0.236,0.472,2025-02-05,00Z-ECE,GWUS
2025-02-06,20.654,-6.916,-0.121,-0.105,0.195,2025-02-05,00Z-ECE,GWUS
2025-02-07,23.036,-5.019,-0.101,-0.317,0.234,2025-02-05,00Z-ECE,GWUS
2025-02-08,23.449,-4.587,-0.178,-0.375,-0.456,2025-02-05,00Z-ECE,GWUS
2025-02-09,25.805,-2.226,0.151,-0.15,-1.4,2025-02-05,00Z-ECE,GWUS
2025-02-10,28.681,0.124,,-1.229,-3.178,2025-02-05,00Z-ECE,GWUS
2025-02-11,30.713,1.774,,-1.168,-2.232,2025-02-05,00Z-ECE,GWUS
2025-02-12,33.094,4.48,,1.0,0.724,2025-02-05,00Z-ECE,GWUS
2025-02-13,32.219,5.074,,2.399,1.792,2025-02-05,00Z-ECE,GWUS
2025-02-14,28.594,1.802,,2.731,1.765,2025-02-05,00Z-ECE,GWUS
2025-02-15,25.632,-1.474,,1.571,1.293,2025-02-05,00Z-ECE,GWUS
2025-02-16,26.996,0.496,,0.919,0.626,2025-02-05,00Z-ECE,GWUS
2025-02-17,28.751,2.89,,0.492,0.3,2025-02-05,00Z-ECE,GWUS
2025-02-18,27.793,2.798,,-0.23,,2025-02-05,00Z-ECE,GWUS
2025-02-06,21.086,-6.483,0.134,0.518,0.432,2025-02-06,00Z-ECE,GWUS
2025-02-07,23.493,-4.561,0.184,0.373,0.457,2025-02-06,00Z-ECE,GWUS
2025-02-08,24.09,-3.946,-0.091,-0.286,0.641,2025-02-06,00Z-ECE,GWUS
2025-02-09,26.529,-1.503,0.049,-0.117,0.723,2025-02-06,00Z-ECE,GWUS
2025-02-10,28.663,0.106,-0.112,-0.195,-0.018,2025-02-06,00Z-ECE,GWUS
2025-02-11,31.44,2.501,,0.15,0.727,2025-02-06,00Z-ECE,GWUS
2025-02-12,34.138,5.524,,-0.571,1.044,2025-02-06,00Z-ECE,GWUS
2025-02-13,33.806,6.661,,-1.141,1.587,2025-02-06,00Z-ECE,GWUS
2025-02-14,31.248,4.456,,-1.569,2.655,2025-02-06,00Z-ECE,GWUS
2025-02-15,27.711,0.605,,-2.847,2.079,2025-02-06,00Z-ECE,GWUS
2025-02-16,29.561,3.061,,-2.056,2.565,2025-02-06,00Z-ECE,GWUS
2025-02-17,33.236,7.375,,1.72,4.485,2025-02-06,00Z-ECE,GWUS
2025-02-18,32.482,7.487,,2.916,5.031,2025-02-06,00Z-ECE,GWUS
2025-02-19,30.406,6.793,,1.015,,2025-02-06,00Z-ECE,GWUS
2025-02-07,23.914,-4.14,0.017,0.09,0.421,2025-02-07,00Z-ECE,GWUS
2025-02-08,24.462,-3.574,0.019,0.095,0.372,2025-02-07,00Z-ECE,GWUS
2025-02-09,26.435,-1.597,0.026,0.035,-0.094,2025-02-07,00Z-ECE,GWUS
2025-02-10,28.878,0.321,-0.03,0.068,0.215,2025-02-07,00Z-ECE,GWUS
2025-02-11,30.939,2.001,-0.674,0.125,-0.5,2025-02-07,00Z-ECE,GWUS
2025-02-12,33.086,4.472,,0.256,-1.052,2025-02-07,00Z-ECE,GWUS
2025-02-13,35.062,7.917,,0.64,1.256,2025-02-07,00Z-ECE,GWUS
2025-02-14,32.599,5.807,,-0.217,1.351,2025-02-07,00Z-ECE,GWUS
2025-02-15,28.081,0.975,,-1.189,0.37,2025-02-07,00Z-ECE,GWUS
2025-02-16,32.132,5.632,,-0.744,2.571,2025-02-07,00Z-ECE,GWUS
2025-02-17,35.246,9.384,,-0.36,2.01,2025-02-07,00Z-ECE,GWUS
2025-02-18,32.449,7.454,,-0.844,-0.033,2025-02-07,00Z-ECE,GWUS
2025-02-19,30.653,7.039,,-1.395,0.247,2025-02-07,00Z-ECE,GWUS
2025-02-20,30.92,7.604,,-0.984,,2025-02-07,00Z-ECE,GWUS
2025-02-08,24.153,-3.882,-0.347,-0.283,-0.309,2025-02-08,00Z-ECE,GWUS
2025-02-09,26.07,-1.962,-0.189,-0.275,-0.365,2025-02-08,00Z-ECE,GWUS
2025-02-10,28.526,-0.031,-0.335,-0.347,-0.352,2025-02-08,00Z-ECE,GWUS
2025-02-11,30.669,1.731,-0.408,-0.343,-0.27,2025-02-08,00Z-ECE,GWUS
2025-02-12,31.846,3.232,-0.547,-0.92,-1.239,2025-02-08,00Z-ECE,GWUS
2025-02-13,31.939,4.794,,-2.722,-3.123,2025-02-08,00Z-ECE,GWUS
2025-02-14,30.681,3.889,,-2.337,-1.918,2025-02-08,00Z-ECE,GWUS
2025-02-15,28.219,1.112,,-0.903,0.137,2025-02-08,00Z-ECE,GWUS
2025-02-16,33.189,6.689,,-0.279,1.057,2025-02-08,00Z-ECE,GWUS
2025-02-17,36.169,10.307,,0.458,0.923,2025-02-08,00Z-ECE,GWUS
2025-02-18,31.843,6.847,,0.115,-0.512,2025-02-08,00Z-ECE,GWUS
2025-02-19,30.247,6.633,,-0.092,-0.406,2025-02-08,00Z-ECE,GWUS
2025-02-20,31.015,7.698,,1.136,0.095,2025-02-08,00Z-ECE,GWUS
2025-02-21,30.892,7.098,,2.019,,2025-02-08,00Z-ECE,GWUS
2025-02-09,26.284,-1.748,-0.263,-0.195,0.214,2025-02-09,00Z-ECE,GWUS
2025-02-10,28.905,0.348,-0.114,0.038,0.379,2025-02-09,00Z-ECE,GWUS
2025-02-11,30.545,1.606,-0.102,-0.259,-0.125,2025-02-09,00Z-ECE,GWUS
2025-02-12,31.519,2.905,-0.437,-0.49,-0.327,2025-02-09,00Z-ECE,GWUS
2025-02-13,32.631,5.487,-1.106,-0.515,0.692,2025-02-09,00Z-ECE,GWUS
2025-02-14,32.193,5.401,,-2.355,1.512,2025-02-09,00Z-ECE,GWUS
2025-02-15,27.184,0.077,,-1.621,-1.035,2025-02-09,00Z-ECE,GWUS
2025-02-16,31.231,4.731,,1.03,-1.958,2025-02-09,00Z-ECE,GWUS
2025-02-17,35.844,9.983,,1.386,-0.325,2025-02-09,00Z-ECE,GWUS
2025-02-18,32.762,7.767,,0.55,0.821,2025-02-09,00Z-ECE,GWUS
2025-02-19,31.167,7.553,,1.372,0.92,2025-02-09,00Z-ECE,GWUS
2025-02-20,32.407,9.091,,1.498,1.392,2025-02-09,00Z-ECE,GWUS
2025-02-21,32.712,8.919,,1.52,1.82,2025-02-09,00Z-ECE,GWUS
2025-02-22,30.526,6.112,,0.915,,2025-02-09,00Z-ECE,GWUS
2025-02-10,28.997,0.441,-0.053,0.055,0.093,2025-02-10,00Z-ECE,GWUS
2025-02-11,30.444,1.505,-0.006,-0.101,-0.101,2025-02-10,00Z-ECE,GWUS
2025-02-12,30.897,2.283,0.148,-0.422,-0.622,2025-02-10,00Z-ECE,GWUS
2025-02-13,32.03,4.886,0.525,-0.589,-0.601,2025-02-10,00Z-ECE,GWUS
2025-02-14,32.616,5.824,0.355,0.019,0.423,2025-02-10,00Z-ECE,GWUS
2025-02-15,28.123,1.016,,0.43,0.939,2025-02-10,00Z-ECE,GWUS
2025-02-16,33.953,7.453,,1.161,2.721,2025-02-10,00Z-ECE,GWUS
2025-02-17,37.689,11.828,,0.992,1.797,2025-02-10,00Z-ECE,GWUS
2025-02-18,33.091,8.096,,-1.431,0.329,2025-02-10,00Z-ECE,GWUS
2025-02-19,33.638,10.025,,-2.302,2.471,2025-02-10,00Z-ECE,GWUS
2025-02-20,35.3,11.983,,-1.094,2.892,2025-02-10,00Z-ECE,GWUS
2025-02-21,34.017,10.223,,-1.025,1.305,2025-02-10,00Z-ECE,GWUS
2025-02-22,30.08,5.667,,-1.477,-0.446,2025-02-10,00Z-ECE,GWUS
2025-02-23,26.633,1.833,,-1.92,,2025-02-10,00Z-ECE,GWUS
2025-02-11,30.24,1.302,-0.123,-0.11,-0.204,2025-02-11,00Z-ECE,GWUS
2025-02-12,30.378,1.764,-0.134,-0.357,-0.52,2025-02-11,00Z-ECE,GWUS
2025-02-13,31.536,4.391,0.069,-0.287,-0.494,2025-02-11,00Z-ECE,GWUS
2025-02-14,31.542,4.75,-0.256,-0.837,-1.074,2025-02-11,00Z-ECE,GWUS
2025-02-15,27.196,0.09,0.26,-0.154,-0.927,2025-02-11,00Z-ECE,GWUS
2025-02-16,33.22,6.72,,0.372,-0.733,2025-02-11,00Z-ECE,GWUS
2025-02-17,37.634,11.773,,-0.498,-0.01,2025-02-11,00Z-ECE,GWUS
2025-02-18,34.897,9.902,,0.201,1.805,2025-02-11,00Z-ECE,GWUS
2025-02-19,36.712,13.098,,0.906,3.073,2025-02-11,00Z-ECE,GWUS
2025-02-20,37.505,14.188,,0.252,2.206,2025-02-11,00Z-ECE,GWUS
2025-02-21,35.752,11.958,,-0.864,1.735,2025-02-11,00Z-ECE,GWUS
2025-02-22,32.575,8.161,,0.439,2.495,2025-02-11,00Z-ECE,GWUS
2025-02-23,29.957,5.157,,0.751,3.324,2025-02-11,00Z-ECE,GWUS
2025-02-24,27.928,2.676,,1.123,,2025-02-11,00Z-ECE,GWUS
2025-02-12,30.842,2.228,0.174,0.455,0.464,2025-02-12,00Z-ECE,GWUS
2025-02-13,31.92,4.775,-0.059,-0.007,0.384,2025-02-12,00Z-ECE,GWUS
2025-02-14,31.676,4.884,-0.027,-0.002,0.134,2025-02-12,00Z-ECE,GWUS
2025-02-15,26.785,-0.322,0.133,-0.152,-0.411,2025-02-12,00Z-ECE,GWUS
2025-02-16,32.292,5.792,0.24,-0.327,-0.927,2025-02-12,00Z-ECE,GWUS
2025-02-17,39.283,13.422,,0.421,1.649,2025-02-12,00Z-ECE,GWUS
2025-02-18,38.288,13.292,,0.737,3.391,2025-02-12,00Z-ECE,GWUS
2025-02-19,38.752,15.138,,-0.041,2.04,2025-02-12,00Z-ECE,GWUS
2025-02-20,38.02,14.703,,-0.348,0.515,2025-02-12,00Z-ECE,GWUS
2025-02-21,34.593,10.799,,-0.574,-1.159,2025-02-12,00Z-ECE,GWUS
2025-02-22,29.591,5.177,,-1.313,-2.984,2025-02-12,00Z-ECE,GWUS
2025-02-23,26.652,1.852,,-1.566,-3.304,2025-02-12,00Z-ECE,GWUS
2025-02-24,25.255,0.002,,-1.472,-2.786,2025-02-12,00Z-ECE,GWUS
2025-02-25,24.355,-1.695,,-1.268,,2025-02-12,00Z-ECE,GWUS
2025-02-13,32.839,5.695,0.109,0.34,0.92,2025-02-13,00Z-ECE,GWUS
2025-02-14,32.068,5.276,-0.011,0.098,0.392,2025-02-13,00Z-ECE,GWUS
2025-02-15,26.665,-0.442,-0.283,-0.251,-0.12,2025-02-13,00Z-ECE,GWUS
2025-02-16,30.818,4.318,-0.198,,-1.475,2025-02-13,00Z-ECE,GWUS
2025-02-17,38.352,12.491,0.215,,-0.931,2025-02-13,00Z-ECE,GWUS
2025-02-18,39.81,14.814,,,1.522,2025-02-13,00Z-ECE,GWUS
2025-02-19,42.248,18.634,,,3.496,2025-02-13,00Z-ECE,GWUS
2025-02-20,42.368,19.051,,,4.348,2025-02-13,00Z-ECE,GWUS
2025-02-21,39.174,15.38,,,4.581,2025-02-13,00Z-ECE,GWUS
2025-02-22,33.275,8.861,,,3.684,2025-02-13,00Z-ECE,GWUS
2025-02-23,28.799,3.999,,,2.146,2025-02-13,00Z-ECE,GWUS
2025-02-24,25.444,0.191,,,0.189,2025-02-13,00Z-ECE,GWUS
2025-02-25,23.919,-2.132,,,-0.437,2025-02-13,00Z-ECE,GWUS
2025-02-26,24.368,-1.245,,,,2025-02-13,00Z-ECE,GWUS
2025-02-14,32.213,5.422,0.002,-0.068,0.146,2025-02-14,00Z-ECE,GWUS
2025-02-15,26.34,-0.766,-0.188,-0.32,-0.324,2025-02-14,00Z-ECE,GWUS
2025-02-16,29.476,2.976,-0.39,-0.789,-1.342,2025-02-14,00Z-ECE,GWUS
2025-02-17,36.576,10.715,-0.269,-0.912,-1.776,2025-02-14,00Z-ECE,GWUS
2025-02-18,38.737,13.742,-0.128,-0.432,-1.073,2025-02-14,00Z-ECE,GWUS
2025-02-19,42.435,18.821,,0.833,0.188,2025-02-14,00Z-ECE,GWUS
2025-02-20,43.762,20.445,,0.888,1.394,2025-02-14,00Z-ECE,GWUS
2025-02-21,40.507,16.713,,0.418,1.333,2025-02-14,00Z-ECE,GWUS
2025-02-22,34.554,10.14,,0.5,1.279,2025-02-14,00Z-ECE,GWUS
2025-02-23,29.462,4.662,,-0.847,0.663,2025-02-14,00Z-ECE,GWUS
2025-02-24,25.049,-0.203,,-1.579,-0.394,2025-02-14,00Z-ECE,GWUS
2025-02-25,22.819,-3.231,,-0.538,-1.1,2025-02-14,00Z-ECE,GWUS
2025-02-26,22.299,-3.313,,-0.295,-1.825,2025-02-14,00Z-ECE,GWUS
2025-02-27,22.704,-2.14,,-0.228,,2025-02-14,00Z-ECE,GWUS
2025-02-15,25.927,-1.18,-0.355,-0.29,-0.413,2025-02-15,00Z-ECE,GWUS
2025-02-16,29.226,2.726,-0.105,-0.249,-0.25,2025-02-15,00Z-ECE,GWUS
2025-02-17,36.507,10.646,0.235,-0.095,-0.069,2025-02-15,00Z-ECE,GWUS
2025-02-18,38.781,13.786,0.024,-0.203,0.044,2025-02-15,00Z-ECE,GWUS
2025-02-19,42.496,18.882,-0.447,-0.504,0.061,2025-02-15,00Z-ECE,GWUS
2025-02-20,43.077,19.761,,-0.613,-0.684,2025-02-15,00Z-ECE,GWUS
2025-02-21,39.649,15.855,,-0.104,-0.858,2025-02-15,00Z-ECE,GWUS
2025-02-22,34.605,10.192,,0.647,0.052,2025-02-15,00Z-ECE,GWUS
2025-02-23,28.855,4.055,,0.586,-0.607,2025-02-15,00Z-ECE,GWUS
2025-02-24,23.22,-2.032,,-0.272,-1.829,2025-02-15,00Z-ECE,GWUS
2025-02-25,20.743,-5.307,,-0.745,-2.076,2025-02-15,00Z-ECE,GWUS
2025-02-26,21.264,-4.349,,-0.007,-0.939,2025-02-15,00Z-ECE,GWUS
2025-02-27,22.232,-2.612,,0.634,-0.472,2025-02-15,00Z-ECE,GWUS
2025-02-28,21.932,-1.741,,0.434,,2025-02-15,00Z-ECE,GWUS
2025-02-16,29.749,3.249,0.028,0.14,0.523,2025-02-16,00Z-ECE,GWUS
2025-02-17,36.879,11.018,0.125,0.067,0.372,2025-02-16,00Z-ECE,GWUS
2025-02-18,38.69,13.695,-0.079,-0.146,-0.091,2025-02-16,00Z-ECE,GWUS
2025-02-19,41.646,18.032,-0.184,-0.17,-0.851,2025-02-16,00Z-ECE,GWUS
2025-02-20,41.875,18.558,0.196,0.483,-1.203,2025-02-16,00Z-ECE,GWUS
2025-02-21,38.428,14.634,,-0.35,-1.221,2025-02-16,00Z-ECE,GWUS
2025-02-22,34.641,10.227,,-0.971,0.036,2025-02-16,00Z-ECE,GWUS
2025-02-23,29.707,4.907,,-1.383,0.852,2025-02-16,00Z-ECE,GWUS
2025-02-24,23.88,-1.372,,-1.684,0.66,2025-02-16,00Z-ECE,GWUS
2025-02-25,20.617,-5.433,,-1.616,-0.126,2025-02-16,00Z-ECE,GWUS
2025-02-26,21.251,-4.362,,-0.928,-0.013,2025-02-16,00Z-ECE,GWUS
2025-02-27,22.988,-1.855,,-0.552,0.757,2025-02-16,00Z-ECE,GWUS
2025-02-28,22.782,-0.89,,-0.48,0.851,2025-02-16,00Z-ECE,GWUS
2025-03-01,21.515,-2.664,,0.753,,2025-02-16,00Z-ECE,GWUS
2025-02-17,36.813,10.952,-0.164,-0.165,-0.066,2025-02-17,00Z-ECE,GWUS
2025-02-18,38.849,13.853,-0.053,0.047,0.159,2025-02-17,00Z-ECE,GWUS
2025-02-19,41.281,17.667,-0.226,-0.467,-0.365,2025-02-17,00Z-ECE,GWUS
2025-02-20,42.259,18.942,-0.342,-0.594,0.384,2025-02-17,00Z-ECE,GWUS
2025-02-21,38.005,14.211,-0.465,-0.581,-0.423,2025-02-17,00Z-ECE,GWUS
2025-02-22,31.776,7.362,,-1.125,-2.865,2025-02-17,00Z-ECE,GWUS
2025-02-23,26.471,1.671,,-1.026,-3.236,2025-02-17,00Z-ECE,GWUS
2025-02-24,21.852,-3.4,,-0.752,-2.028,2025-02-17,00Z-ECE,GWUS
2025-02-25,19.106,-6.944,,-0.089,-1.511,2025-02-17,00Z-ECE,GWUS
2025-02-26,19.563,-6.05,,0.184,-1.688,2025-02-17,00Z-ECE,GWUS
2025-02-27,21.675,-3.168,,0.695,-1.313,2025-02-17,00Z-ECE,GWUS
2025-02-28,22.061,-1.611,,0.551,-0.721,2025-02-17,00Z-ECE,GWUS
2025-03-01,19.874,-4.305,,-0.768,-1.641,2025-02-17,00Z-ECE,GWUS
2025-03-02,18.625,-6.715,,-0.577,,2025-02-17,00Z-ECE,GWUS
2025-02-18,38.518,13.523,0.041,-0.336,-0.331,2025-02-18,00Z-ECE,GWUS
2025-02-19,41.502,17.888,0.007,-0.236,0.215,2025-02-18,00Z-ECE,GWUS
2025-02-20,42.377,19.06,-0.044,-0.294,0.118,2025-02-18,00Z-ECE,GWUS
2025-02-21,38.681,14.887,-0.243,-0.003,0.676,2025-02-18,00Z-ECE,GWUS
2025-02-22,32.457,8.043,-0.367,0.135,0.681,2025-02-18,00Z-ECE,GWUS
2025-02-23,25.689,0.889,,0.138,-0.782,2025-02-18,00Z-ECE,GWUS
2025-02-24,21.102,-4.15,,-0.135,-0.75,2025-02-18,00Z-ECE,GWUS
2025-02-25,19.066,-6.984,,0.056,-0.04,2025-02-18,00Z-ECE,GWUS
2025-02-26,19.487,-6.126,,0.275,-0.076,2025-02-18,00Z-ECE,GWUS
2025-02-27,21.37,-3.473,,-0.489,-0.305,2025-02-18,00Z-ECE,GWUS
2025-02-28,22.628,-1.108,,-0.56,0.567,2025-02-18,00Z-ECE,GWUS
2025-03-01,22.062,-2.117,,0.577,2.188,2025-02-18,00Z-ECE,GWUS
2025-03-02,22.58,-2.76,,2.101,3.955,2025-02-18,00Z-ECE,GWUS
2025-03-03,22.141,-2.593,,1.678,,2025-02-18,00Z-ECE,GWUS
2025-02-19,41.143,17.529,-0.121,-0.389,-0.368,2025-02-19,00Z-ECE,GWUS
2025-02-20,42.602,19.285,0.022,-0.243,0.225,2025-02-19,00Z-ECE,GWUS
2025-02-21,39.036,15.242,0.124,-0.185,0.355,2025-02-19,00Z-ECE,GWUS
2025-02-22,33.292,8.878,0.047,0.5,0.835,2025-02-19,00Z-ECE,GWUS
2025-02-23,26.425,1.625,0.011,0.494,0.736,2025-02-19,00Z-ECE,GWUS
2025-02-24,21.13,-4.122,,0.149,0.028,2025-02-19,00Z-ECE,GWUS
2025-02-25,18.92,-7.13,,0.106,-0.146,2025-02-19,00Z-ECE,GWUS
2025-02-26,19.45,-6.163,,-0.173,-0.037,2025-02-19,00Z-ECE,GWUS
2025-02-27,21.591,-3.252,,0.237,0.221,2025-02-19,00Z-ECE,GWUS
2025-02-28,22.881,-0.791,,0.198,0.253,2025-02-19,00Z-ECE,GWUS
2025-03-01,22.901,-1.278,,-0.093,0.839,2025-02-19,00Z-ECE,GWUS
2025-03-02,24.673,-0.667,,0.383,2.093,2025-02-19,00Z-ECE,GWUS
2025-03-03,24.59,-0.144,,1.018,2.449,2025-02-19,00Z-ECE,GWUS
2025-03-04,23.912,0.482,,-0.463,,2025-02-19,00Z-ECE,GWUS
2025-02-20,41.925,18.608,-0.092,-0.553,-0.677,2025-02-20,00Z-ECE,GWUS
2025-02-21,38.832,15.038,0.052,-0.271,-0.204,2025-02-20,00Z-ECE,GWUS
2025-02-22,32.834,8.421,-0.291,-0.418,-0.457,2025-02-20,00Z-ECE,GWUS
2025-02-23,25.752,0.952,-0.668,-0.697,-0.673,2025-02-20,00Z-ECE,GWUS
2025-02-24,20.472,-4.78,-0.628,-0.839,-0.658,2025-02-20,00Z-ECE,GWUS
2025-02-25,17.915,-8.135,,-0.422,-1.005,2025-02-20,00Z-ECE,GWUS
2025-02-26,17.955,-7.657,,-0.389,-1.494,2025-02-20,00Z-ECE,GWUS
2025-02-27,20.264,-4.579,,0.142,-1.327,2025-02-20,00Z-ECE,GWUS
2025-02-28,23.029,-0.644,,0.94,0.147,2025-02-20,00Z-ECE,GWUS
2025-03-01,22.686,-1.494,,-1.612,-0.216,2025-02-20,00Z-ECE,GWUS
2025-03-02,23.832,-1.508,,-2.862,-0.84,2025-02-20,00Z-ECE,GWUS
2025-03-03,23.829,-0.905,,-1.857,-0.762,2025-02-20,00Z-ECE,GWUS
2025-03-04,22.219,-1.211,,-2.08,-1.604,2025-02-20,00Z-ECE,GWUS
2025-03-05,23.278,0.367,,,,2025-02-20,00Z-ECE,GWUS
2025-02-21,37.961,14.168,-0.118,-0.654,-0.87,2025-02-21,00Z-ECE,GWUS
2025-02-22,32.558,8.144,0.016,-0.216,-0.277,2025-02-21,00Z-ECE,GWUS
2025-02-23,25.977,1.177,0.099,0.097,0.224,2025-02-21,00Z-ECE,GWUS
2025-02-24,20.252,-5.0,-0.021,0.162,-0.22,2025-02-21,00Z-ECE,GWUS
2025-02-25,17.659,-8.391,0.018,-0.182,-0.257,2025-02-21,00Z-ECE,GWUS
2025-02-26,17.792,-7.82,,-0.187,-0.163,2025-02-21,00Z-ECE,GWUS
2025-02-27,19.731,-5.113,,-0.563,-0.534,2025-02-21,00Z-ECE,GWUS
2025-02-28,23.416,-0.256,,0.507,0.388,2025-02-21,00Z-ECE,GWUS
2025-03-01,24.214,0.034,,0.819,1.528,2025-02-21,00Z-ECE,GWUS
2025-03-02,25.381,0.041,,0.241,1.549,2025-02-21,00Z-ECE,GWUS
2025-03-03,25.046,0.312,,0.391,1.217,2025-02-21,00Z-ECE,GWUS
2025-03-04,22.158,-1.272,,-0.164,-0.061,2025-02-21,00Z-ECE,GWUS
2025-03-05,22.25,-0.661,,0.306,-1.028,2025-02-21,00Z-ECE,GWUS
2025-03-06,24.598,2.53,,0.397,,2025-02-21,00Z-ECE,GWUS
2025-02-22,31.854,7.441,-0.474,-0.424,-0.703,2025-02-22,00Z-ECE,GWUS
2025-02-23,25.938,1.138,-0.135,-0.22,-0.039,2025-02-22,00Z-ECE,GWUS
2025-02-24,20.633,-4.619,0.074,0.144,0.381,2025-02-22,00Z-ECE,GWUS
2025-02-25,17.717,-8.333,-0.001,-0.021,0.058,2025-02-22,00Z-ECE,GWUS
2025-02-26,18.016,-7.596,0.302,0.128,0.224,2025-02-22,00Z-ECE,GWUS
2025-02-27,19.06,-5.784,,-0.288,-0.671,2025-02-22,00Z-ECE,GWUS
2025-02-28,20.234,-3.438,,-3.349,-3.183,2025-02-22,00Z-ECE,GWUS
2025-03-01,20.938,-3.241,,-3.942,-3.275,2025-02-22,00Z-ECE,GWUS
2025-03-02,23.174,-2.166,,-1.101,-2.207,2025-02-22,00Z-ECE,GWUS
2025-03-03,23.389,-1.345,,0.284,-1.657,2025-02-22,00Z-ECE,GWUS
2025-03-04,21.125,-2.305,,0.628,-1.033,2025-02-22,00Z-ECE,GWUS
2025-03-05,21.498,-1.413,,0.595,-0.752,2025-02-22,00Z-ECE,GWUS
2025-03-06,23.598,1.529,,-0.091,-0.656,2025-02-22,00Z-ECE,GWUS
2025-03-07,25.202,3.701,,-0.149,,2025-02-22,00Z-ECE,GWUS
2025-02-23,24.829,-0.048,-0.784,-1.172,-1.109,2025-02-23,00Z-ECE,GWUS
2025-02-24,20.101,-5.151,-0.411,-0.531,-0.532,2025-02-23,00Z-ECE,GWUS
2025-02-25,17.531,-8.52,-0.195,-0.073,-0.186,2025-02-23,00Z-ECE,GWUS
2025-02-26,17.649,-7.964,-0.374,0.009,-0.367,2025-02-23,00Z-ECE,GWUS
2025-02-27,18.054,-6.79,-0.488,-0.187,-1.006,2025-02-23,00Z-ECE,GWUS
2025-02-28,20.418,-3.254,,0.516,0.185,2025-02-23,00Z-ECE,GWUS
2025-03-01,20.209,-4.078,,-0.363,-0.75,2025-02-23,00Z-ECE,GWUS
2025-03-02,22.688,-2.652,,-0.292,-0.486,2025-02-23,00Z-ECE,GWUS
2025-03-03,22.469,-2.265,,0.506,-0.92,2025-02-23,00Z-ECE,GWUS
2025-03-04,19.966,-3.464,,0.724,-1.159,2025-02-23,00Z-ECE,GWUS
2025-03-05,19.966,-2.945,,-0.466,-1.532,2025-02-23,00Z-ECE,GWUS
2025-03-06,22.956,0.888,,-0.58,-0.801,2025-02-23,00Z-ECE,GWUS
2025-03-07,24.035,2.533,,-0.61,-1.168,2025-02-23,00Z-ECE,GWUS
2025-03-08,23.826,2.35,,-1.169,,2025-02-23,00Z-ECE,GWUS
2025-02-24,19.204,-6.049,-0.477,-0.572,-0.897,2025-02-24,00Z-ECE,GWUS
2025-02-25,17.469,-8.581,-0.246,-0.038,-0.062,2025-02-24,00Z-ECE,GWUS
2025-02-26,17.766,-7.846,0.034,0.147,0.117,2025-02-24,00Z-ECE,GWUS
2025-02-27,17.485,-7.358,-0.095,-0.146,-0.568,2025-02-24,00Z-ECE,GWUS
2025-02-28,19.726,-3.946,-0.256,-0.144,-0.693,2025-02-24,00Z-ECE,GWUS
2025-03-01,19.787,-4.392,,-0.879,-0.412,2025-02-24,00Z-ECE,GWUS
2025-03-02,23.759,-1.581,,-0.055,1.071,2025-02-24,00Z-ECE,GWUS
2025-03-03,22.22,-2.514,,-0.418,-0.249,2025-02-24,00Z-ECE,GWUS
2025-03-04,17.934,-5.496,,-1.082,-2.032,2025-02-24,00Z-ECE,GWUS
2025-03-05,17.477,-5.434,,-1.043,-2.489,2025-02-24,00Z-ECE,GWUS
2025-03-06,19.877,-2.191,,-1.321,-3.079,2025-02-24,00Z-ECE,GWUS
2025-03-07,20.463,-1.038,,-1.897,-3.571,2025-02-24,00Z-ECE,GWUS
2025-03-08,19.98,-1.496,,-2.061,-3.884,2025-02-24,00Z-ECE,GWUS
2025-03-09,19.239,-2.18,,-2.125,,2025-02-24,00Z-ECE,GWUS
2025-02-25,16.58,-9.471,-0.54,-0.754,-0.889,2025-02-25,00Z-ECE,GWUS
2025-02-26,17.379,-8.234,-0.271,-0.153,-0.388,2025-02-25,00Z-ECE,GWUS
2025-02-27,17.004,-7.84,-0.336,-0.459,-0.482,2025-02-25,00Z-ECE,GWUS
2025-02-28,19.799,-3.873,-0.525,-0.136,0.073,2025-02-25,00Z-ECE,GWUS
2025-03-01,20.625,-3.554,0.422,0.644,0.838,2025-02-25,00Z-ECE,GWUS
2025-03-02,26.077,0.737,,1.476,2.317,2025-02-25,00Z-ECE,GWUS
2025-03-03,23.506,-1.228,,0.394,1.286,2025-02-25,00Z-ECE,GWUS
2025-03-04,18.286,-5.143,,-0.175,0.353,2025-02-25,00Z-ECE,GWUS
2025-03-05,18.216,-4.695,,0.323,0.739,2025-02-25,00Z-ECE,GWUS
2025-03-06,21.91,-0.158,,0.949,2.033,2025-02-25,00Z-ECE,GWUS
2025-03-07,22.469,0.968,,0.853,2.006,2025-02-25,00Z-ECE,GWUS
2025-03-08,21.926,0.45,,0.707,1.965,2025-02-25,00Z-ECE,GWUS
2025-03-09,21.113,-0.306,,0.599,1.874,2025-02-25,00Z-ECE,GWUS
2025-03-10,18.532,-2.503,,-0.747,,2025-02-25,00Z-ECE,GWUS
2025-02-26,17.019,-8.593,-0.341,-0.344,-0.36,2025-02-26,00Z-ECE,GWUS
2025-02-27,16.682,-8.161,-0.294,-0.184,-0.321,2025-02-26,00Z-ECE,GWUS
2025-02-28,18.912,-4.76,-0.068,-0.311,-0.887,2025-02-26,00Z-ECE,GWUS
2025-03-01,21.322,-2.857,0.353,0.04,0.697,2025-02-26,00Z-ECE,GWUS
2025-03-02,26.84,1.5,0.324,-0.121,0.763,2025-02-26,00Z-ECE,GWUS
2025-03-03,24.071,-0.664,,-0.177,0.564,2025-02-26,00Z-ECE,GWUS
2025-03-04,18.874,-4.556,,-0.14,0.588,2025-02-26,00Z-ECE,GWUS
2025-03-05,17.571,-5.34,,-0.354,-0.646,2025-02-26,00Z-ECE,GWUS
2025-03-06,21.231,-0.838,,-0.575,-0.68,2025-02-26,00Z-ECE,GWUS
2025-03-07,23.056,1.554,,-0.462,0.586,2025-02-26,00Z-ECE,GWUS
2025-03-08,23.326,1.85,,0.052,1.4,2025-02-26,00Z-ECE,GWUS
2025-03-09,22.29,0.871,,0.121,1.177,2025-02-26,00Z-ECE,GWUS
2025-03-10,19.381,-1.654,,-0.449,0.849,2025-02-26,00Z-ECE,GWUS
2025-03-11,16.468,-4.37,,-0.166,,2025-02-26,00Z-ECE,GWUS
2025-02-27,16.221,-8.623,-0.459,-0.26,-0.462,2025-02-27,00Z-ECE,GWUS
2025-02-28,18.496,-5.176,-0.082,-0.145,-0.416,2025-02-27,00Z-ECE,GWUS
2025-03-01,22.856,-1.323,0.758,1.003,1.534,2025-02-27,00Z-ECE,GWUS
2025-03-02,27.228,1.888,0.487,0.303,0.388,2025-02-27,00Z-ECE,GWUS
2025-03-03,23.685,-1.049,-0.059,-0.638,-0.386,2025-02-27,00Z-ECE,GWUS
2025-03-04,18.364,-5.066,,-1.014,-0.51,2025-02-27,00Z-ECE,GWUS
2025-03-05,17.612,-5.299,,0.147,0.041,2025-02-27,00Z-ECE,GWUS
2025-03-06,21.695,-0.374,,0.893,0.464,2025-02-27,00Z-ECE,GWUS
2025-03-07,22.417,0.915,,-0.535,-0.639,2025-02-27,00Z-ECE,GWUS
2025-03-08,22.316,0.84,,-0.954,-1.01,2025-02-27,00Z-ECE,GWUS
2025-03-09,21.7,0.282,,-1.173,-0.589,2025-02-27,00Z-ECE,GWUS
2025-03-10,19.836,-1.199,,-0.675,0.454,2025-02-27,00Z-ECE,GWUS
2025-03-11,17.098,-3.739,,-0.194,0.63,2025-02-27,00Z-ECE,GWUS
2025-03-12,15.912,-4.368,,0.015,,2025-02-27,00Z-ECE,GWUS
2025-02-28,17.916,-5.756,-0.346,-0.355,-0.58,2025-02-28,00Z-ECE,GWUS
2025-03-01,22.778,-1.402,-0.293,-0.274,-0.078,2025-02-28,00Z-ECE,GWUS
2025-03-02,27.215,1.875,-0.044,0.145,-0.013,2025-02-28,00Z-ECE,GWUS
2025-03-03,23.259,-1.475,0.323,-0.195,-0.426,2025-02-28,00Z-ECE,GWUS
2025-03-04,17.874,-5.556,0.496,-0.117,-0.49,2025-02-28,00Z-ECE,GWUS
2025-03-05,17.795,-5.116,,0.019,0.183,2025-02-28,00Z-ECE,GWUS
2025-03-06,22.704,0.636,,-0.159,1.009,2025-02-28,00Z-ECE,GWUS
2025-03-07,22.229,0.727,,-0.813,-0.188,2025-02-28,00Z-ECE,GWUS
2025-03-08,21.264,-0.212,,-0.559,-1.052,2025-02-28,00Z-ECE,GWUS
2025-03-09,19.869,-1.55,,-0.272,-1.831,2025-02-28,00Z-ECE,GWUS
2025-03-10,18.472,-2.563,,0.501,-1.364,2025-02-28,00Z-ECE,GWUS
2025-03-11,16.241,-4.596,,1.105,-0.857,2025-02-28,00Z-ECE,GWUS
2025-03-12,15.506,-4.774,,0.669,-0.406,2025-02-28,00Z-ECE,GWUS
2025-03-13,16.813,-2.964,,0.127,,2025-02-28,00Z-ECE,GWUS
2025-03-01,22.544,-1.636,-0.048,-0.239,-0.234,2025-03-01,00Z-ECE,GWUS
2025-03-02,26.947,1.607,0.12,-0.173,-0.268,2025-03-01,00Z-ECE,GWUS
2025-03-03,23.447,-1.287,-0.057,-0.396,0.188,2025-03-01,00Z-ECE,GWUS
2025-03-04,18.24,-5.19,-0.319,-0.393,0.366,2025-03-01,00Z-ECE,GWUS
2025-03-05,17.876,-5.035,-0.39,-0.798,0.081,2025-03-01,00Z-ECE,GWUS
2025-03-06,22.944,0.876,,-0.52,0.24,2025-03-01,00Z-ECE,GWUS
2025-03-07,22.372,0.871,,-0.573,0.143,2025-03-01,00Z-ECE,GWUS
2025-03-08,20.451,-1.024,,-1.427,-0.812,2025-03-01,00Z-ECE,GWUS
2025-03-09,19.883,-1.536,,0.228,0.013,2025-03-01,00Z-ECE,GWUS
2025-03-10,18.968,-2.067,,1.193,0.496,2025-03-01,00Z-ECE,GWUS
2025-03-11,16.544,-4.293,,1.051,0.303,2025-03-01,00Z-ECE,GWUS
2025-03-12,14.868,-5.412,,0.19,-0.638,2025-03-01,00Z-ECE,GWUS
2025-03-13,16.057,-3.72,,0.101,-0.756,2025-03-01,00Z-ECE,GWUS
2025-03-14,16.678,-2.817,,-0.019,,2025-03-01,00Z-ECE,GWUS
2025-03-02,26.615,1.275,-0.287,-0.231,-0.332,2025-03-02,00Z-ECE,GWUS
2025-03-03,22.833,-1.902,-0.307,-0.287,-0.614,2025-03-02,00Z-ECE,GWUS
2025-03-04,17.805,-5.624,-0.154,-0.165,-0.435,2025-03-02,00Z-ECE,GWUS
2025-03-05,18.744,-4.168,0.19,0.294,0.867,2025-03-02,00Z-ECE,GWUS
2025-03-06,23.995,1.926,0.029,0.079,1.05,2025-03-02,00Z-ECE,GWUS
2025-03-07,22.788,1.286,,-0.024,0.416,2025-03-02,00Z-ECE,GWUS
2025-03-08,20.773,-0.703,,0.674,0.322,2025-03-02,00Z-ECE,GWUS
2025-03-09,20.577,-0.842,,1.285,0.694,2025-03-02,00Z-ECE,GWUS
2025-03-10,18.955,-2.08,,0.959,-0.013,2025-03-02,00Z-ECE,GWUS
2025-03-11,16.122,-4.716,,-0.082,-0.423,2025-03-02,00Z-ECE,GWUS
2025-03-12,13.929,-6.351,,-0.645,-0.939,2025-03-02,00Z-ECE,GWUS
2025-03-13,14.695,-5.082,,-1.341,-1.362,2025-03-02,00Z-ECE,GWUS
2025-03-14,16.376,-3.119,,-0.804,-0.302,2025-03-02,00Z-ECE,GWUS
2025-03-15,16.865,-2.63,,-0.017,,2025-03-02,00Z-ECE,GWUS
2025-03-03,22.355,-2.38,-0.229,-0.387,-0.478,2025-03-03,00Z-ECE,GWUS
2025-03-04,17.547,-5.883,-0.282,-0.198,-0.258,2025-03-03,00Z-ECE,GWUS
2025-03-05,18.891,-4.02,-0.15,0.334,0.147,2025-03-03,00Z-ECE,GWUS
2025-03-06,23.834,1.766,-0.21,0.317,-0.161,2025-03-03,00Z-ECE,GWUS
2025-03-07,22.278,0.777,-0.309,0.098,-0.509,2025-03-03,00Z-ECE,GWUS
2025-03-08,22.653,1.177,,1.422,1.88,2025-03-03,00Z-ECE,GWUS
2025-03-09,22.37,0.951,,1.258,1.793,2025-03-03,00Z-ECE,GWUS
2025-03-10,20.416,-0.618,,0.568,1.461,2025-03-03,00Z-ECE,GWUS
2025-03-11,17.494,-3.343,,0.375,1.373,2025-03-03,00Z-ECE,GWUS
2025-03-12,14.808,-5.472,,0.513,0.879,2025-03-03,00Z-ECE,GWUS
2025-03-13,16.778,-2.999,,1.496,2.083,2025-03-03,00Z-ECE,GWUS
2025-03-14,18.785,-0.71,,2.179,2.409,2025-03-03,00Z-ECE,GWUS
2025-03-15,18.0,-1.495,,1.098,1.135,2025-03-03,00Z-ECE,GWUS
2025-03-16,18.646,-0.438,,0.609,,2025-03-03,00Z-ECE,GWUS
2025-03-04,17.165,-6.265,-0.346,-0.301,-0.382,2025-03-04,00Z-ECE,GWUS
2025-03-05,19.005,-3.906,0.111,0.161,0.114,2025-03-04,00Z-ECE,GWUS
2025-03-06,23.829,1.761,0.095,0.1,-0.005,2025-03-04,00Z-ECE,GWUS
2025-03-07,22.507,1.006,-0.019,0.216,0.229,2025-03-04,00Z-ECE,GWUS
2025-03-08,23.306,1.83,0.167,0.644,0.653,2025-03-04,00Z-ECE,GWUS
2025-03-09,22.127,0.708,,-1.019,-0.243,2025-03-04,00Z-ECE,GWUS
2025-03-10,18.981,-2.054,,-0.985,-1.436,2025-03-04,00Z-ECE,GWUS
2025-03-11,17.015,-3.822,,-0.161,-0.479,2025-03-04,00Z-ECE,GWUS
2025-03-12,14.798,-5.482,,0.12,-0.01,2025-03-04,00Z-ECE,GWUS
2025-03-13,15.693,-4.084,,-1.279,-1.084,2025-03-04,00Z-ECE,GWUS
2025-03-14,17.594,-1.901,,-1.279,-1.191,2025-03-04,00Z-ECE,GWUS
2025-03-15,17.442,-2.053,,-1.115,-0.558,2025-03-04,00Z-ECE,GWUS
2025-03-16,19.54,0.457,,-0.468,0.895,2025-03-04,00Z-ECE,GWUS
2025-03-17,21.075,2.356,,0.504,,2025-03-04,00Z-ECE,GWUS
2025-03-05,19.047,-3.865,0.095,0.43,0.041,2025-03-05,00Z-ECE,GWUS
2025-03-06,23.527,1.459,-0.071,0.216,-0.302,2025-03-05,00Z-ECE,GWUS
2025-03-07,22.672,1.17,0.072,0.329,0.165,2025-03-05,00Z-ECE,GWUS
2025-03-08,23.441,1.965,0.361,0.68,0.135,2025-03-05,00Z-ECE,GWUS
2025-03-09,21.288,-0.131,0.119,0.501,-0.839,2025-03-05,00Z-ECE,GWUS
2025-03-10,17.943,-3.092,,-0.232,-1.038,2025-03-05,00Z-ECE,GWUS
2025-03-11,15.843,-4.995,,-0.665,-1.172,2025-03-05,00Z-ECE,GWUS
2025-03-12,14.163,-6.117,,-0.684,-0.635,2025-03-05,00Z-ECE,GWUS
2025-03-13,14.688,-5.089,,-1.145,-1.006,2025-03-05,00Z-ECE,GWUS
2025-03-14,16.259,-3.235,,-2.051,-1.334,2025-03-05,00Z-ECE,GWUS
2025-03-15,16.449,-3.045,,-1.998,-0.993,2025-03-05,00Z-ECE,GWUS
2025-03-16,18.245,-0.838,,-1.371,-1.295,2025-03-05,00Z-ECE,GWUS
2025-03-17,19.99,1.271,,-0.926,-1.085,2025-03-05,00Z-ECE,GWUS
2025-03-18,19.878,1.231,,-0.696,,2025-03-05,00Z-ECE,GWUS
2025-03-06,23.419,1.351,-0.446,-0.171,-0.108,2025-03-06,00Z-ECE,GWUS
2025-03-07,22.395,0.894,-0.254,-0.134,-0.277,2025-03-06,00Z-ECE,GWUS
2025-03-08,23.064,1.588,-0.282,-0.373,-0.377,2025-03-06,00Z-ECE,GWUS
2025-03-09,21.517,0.099,0.06,0.281,0.229,2025-03-06,00Z-ECE,GWUS
2025-03-10,18.129,-2.906,0.3,0.441,0.186,2025-03-06,00Z-ECE,GWUS
2025-03-11,15.717,-5.12,,0.189,-0.126,2025-03-06,00Z-ECE,GWUS
2025-03-12,13.47,-6.81,,-0.322,-0.693,2025-03-06,00Z-ECE,GWUS
2025-03-13,14.045,-5.732,,-0.751,-0.643,2025-03-06,00Z-ECE,GWUS
2025-03-14,14.759,-4.736,,-1.199,-1.501,2025-03-06,00Z-ECE,GWUS
2025-03-15,14.993,-4.502,,-0.897,-1.457,2025-03-06,00Z-ECE,GWUS
2025-03-16,16.74,-2.343,,-0.841,-1.505,2025-03-06,00Z-ECE,GWUS
2025-03-17,19.088,0.369,,-0.629,-0.902,2025-03-06,00Z-ECE,GWUS
2025-03-18,19.605,0.959,,-0.462,-0.273,2025-03-06,00Z-ECE,GWUS
2025-03-07,22.06,0.558,-0.41,-0.528,-0.335,2025-03-07,00Z-ECE,GWUS
2025-03-08,22.475,0.999,-0.7,-1.007,-0.59,2025-03-07,00Z-ECE,GWUS
2025-03-09,20.526,-0.893,-0.789,-1.023,-0.992,2025-03-07,00Z-ECE,GWUS
2025-03-10,17.479,-3.556,-0.878,-0.797,-0.65,2025-03-07,00Z-ECE,GWUS
2025-03-11,15.577,-5.26,-0.491,-0.521,-0.14,2025-03-07,00Z-ECE,GWUS
2025-03-12,14.375,-5.905,,0.382,0.905,2025-03-07,00Z-ECE,GWUS
2025-03-13,14.366,-5.411,,0.054,0.321,2025-03-07,00Z-ECE,GWUS
2025-03-14,15.191,-4.304,,0.089,0.432,2025-03-07,00Z-ECE,GWUS
2025-03-15,13.406,-6.089,,-1.195,-1.587,2025-03-07,00Z-ECE,GWUS
2025-03-16,14.117,-4.967,,-2.212,-2.624,2025-03-07,00Z-ECE,GWUS
2025-03-17,16.858,-1.862,,-2.163,-2.23,2025-03-07,00Z-ECE,GWUS
2025-03-18,17.743,-0.903,,-1.04,-1.862,2025-03-07,00Z-ECE,GWUS
2025-03-19,17.57,-1.102,,0.5,,2025-03-07,00Z-ECE,GWUS
2025-03-20,18.135,-0.636,,1.434,,2025-03-07,00Z-ECE,GWUS
2025-03-08,22.149,0.673,-0.386,-0.464,-0.326,2025-03-08,00Z-ECE,GWUS
2025-03-09,19.996,-1.423,-0.304,-0.44,-0.53,2025-03-08,00Z-ECE,GWUS
2025-03-10,16.941,-4.093,-0.187,-0.405,-0.537,2025-03-08,00Z-ECE,GWUS
2025-03-11,15.709,-5.128,-0.208,-0.216,0.132,2025-03-08,00Z-ECE,GWUS
2025-03-12,15.811,-4.469,0.159,0.289,1.436,2025-03-08,00Z-ECE,GWUS
2025-03-13,14.8,-4.977,,0.449,0.433,2025-03-08,00Z-ECE,GWUS
2025-03-14,15.151,-4.344,,0.711,-0.04,2025-03-08,00Z-ECE,GWUS
2025-03-15,12.502,-6.993,,-0.28,-0.904,2025-03-08,00Z-ECE,GWUS
2025-03-16,13.458,-5.625,,-0.608,-0.658,2025-03-08,00Z-ECE,GWUS
2025-03-17,16.943,-1.777,,-0.271,0.085,2025-03-08,00Z-ECE,GWUS
2025-03-18,18.097,-0.549,,-0.118,0.354,2025-03-08,00Z-ECE,GWUS
2025-03-19,17.61,-1.062,,0.127,0.04,2025-03-08,00Z-ECE,GWUS
2025-03-20,18.454,-0.317,,0.411,0.319,2025-03-08,00Z-ECE,GWUS
2025-03-21,19.529,0.783,,0.199,,2025-03-08,00Z-ECE,GWUS
2025-03-09,19.07,-2.348,-0.643,-0.639,-0.926,2025-03-09,00Z-ECE,GWUS
2025-03-10,16.151,-4.884,-0.659,-0.691,-0.79,2025-03-09,00Z-ECE,GWUS
2025-03-11,16.01,-4.827,-0.225,-0.176,0.301,2025-03-09,00Z-ECE,GWUS
2025-03-12,16.926,-3.354,0.235,0.415,1.115,2025-03-09,00Z-ECE,GWUS
2025-03-13,15.019,-4.758,0.261,0.468,0.219,2025-03-09,00Z-ECE,GWUS
2025-03-14,13.272,-6.223,,0.015,-1.878,2025-03-09,00Z-ECE,GWUS
2025-03-15,11.735,-7.76,,0.136,-0.767,2025-03-09,00Z-ECE,GWUS
2025-03-16,13.998,-5.085,,0.222,0.54,2025-03-09,00Z-ECE,GWUS
2025-03-17,17.113,-1.606,,0.154,0.171,2025-03-09,00Z-ECE,GWUS
2025-03-18,16.826,-1.82,,-0.171,-1.271,2025-03-09,00Z-ECE,GWUS
2025-03-19,16.047,-2.625,,-0.36,-1.563,2025-03-09,00Z-ECE,GWUS
2025-03-20,17.41,-1.361,,-0.264,-1.044,2025-03-09,00Z-ECE,GWUS
2025-03-21,19.321,0.575,,0.421,-0.208,2025-03-09,00Z-ECE,GWUS
2025-03-22,17.846,-0.608,,-0.17,,2025-03-09,00Z-ECE,GWUS
2025-03-10,15.711,-5.324,-0.277,-0.473,-0.44,2025-03-10,00Z-ECE,GWUS
2025-03-11,15.684,-5.154,-0.115,-0.332,-0.327,2025-03-10,00Z-ECE,GWUS
2025-03-12,16.158,-4.122,-0.429,-0.698,-0.768,2025-03-10,00Z-ECE,GWUS
2025-03-13,14.815,-4.961,-0.192,-0.215,-0.204,2025-03-10,00Z-ECE,GWUS
2025-03-14,13.482,-6.013,-0.076,0.082,0.21,2025-03-10,00Z-ECE,GWUS
2025-03-15,11.975,-7.52,,0.013,0.24,2025-03-10,00Z-ECE,GWUS
2025-03-16,14.388,-4.695,,-0.205,0.39,2025-03-10,00Z-ECE,GWUS
2025-03-17,17.365,-1.355,,-0.431,0.252,2025-03-10,00Z-ECE,GWUS
2025-03-18,16.997,-1.649,,-0.248,0.171,2025-03-10,00Z-ECE,GWUS
2025-03-19,16.087,-2.585,,0.018,0.04,2025-03-10,00Z-ECE,GWUS
2025-03-20,16.687,-2.084,,0.032,-0.723,2025-03-10,00Z-ECE,GWUS
2025-03-21,19.178,0.432,,-0.163,-0.143,2025-03-10,00Z-ECE,GWUS
2025-03-22,17.813,-0.641,,-0.341,-0.034,2025-03-10,00Z-ECE,GWUS
2025-03-23,15.101,-2.71,,-0.706,,2025-03-10,00Z-ECE,GWUS
2025-03-11,15.295,-5.542,-0.107,-0.342,-0.388,2025-03-11,00Z-ECE,GWUS
2025-03-12,16.062,-4.218,0.03,-0.065,-0.096,2025-03-11,00Z-ECE,GWUS
2025-03-13,15.189,-4.588,0.16,0.248,0.374,2025-03-11,00Z-ECE,GWUS
2025-03-14,13.573,-5.922,0.089,0.22,0.091,2025-03-11,00Z-ECE,GWUS
2025-03-15,12.374,-7.121,0.328,0.306,0.4,2025-03-11,00Z-ECE,GWUS
2025-03-16,14.783,-4.301,,0.782,0.395,2025-03-11,00Z-ECE,GWUS
2025-03-17,17.594,-1.126,,0.531,0.229,2025-03-11,00Z-ECE,GWUS
2025-03-18,16.58,-2.067,,0.397,-0.417,2025-03-11,00Z-ECE,GWUS
2025-03-19,15.279,-3.392,,0.794,-0.807,2025-03-11,00Z-ECE,GWUS
2025-03-20,17.042,-1.729,,1.263,0.355,2025-03-11,00Z-ECE,GWUS
2025-03-21,19.443,0.696,,1.531,0.264,2025-03-11,00Z-ECE,GWUS
2025-03-22,17.061,-1.393,,0.24,-0.752,2025-03-11,00Z-ECE,GWUS
2025-03-23,14.603,-3.208,,-0.198,-0.498,2025-03-11,00Z-ECE,GWUS
2025-03-24,13.73,-4.09,,0.239,,2025-03-11,00Z-ECE,GWUS
2025-03-12,15.804,-4.476,-0.26,-0.346,-0.258,2025-03-12,00Z-ECE,GWUS
2025-03-13,15.419,-4.358,-0.007,-0.041,0.23,2025-03-12,00Z-ECE,GWUS
2025-03-14,13.654,-5.841,-0.032,-0.122,0.081,2025-03-12,00Z-ECE,GWUS
2025-03-15,12.401,-7.093,-0.066,-0.19,0.027,2025-03-12,00Z-ECE,GWUS
2025-03-16,14.48,-4.603,0.007,-0.274,-0.303,2025-03-12,00Z-ECE,GWUS
2025-03-17,16.564,-2.155,,-0.482,-1.03,2025-03-12,00Z-ECE,GWUS
2025-03-18,15.26,-3.386,,-0.486,-1.32,2025-03-12,00Z-ECE,GWUS
2025-03-19,14.081,-4.59,,-0.655,-1.198,2025-03-12,00Z-ECE,GWUS
2025-03-20,16.305,-2.466,,-0.557,-0.737,2025-03-12,00Z-ECE,GWUS
2025-03-21,18.46,-0.287,,-0.652,-0.983,2025-03-12,00Z-ECE,GWUS
2025-03-22,16.788,-1.666,,-0.018,-0.273,2025-03-12,00Z-ECE,GWUS
2025-03-23,14.687,-3.125,,0.596,0.083,2025-03-12,00Z-ECE,GWUS
2025-03-24,13.359,-4.462,,0.794,-0.372,2025-03-12,00Z-ECE,GWUS
2025-03-25,13.051,-4.723,,0.98,,2025-03-12,00Z-ECE,GWUS
2025-03-13,15.387,-4.39,-0.037,-0.004,-0.032,2025-03-13,00Z-ECE,GWUS
2025-03-14,13.635,-5.86,0.065,0.058,-0.019,2025-03-13,00Z-ECE,GWUS
2025-03-15,12.547,-6.948,0.078,-0.107,0.146,2025-03-13,00Z-ECE,GWUS
2025-03-16,14.519,-4.565,0.401,0.109,0.038,2025-03-13,00Z-ECE,GWUS
2025-03-17,16.042,-2.677,0.321,0.035,-0.533,2025-03-13,00Z-ECE,GWUS
2025-03-18,14.424,-4.223,,-0.219,-0.836,2025-03-13,00Z-ECE,GWUS
2025-03-19,13.566,-5.106,,0.026,-0.515,2025-03-13,00Z-ECE,GWUS
2025-03-20,16.078,-2.692,,0.719,-0.227,2025-03-13,00Z-ECE,GWUS
2025-03-21,18.842,0.095,,0.462,0.382,2025-03-13,00Z-ECE,GWUS
2025-03-22,16.838,-1.617,,-0.146,0.05,2025-03-13,00Z-ECE,GWUS
2025-03-23,14.031,-3.781,,0.013,-0.656,2025-03-13,00Z-ECE,GWUS
2025-03-24,12.502,-5.318,,-0.085,-0.856,2025-03-13,00Z-ECE,GWUS
2025-03-25,12.616,-5.158,,0.046,-0.435,2025-03-13,00Z-ECE,GWUS
2025-03-26,13.026,-4.046,,0.356,,2025-03-13,00Z-ECE,GWUS
2025-03-14,13.688,-5.807,-0.211,-0.018,0.053,2025-03-14,00Z-ECE,GWUS
2025-03-15,13.048,-6.447,0.258,0.433,0.501,2025-03-14,00Z-ECE,GWUS
2025-03-16,14.902,-4.182,0.212,0.388,0.383,2025-03-14,00Z-ECE,GWUS
2025-03-17,16.081,-2.639,-0.3,0.213,0.058,2025-03-14,00Z-ECE,GWUS
2025-03-18,14.663,-3.983,-0.234,0.299,0.239,2025-03-14,00Z-ECE,GWUS
2025-03-19,13.975,-4.697,,0.45,0.409,2025-03-14,00Z-ECE,GWUS
2025-03-20,17.177,-1.594,,0.229,1.098,2025-03-14,00Z-ECE,GWUS
2025-03-21,19.391,0.645,,-0.366,0.549,2025-03-14,00Z-ECE,GWUS
2025-03-22,15.789,-2.666,,-0.483,-1.049,2025-03-14,00Z-ECE,GWUS
2025-03-23,13.12,-4.692,,-0.143,-0.911,2025-03-14,00Z-ECE,GWUS
2025-03-24,12.063,-5.758,,-0.041,-0.44,2025-03-14,00Z-ECE,GWUS
2025-03-25,12.741,-5.033,,0.163,0.125,2025-03-14,00Z-ECE,GWUS
2025-03-26,13.815,-3.257,,0.809,0.789,2025-03-14,00Z-ECE,GWUS
2025-03-27,14.623,-1.798,,1.411,,2025-03-14,00Z-ECE,GWUS
2025-03-15,13.122,-6.373,-0.138,0.062,0.074,2025-03-15,00Z-ECE,GWUS
2025-03-16,15.283,-3.801,0.05,0.299,0.381,2025-03-15,00Z-ECE,GWUS
2025-03-17,16.779,-1.941,0.187,0.218,0.711,2025-03-15,00Z-ECE,GWUS
2025-03-18,14.933,-3.713,0.052,0.001,0.27,2025-03-15,00Z-ECE,GWUS
2025-03-19,14.259,-4.412,0.113,0.128,0.284,2025-03-15,00Z-ECE,GWUS
2025-03-20,18.393,-0.378,,0.197,1.216,2025-03-15,00Z-ECE,GWUS
2025-03-21,20.599,1.852,,-0.285,1.208,2025-03-15,00Z-ECE,GWUS
2025-03-22,17.416,-1.038,,-0.833,1.628,2025-03-15,00Z-ECE,GWUS
2025-03-23,15.338,-2.473,,-0.222,2.219,2025-03-15,00Z-ECE,GWUS
2025-03-24,14.416,-3.405,,0.146,2.353,2025-03-15,00Z-ECE,GWUS
2025-03-25,14.603,-3.171,,0.55,1.861,2025-03-15,00Z-ECE,GWUS
2025-03-26,15.228,-1.844,,0.789,1.413,2025-03-15,00Z-ECE,GWUS
2025-03-27,16.559,0.138,,1.36,1.936,2025-03-15,00Z-ECE,GWUS
2025-03-28,16.886,0.816,,1.355,,2025-03-15,00Z-ECE,GWUS
2025-03-16,15.831,-3.253,0.172,0.367,0.548,2025-03-16,00Z-ECE,GWUS
2025-03-17,17.158,-1.562,0.16,0.119,0.383,2025-03-16,00Z-ECE,GWUS
2025-03-18,15.055,-3.591,-0.02,-0.029,0.121,2025-03-16,00Z-ECE,GWUS
2025-03-19,13.941,-4.731,-0.192,-0.201,-0.319,2025-03-16,00Z-ECE,GWUS
2025-03-20,18.171,-0.6,-0.273,-0.424,-0.222,2025-03-16,00Z-ECE,GWUS
2025-03-21,20.282,1.536,,0.172,-0.317,2025-03-16,00Z-ECE,GWUS
2025-03-22,17.364,-1.09,,0.804,-0.053,2025-03-16,00Z-ECE,GWUS
2025-03-23,15.056,-2.755,,0.279,-0.282,2025-03-16,00Z-ECE,GWUS
2025-03-24,13.707,-4.113,,-0.059,-0.709,2025-03-16,00Z-ECE,GWUS
2025-03-25,13.101,-4.673,,-0.291,-1.501,2025-03-16,00Z-ECE,GWUS
2025-03-26,14.011,-3.061,,0.139,-1.217,2025-03-16,00Z-ECE,GWUS
2025-03-27,15.875,-0.545,,0.753,-0.683,2025-03-16,00Z-ECE,GWUS
2025-03-28,16.549,0.48,,0.821,-0.336,2025-03-16,00Z-ECE,GWUS
2025-03-29,15.255,-0.621,,-0.053,,2025-03-16,00Z-ECE,GWUS
2025-03-17,17.272,-1.447,-0.296,-0.109,0.115,2025-03-17,00Z-ECE,GWUS
2025-03-18,15.185,-3.461,-0.05,-0.068,0.13,2025-03-17,00Z-ECE,GWUS
2025-03-19,13.688,-4.984,-0.323,-0.28,-0.253,2025-03-17,00Z-ECE,GWUS
2025-03-20,17.681,-1.09,-0.193,-0.399,-0.49,2025-03-17,00Z-ECE,GWUS
2025-03-21,18.785,0.038,-0.238,-0.707,-1.497,2025-03-17,00Z-ECE,GWUS
2025-03-22,17.444,-1.01,,0.375,0.08,2025-03-17,00Z-ECE,GWUS
2025-03-23,18.257,0.445,,1.266,3.2,2025-03-17,00Z-ECE,GWUS
2025-03-24,16.273,-1.547,,0.734,2.566,2025-03-17,00Z-ECE,GWUS
2025-03-25,15.323,-2.451,,0.901,2.222,2025-03-17,00Z-ECE,GWUS
2025-03-26,16.124,-0.948,,1.248,2.113,2025-03-17,00Z-ECE,GWUS
2025-03-27,17.567,1.146,,1.233,1.691,2025-03-17,00Z-ECE,GWUS
2025-03-28,17.89,1.82,,1.462,1.34,2025-03-17,00Z-ECE,GWUS
2025-03-29,16.422,0.547,,1.173,1.168,2025-03-17,00Z-ECE,GWUS
2025-03-30,15.509,-0.512,,0.994,,2025-03-17,00Z-ECE,GWUS
2025-03-18,14.953,-3.693,-0.229,-0.345,-0.232,2025-03-18,00Z-ECE,GWUS
2025-03-19,13.854,-4.818,-0.118,-0.078,0.165,2025-03-18,00Z-ECE,GWUS
2025-03-20,18.451,-0.32,-0.187,-0.116,0.77,2025-03-18,00Z-ECE,GWUS
2025-03-21,18.961,0.215,-0.01,-0.05,0.176,2025-03-18,00Z-ECE,GWUS
2025-03-22,16.687,-1.767,-0.161,0.075,-0.757,2025-03-18,00Z-ECE,GWUS
2025-03-23,16.455,-1.357,,-0.406,-1.802,2025-03-18,00Z-ECE,GWUS
2025-03-24,14.102,-3.718,,-1.899,-2.171,2025-03-18,00Z-ECE,GWUS
2025-03-25,14.341,-3.434,,-1.756,-0.983,2025-03-18,00Z-ECE,GWUS
2025-03-26,15.944,-1.128,,-0.51,-0.18,2025-03-18,00Z-ECE,GWUS
2025-03-27,16.668,0.247,,-0.497,-0.899,2025-03-18,00Z-ECE,GWUS
2025-03-28,15.634,-0.436,,-1.031,-2.256,2025-03-18,00Z-ECE,GWUS
2025-03-29,14.105,-1.771,,-1.347,-2.317,2025-03-18,00Z-ECE,GWUS
2025-03-30,13.13,-2.89,,-1.34,-2.378,2025-03-18,00Z-ECE,GWUS
2025-03-31,13.754,-2.178,,-1.097,,2025-03-18,00Z-ECE,GWUS
2025-03-19,13.732,-4.939,-0.266,-0.088,-0.121,2025-03-19,00Z-ECE,GWUS
2025-03-20,18.231,-0.54,-0.225,-0.168,-0.22,2025-03-19,00Z-ECE,GWUS
2025-03-21,19.068,0.322,-0.151,-0.075,0.107,2025-03-19,00Z-ECE,GWUS
2025-03-22,16.797,-1.657,-0.085,-0.212,0.109,2025-03-19,00Z-ECE,GWUS
2025-03-23,17.156,-0.655,-0.165,-0.278,0.685,2025-03-19,00Z-ECE,GWUS
2025-03-24,15.245,-2.576,,-0.106,1.142,2025-03-19,00Z-ECE,GWUS
2025-03-25,16.133,-1.641,,0.44,1.792,2025-03-19,00Z-ECE,GWUS
2025-03-26,16.731,-0.341,,0.597,0.787,2025-03-19,00Z-ECE,GWUS
2025-03-27,17.56,1.14,,0.648,0.892,2025-03-19,00Z-ECE,GWUS
2025-03-28,16.853,0.783,,1.311,1.219,2025-03-19,00Z-ECE,GWUS
2025-03-29,15.268,-0.608,,1.843,1.163,2025-03-19,00Z-ECE,GWUS
2025-03-30,14.446,-1.574,,0.29,1.326,2025-03-19,00Z-ECE,GWUS
2025-03-31,14.868,-1.064,,-1.013,1.114,2025-03-19,00Z-ECE,GWUS
2025-04-01,15.453,-0.12,,-0.92,,2025-03-19,00Z-ECE,GWUS
2025-03-20,18.045,-0.726,-0.067,-0.021,-0.186,2025-03-20,00Z-ECE,GWUS
2025-03-21,18.971,0.225,0.044,-0.105,-0.097,2025-03-20,00Z-ECE,GWUS
2025-03-22,16.541,-1.913,0.174,-0.052,-0.256,2025-03-20,00Z-ECE,GWUS
2025-03-23,16.363,-1.448,0.02,-0.345,-0.781,2025-03-20,00Z-ECE,GWUS
2025-03-24,14.336,-3.485,-0.305,-0.654,-0.909,2025-03-20,00Z-ECE,GWUS
2025-03-25,15.345,-2.429,,-0.427,-0.795,2025-03-20,00Z-ECE,GWUS
2025-03-26,16.103,-0.97,,0.116,-0.628,2025-03-20,00Z-ECE,GWUS
2025-03-27,16.517,0.097,,0.117,-1.043,2025-03-20,00Z-ECE,GWUS
2025-03-28,15.811,-0.259,,1.012,-1.042,2025-03-20,00Z-ECE,GWUS
2025-03-29,14.854,-1.021,,1.595,-0.413,2025-03-20,00Z-ECE,GWUS
2025-03-30,13.849,-2.171,,0.409,-0.64,2025-03-20,00Z-ECE,GWUS
2025-03-31,14.682,-1.251,,-0.107,-0.187,2025-03-20,00Z-ECE,GWUS
2025-04-01,16.001,0.428,,-0.049,0.548,2025-03-20,00Z-ECE,GWUS
2025-04-02,15.773,0.75,,-0.166,,2025-03-20,00Z-ECE,GWUS
2025-03-21,18.869,0.123,-0.094,-0.075,-0.102,2025-03-21,00Z-ECE,GWUS
2025-03-22,17.099,-1.355,-0.042,0.077,0.558,2025-03-21,00Z-ECE,GWUS
2025-03-23,17.472,-0.34,0.077,0.112,1.109,2025-03-21,00Z-ECE,GWUS
2025-03-24,14.636,-3.185,0.273,-0.116,0.3,2025-03-21,00Z-ECE,GWUS
2025-03-25,15.018,-2.756,0.148,-0.302,-0.338,2025-03-21,00Z-ECE,GWUS
2025-03-26,15.943,-1.129,,-0.468,-0.16,2025-03-21,00Z-ECE,GWUS
2025-03-27,15.557,-0.863,,-0.451,-0.96,2025-03-21,00Z-ECE,GWUS
2025-03-28,12.697,-3.373,,-0.893,-3.114,2025-03-21,00Z-ECE,GWUS
2025-03-29,11.275,-4.601,,-0.55,-3.58,2025-03-21,00Z-ECE,GWUS
2025-03-30,13.332,-2.688,,0.575,-0.517,2025-03-21,00Z-ECE,GWUS
2025-03-31,16.394,0.461,,1.127,1.712,2025-03-21,00Z-ECE,GWUS
2025-04-01,16.729,1.155,,0.346,0.727,2025-03-21,00Z-ECE,GWUS
2025-04-02,15.548,0.525,,-0.216,-0.225,2025-03-21,00Z-ECE,GWUS
2025-04-03,14.162,-1.496,,-0.199,,2025-03-21,00Z-ECE,GWUS
2025-03-22,16.587,-1.868,-0.266,-0.472,-0.513,2025-03-22,00Z-ECE,GWUS
2025-03-23,17.169,-0.642,-0.108,-0.306,-0.302,2025-03-22,00Z-ECE,GWUS
2025-03-24,14.217,-3.604,-0.108,-0.346,-0.419,2025-03-22,00Z-ECE,GWUS
2025-03-25,14.593,-3.182,0.075,-0.098,-0.425,2025-03-22,00Z-ECE,GWUS
2025-03-26,15.105,-1.967,-0.204,-0.192,-0.838,2025-03-22,00Z-ECE,GWUS
2025-03-27,15.085,-1.336,,0.582,-0.473,2025-03-22,00Z-ECE,GWUS
2025-03-28,12.478,-3.592,,0.371,-0.219,2025-03-22,00Z-ECE,GWUS
2025-03-29,11.591,-4.284,,0.432,0.317,2025-03-22,00Z-ECE,GWUS
2025-03-30,11.892,-4.129,,-0.619,-1.44,2025-03-22,00Z-ECE,GWUS
2025-03-31,13.937,-1.996,,-1.41,-2.457,2025-03-22,00Z-ECE,GWUS
2025-04-01,14.974,-0.599,,-0.898,-1.755,2025-03-22,00Z-ECE,GWUS
2025-04-02,14.131,-0.891,,-1.118,-1.416,2025-03-22,00Z-ECE,GWUS
2025-04-03,12.771,-2.887,,-1.379,-1.365,2025-03-22,00Z-ECE,GWUS
2025-04-04,11.524,-4.569,,-1.3,,2025-03-22,00Z-ECE,GWUS
2025-03-23,17.084,-0.728,-0.159,-0.01,-0.086,2025-03-23,00Z-ECE,GWUS
2025-03-24,14.196,-3.624,-0.125,0.034,-0.021,2025-03-23,00Z-ECE,GWUS
2025-03-25,14.19,-3.584,-0.214,-0.246,-0.403,2025-03-23,00Z-ECE,GWUS
2025-03-26,15.384,-1.688,0.189,0.26,0.279,2025-03-23,00Z-ECE,GWUS
2025-03-27,15.371,-1.049,0.361,0.486,0.286,2025-03-23,00Z-ECE,GWUS
2025-03-28,12.679,-3.391,,0.281,0.201,2025-03-23,00Z-ECE,GWUS
2025-03-29,11.76,-4.115,,0.043,0.169,2025-03-23,00Z-ECE,GWUS
2025-03-30,11.36,-4.661,,0.107,-0.532,2025-03-23,00Z-ECE,GWUS
2025-03-31,13.109,-2.824,,-0.16,-0.828,2025-03-23,00Z-ECE,GWUS
2025-04-01,15.017,-0.556,,0.004,0.043,2025-03-23,00Z-ECE,GWUS
2025-04-02,14.059,-0.963,,-0.525,-0.072,2025-03-23,00Z-ECE,GWUS
2025-04-03,12.546,-3.112,,-0.91,-0.225,2025-03-23,00Z-ECE,GWUS
2025-04-04,11.536,-4.557,,-0.716,0.012,2025-03-23,00Z-ECE,GWUS
2025-04-05,11.478,-3.686,,0.013,,2025-03-23,00Z-ECE,GWUS
2025-03-24,14.006,-3.814,-0.312,-0.137,-0.19,2025-03-24,00Z-ECE,GWUS
2025-03-25,14.02,-3.754,-0.183,-0.033,-0.17,2025-03-24,00Z-ECE,GWUS
2025-03-26,15.531,-1.541,0.068,-0.064,0.147,2025-03-24,00Z-ECE,GWUS
2025-03-27,15.018,-1.402,-0.332,-0.532,-0.353,2025-03-24,00Z-ECE,GWUS
2025-03-28,11.108,-4.962,-0.426,-0.827,-1.539,2025-03-24,00Z-ECE,GWUS
2025-03-29,10.531,-5.345,,-0.645,-1.23,2025-03-24,00Z-ECE,GWUS
2025-03-30,11.852,-4.168,,0.482,0.492,2025-03-24,00Z-ECE,GWUS
2025-03-31,14.072,-1.861,,0.418,0.963,2025-03-24,00Z-ECE,GWUS
2025-04-01,15.691,0.118,,0.771,0.722,2025-03-24,00Z-ECE,GWUS
2025-04-02,14.749,-0.274,,1.117,0.69,2025-03-24,00Z-ECE,GWUS
2025-04-03,13.519,-2.138,,1.163,0.973,2025-03-24,00Z-ECE,GWUS
2025-04-04,12.202,-3.891,,0.574,0.666,2025-03-24,00Z-ECE,GWUS
2025-04-05,11.73,-3.434,,0.166,0.321,2025-03-24,00Z-ECE,GWUS
2025-04-06,12.117,-2.429,,0.4,,2025-03-24,00Z-ECE,GWUS
2025-03-25,14.21,-3.565,-0.157,-0.082,0.189,2025-03-25,00Z-ECE,GWUS
2025-03-26,15.307,-1.766,-0.217,-0.293,-0.224,2025-03-25,00Z-ECE,GWUS
2025-03-27,14.171,-2.25,-0.556,-0.735,-0.847,2025-03-25,00Z-ECE,GWUS
2025-03-28,10.444,-5.626,-0.383,-0.395,-0.651,2025-03-25,00Z-ECE,GWUS
2025-03-29,9.581,-6.295,-0.6,-1.005,-0.95,2025-03-25,00Z-ECE,GWUS
2025-03-30,12.046,-3.975,,-0.329,0.194,2025-03-25,00Z-ECE,GWUS
2025-03-31,14.351,-1.582,,-0.243,0.279,2025-03-25,00Z-ECE,GWUS
2025-04-01,16.816,1.243,,0.204,1.095,2025-03-25,00Z-ECE,GWUS
2025-04-02,16.363,1.34,,0.859,1.613,2025-03-25,00Z-ECE,GWUS
2025-04-03,15.192,-0.466,,0.95,1.673,2025-03-25,00Z-ECE,GWUS
2025-04-04,14.957,-1.136,,1.37,2.755,2025-03-25,00Z-ECE,GWUS
2025-04-05,14.598,-0.566,,2.052,2.868,2025-03-25,00Z-ECE,GWUS
2025-04-06,14.31,-0.236,,2.12,2.193,2025-03-25,00Z-ECE,GWUS
2025-04-07,14.406,-0.143,,1.981,,2025-03-25,00Z-ECE,GWUS
2025-03-26,15.048,-2.024,-0.146,-0.186,-0.259,2025-03-26,00Z-ECE,GWUS
2025-03-27,13.546,-2.874,0.047,-0.106,-0.625,2025-03-26,00Z-ECE,GWUS
2025-03-28,10.586,-5.484,0.273,0.17,0.142,2025-03-26,00Z-ECE,GWUS
2025-03-29,9.304,-6.571,-0.137,-0.17,-0.276,2025-03-26,00Z-ECE,GWUS
2025-03-30,10.841,-5.179,-0.316,-0.718,-1.205,2025-03-26,00Z-ECE,GWUS
2025-03-31,13.552,-2.381,,-1.022,-0.8,2025-03-26,00Z-ECE,GWUS
2025-04-01,17.139,1.566,,-0.097,0.323,2025-03-26,00Z-ECE,GWUS
2025-04-02,16.047,1.024,,0.166,-0.316,2025-03-26,00Z-ECE,GWUS
2025-04-03,13.681,-1.976,,0.324,-1.51,2025-03-26,00Z-ECE,GWUS
2025-04-04,13.623,-2.47,,0.956,-1.334,2025-03-26,00Z-ECE,GWUS
2025-04-05,13.461,-1.703,,1.58,-1.137,2025-03-26,00Z-ECE,GWUS
2025-04-06,13.025,-1.521,,1.194,-1.285,2025-03-26,00Z-ECE,GWUS
2025-04-07,13.387,-1.162,,0.889,-1.019,2025-03-26,00Z-ECE,GWUS
2025-04-08,14.444,-0.362,,1.51,,2025-03-26,00Z-ECE,GWUS
2025-03-27,13.452,-2.969,-0.116,-0.049,-0.095,2025-03-27,00Z-ECE,GWUS
2025-03-28,10.039,-6.031,-0.142,-0.305,-0.547,2025-03-27,00Z-ECE,GWUS
2025-03-29,9.283,-6.592,-0.091,-0.102,-0.021,2025-03-27,00Z-ECE,GWUS
2025-03-30,10.7,-5.321,-0.102,-0.192,-0.141,2025-03-27,00Z-ECE,GWUS
2025-03-31,11.886,-4.047,-0.437,-0.862,-1.665,2025-03-27,00Z-ECE,GWUS
2025-04-01,15.768,0.195,,-0.574,-1.371,2025-03-27,00Z-ECE,GWUS
2025-04-02,14.587,-0.435,,-0.554,-1.459,2025-03-27,00Z-ECE,GWUS
2025-04-03,11.822,-3.835,,-1.544,-1.859,2025-03-27,00Z-ECE,GWUS
2025-04-04,12.438,-3.655,,-1.947,-1.185,2025-03-27,00Z-ECE,GWUS
2025-04-05,13.21,-1.954,,-0.967,-0.251,2025-03-27,00Z-ECE,GWUS
2025-04-06,13.03,-1.516,,-0.404,0.005,2025-03-27,00Z-ECE,GWUS
2025-04-07,13.303,-1.246,,-0.689,-0.084,2025-03-27,00Z-ECE,GWUS
2025-04-08,14.443,-0.362,,-0.762,-0.001,2025-03-27,00Z-ECE,GWUS
2025-04-09,14.967,0.677,,-0.646,,2025-03-27,00Z-ECE,GWUS
2025-03-28,9.705,-6.365,-0.253,-0.218,-0.328,2025-03-28,00Z-ECE,GWUS
2025-03-29,9.165,-6.71,0.034,-0.071,-0.118,2025-03-28,00Z-ECE,GWUS
2025-03-30,10.638,-5.382,0.139,-0.083,-0.061,2025-03-28,00Z-ECE,GWUS
2025-03-31,12.157,-3.776,0.318,0.058,0.264,2025-03-28,00Z-ECE,GWUS
2025-04-01,16.494,0.921,0.127,0.346,0.726,2025-03-28,00Z-ECE,GWUS
2025-04-02,15.105,0.083,,0.222,0.518,2025-03-28,00Z-ECE,GWUS
2025-04-03,12.162,-3.495,,-0.147,0.34,2025-03-28,00Z-ECE,GWUS
2025-04-04,12.204,-3.889,,-0.861,-0.234,2025-03-28,00Z-ECE,GWUS
2025-04-05,13.009,-2.155,,-1.038,-0.201,2025-03-28,00Z-ECE,GWUS
2025-04-06,13.731,-0.816,,-0.413,0.701,2025-03-28,00Z-ECE,GWUS
2025-04-07,15.618,1.069,,-0.228,2.315,2025-03-28,00Z-ECE,GWUS
2025-04-08,17.357,2.552,,-0.184,2.914,2025-03-28,00Z-ECE,GWUS
2025-04-09,17.489,3.199,,0.044,2.522,2025-03-28,00Z-ECE,GWUS
2025-04-10,16.753,3.097,,0.462,,2025-03-28,00Z-ECE,GWUS
2025-03-29,9.058,-6.817,-0.221,-0.085,-0.107,2025-03-29,00Z-ECE,GWUS
2025-03-30,10.376,-5.644,-0.075,-0.157,-0.262,2025-03-29,00Z-ECE,GWUS
2025-03-31,12.289,-3.644,0.028,-0.264,0.138,2025-03-29,00Z-ECE,GWUS
2025-04-01,16.893,1.319,0.246,0.042,0.398,2025-03-29,00Z-ECE,GWUS
2025-04-02,14.862,-0.161,0.096,0.261,-0.244,2025-03-29,00Z-ECE,GWUS
2025-04-03,11.759,-3.899,,0.402,-0.403,2025-03-29,00Z-ECE,GWUS
2025-04-04,12.057,-4.036,,0.521,-0.148,2025-03-29,00Z-ECE,GWUS
2025-04-05,13.134,-2.031,,0.576,0.125,2025-03-29,00Z-ECE,GWUS
2025-04-06,13.406,-1.14,,0.332,-0.325,2025-03-29,00Z-ECE,GWUS
2025-04-07,16.35,1.801,,0.929,0.732,2025-03-29,00Z-ECE,GWUS
2025-04-08,18.74,3.934,,0.574,1.383,2025-03-29,00Z-ECE,GWUS
2025-04-09,18.104,3.813,,-0.295,0.615,2025-03-29,00Z-ECE,GWUS
2025-04-10,16.38,2.724,,-0.263,-0.373,2025-03-29,00Z-ECE,GWUS
2025-04-11,15.004,1.738,,-0.033,,2025-03-29,00Z-ECE,GWUS
2025-03-30,10.536,-5.484,0.037,0.105,0.16,2025-03-30,00Z-ECE,GWUS
2025-03-31,12.0,-3.933,-0.097,-0.092,-0.289,2025-03-30,00Z-ECE,GWUS
2025-04-01,16.309,0.736,-0.122,-0.413,-0.584,2025-03-30,00Z-ECE,GWUS
2025-04-02,14.613,-0.41,0.05,-0.167,-0.249,2025-03-30,00Z-ECE,GWUS
2025-04-03,11.82,-3.837,0.176,0.171,0.061,2025-03-30,00Z-ECE,GWUS
2025-04-04,12.479,-3.614,,-0.05,0.422,2025-03-30,00Z-ECE,GWUS
2025-04-05,14.656,-0.509,,0.729,1.522,2025-03-30,00Z-ECE,GWUS
2025-04-06,15.612,1.065,,1.372,2.206,2025-03-30,00Z-ECE,GWUS
2025-04-07,19.065,4.517,,1.321,2.715,2025-03-30,00Z-ECE,GWUS
2025-04-08,20.802,5.997,,1.011,2.062,2025-03-30,00Z-ECE,GWUS
2025-04-09,19.714,5.424,,0.776,1.61,2025-03-30,00Z-ECE,GWUS
2025-04-10,17.318,3.662,,0.49,0.937,2025-03-30,00Z-ECE,GWUS
2025-04-11,15.018,1.752,,-0.033,0.014,2025-03-30,00Z-ECE,GWUS
2025-04-12,14.101,0.773,,0.179,,2025-03-30,00Z-ECE,GWUS
2025-03-31,12.261,-3.671,-0.037,0.243,0.262,2025-03-31,00Z-ECE,GWUS
2025-04-01,16.584,1.01,0.0,0.207,0.275,2025-03-31,00Z-ECE,GWUS
2025-04-02,14.677,-0.346,0.049,-0.062,0.064,2025-03-31,00Z-ECE,GWUS
2025-04-03,11.871,-3.787,0.147,0.156,0.051,2025-03-31,00Z-ECE,GWUS
2025-04-04,12.366,-3.727,0.52,0.328,-0.113,2025-03-31,00Z-ECE,GWUS
2025-04-05,14.091,-1.073,,-0.111,-0.564,2025-03-31,00Z-ECE,GWUS
2025-04-06,15.18,0.633,,0.052,-0.432,2025-03-31,00Z-ECE,GWUS
2025-04-07,18.616,4.068,,0.642,-0.449,2025-03-31,00Z-ECE,GWUS
2025-04-08,19.836,5.031,,0.134,-0.966,2025-03-31,00Z-ECE,GWUS
2025-04-09,17.611,3.32,,-0.94,-2.104,2025-03-31,00Z-ECE,GWUS
2025-04-10,14.887,1.231,,-1.941,-2.431,2025-03-31,00Z-ECE,GWUS
2025-04-11,13.785,0.518,,-1.744,-1.233,2025-03-31,00Z-ECE,GWUS
2025-04-12,13.949,0.621,,-1.069,-0.152,2025-03-31,00Z-ECE,GWUS
2025-04-13,13.425,0.255,,-0.823,,2025-03-31,00Z-ECE,GWUS
2025-04-01,16.762,1.189,-0.25,-0.217,0.179,2025-04-01,00Z-ECE,GWUS
2025-04-02,14.891,-0.131,0.031,0.024,0.214,2025-04-01,00Z-ECE,GWUS
2025-04-03,11.956,-3.701,0.013,-0.097,0.085,2025-04-01,00Z-ECE,GWUS
2025-04-04,12.15,-3.942,-0.184,-0.306,-0.216,2025-04-01,00Z-ECE,GWUS
2025-04-05,13.572,-1.592,-0.149,-0.423,-0.519,2025-04-01,00Z-ECE,GWUS
2025-04-06,14.809,0.263,,-0.461,-0.371,2025-04-01,00Z-ECE,GWUS
2025-04-07,18.471,3.922,,-0.455,-0.159,2025-04-01,00Z-ECE,GWUS
2025-04-08,19.843,5.038,,0.181,0.007,2025-04-01,00Z-ECE,GWUS
2025-04-09,15.928,1.638,,-1.226,-1.682,2025-04-01,00Z-ECE,GWUS
2025-04-10,11.878,-1.778,,-2.27,-3.009,2025-04-01,00Z-ECE,GWUS
2025-04-11,11.345,-1.922,,-1.587,-2.44,2025-04-01,00Z-ECE,GWUS
2025-04-12,12.464,-0.864,,-0.658,-1.486,2025-04-01,00Z-ECE,GWUS
2025-04-13,12.643,-0.526,,-0.047,-0.781,2025-04-01,00Z-ECE,GWUS
2025-04-14,11.929,-0.979,,0.169,,2025-04-01,00Z-ECE,GWUS
2025-04-02,14.675,-0.348,-0.196,-0.276,-0.217,2025-04-02,00Z-ECE,GWUS
2025-04-03,11.942,-3.716,-0.094,-0.073,-0.015,2025-04-02,00Z-ECE,GWUS
2025-04-04,12.209,-3.884,-0.083,-0.231,0.058,2025-04-02,00Z-ECE,GWUS
2025-04-05,13.374,-1.791,-0.018,-0.163,-0.199,2025-04-02,00Z-ECE,GWUS
2025-04-06,14.768,0.222,0.162,0.182,-0.041,2025-04-02,00Z-ECE,GWUS
2025-04-07,17.578,3.029,,-0.177,-0.889,2025-04-02,00Z-ECE,GWUS
2025-04-08,20.392,5.587,,0.135,0.549,2025-04-02,00Z-ECE,GWUS
2025-04-09,17.984,3.693,,1.117,2.055,2025-04-02,00Z-ECE,GWUS
2025-04-10,13.209,-0.447,,0.638,1.331,2025-04-02,00Z-ECE,GWUS
2025-04-11,11.766,-1.501,,0.343,0.421,2025-04-02,00Z-ECE,GWUS
2025-04-12,12.242,-1.086,,0.131,-0.221,2025-04-02,00Z-ECE,GWUS
2025-04-13,11.998,-1.171,,-0.039,-0.646,2025-04-02,00Z-ECE,GWUS
2025-04-14,11.379,-1.529,,-0.184,-0.55,2025-04-02,00Z-ECE,GWUS
2025-04-15,11.255,-1.44,,0.11,,2025-04-02,00Z-ECE,GWUS
2025-04-03,12.091,-3.566,0.197,0.219,0.149,2025-04-03,00Z-ECE,GWUS
2025-04-04,12.371,-3.722,0.259,0.139,0.162,2025-04-03,00Z-ECE,GWUS
2025-04-05,13.644,-1.52,0.123,0.254,0.27,2025-04-03,00Z-ECE,GWUS
2025-04-06,15.424,0.878,0.241,0.677,0.656,2025-04-03,00Z-ECE,GWUS
2025-04-07,18.041,3.493,0.147,0.108,0.463,2025-04-03,00Z-ECE,GWUS
2025-04-08,20.904,6.098,,0.418,0.512,2025-04-03,00Z-ECE,GWUS
2025-04-09,18.89,4.599,,1.391,0.906,2025-04-03,00Z-ECE,GWUS
2025-04-10,14.548,0.892,,1.795,1.339,2025-04-03,00Z-ECE,GWUS
2025-04-11,12.606,-0.661,,1.615,0.833,2025-04-03,00Z-ECE,GWUS
2025-04-12,12.586,-0.742,,1.055,0.344,2025-04-03,00Z-ECE,GWUS
2025-04-13,11.78,-1.389,,0.069,-0.217,2025-04-03,00Z-ECE,GWUS
2025-04-14,10.489,-2.419,,-0.783,-0.89,2025-04-03,00Z-ECE,GWUS
2025-04-15,10.042,-2.653,,-0.772,-1.213,2025-04-03,00Z-ECE,GWUS
2025-04-16,10.864,-1.688,,-0.495,,2025-04-03,00Z-ECE,GWUS
2025-04-04,12.488,-3.605,-0.12,-0.09,0.117,2025-04-04,00Z-ECE,GWUS
2025-04-05,13.75,-1.414,0.006,0.088,0.106,2025-04-04,00Z-ECE,GWUS
2025-04-06,15.827,1.281,-0.269,-0.238,0.403,2025-04-04,00Z-ECE,GWUS
2025-04-07,18.265,3.717,-0.189,-0.361,0.224,2025-04-04,00Z-ECE,GWUS
2025-04-08,21.293,6.488,0.121,0.202,0.39,2025-04-04,00Z-ECE,GWUS
2025-04-09,18.625,4.335,,0.308,-0.265,2025-04-04,00Z-ECE,GWUS
2025-04-10,13.711,0.055,,0.113,-0.836,2025-04-04,00Z-ECE,GWUS
2025-04-11,11.509,-1.757,,0.029,-1.072,2025-04-04,00Z-ECE,GWUS
2025-04-12,11.567,-1.761,,0.235,-1.019,2025-04-04,00Z-ECE,GWUS
2025-04-13,10.792,-2.378,,0.114,-0.989,2025-04-04,00Z-ECE,GWUS
2025-04-14,9.649,-3.258,,-0.305,-0.839,2025-04-04,00Z-ECE,GWUS
2025-04-15,9.575,-3.12,,-0.527,-0.467,2025-04-04,00Z-ECE,GWUS
2025-04-16,10.807,-1.744,,-0.266,-0.057,2025-04-04,00Z-ECE,GWUS
2025-04-17,11.907,-0.204,,0.316,,2025-04-04,00Z-ECE,GWUS
2025-04-05,13.67,-1.494,-0.161,-0.126,-0.08,2025-04-05,00Z-ECE,GWUS
2025-04-06,15.731,1.185,-0.018,-0.008,-0.096,2025-04-05,00Z-ECE,GWUS
2025-04-07,18.101,3.553,-0.068,-0.091,-0.164,2025-04-05,00Z-ECE,GWUS
2025-04-08,20.803,5.998,-0.22,-0.145,-0.49,2025-04-05,00Z-ECE,GWUS
2025-04-09,18.432,4.142,0.341,0.265,-0.193,2025-04-05,00Z-ECE,GWUS
2025-04-10,14.064,0.409,,0.29,0.353,2025-04-05,00Z-ECE,GWUS
2025-04-11,12.055,-1.211,,-0.031,0.546,2025-04-05,00Z-ECE,GWUS
2025-04-12,11.984,-1.344,,-0.045,0.417,2025-04-05,00Z-ECE,GWUS
2025-04-13,10.65,-2.519,,-0.469,-0.142,2025-04-05,00Z-ECE,GWUS
2025-04-14,9.188,-3.72,,-0.831,-0.462,2025-04-05,00Z-ECE,GWUS
2025-04-15,9.09,-3.605,,-0.927,-0.486,2025-04-05,00Z-ECE,GWUS
2025-04-16,10.242,-2.309,,-0.829,-0.565,2025-04-05,00Z-ECE,GWUS
2025-04-17,10.791,-1.32,,-1.043,-1.116,2025-04-05,00Z-ECE,GWUS
2025-04-18,10.622,-0.67,,-1.314,,2025-04-05,00Z-ECE,GWUS
2025-04-06,15.855,1.309,-0.475,-0.161,0.115,2025-04-06,00Z-ECE,GWUS
2025-04-07,18.174,3.626,-0.282,-0.077,0.073,2025-04-06,00Z-ECE,GWUS
2025-04-08,20.608,5.802,-0.133,-0.174,-0.195,2025-04-06,00Z-ECE,GWUS
2025-04-09,18.084,3.794,0.085,-0.127,-0.348,2025-04-06,00Z-ECE,GWUS
2025-04-10,14.34,0.684,0.863,0.592,0.275,2025-04-06,00Z-ECE,GWUS
2025-04-11,13.236,-0.031,,0.989,1.181,2025-04-06,00Z-ECE,GWUS
2025-04-12,13.367,0.039,,0.948,1.383,2025-04-06,00Z-ECE,GWUS
2025-04-13,11.721,-1.449,,0.496,1.071,2025-04-06,00Z-ECE,GWUS
2025-04-14,9.755,-3.152,,-0.017,0.567,2025-04-06,00Z-ECE,GWUS
2025-04-15,10.037,-2.658,,0.315,0.947,2025-04-06,00Z-ECE,GWUS
2025-04-16,11.502,-1.05,,0.543,1.259,2025-04-06,00Z-ECE,GWUS
2025-04-17,11.577,-0.533,,0.398,0.787,2025-04-06,00Z-ECE,GWUS
2025-04-18,11.033,-0.258,,-0.119,0.411,2025-04-06,00Z-ECE,GWUS
2025-04-19,10.735,-0.597,,-0.353,,2025-04-06,00Z-ECE,GWUS
2025-04-07,17.931,3.382,-0.297,-0.311,-0.243,2025-04-07,00Z-ECE,GWUS
2025-04-08,20.32,5.515,-0.267,-0.215,-0.287,2025-04-07,00Z-ECE,GWUS
2025-04-09,17.278,2.988,-0.092,-0.246,-0.806,2025-04-07,00Z-ECE,GWUS
2025-04-10,13.116,-0.54,0.009,-0.308,-1.223,2025-04-07,00Z-ECE,GWUS
2025-04-11,12.842,-0.424,0.231,0.096,-0.393,2025-04-07,00Z-ECE,GWUS
2025-04-12,13.396,0.068,,0.268,0.029,2025-04-07,00Z-ECE,GWUS
2025-04-13,12.277,-0.892,,0.529,0.557,2025-04-07,00Z-ECE,GWUS
2025-04-14,10.181,-2.727,,0.516,0.426,2025-04-07,00Z-ECE,GWUS
2025-04-15,10.193,-2.502,,0.238,0.156,2025-04-07,00Z-ECE,GWUS
2025-04-16,11.78,-0.771,,0.255,0.279,2025-04-07,00Z-ECE,GWUS
2025-04-17,12.026,-0.085,,0.149,0.448,2025-04-07,00Z-ECE,GWUS
2025-04-18,11.525,0.234,,0.183,0.492,2025-04-07,00Z-ECE,GWUS
2025-04-19,11.178,-0.154,,0.258,0.443,2025-04-07,00Z-ECE,GWUS
2025-04-20,10.941,-0.571,,0.195,,2025-04-07,00Z-ECE,GWUS
2025-04-08,20.006,5.201,-0.398,-0.328,-0.314,2025-04-08,00Z-ECE,GWUS
2025-04-09,16.957,2.666,-0.481,-0.417,-0.322,2025-04-08,00Z-ECE,GWUS
2025-04-10,13.238,-0.418,-0.236,-0.343,0.122,2025-04-08,00Z-ECE,GWUS
2025-04-11,13.072,-0.194,0.044,-0.22,0.23,2025-04-08,00Z-ECE,GWUS
2025-04-12,13.945,0.617,-0.007,-0.089,0.549,2025-04-08,00Z-ECE,GWUS
2025-04-13,12.296,-0.874,,-0.227,0.019,2025-04-08,00Z-ECE,GWUS
2025-04-14,9.918,-2.99,,-0.155,-0.263,2025-04-08,00Z-ECE,GWUS
2025-04-15,11.074,-1.621,,0.783,0.881,2025-04-08,00Z-ECE,GWUS
2025-04-16,13.71,1.158,,1.046,1.93,2025-04-08,00Z-ECE,GWUS
2025-04-17,12.967,0.856,,0.077,0.941,2025-04-08,00Z-ECE,GWUS
2025-04-18,11.0,-0.291,,-0.475,-0.525,2025-04-08,00Z-ECE,GWUS
2025-04-19,10.647,-0.685,,-0.31,-0.531,2025-04-08,00Z-ECE,GWUS
2025-04-20,10.658,-0.853,,-0.007,-0.282,2025-04-08,00Z-ECE,GWUS
2025-04-21,10.183,-1.521,,-0.016,,2025-04-08,00Z-ECE,GWUS
2025-04-09,16.745,2.455,-0.368,-0.328,-0.212,2025-04-09,00Z-ECE,GWUS
2025-04-10,13.598,-0.058,-0.133,-0.005,0.36,2025-04-09,00Z-ECE,GWUS
2025-04-11,13.674,0.407,-0.148,0.08,0.602,2025-04-09,00Z-ECE,GWUS
2025-04-12,14.659,1.332,-0.151,0.185,0.715,2025-04-09,00Z-ECE,GWUS
2025-04-13,12.891,-0.279,-0.13,-0.053,0.595,2025-04-09,00Z-ECE,GWUS
2025-04-14,10.215,-2.693,,-0.044,0.297,2025-04-09,00Z-ECE,GWUS
2025-04-15,11.165,-1.53,,-0.171,0.091,2025-04-09,00Z-ECE,GWUS
2025-04-16,14.418,1.867,,0.059,0.708,2025-04-09,00Z-ECE,GWUS
2025-04-17,13.936,1.825,,0.512,0.969,2025-04-09,00Z-ECE,GWUS
2025-04-18,11.753,0.462,,0.113,0.753,2025-04-09,00Z-ECE,GWUS
2025-04-19,11.561,0.229,,-0.64,0.914,2025-04-09,00Z-ECE,GWUS
2025-04-20,11.821,0.309,,-0.696,1.163,2025-04-09,00Z-ECE,GWUS
2025-04-21,10.75,-0.954,,-0.972,0.567,2025-04-09,00Z-ECE,GWUS
2025-04-22,9.918,-1.905,,-0.534,,2025-04-09,00Z-ECE,GWUS
2025-04-10,13.574,-0.082,-0.022,-0.031,-0.024,2025-04-10,00Z-ECE,GWUS
2025-04-11,13.962,0.696,0.041,0.162,0.279,2025-04-10,00Z-ECE,GWUS
2025-04-12,14.631,1.303,-0.064,-0.052,-0.028,2025-04-10,00Z-ECE,GWUS
2025-04-13,12.674,-0.495,-0.247,-0.121,-0.217,2025-04-10,00Z-ECE,GWUS
2025-04-14,10.091,-2.816,-0.298,-0.202,-0.124,2025-04-10,00Z-ECE,GWUS
2025-04-15,11.907,-0.788,,-0.188,0.743,2025-04-10,00Z-ECE,GWUS
2025-04-16,14.707,2.156,,-0.711,0.289,2025-04-10,00Z-ECE,GWUS
2025-04-17,13.718,1.607,,-0.313,-0.159,2025-04-10,00Z-ECE,GWUS
2025-04-18,11.901,0.61,,0.571,0.147,2025-04-10,00Z-ECE,GWUS
2025-04-19,11.251,-0.081,,0.306,-0.31,2025-04-10,00Z-ECE,GWUS
2025-04-20,10.669,-0.842,,-0.298,-1.151,2025-04-10,00Z-ECE,GWUS
2025-04-21,9.703,-2.001,,-0.387,-1.048,2025-04-10,00Z-ECE,GWUS
2025-04-22,9.615,-2.207,,-0.024,-0.303,2025-04-10,00Z-ECE,GWUS
2025-04-23,9.436,-1.962,,0.151,,2025-04-10,00Z-ECE,GWUS
2025-04-11,13.815,0.548,-0.003,-0.005,-0.148,2025-04-11,00Z-ECE,GWUS
2025-04-12,14.596,1.268,0.093,0.08,-0.035,2025-04-11,00Z-ECE,GWUS
2025-04-13,12.424,-0.745,0.101,0.025,-0.25,2025-04-11,00Z-ECE,GWUS
2025-04-14,9.884,-3.024,0.019,-0.116,-0.207,2025-04-11,00Z-ECE,GWUS
2025-04-15,11.467,-1.228,-0.349,-0.521,-0.44,2025-04-11,00Z-ECE,GWUS
2025-04-16,13.902,1.351,,-0.348,-0.805,2025-04-11,00Z-ECE,GWUS
2025-04-17,13.071,0.961,,0.289,-0.641,2025-04-11,00Z-ECE,GWUS
2025-04-18,12.206,0.914,,0.635,0.305,2025-04-11,00Z-ECE,GWUS
2025-04-19,13.685,2.353,,1.493,2.468,2025-04-11,00Z-ECE,GWUS
2025-04-20,12.699,1.188,,1.65,2.03,2025-04-11,00Z-ECE,GWUS
2025-04-21,10.85,-0.854,,1.166,1.147,2025-04-11,00Z-ECE,GWUS
2025-04-22,9.749,-2.073,,0.612,0.134,2025-04-11,00Z-ECE,GWUS
2025-04-23,9.402,-1.996,,0.292,-0.034,2025-04-11,00Z-ECE,GWUS
2025-04-24,9.263,-1.826,,0.062,,2025-04-11,00Z-ECE,GWUS
2025-04-12,14.634,1.306,-0.048,0.102,0.037,2025-04-12,00Z-ECE,GWUS
2025-04-13,12.352,-0.817,0.009,0.063,-0.072,2025-04-12,00Z-ECE,GWUS
2025-04-14,9.852,-3.056,0.0,-0.052,-0.032,2025-04-12,00Z-ECE,GWUS
2025-04-15,11.649,-1.046,-0.049,-0.172,0.182,2025-04-12,00Z-ECE,GWUS
2025-04-16,14.141,1.589,0.15,0.157,0.238,2025-04-12,00Z-ECE,GWUS
2025-04-17,13.181,1.07,,0.441,0.11,2025-04-12,00Z-ECE,GWUS
2025-04-18,11.086,-0.205,,0.048,-1.12,2025-04-12,00Z-ECE,GWUS
2025-04-19,10.0,-1.332,,-1.631,-3.689,2025-04-12,00Z-ECE,GWUS
2025-04-20,10.951,-0.56,,-0.662,-1.749,2025-04-12,00Z-ECE,GWUS
2025-04-21,10.028,-1.676,,0.119,-0.823,2025-04-12,00Z-ECE,GWUS
2025-04-22,8.809,-3.013,,0.008,-0.94,2025-04-12,00Z-ECE,GWUS
2025-04-23,8.409,-2.988,,-0.109,-0.992,2025-04-12,00Z-ECE,GWUS
2025-04-24,8.352,-2.738,,-0.061,-0.912,2025-04-12,00Z-ECE,GWUS
2025-04-25,8.189,-3.156,,-0.261,,2025-04-12,00Z-ECE,GWUS
2025-04-13,12.283,-0.887,-0.107,-0.091,-0.07,2025-04-13,00Z-ECE,GWUS
2025-04-14,9.688,-3.219,-0.135,-0.18,-0.164,2025-04-13,00Z-ECE,GWUS
2025-04-15,11.312,-1.383,-0.228,-0.422,-0.337,2025-04-13,00Z-ECE,GWUS
2025-04-16,13.786,1.234,0.021,-0.135,-0.355,2025-04-13,00Z-ECE,GWUS
2025-04-17,12.94,0.829,0.257,0.103,-0.241,2025-04-13,00Z-ECE,GWUS
2025-04-18,10.989,-0.303,,0.141,-0.097,2025-04-13,00Z-ECE,GWUS
2025-04-19,10.025,-1.307,,-0.243,0.026,2025-04-13,00Z-ECE,GWUS
2025-04-20,11.278,-0.233,,0.029,0.327,2025-04-13,00Z-ECE,GWUS
2025-04-21,9.734,-1.97,,0.049,-0.293,2025-04-13,00Z-ECE,GWUS
2025-04-22,8.242,-3.58,,-0.405,-0.567,2025-04-13,00Z-ECE,GWUS
2025-04-23,8.052,-3.345,,-0.396,-0.357,2025-04-13,00Z-ECE,GWUS
2025-04-24,8.37,-2.719,,-0.255,0.019,2025-04-13,00Z-ECE,GWUS
2025-04-25,8.7,-2.645,,-0.04,0.512,2025-04-13,00Z-ECE,GWUS
2025-04-26,8.802,-2.829,,0.035,,2025-04-13,00Z-ECE,GWUS
2025-04-14,9.463,-3.444,-0.263,-0.274,-0.225,2025-04-14,00Z-ECE,GWUS
2025-04-15,11.275,-1.42,-0.348,-0.117,-0.037,2025-04-14,00Z-ECE,GWUS
2025-04-16,13.884,1.332,-0.101,0.06,0.098,2025-04-14,00Z-ECE,GWUS
2025-04-17,12.723,0.613,-0.063,0.085,-0.217,2025-04-14,00Z-ECE,GWUS
2025-04-18,10.701,-0.591,-0.108,-0.085,-0.288,2025-04-14,00Z-ECE,GWUS
2025-04-19,9.702,-1.63,,-0.523,-0.324,2025-04-14,00Z-ECE,GWUS
2025-04-20,11.21,-0.302,,-0.205,-0.069,2025-04-14,00Z-ECE,GWUS
2025-04-21,10.175,-1.529,,0.571,0.44,2025-04-14,00Z-ECE,GWUS
2025-04-22,8.911,-2.912,,0.665,0.668,2025-04-14,00Z-ECE,GWUS
2025-04-23,8.692,-2.706,,0.424,0.639,2025-04-14,00Z-ECE,GWUS
2025-04-24,8.717,-2.372,,0.188,0.347,2025-04-14,00Z-ECE,GWUS
2025-04-25,8.645,-2.7,,-0.188,-0.055,2025-04-14,00Z-ECE,GWUS
2025-04-26,8.619,-3.012,,-0.39,-0.183,2025-04-14,00Z-ECE,GWUS
2025-04-27,8.609,-2.763,,-0.29,,2025-04-14,00Z-ECE,GWUS
2025-04-15,11.262,-1.433,-0.16,-0.071,-0.012,2025-04-15,00Z-ECE,GWUS
2025-04-16,13.801,1.25,-0.003,0.052,-0.082,2025-04-15,00Z-ECE,GWUS
2025-04-17,12.774,0.664,-0.044,-0.047,0.051,2025-04-15,00Z-ECE,GWUS
2025-04-18,10.781,-0.51,-0.081,0.069,0.081,2025-04-15,00Z-ECE,GWUS
2025-04-19,10.121,-1.211,0.063,0.164,0.419,2025-04-15,00Z-ECE,GWUS
2025-04-20,11.475,-0.036,,0.111,0.265,2025-04-15,00Z-ECE,GWUS
2025-04-21,9.976,-1.728,,-0.213,-0.199,2025-04-15,00Z-ECE,GWUS
2025-04-22,8.469,-3.353,,-0.344,-0.442,2025-04-15,00Z-ECE,GWUS
2025-04-23,8.659,-2.739,,-0.019,-0.033,2025-04-15,00Z-ECE,GWUS
2025-04-24,8.84,-2.249,,0.172,0.122,2025-04-15,00Z-ECE,GWUS
2025-04-25,9.169,-2.176,,0.041,0.524,2025-04-15,00Z-ECE,GWUS
2025-04-26,9.175,-2.456,,-0.142,0.556,2025-04-15,00Z-ECE,GWUS
2025-04-27,8.999,-2.374,,-0.232,0.39,2025-04-15,00Z-ECE,GWUS
2025-04-28,8.866,-2.065,,-0.001,,2025-04-15,00Z-ECE,GWUS
2025-04-16,13.559,1.007,-0.074,0.011,-0.243,2025-04-16,00Z-ECE,GWUS
2025-04-17,12.697,0.587,-0.017,-0.014,-0.077,2025-04-16,00Z-ECE,GWUS
2025-04-18,10.432,-0.859,-0.082,-0.26,-0.349,2025-04-16,00Z-ECE,GWUS
2025-04-19,9.503,-1.829,-0.043,-0.4,-0.618,2025-04-16,00Z-ECE,GWUS
2025-04-20,10.314,-1.197,-0.139,-0.634,-1.161,2025-04-16,00Z-ECE,GWUS
2025-04-21,9.764,-1.94,,-0.299,-0.212,2025-04-16,00Z-ECE,GWUS
2025-04-22,8.674,-3.148,,-0.152,0.205,2025-04-16,00Z-ECE,GWUS
2025-04-23,8.122,-3.275,,-0.443,-0.536,2025-04-16,00Z-ECE,GWUS
2025-04-24,8.163,-2.927,,-0.493,-0.677,2025-04-16,00Z-ECE,GWUS
2025-04-25,8.387,-2.958,,-0.522,-0.782,2025-04-16,00Z-ECE,GWUS
2025-04-26,8.374,-3.257,,-0.497,-0.801,2025-04-16,00Z-ECE,GWUS
2025-04-27,8.25,-3.123,,-0.496,-0.749,2025-04-16,00Z-ECE,GWUS
2025-04-28,8.147,-2.784,,-0.445,-0.719,2025-04-16,00Z-ECE,GWUS
2025-04-29,7.956,-2.445,,-0.415,,2025-04-16,00Z-ECE,GWUS
2025-04-17,12.282,0.172,-0.101,-0.25,-0.415,2025-04-17,00Z-ECE,GWUS
2025-04-18,10.149,-1.142,-0.068,-0.196,-0.283,2025-04-17,00Z-ECE,GWUS
2025-04-19,9.145,-2.187,-0.116,-0.075,-0.358,2025-04-17,00Z-ECE,GWUS
2025-04-20,10.021,-1.49,-0.091,0.33,-0.293,2025-04-17,00Z-ECE,GWUS
2025-04-21,9.313,-2.391,-0.335,-0.64,-0.451,2025-04-17,00Z-ECE,GWUS
2025-04-22,8.452,-3.37,,-0.817,-0.222,2025-04-17,00Z-ECE,GWUS
2025-04-23,8.188,-3.21,,-0.23,0.065,2025-04-17,00Z-ECE,GWUS
2025-04-24,7.907,-3.182,,-0.08,-0.256,2025-04-17,00Z-ECE,GWUS
2025-04-25,8.045,-3.3,,0.174,-0.342,2025-04-17,00Z-ECE,GWUS
2025-04-26,8.221,-3.411,,0.526,-0.153,2025-04-17,00Z-ECE,GWUS
2025-04-27,8.482,-2.891,,0.612,0.232,2025-04-17,00Z-ECE,GWUS
2025-04-28,8.288,-2.643,,0.434,0.141,2025-04-17,00Z-ECE,GWUS
2025-04-29,7.542,-2.858,,-0.246,-0.424,2025-04-17,00Z-ECE,GWUS
2025-04-30,7.272,-2.689,,-0.382,,2025-04-17,00Z-ECE,GWUS
2025-04-18,9.891,-1.4,-0.278,-0.126,-0.258,2025-04-18,00Z-ECE,GWUS
2025-04-19,8.837,-2.495,-0.252,-0.108,-0.308,2025-04-18,00Z-ECE,GWUS
2025-04-20,9.74,-1.771,-0.181,-0.106,-0.281,2025-04-18,00Z-ECE,GWUS
2025-04-21,9.08,-2.624,-0.132,-0.295,-0.233,2025-04-18,00Z-ECE,GWUS
2025-04-22,8.254,-3.568,-0.032,-0.345,-0.198,2025-04-18,00Z-ECE,GWUS
2025-04-23,7.69,-3.707,,-0.353,-0.497,2025-04-18,00Z-ECE,GWUS
2025-04-24,7.338,-3.751,,-0.28,-0.569,2025-04-18,00Z-ECE,GWUS
2025-04-25,7.249,-4.096,,-0.329,-0.796,2025-04-18,00Z-ECE,GWUS
2025-04-26,7.659,-3.972,,-0.309,-0.562,2025-04-18,00Z-ECE,GWUS
2025-04-27,8.206,-3.167,,-0.188,-0.276,2025-04-18,00Z-ECE,GWUS
2025-04-28,8.033,-2.898,,-0.18,-0.255,2025-04-18,00Z-ECE,GWUS
2025-04-29,7.394,-3.006,,-0.472,-0.148,2025-04-18,00Z-ECE,GWUS
2025-04-30,7.122,-2.839,,-0.402,-0.15,2025-04-18,00Z-ECE,GWUS
2025-05-01,7.35,-2.524,,-0.348,,2025-04-18,00Z-ECE,GWUS
2025-04-19,8.846,-2.486,-0.082,0.063,0.008,2025-04-19,00Z-ECE,GWUS
2025-04-20,9.606,-1.905,-0.199,-0.149,-0.134,2025-04-19,00Z-ECE,GWUS
2025-04-21,9.155,-2.549,0.013,-0.064,0.076,2025-04-19,00Z-ECE,GWUS
2025-04-22,8.272,-3.55,-0.014,-0.087,0.017,2025-04-19,00Z-ECE,GWUS
2025-04-23,7.715,-3.683,-0.285,-0.13,0.025,2025-04-19,00Z-ECE,GWUS
2025-04-24,7.252,-3.838,,-0.073,-0.087,2025-04-19,00Z-ECE,GWUS
2025-04-25,7.043,-4.302,,-0.149,-0.206,2025-04-19,00Z-ECE,GWUS
2025-04-26,7.668,-3.963,,0.134,0.009,2025-04-19,00Z-ECE,GWUS
2025-04-27,8.533,-2.84,,0.255,0.327,2025-04-19,00Z-ECE,GWUS
2025-04-28,8.473,-2.457,,0.376,0.441,2025-04-19,00Z-ECE,GWUS
2025-04-29,7.434,-2.966,,0.121,0.04,2025-04-19,00Z-ECE,GWUS
2025-04-30,6.753,-3.208,,-0.184,-0.369,2025-04-19,00Z-ECE,GWUS
2025-05-01,6.849,-3.025,,-0.176,-0.501,2025-04-19,00Z-ECE,GWUS
2025-05-02,7.165,-2.753,,-0.122,,2025-04-19,00Z-ECE,GWUS
2025-04-20,9.499,-2.012,-0.089,-0.085,-0.107,2025-04-20,00Z-ECE,GWUS
2025-04-21,9.244,-2.46,0.025,0.004,0.089,2025-04-20,00Z-ECE,GWUS
2025-04-22,8.304,-3.518,-0.015,-0.084,0.032,2025-04-20,00Z-ECE,GWUS
2025-04-23,7.826,-3.572,0.029,0.008,0.111,2025-04-20,00Z-ECE,GWUS
2025-04-24,7.432,-3.657,0.033,0.011,0.18,2025-04-20,00Z-ECE,GWUS
2025-04-25,7.168,-4.176,,-0.194,0.126,2025-04-20,00Z-ECE,GWUS
2025-04-26,7.803,-3.828,,-0.417,0.135,2025-04-20,00Z-ECE,GWUS
2025-04-27,8.786,-2.587,,-0.443,0.253,2025-04-20,00Z-ECE,GWUS
2025-04-28,8.289,-2.642,,-0.278,-0.185,2025-04-20,00Z-ECE,GWUS
2025-04-29,7.075,-3.326,,-0.07,-0.36,2025-04-20,00Z-ECE,GWUS
2025-04-30,6.655,-3.306,,-0.129,-0.098,2025-04-20,00Z-ECE,GWUS
2025-05-01,7.118,-2.756,,-0.137,0.269,2025-04-20,00Z-ECE,GWUS
2025-05-02,7.502,-2.416,,-0.061,0.337,2025-04-20,00Z-ECE,GWUS
2025-05-03,7.688,-2.099,,0.037,,2025-04-20,00Z-ECE,GWUS
2025-04-21,8.989,-2.715,-0.171,-0.304,-0.255,2025-04-21,00Z-ECE,GWUS
2025-04-22,8.153,-3.669,-0.042,-0.176,-0.151,2025-04-21,00Z-ECE,GWUS
2025-04-23,7.694,-3.703,-0.003,-0.079,-0.132,2025-04-21,00Z-ECE,GWUS
2025-04-24,7.304,-3.786,-0.014,-0.1,-0.128,2025-04-21,00Z-ECE,GWUS
2025-04-25,7.25,-4.095,-0.076,-0.18,0.081,2025-04-21,00Z-ECE,GWUS
2025-04-26,8.405,-3.226,,-0.141,0.602,2025-04-21,00Z-ECE,GWUS
2025-04-27,9.606,-1.766,,-0.32,0.82,2025-04-21,00Z-ECE,GWUS
2025-04-28,8.264,-2.666,,-0.508,-0.025,2025-04-21,00Z-ECE,GWUS
2025-04-29,6.665,-3.735,,-0.639,-0.409,2025-04-21,00Z-ECE,GWUS
2025-04-30,6.541,-3.42,,-0.64,-0.114,2025-04-21,00Z-ECE,GWUS
2025-05-01,7.189,-2.685,,-0.656,0.071,2025-04-21,00Z-ECE,GWUS
2025-05-02,7.44,-2.477,,-0.564,-0.062,2025-04-21,00Z-ECE,GWUS
2025-05-03,7.432,-2.355,,-0.306,-0.256,2025-04-21,00Z-ECE,GWUS
2025-05-04,7.582,-1.908,,-0.196,,2025-04-21,00Z-ECE,GWUS
2025-04-22,8.092,-3.73,0.021,-0.051,-0.061,2025-04-22,00Z-ECE,GWUS
2025-04-23,7.45,-3.947,0.017,-0.023,-0.244,2025-04-22,00Z-ECE,GWUS
2025-04-24,7.154,-3.935,0.055,-0.06,-0.15,2025-04-22,00Z-ECE,GWUS
2025-04-25,6.925,-4.419,-0.042,-0.07,-0.325,2025-04-22,00Z-ECE,GWUS
2025-04-26,8.137,-3.494,0.095,0.292,-0.268,2025-04-22,00Z-ECE,GWUS
2025-04-27,8.893,-2.48,,0.279,-0.714,2025-04-22,00Z-ECE,GWUS
2025-04-28,8.039,-2.891,,0.26,-0.225,2025-04-22,00Z-ECE,GWUS
2025-04-29,6.723,-3.677,,-0.123,0.068,2025-04-22,00Z-ECE,GWUS
2025-04-30,6.192,-3.769,,-0.343,-0.349,2025-04-22,00Z-ECE,GWUS
2025-05-01,6.38,-3.495,,-0.22,-0.809,2025-04-22,00Z-ECE,GWUS
2025-05-02,6.41,-3.508,,-0.502,-1.03,2025-04-22,00Z-ECE,GWUS
2025-05-03,6.514,-3.273,,-0.643,-0.918,2025-04-22,00Z-ECE,GWUS
2025-05-04,6.942,-2.549,,-0.558,-0.64,2025-04-22,00Z-ECE,GWUS
2025-05-05,7.105,-2.26,,-0.674,,2025-04-22,00Z-ECE,GWUS
2025-04-23,7.582,-3.816,0.039,0.056,0.132,2025-04-23,00Z-ECE,GWUS
2025-04-24,7.255,-3.834,0.026,0.079,0.101,2025-04-23,00Z-ECE,GWUS
2025-04-25,6.92,-4.425,-0.148,-0.09,-0.005,2025-04-23,00Z-ECE,GWUS
2025-04-26,8.547,-3.084,0.041,0.225,0.41,2025-04-23,00Z-ECE,GWUS
2025-04-27,9.441,-1.932,0.155,0.287,0.548,2025-04-23,00Z-ECE,GWUS
2025-04-28,7.996,-2.935,,0.096,-0.044,2025-04-23,00Z-ECE,GWUS
2025-04-29,6.6,-3.8,,0.154,-0.137,2025-04-23,00Z-ECE,GWUS
2025-04-30,6.782,-3.179,,0.416,0.59,2025-04-23,00Z-ECE,GWUS
2025-05-01,7.412,-2.462,,0.553,1.032,2025-04-23,00Z-ECE,GWUS
2025-05-02,7.437,-2.481,,0.527,1.027,2025-04-23,00Z-ECE,GWUS
2025-05-03,7.486,-2.301,,0.583,0.972,2025-04-23,00Z-ECE,GWUS
2025-05-04,7.688,-1.803,,0.399,0.746,2025-04-23,00Z-ECE,GWUS
2025-05-05,7.667,-1.699,,0.336,0.561,2025-04-23,00Z-ECE,GWUS
2025-05-06,7.537,-1.813,,0.377,,2025-04-23,00Z-ECE,GWUS
2025-04-24,7.052,-4.037,0.076,-0.055,-0.203,2025-04-24,00Z-ECE,GWUS
2025-04-25,6.868,-4.477,0.032,0.081,-0.053,2025-04-24,00Z-ECE,GWUS
2025-04-26,8.325,-3.306,0.061,-0.044,-0.222,2025-04-24,00Z-ECE,GWUS
2025-04-27,9.614,-1.759,0.002,0.003,0.173,2025-04-24,00Z-ECE,GWUS
2025-04-28,8.255,-2.676,0.004,0.084,0.259,2025-04-24,00Z-ECE,GWUS
2025-04-29,7.223,-3.177,,0.272,0.623,2025-04-24,00Z-ECE,GWUS
2025-04-30,7.585,-2.376,,0.347,0.803,2025-04-24,00Z-ECE,GWUS
2025-05-01,8.368,-1.507,,0.359,0.956,2025-04-24,00Z-ECE,GWUS
2025-05-02,7.991,-1.927,,0.243,0.554,2025-04-24,00Z-ECE,GWUS
2025-05-03,8.483,-1.304,,0.495,0.996,2025-04-24,00Z-ECE,GWUS
2025-05-04,8.481,-1.01,,0.423,0.793,2025-04-24,00Z-ECE,GWUS
2025-05-05,7.647,-1.718,,0.035,-0.019,2025-04-24,00Z-ECE,GWUS
2025-05-06,7.158,-2.192,,-0.285,-0.384,2025-04-24,00Z-ECE,GWUS
2025-05-07,6.948,-2.29,,-0.527,,2025-04-24,00Z-ECE,GWUS
2025-04-25,6.94,-4.405,0.162,0.178,0.073,2025-04-25,00Z-ECE,GWUS
2025-04-26,8.59,-3.042,0.007,-0.002,0.265,2025-04-25,00Z-ECE,GWUS
2025-04-27,10.18,-1.193,0.1,0.132,0.566,2025-04-25,00Z-ECE,GWUS
2025-04-28,8.386,-2.544,0.027,0.074,0.132,2025-04-25,00Z-ECE,GWUS
2025-04-29,7.696,-2.705,0.328,0.241,0.472,2025-04-25,00Z-ECE,GWUS
2025-04-30,8.048,-1.913,,0.582,0.463,2025-04-25,00Z-ECE,GWUS
2025-05-01,8.82,-1.054,,0.626,0.452,2025-04-25,00Z-ECE,GWUS
2025-05-02,8.119,-1.798,,0.351,0.128,2025-04-25,00Z-ECE,GWUS
2025-05-03,8.46,-1.327,,-0.103,-0.023,2025-04-25,00Z-ECE,GWUS
2025-05-04,8.639,-0.852,,-0.332,0.158,2025-04-25,00Z-ECE,GWUS
2025-05-05,7.696,-1.669,,-0.626,0.049,2025-04-25,00Z-ECE,GWUS
2025-05-06,6.917,-2.433,,-0.625,-0.236,2025-04-25,00Z-ECE,GWUS
2025-05-07,6.814,-2.424,,-0.539,-0.134,2025-04-25,00Z-ECE,GWUS
2025-05-08,6.981,-2.068,,-0.327,,2025-04-25,00Z-ECE,GWUS
2025-04-26,9.004,-2.627,0.079,0.257,0.414,2025-04-26,00Z-ECE,GWUS
2025-04-27,10.188,-1.185,-0.056,0.013,0.008,2025-04-26,00Z-ECE,GWUS
2025-04-28,8.193,-2.738,-0.074,-0.161,-0.194,2025-04-26,00Z-ECE,GWUS
2025-04-29,7.505,-2.895,-0.032,-0.066,-0.19,2025-04-26,00Z-ECE,GWUS
2025-04-30,7.646,-2.315,-0.292,-0.405,-0.402,2025-04-26,00Z-ECE,GWUS
2025-05-01,7.642,-2.232,,-0.801,-1.178,2025-04-26,00Z-ECE,GWUS
2025-05-02,7.415,-2.502,,-0.181,-0.704,2025-04-26,00Z-ECE,GWUS
2025-05-03,9.049,-0.738,,0.625,0.589,2025-04-26,00Z-ECE,GWUS
2025-05-04,9.504,0.013,,0.636,0.865,2025-04-26,00Z-ECE,GWUS
2025-05-05,8.311,-1.054,,0.011,0.615,2025-04-26,00Z-ECE,GWUS
2025-05-06,7.244,-2.106,,-0.294,0.327,2025-04-26,00Z-ECE,GWUS
2025-05-07,7.041,-2.197,,-0.034,0.227,2025-04-26,00Z-ECE,GWUS
2025-05-08,7.21,-1.839,,0.219,0.229,2025-04-26,00Z-ECE,GWUS
2025-05-09,7.218,-1.788,,0.131,,2025-04-26,00Z-ECE,GWUS
2025-04-27,10.055,-1.318,-0.028,-0.065,-0.133,2025-04-27,00Z-ECE,GWUS
2025-04-28,8.335,-2.595,0.023,-0.006,0.142,2025-04-27,00Z-ECE,GWUS
2025-04-29,7.448,-2.952,-0.013,-0.016,-0.057,2025-04-27,00Z-ECE,GWUS
2025-04-30,7.405,-2.555,-0.065,-0.126,-0.241,2025-04-27,00Z-ECE,GWUS
2025-05-01,7.439,-2.436,0.04,-0.118,-0.204,2025-04-27,00Z-ECE,GWUS
2025-05-02,7.136,-2.781,,-0.092,-0.279,2025-04-27,00Z-ECE,GWUS
2025-05-03,8.617,-1.17,,-0.092,-0.432,2025-04-27,00Z-ECE,GWUS
2025-05-04,9.146,-0.345,,-0.12,-0.358,2025-04-27,00Z-ECE,GWUS
2025-05-05,8.401,-0.964,,-0.271,0.09,2025-04-27,00Z-ECE,GWUS
2025-05-06,7.718,-1.633,,-0.26,0.473,2025-04-27,00Z-ECE,GWUS
2025-05-07,7.206,-2.032,,-0.3,0.165,2025-04-27,00Z-ECE,GWUS
2025-05-08,7.387,-1.662,,-0.073,0.177,2025-04-27,00Z-ECE,GWUS
2025-05-09,7.217,-1.789,,-0.175,-0.001,2025-04-27,00Z-ECE,GWUS
2025-05-10,7.076,-2.034,,-0.223,,2025-04-27,00Z-ECE,GWUS
2025-04-28,8.293,-2.637,-0.057,-0.053,-0.042,2025-04-28,00Z-ECE,GWUS
2025-04-29,7.438,-2.962,-0.087,-0.093,-0.01,2025-04-28,00Z-ECE,GWUS
2025-04-30,7.665,-2.296,-0.044,0.088,0.26,2025-04-28,00Z-ECE,GWUS
2025-05-01,7.214,-2.66,-0.205,-0.125,-0.224,2025-04-28,00Z-ECE,GWUS
2025-05-02,6.686,-3.232,-0.348,-0.337,-0.45,2025-04-28,00Z-ECE,GWUS
2025-05-03,8.008,-1.779,,-0.466,-0.609,2025-04-28,00Z-ECE,GWUS
2025-05-04,8.427,-1.064,,-0.268,-0.719,2025-04-28,00Z-ECE,GWUS
2025-05-05,7.503,-1.862,,0.048,-0.898,2025-04-28,00Z-ECE,GWUS
2025-05-06,6.619,-2.731,,-0.026,-1.099,2025-04-28,00Z-ECE,GWUS
2025-05-07,6.052,-3.186,,-0.393,-1.154,2025-04-28,00Z-ECE,GWUS
2025-05-08,5.999,-3.05,,-0.733,-1.388,2025-04-28,00Z-ECE,GWUS
2025-05-09,6.077,-2.929,,-0.8,-1.14,2025-04-28,00Z-ECE,GWUS
2025-05-10,6.129,-2.98,,-1.106,-0.947,2025-04-28,00Z-ECE,GWUS
2025-05-11,6.528,-3.003,,-1.06,,2025-04-28,00Z-ECE,GWUS
2025-04-29,7.608,-2.792,-0.149,0.043,0.17,2025-04-29,00Z-ECE,GWUS
2025-04-30,7.841,-2.12,-0.029,0.215,0.176,2025-04-29,00Z-ECE,GWUS
2025-05-01,7.38,-2.494,0.019,0.099,0.166,2025-04-29,00Z-ECE,GWUS
2025-05-02,6.693,-3.224,0.009,0.046,0.007,2025-04-29,00Z-ECE,GWUS
2025-05-03,7.672,-2.115,-0.028,-0.313,-0.337,2025-04-29,00Z-ECE,GWUS
2025-05-04,8.499,-0.992,,-0.338,0.072,2025-04-29,00Z-ECE,GWUS
2025-05-05,8.042,-1.324,,-0.144,0.539,2025-04-29,00Z-ECE,GWUS
2025-05-06,7.135,-2.215,,-0.052,0.516,2025-04-29,00Z-ECE,GWUS
2025-05-07,6.396,-2.842,,0.017,0.344,2025-04-29,00Z-ECE,GWUS
2025-05-08,6.7,-2.349,,0.179,0.701,2025-04-29,00Z-ECE,GWUS
2025-05-09,6.866,-2.14,,0.291,0.789,2025-04-29,00Z-ECE,GWUS
2025-05-10,6.668,-2.442,,0.182,0.534,2025-04-29,00Z-ECE,GWUS
2025-05-11,6.578,-2.953,,-0.004,0.051,2025-04-29,00Z-ECE,GWUS
2025-05-12,6.506,-3.218,,-0.146,,2025-04-29,00Z-ECE,GWUS
2025-04-30,7.8,-2.161,0.01,-0.045,-0.041,2025-04-30,00Z-ECE,GWUS
2025-05-01,7.282,-2.592,0.02,-0.113,-0.098,2025-04-30,00Z-ECE,GWUS
2025-05-02,6.644,-3.274,-0.044,-0.125,-0.05,2025-04-30,00Z-ECE,GWUS
2025-05-03,7.378,-2.41,-0.156,-0.13,-0.294,2025-04-30,00Z-ECE,GWUS
2025-05-04,8.269,-1.222,-0.196,0.108,-0.23,2025-04-30,00Z-ECE,GWUS
2025-05-05,8.429,-0.936,,0.488,0.388,2025-04-30,00Z-ECE,GWUS
2025-05-06,7.927,-1.424,,0.617,0.793,2025-04-30,00Z-ECE,GWUS
2025-05-07,6.893,-2.345,,0.412,0.497,2025-04-30,00Z-ECE,GWUS
2025-05-08,6.896,-2.153,,0.169,0.196,2025-04-30,00Z-ECE,GWUS
2025-05-09,6.951,-2.056,,-0.006,0.085,2025-04-30,00Z-ECE,GWUS
2025-05-10,6.585,-2.525,,-0.069,-0.067,2025-04-30,00Z-ECE,GWUS
2025-05-11,6.318,-3.213,,-0.018,-0.26,2025-04-30,00Z-ECE,GWUS
2025-05-12,6.326,-3.399,,-0.168,-0.181,2025-04-30,00Z-ECE,GWUS
2025-05-13,6.704,-2.532,,-0.207,,2025-04-30,00Z-ECE,GWUS
2025-05-01,7.107,-2.767,-0.043,-0.131,-0.175,2025-05-01,00Z-ECE,GWUS
2025-05-02,6.723,-3.195,0.069,0.159,0.079,2025-05-01,00Z-ECE,GWUS
2025-05-03,7.67,-2.117,-0.029,0.138,0.292,2025-05-01,00Z-ECE,GWUS
2025-05-04,8.266,-1.225,-0.248,-0.155,-0.003,2025-05-01,00Z-ECE,GWUS
2025-05-05,7.992,-1.373,-0.455,-0.556,-0.437,2025-05-01,00Z-ECE,GWUS
2025-05-06,7.571,-1.779,,-0.466,-0.359,2025-05-01,00Z-ECE,GWUS
2025-05-07,6.782,-2.456,,-0.169,-0.111,2025-05-01,00Z-ECE,GWUS
2025-05-08,7.152,-1.896,,-0.042,0.256,2025-05-01,00Z-ECE,GWUS
2025-05-09,7.447,-1.559,,-0.131,0.496,2025-05-01,00Z-ECE,GWUS
2025-05-10,7.032,-2.078,,-0.12,0.447,2025-05-01,00Z-ECE,GWUS
2025-05-11,6.504,-3.027,,-0.052,0.186,2025-05-01,00Z-ECE,GWUS
2025-05-12,6.549,-3.175,,0.007,0.224,2025-05-01,00Z-ECE,GWUS
2025-05-13,6.974,-2.261,,0.157,0.27,2025-05-01,00Z-ECE,GWUS
2025-05-14,6.974,-1.503,,0.072,,2025-05-01,00Z-ECE,GWUS
2025-05-02,6.548,-3.37,-0.097,-0.101,-0.175,2025-05-02,00Z-ECE,GWUS
2025-05-03,7.677,-2.11,-0.015,-0.003,0.007,2025-05-02,00Z-ECE,GWUS
2025-05-04,8.321,-1.17,-0.007,0.041,0.055,2025-05-02,00Z-ECE,GWUS
2025-05-05,8.001,-1.364,0.022,-0.027,0.009,2025-05-02,00Z-ECE,GWUS
2025-05-06,7.509,-1.841,0.048,0.059,-0.062,2025-05-02,00Z-ECE,GWUS
2025-05-07,6.85,-2.387,,0.269,0.068,2025-05-02,00Z-ECE,GWUS
2025-05-08,7.571,-1.478,,0.571,0.418,2025-05-02,00Z-ECE,GWUS
2025-05-09,7.907,-1.099,,0.664,0.46,2025-05-02,00Z-ECE,GWUS
2025-05-10,7.27,-1.84,,0.889,0.238,2025-05-02,00Z-ECE,GWUS
2025-05-11,6.485,-3.046,,0.721,-0.019,2025-05-02,00Z-ECE,GWUS
2025-05-12,6.198,-3.527,,0.287,-0.352,2025-05-02,00Z-ECE,GWUS
2025-05-13,6.091,-3.144,,-0.296,-0.883,2025-05-02,00Z-ECE,GWUS
2025-05-14,6.129,-2.348,,-0.685,-0.845,2025-05-02,00Z-ECE,GWUS
2025-05-15,6.195,-2.36,,-0.49,,2025-05-02,00Z-ECE,GWUS
2025-05-03,7.637,-2.15,0.017,0.008,-0.04,2025-05-03,00Z-ECE,GWUS
2025-05-04,8.229,-1.262,0.05,0.02,-0.092,2025-05-03,00Z-ECE,GWUS
2025-05-05,7.814,-1.551,-0.056,-0.05,-0.187,2025-05-03,00Z-ECE,GWUS
2025-05-06,7.316,-2.034,-0.061,-0.127,-0.193,2025-05-03,00Z-ECE,GWUS
2025-05-07,6.921,-2.317,-0.188,-0.043,0.071,2025-05-03,00Z-ECE,GWUS
2025-05-08,7.658,-1.391,,0.147,0.087,2025-05-03,00Z-ECE,GWUS
2025-05-09,8.345,-0.662,,0.408,0.438,2025-05-03,00Z-ECE,GWUS
2025-05-10,7.696,-1.414,,0.311,0.426,2025-05-03,00Z-ECE,GWUS
2025-05-11,6.801,-2.73,,0.235,0.316,2025-05-03,00Z-ECE,GWUS
2025-05-12,6.574,-3.15,,0.326,0.377,2025-05-03,00Z-ECE,GWUS
2025-05-13,6.425,-2.81,,0.114,0.334,2025-05-03,00Z-ECE,GWUS
2025-05-14,6.378,-2.099,,-0.017,0.249,2025-05-03,00Z-ECE,GWUS
2025-05-15,6.333,-2.222,,-0.005,0.138,2025-05-03,00Z-ECE,GWUS
2025-05-16,6.359,-2.148,,0.057,,2025-05-03,00Z-ECE,GWUS
2025-05-04,8.249,-1.242,-0.129,-0.011,0.02,2025-05-04,00Z-ECE,GWUS
2025-05-05,7.853,-1.513,0.015,0.121,0.039,2025-05-04,00Z-ECE,GWUS
2025-05-06,7.536,-1.815,0.05,0.191,0.219,2025-05-04,00Z-ECE,GWUS
2025-05-07,6.835,-2.403,-0.179,-0.071,-0.087,2025-05-04,00Z-ECE,GWUS
2025-05-08,7.471,-1.578,-0.236,-0.068,-0.187,2025-05-04,00Z-ECE,GWUS
2025-05-09,8.558,-0.448,,0.453,0.207,2025-05-04,00Z-ECE,GWUS
2025-05-10,8.106,-1.004,,0.489,0.411,2025-05-04,00Z-ECE,GWUS
2025-05-11,7.23,-2.301,,0.221,0.429,2025-05-04,00Z-ECE,GWUS
2025-05-12,7.02,-2.705,,0.027,0.445,2025-05-04,00Z-ECE,GWUS
2025-05-13,6.54,-2.696,,-0.3,0.115,2025-05-04,00Z-ECE,GWUS
2025-05-14,6.535,-1.942,,-0.088,0.157,2025-05-04,00Z-ECE,GWUS
2025-05-15,6.681,-1.874,,0.183,0.348,2025-05-04,00Z-ECE,GWUS
2025-05-16,6.706,-1.801,,0.437,0.347,2025-05-04,00Z-ECE,GWUS
2025-05-17,6.587,-2.13,,0.328,,2025-05-04,00Z-ECE,GWUS
2025-05-05,7.681,-1.684,-0.209,-0.157,-0.172,2025-05-05,00Z-ECE,GWUS
2025-05-06,7.351,-1.999,0.001,-0.117,-0.185,2025-05-05,00Z-ECE,GWUS
2025-05-07,6.821,-2.417,-0.028,-0.112,-0.014,2025-05-05,00Z-ECE,GWUS
2025-05-08,7.23,-1.819,-0.111,-0.317,-0.241,2025-05-05,00Z-ECE,GWUS
2025-05-09,8.045,-0.961,-0.246,-0.539,-0.516,2025-05-05,00Z-ECE,GWUS
2025-05-10,7.802,-1.308,,-0.318,-0.304,2025-05-05,00Z-ECE,GWUS
2025-05-11,7.046,-2.485,,-0.126,-0.184,2025-05-05,00Z-ECE,GWUS
2025-05-12,6.894,-2.831,,0.03,-0.126,2025-05-05,00Z-ECE,GWUS
2025-05-13,6.466,-2.769,,0.014,-0.073,2025-05-05,00Z-ECE,GWUS
2025-05-14,6.216,-2.261,,-0.224,-0.319,2025-05-05,00Z-ECE,GWUS
2025-05-15,6.162,-2.392,,-0.187,-0.518,2025-05-05,00Z-ECE,GWUS
2025-05-16,6.095,-2.412,,-0.437,-0.611,2025-05-05,00Z-ECE,GWUS
2025-05-17,6.083,-2.633,,-0.65,-0.504,2025-05-05,00Z-ECE,GWUS
2025-05-18,6.269,-2.603,,-0.531,,2025-05-05,00Z-ECE,GWUS
2025-05-06,7.349,-2.001,-0.217,-0.001,-0.002,2025-05-06,00Z-ECE,GWUS
2025-05-07,6.943,-2.295,-0.086,-0.003,0.123,2025-05-06,00Z-ECE,GWUS
2025-05-08,7.557,-1.492,0.053,0.101,0.328,2025-05-06,00Z-ECE,GWUS
2025-05-09,8.271,-0.735,-0.025,0.016,0.226,2025-05-06,00Z-ECE,GWUS
2025-05-10,7.934,-1.176,0.031,0.071,0.132,2025-05-06,00Z-ECE,GWUS
2025-05-11,7.265,-2.266,,0.117,0.219,2025-05-06,00Z-ECE,GWUS
2025-05-12,6.742,-2.983,,0.017,-0.152,2025-05-06,00Z-ECE,GWUS
2025-05-13,5.933,-3.303,,-0.356,-0.533,2025-05-06,00Z-ECE,GWUS
2025-05-14,6.147,-2.331,,-0.211,-0.07,2025-05-06,00Z-ECE,GWUS
2025-05-15,6.501,-2.053,,0.12,0.339,2025-05-06,00Z-ECE,GWUS
2025-05-16,6.471,-2.036,,0.179,0.376,2025-05-06,00Z-ECE,GWUS
2025-05-17,6.345,-2.372,,0.066,0.262,2025-05-06,00Z-ECE,GWUS
2025-05-18,6.409,-2.463,,-0.034,0.14,2025-05-06,00Z-ECE,GWUS
2025-05-19,6.62,-2.207,,-0.008,,2025-05-06,00Z-ECE,GWUS
2025-05-07,6.944,-2.294,-0.083,0.013,0.001,2025-05-07,00Z-ECE,GWUS
2025-05-08,7.484,-1.564,-0.011,0.039,-0.073,2025-05-07,00Z-ECE,GWUS
2025-05-09,7.986,-1.02,-0.062,-0.034,-0.285,2025-05-07,00Z-ECE,GWUS
2025-05-10,7.808,-1.302,0.011,0.04,-0.126,2025-05-07,00Z-ECE,GWUS
2025-05-11,7.114,-2.417,-0.096,-0.081,-0.151,2025-05-07,00Z-ECE,GWUS
2025-05-12,6.611,-3.113,,-0.161,-0.13,2025-05-07,00Z-ECE,GWUS
2025-05-13,6.027,-3.209,,0.033,0.094,2025-05-07,00Z-ECE,GWUS
2025-05-14,6.056,-2.421,,0.053,-0.09,2025-05-07,00Z-ECE,GWUS
2025-05-15,6.183,-2.372,,-0.018,-0.318,2025-05-07,00Z-ECE,GWUS
2025-05-16,6.169,-2.338,,-0.016,-0.302,2025-05-07,00Z-ECE,GWUS
2025-05-17,6.308,-2.409,,0.141,-0.037,2025-05-07,00Z-ECE,GWUS
2025-05-18,6.479,-2.393,,0.132,0.07,2025-05-07,00Z-ECE,GWUS
2025-05-19,6.819,-2.007,,0.14,0.199,2025-05-07,00Z-ECE,GWUS
2025-05-20,7.018,-1.529,,0.182,,2025-05-07,00Z-ECE,GWUS
2025-05-08,7.748,-1.301,0.026,0.214,0.278,2025-05-08,00Z-ECE,GWUS
2025-05-09,8.16,-0.846,0.07,0.252,0.174,2025-05-08,00Z-ECE,GWUS
2025-05-10,7.777,-1.333,0.031,0.06,-0.031,2025-05-08,00Z-ECE,GWUS
2025-05-11,7.236,-2.295,0.302,0.244,0.122,2025-05-08,00Z-ECE,GWUS
2025-05-12,6.534,-3.191,0.145,0.064,-0.078,2025-05-08,00Z-ECE,GWUS
2025-05-13,5.81,-3.426,,-0.207,-0.217,2025-05-08,00Z-ECE,GWUS
2025-05-14,6.189,-2.288,,-0.009,0.133,2025-05-08,00Z-ECE,GWUS
2025-05-15,6.25,-2.304,,0.009,0.067,2025-05-08,00Z-ECE,GWUS
2025-05-16,6.219,-2.288,,0.088,0.05,2025-05-08,00Z-ECE,GWUS
2025-05-17,6.554,-2.163,,0.28,0.246,2025-05-08,00Z-ECE,GWUS
2025-05-18,6.846,-2.026,,0.311,0.367,2025-05-08,00Z-ECE,GWUS
2025-05-19,6.904,-1.922,,0.129,0.085,2025-05-08,00Z-ECE,GWUS
2025-05-20,6.929,-1.617,,-0.024,-0.088,2025-05-08,00Z-ECE,GWUS
2025-05-21,7.024,-1.276,,-0.083,,2025-05-08,00Z-ECE,GWUS
2025-05-09,8.334,-0.672,0.038,0.091,0.174,2025-05-09,00Z-ECE,GWUS
2025-05-10,7.745,-1.365,-0.022,0.08,-0.032,2025-05-09,00Z-ECE,GWUS
2025-05-11,7.268,-2.263,0.065,0.25,0.032,2025-05-09,00Z-ECE,GWUS
2025-05-12,6.552,-3.173,0.054,0.151,0.018,2025-05-09,00Z-ECE,GWUS
2025-05-13,5.809,-3.427,0.049,0.145,-0.001,2025-05-09,00Z-ECE,GWUS
2025-05-14,6.325,-2.152,,0.204,0.136,2025-05-09,00Z-ECE,GWUS
2025-05-15,6.538,-2.017,,0.158,0.288,2025-05-09,00Z-ECE,GWUS
2025-05-16,6.367,-2.14,,-0.044,0.147,2025-05-09,00Z-ECE,GWUS
2025-05-17,6.63,-2.087,,0.008,0.076,2025-05-09,00Z-ECE,GWUS
2025-05-18,7.395,-1.476,,0.346,0.549,2025-05-09,00Z-ECE,GWUS
2025-05-19,7.662,-1.164,,0.308,0.757,2025-05-09,00Z-ECE,GWUS
2025-05-20,7.602,-0.944,,0.278,0.673,2025-05-09,00Z-ECE,GWUS
2025-05-21,7.531,-0.769,,0.19,0.507,2025-05-09,00Z-ECE,GWUS
2025-05-22,7.615,-0.656,,0.111,,2025-05-09,00Z-ECE,GWUS
2025-05-10,7.624,-1.486,-0.086,-0.161,-0.121,2025-05-10,00Z-ECE,GWUS
2025-05-11,7.082,-2.45,-0.053,-0.097,-0.186,2025-05-10,00Z-ECE,GWUS
2025-05-12,6.268,-3.457,-0.024,-0.06,-0.284,2025-05-10,00Z-ECE,GWUS
2025-05-13,6.022,-3.213,0.214,0.124,0.214,2025-05-10,00Z-ECE,GWUS
2025-05-14,6.827,-1.65,0.244,0.207,0.502,2025-05-10,00Z-ECE,GWUS
2025-05-15,6.673,-1.881,,-0.009,0.136,2025-05-10,00Z-ECE,GWUS
2025-05-16,6.385,-2.122,,-0.021,0.019,2025-05-10,00Z-ECE,GWUS
2025-05-17,6.663,-2.054,,0.26,0.033,2025-05-10,00Z-ECE,GWUS
2025-05-18,7.764,-1.107,,0.629,0.369,2025-05-10,00Z-ECE,GWUS
2025-05-19,8.441,-0.386,,0.544,0.779,2025-05-10,00Z-ECE,GWUS
2025-05-20,8.001,-0.546,,0.101,0.398,2025-05-10,00Z-ECE,GWUS
2025-05-21,7.824,-0.476,,0.407,0.294,2025-05-10,00Z-ECE,GWUS
2025-05-22,7.834,-0.436,,0.499,0.22,2025-05-10,00Z-ECE,GWUS
2025-05-23,7.679,-0.475,,0.342,,2025-05-10,00Z-ECE,GWUS
2025-05-11,6.926,-2.605,0.038,0.031,-0.155,2025-05-11,00Z-ECE,GWUS
2025-05-12,6.231,-3.494,0.022,0.085,-0.037,2025-05-11,00Z-ECE,GWUS
2025-05-13,5.944,-3.292,0.084,0.119,-0.079,2025-05-11,00Z-ECE,GWUS
2025-05-14,6.843,-1.634,0.026,0.078,0.016,2025-05-11,00Z-ECE,GWUS
2025-05-15,6.753,-1.801,0.116,0.113,0.08,2025-05-11,00Z-ECE,GWUS
2025-05-16,6.486,-2.021,,0.133,0.101,2025-05-11,00Z-ECE,GWUS
2025-05-17,6.673,-2.043,,0.079,0.01,2025-05-11,00Z-ECE,GWUS
2025-05-18,7.568,-1.303,,-0.347,-0.196,2025-05-11,00Z-ECE,GWUS
2025-05-19,8.199,-0.628,,-0.423,-0.242,2025-05-11,00Z-ECE,GWUS
2025-05-20,7.864,-0.682,,-0.132,-0.136,2025-05-11,00Z-ECE,GWUS
2025-05-21,7.889,-0.411,,0.32,0.065,2025-05-11,00Z-ECE,GWUS
2025-05-22,7.87,-0.401,,0.449,0.035,2025-05-11,00Z-ECE,GWUS
2025-05-23,7.704,-0.45,,0.448,0.025,2025-05-11,00Z-ECE,GWUS
2025-05-24,7.581,-0.568,,0.452,,2025-05-11,00Z-ECE,GWUS
2025-05-12,6.161,-3.564,0.065,0.043,-0.07,2025-05-12,00Z-ECE,GWUS
2025-05-13,6.135,-3.1,0.196,0.235,0.192,2025-05-12,00Z-ECE,GWUS
2025-05-14,7.015,-1.462,0.169,0.212,0.172,2025-05-12,00Z-ECE,GWUS
2025-05-15,6.745,-1.809,0.056,0.185,-0.008,2025-05-12,00Z-ECE,GWUS
2025-05-16,6.749,-1.758,0.172,0.206,0.263,2025-05-12,00Z-ECE,GWUS
2025-05-17,6.898,-1.818,,0.012,0.225,2025-05-12,00Z-ECE,GWUS
2025-05-18,7.767,-1.105,,-0.091,0.199,2025-05-12,00Z-ECE,GWUS
2025-05-19,8.643,-0.183,,0.097,0.445,2025-05-12,00Z-ECE,GWUS
2025-05-20,8.435,-0.111,,0.392,0.571,2025-05-12,00Z-ECE,GWUS
2025-05-21,7.904,-0.396,,0.009,0.015,2025-05-12,00Z-ECE,GWUS
2025-05-22,7.807,-0.464,,0.004,-0.063,2025-05-12,00Z-ECE,GWUS
2025-05-23,7.795,-0.358,,0.079,0.091,2025-05-12,00Z-ECE,GWUS
2025-05-24,7.749,-0.4,,0.22,0.167,2025-05-12,00Z-ECE,GWUS
2025-05-25,7.608,-0.587,,0.422,,2025-05-12,00Z-ECE,GWUS
2025-05-13,6.175,-3.061,-0.052,-0.025,0.04,2025-05-13,00Z-ECE,GWUS
2025-05-14,7.083,-1.394,0.05,0.012,0.068,2025-05-13,00Z-ECE,GWUS
2025-05-15,6.863,-1.692,0.064,0.08,0.117,2025-05-13,00Z-ECE,GWUS
2025-05-16,6.917,-1.59,0.077,0.072,0.168,2025-05-13,00Z-ECE,GWUS
2025-05-17,6.814,-1.902,0.153,-0.031,-0.084,2025-05-13,00Z-ECE,GWUS
2025-05-18,7.642,-1.23,,0.029,-0.125,2025-05-13,00Z-ECE,GWUS
2025-05-19,8.671,-0.155,,0.148,0.028,2025-05-13,00Z-ECE,GWUS
2025-05-20,8.416,-0.13,,0.092,-0.019,2025-05-13,00Z-ECE,GWUS
2025-05-21,8.068,-0.232,,0.254,0.164,2025-05-13,00Z-ECE,GWUS
2025-05-22,8.056,-0.214,,0.492,0.25,2025-05-13,00Z-ECE,GWUS
2025-05-23,8.076,-0.077,,0.404,0.281,2025-05-13,00Z-ECE,GWUS
2025-05-24,8.166,0.017,,0.41,0.417,2025-05-13,00Z-ECE,GWUS
2025-05-25,7.942,-0.253,,0.338,0.334,2025-05-13,00Z-ECE,GWUS
2025-05-26,7.687,-0.454,,0.348,,2025-05-13,00Z-ECE,GWUS
2025-05-14,6.936,-1.541,-0.056,0.002,-0.147,2025-05-14,00Z-ECE,GWUS
2025-05-15,6.757,-1.798,-0.036,-0.084,-0.106,2025-05-14,00Z-ECE,GWUS
2025-05-16,7.069,-1.438,0.139,0.094,0.151,2025-05-14,00Z-ECE,GWUS
2025-05-17,6.916,-1.801,-0.047,-0.048,0.102,2025-05-14,00Z-ECE,GWUS
2025-05-18,7.851,-1.021,0.041,0.044,0.209,2025-05-14,00Z-ECE,GWUS
2025-05-19,8.945,0.119,,0.284,0.274,2025-05-14,00Z-ECE,GWUS
2025-05-20,9.09,0.544,,0.623,0.674,2025-05-14,00Z-ECE,GWUS
2025-05-21,8.788,0.488,,0.685,0.72,2025-05-14,00Z-ECE,GWUS
2025-05-22,8.34,0.069,,0.251,0.283,2025-05-14,00Z-ECE,GWUS
2025-05-23,8.112,-0.041,,-0.039,0.036,2025-05-14,00Z-ECE,GWUS
2025-05-24,8.086,-0.063,,-0.038,-0.08,2025-05-14,00Z-ECE,GWUS
2025-05-25,7.914,-0.28,,0.12,-0.028,2025-05-14,00Z-ECE,GWUS
2025-05-26,7.501,-0.639,,0.002,-0.186,2025-05-14,00Z-ECE,GWUS
2025-05-27,7.278,-0.82,,0.121,,2025-05-14,00Z-ECE,GWUS
2025-05-15,6.48,-2.074,,-0.148,-0.276,2025-05-15,00Z-ECE,GWUS
2025-05-16,6.846,-1.661,,-0.192,-0.223,2025-05-15,00Z-ECE,GWUS
2025-05-17,6.896,-1.821,,-0.08,-0.02,2025-05-15,00Z-ECE,GWUS
2025-05-18,7.69,-1.182,,-0.334,-0.161,2025-05-15,00Z-ECE,GWUS
2025-05-19,8.709,-0.117,,-0.564,-0.236,2025-05-15,00Z-ECE,GWUS
2025-05-20,8.965,0.419,,-0.304,-0.125,2025-05-15,00Z-ECE,GWUS
2025-05-21,8.981,0.681,,0.11,0.191,2025-05-15,00Z-ECE,GWUS
2025-05-22,9.085,0.814,,,0.745,2025-05-15,00Z-ECE,GWUS
2025-05-23,8.996,0.843,,,0.884,2025-05-15,00Z-ECE,GWUS
2025-05-24,8.347,0.198,,,0.262,2025-05-15,00Z-ECE,GWUS
2025-05-25,7.553,-0.641,,,-0.361,2025-05-15,00Z-ECE,GWUS
2025-05-26,7.006,-1.135,,,-0.495,2025-05-15,00Z-ECE,GWUS
2025-05-27,6.759,-1.339,,,-0.519,2025-05-15,00Z-ECE,GWUS
2025-05-28,6.745,-1.143,,,,2025-05-15,00Z-ECE,GWUS
2025-05-16,6.641,-1.866,-0.04,-0.055,-0.205,2025-05-16,00Z-ECE,GWUS
2025-05-17,6.896,-1.82,0.052,0.093,0.0,2025-05-16,00Z-ECE,GWUS
2025-05-18,7.55,-1.322,-0.045,0.009,-0.14,2025-05-16,00Z-ECE,GWUS
2025-05-19,8.433,-0.394,-0.092,0.034,-0.276,2025-05-16,00Z-ECE,GWUS
2025-05-20,9.207,0.66,0.264,0.455,0.241,2025-05-16,00Z-ECE,GWUS
2025-05-21,9.355,1.055,,0.665,0.373,2025-05-16,00Z-ECE,GWUS
2025-05-22,9.453,1.182,,0.448,0.368,2025-05-16,00Z-ECE,GWUS
2025-05-23,9.16,1.006,,0.307,0.163,2025-05-16,00Z-ECE,GWUS
2025-05-24,8.354,0.205,,0.167,0.007,2025-05-16,00Z-ECE,GWUS
2025-05-25,7.565,-0.63,,0.073,0.011,2025-05-16,00Z-ECE,GWUS
2025-05-26,7.022,-1.118,,-0.139,0.017,2025-05-16,00Z-ECE,GWUS
2025-05-27,6.769,-1.33,,-0.294,0.01,2025-05-16,00Z-ECE,GWUS
2025-05-28,6.661,-1.228,,-0.436,-0.085,2025-05-16,00Z-ECE,GWUS
2025-05-29,6.545,-1.379,,-0.454,,2025-05-16,00Z-ECE,GWUS
2025-05-17,6.898,-1.819,0.005,-0.058,0.001,2025-05-17,00Z-ECE,GWUS
2025-05-18,7.667,-1.204,-0.12,-0.053,0.118,2025-05-17,00Z-ECE,GWUS
2025-05-19,8.567,-0.259,-0.162,-0.112,0.135,2025-05-17,00Z-ECE,GWUS
2025-05-20,9.483,0.937,-0.268,-0.273,0.277,2025-05-17,00Z-ECE,GWUS
2025-05-21,9.589,1.289,-0.157,-0.19,0.234,2025-05-17,00Z-ECE,GWUS
2025-05-22,9.594,1.323,,-0.21,0.156,2025-05-17,00Z-ECE,GWUS
2025-05-23,9.354,1.2,,-0.063,0.194,2025-05-17,00Z-ECE,GWUS
2025-05-24,8.731,0.582,,0.061,0.376,2025-05-17,00Z-ECE,GWUS
2025-05-25,7.877,-0.317,,0.038,0.313,2025-05-17,00Z-ECE,GWUS
2025-05-26,7.171,-0.97,,0.049,0.148,2025-05-17,00Z-ECE,GWUS
2025-05-27,6.807,-1.292,,0.048,0.038,2025-05-17,00Z-ECE,GWUS
2025-05-28,6.526,-1.362,,0.006,-0.134,2025-05-17,00Z-ECE,GWUS
2025-05-29,6.246,-1.677,,-0.238,-0.299,2025-05-17,00Z-ECE,GWUS
2025-05-30,6.102,-1.773,,-0.343,,2025-05-17,00Z-ECE,GWUS
2025-05-18,7.693,-1.179,0.046,-0.011,0.025,2025-05-18,00Z-ECE,GWUS
2025-05-19,8.57,-0.256,-0.035,-0.034,0.003,2025-05-18,00Z-ECE,GWUS
2025-05-20,9.473,0.927,-0.054,0.022,-0.01,2025-05-18,00Z-ECE,GWUS
2025-05-21,9.533,1.233,-0.062,0.184,-0.056,2025-05-18,00Z-ECE,GWUS
2025-05-22,9.945,1.674,-0.022,0.256,0.357,2025-05-18,00Z-ECE,GWUS
2025-05-23,10.105,1.952,,0.452,0.752,2025-05-18,00Z-ECE,GWUS
2025-05-24,9.346,1.197,,0.278,0.615,2025-05-18,00Z-ECE,GWUS
2025-05-25,8.431,0.237,,0.315,0.554,2025-05-18,00Z-ECE,GWUS
2025-05-26,7.442,-0.698,,0.193,0.272,2025-05-18,00Z-ECE,GWUS
2025-05-27,6.952,-1.146,,0.155,0.146,2025-05-18,00Z-ECE,GWUS
2025-05-28,6.586,-1.302,,0.164,0.06,2025-05-18,00Z-ECE,GWUS
2025-05-29,6.241,-1.683,,-0.09,-0.005,2025-05-18,00Z-ECE,GWUS
2025-05-30,6.027,-1.848,,-0.244,-0.075,2025-05-18,00Z-ECE,GWUS
2025-05-31,5.797,-2.104,,-0.371,,2025-05-18,00Z-ECE,GWUS
2025-05-19,8.694,-0.132,0.05,0.04,0.124,2025-05-19,00Z-ECE,GWUS
2025-05-20,9.377,0.83,0.045,-0.053,-0.097,2025-05-19,00Z-ECE,GWUS
2025-05-21,9.195,0.895,-0.006,-0.241,-0.338,2025-05-19,00Z-ECE,GWUS
2025-05-22,9.465,1.194,-0.051,-0.287,-0.479,2025-05-19,00Z-ECE,GWUS
2025-05-23,10.021,1.868,0.113,-0.126,-0.084,2025-05-19,00Z-ECE,GWUS
2025-05-24,9.602,1.453,,0.133,0.256,2025-05-19,00Z-ECE,GWUS
2025-05-25,8.718,0.523,,0.214,0.287,2025-05-19,00Z-ECE,GWUS
2025-05-26,7.519,-0.621,,0.182,0.076,2025-05-19,00Z-ECE,GWUS
2025-05-27,6.926,-1.172,,0.146,-0.026,2025-05-19,00Z-ECE,GWUS
2025-05-28,6.767,-1.121,,0.318,0.181,2025-05-19,00Z-ECE,GWUS
2025-05-29,6.426,-1.498,,0.335,0.185,2025-05-19,00Z-ECE,GWUS
2025-05-30,6.179,-1.696,,0.283,0.152,2025-05-19,00Z-ECE,GWUS
2025-05-31,5.924,-1.977,,0.28,0.13,2025-05-19,00Z-ECE,GWUS
2025-06-01,5.929,-2.061,,0.172,,2025-05-19,00Z-ECE,GWUS
2025-05-20,9.346,0.8,-0.066,-0.14,-0.031,2025-05-20,00Z-ECE,GWUS
2025-05-21,9.185,0.886,-0.101,-0.17,-0.009,2025-05-20,00Z-ECE,GWUS
2025-05-22,9.593,1.322,-0.256,-0.354,0.128,2025-05-20,00Z-ECE,GWUS
2025-05-23,10.219,2.066,-0.124,-0.324,0.198,2025-05-20,00Z-ECE,GWUS
2025-05-24,9.949,1.8,0.038,0.02,0.346,2025-05-20,00Z-ECE,GWUS
2025-05-25,9.044,0.849,,-0.047,0.326,2025-05-20,00Z-ECE,GWUS
2025-05-26,7.731,-0.41,,0.065,0.212,2025-05-20,00Z-ECE,GWUS
2025-05-27,7.001,-1.097,,-0.038,0.075,2025-05-20,00Z-ECE,GWUS
2025-05-28,6.724,-1.164,,-0.069,-0.043,2025-05-20,00Z-ECE,GWUS
2025-05-29,6.419,-1.504,,0.14,-0.007,2025-05-20,00Z-ECE,GWUS
2025-05-30,6.012,-1.863,,-0.032,-0.168,2025-05-20,00Z-ECE,GWUS
2025-05-31,5.78,-2.121,,-0.001,-0.14,2025-05-20,00Z-ECE,GWUS
2025-06-01,5.837,-2.153,,-0.233,-0.092,2025-05-20,00Z-ECE,GWUS
2025-06-02,6.177,-1.838,,-0.454,,2025-05-20,00Z-ECE,GWUS
2025-05-21,9.104,0.804,0.132,-0.078,-0.081,2025-05-21,00Z-ECE,GWUS
2025-05-22,9.717,1.447,0.026,-0.056,0.124,2025-05-21,00Z-ECE,GWUS
2025-05-23,10.155,2.002,-0.016,0.018,-0.064,2025-05-21,00Z-ECE,GWUS
2025-05-24,9.947,1.798,-0.013,0.058,-0.001,2025-05-21,00Z-ECE,GWUS
2025-05-25,9.195,1.001,0.137,0.105,0.151,2025-05-21,00Z-ECE,GWUS
2025-05-26,7.563,-0.577,,-0.074,-0.168,2025-05-21,00Z-ECE,GWUS
2025-05-27,6.949,-1.149,,-0.056,-0.052,2025-05-21,00Z-ECE,GWUS
2025-05-28,6.729,-1.159,,0.028,0.006,2025-05-21,00Z-ECE,GWUS
2025-05-29,6.226,-1.698,,0.042,-0.193,2025-05-21,00Z-ECE,GWUS
2025-05-30,5.738,-2.137,,-0.189,-0.274,2025-05-21,00Z-ECE,GWUS
2025-05-31,5.41,-2.49,,-0.38,-0.37,2025-05-21,00Z-ECE,GWUS
2025-06-01,5.524,-2.466,,-0.328,-0.313,2025-05-21,00Z-ECE,GWUS
2025-06-02,5.744,-2.272,,-0.335,-0.433,2025-05-21,00Z-ECE,GWUS
2025-06-03,5.976,-2.128,,-0.362,,2025-05-21,00Z-ECE,GWUS
2025-05-22,9.667,1.396,-0.006,-0.056,-0.05,2025-05-22,00Z-ECE,GWUS
2025-05-23,10.136,1.982,-0.054,-0.064,-0.02,2025-05-22,00Z-ECE,GWUS
2025-05-24,9.844,1.695,-0.084,-0.091,-0.103,2025-05-22,00Z-ECE,GWUS
2025-05-25,8.905,0.711,-0.291,-0.332,-0.289,2025-05-22,00Z-ECE,GWUS
2025-05-26,7.748,-0.392,-0.234,-0.171,0.186,2025-05-22,00Z-ECE,GWUS
2025-05-27,6.792,-1.307,,-0.098,-0.157,2025-05-22,00Z-ECE,GWUS
2025-05-28,6.334,-1.554,,-0.147,-0.395,2025-05-22,00Z-ECE,GWUS
2025-05-29,6.084,-1.839,,-0.11,-0.142,2025-05-22,00Z-ECE,GWUS
2025-05-30,5.674,-2.201,,-0.019,-0.064,2025-05-22,00Z-ECE,GWUS
2025-05-31,5.783,-2.118,,0.333,0.373,2025-05-22,00Z-ECE,GWUS
2025-06-01,5.902,-2.089,,0.357,0.377,2025-05-22,00Z-ECE,GWUS
2025-06-02,5.804,-2.212,,0.137,0.06,2025-05-22,00Z-ECE,GWUS
2025-06-03,5.89,-2.215,,-0.049,-0.086,2025-05-22,00Z-ECE,GWUS
2025-06-04,6.082,-1.953,,-0.195,,2025-05-22,00Z-ECE,GWUS
2025-05-23,9.883,1.729,-0.043,-0.157,-0.253,2025-05-23,00Z-ECE,GWUS
2025-05-24,9.843,1.694,0.015,0.023,-0.002,2025-05-23,00Z-ECE,GWUS
2025-05-25,9.016,0.822,0.049,0.088,0.111,2025-05-23,00Z-ECE,GWUS
2025-05-26,8.083,-0.057,0.018,0.171,0.335,2025-05-23,00Z-ECE,GWUS
2025-05-27,7.012,-1.086,0.049,0.095,0.221,2025-05-23,00Z-ECE,GWUS
2025-05-28,6.121,-1.767,,-0.015,-0.213,2025-05-23,00Z-ECE,GWUS
2025-05-29,5.868,-2.055,,-0.095,-0.216,2025-05-23,00Z-ECE,GWUS
2025-05-30,5.607,-2.268,,-0.01,-0.067,2025-05-23,00Z-ECE,GWUS
2025-05-31,5.488,-2.413,,-0.004,-0.296,2025-05-23,00Z-ECE,GWUS
2025-06-01,5.703,-2.288,,0.133,-0.199,2025-05-23,00Z-ECE,GWUS
2025-06-02,5.596,-2.42,,0.053,-0.208,2025-05-23,00Z-ECE,GWUS
2025-06-03,5.775,-2.329,,0.16,-0.115,2025-05-23,00Z-ECE,GWUS
2025-06-04,5.956,-2.079,,0.156,-0.126,2025-05-23,00Z-ECE,GWUS
2025-06-05,6.029,-2.043,,0.099,,2025-05-23,00Z-ECE,GWUS
2025-05-24,9.538,1.388,0.064,-0.11,-0.3,2025-05-24,00Z-ECE,GWUS
2025-05-25,8.777,0.583,-0.082,-0.199,-0.239,2025-05-24,00Z-ECE,GWUS
2025-05-26,7.979,-0.161,-0.04,-0.157,-0.104,2025-05-24,00Z-ECE,GWUS
2025-05-27,6.988,-1.11,0.087,0.059,-0.024,2025-05-24,00Z-ECE,GWUS
2025-05-28,6.061,-1.827,0.144,0.022,-0.06,2025-05-24,00Z-ECE,GWUS
2025-05-29,5.853,-2.071,,-0.04,-0.016,2025-05-24,00Z-ECE,GWUS
2025-05-30,5.49,-2.385,,-0.057,-0.117,2025-05-24,00Z-ECE,GWUS
2025-05-31,5.346,-2.555,,-0.198,-0.142,2025-05-24,00Z-ECE,GWUS
2025-06-01,5.907,-2.084,,-0.209,0.204,2025-05-24,00Z-ECE,GWUS
2025-06-02,5.638,-2.378,,-0.315,0.042,2025-05-24,00Z-ECE,GWUS
2025-06-03,5.402,-2.702,,-0.364,-0.373,2025-05-24,00Z-ECE,GWUS
2025-06-04,5.659,-2.376,,-0.224,-0.297,2025-05-24,00Z-ECE,GWUS
2025-06-05,5.926,-2.145,,-0.133,-0.103,2025-05-24,00Z-ECE,GWUS
2025-06-06,6.066,-1.93,,-0.159,,2025-05-24,00Z-ECE,GWUS
2025-05-25,8.351,0.156,-0.221,-0.362,-0.426,2025-05-25,00Z-ECE,GWUS
2025-05-26,7.684,-0.456,-0.133,-0.137,-0.295,2025-05-25,00Z-ECE,GWUS
2025-05-27,6.802,-1.297,-0.031,-0.017,-0.186,2025-05-25,00Z-ECE,GWUS
2025-05-28,5.834,-2.054,-0.128,-0.186,-0.227,2025-05-25,00Z-ECE,GWUS
2025-05-29,5.607,-2.317,-0.082,-0.113,-0.246,2025-05-25,00Z-ECE,GWUS
2025-05-30,5.247,-2.629,,-0.118,-0.243,2025-05-25,00Z-ECE,GWUS
2025-05-31,5.478,-2.423,,-0.065,0.132,2025-05-25,00Z-ECE,GWUS
2025-06-01,6.113,-1.877,,-0.043,0.207,2025-05-25,00Z-ECE,GWUS
2025-06-02,5.98,-2.036,,0.176,0.342,2025-05-25,00Z-ECE,GWUS
2025-06-03,6.001,-2.104,,0.276,0.598,2025-05-25,00Z-ECE,GWUS
2025-06-04,6.165,-1.87,,0.217,0.506,2025-05-25,00Z-ECE,GWUS
2025-06-05,6.376,-1.696,,0.26,0.45,2025-05-25,00Z-ECE,GWUS
2025-06-06,6.447,-1.55,,0.254,0.381,2025-05-25,00Z-ECE,GWUS
2025-06-07,6.494,-1.55,,0.261,,2025-05-25,00Z-ECE,GWUS
2025-05-26,7.606,-0.534,-0.006,-0.088,-0.078,2025-05-26,00Z-ECE,GWUS
2025-05-27,6.956,-1.143,0.111,0.071,0.154,2025-05-26,00Z-ECE,GWUS
2025-05-28,5.903,-1.985,-0.091,0.011,0.069,2025-05-26,00Z-ECE,GWUS
2025-05-29,5.606,-2.318,-0.135,-0.094,-0.001,2025-05-26,00Z-ECE,GWUS
2025-05-30,5.328,-2.548,-0.107,-0.097,0.081,2025-05-26,00Z-ECE,GWUS
2025-05-31,5.489,-2.412,,-0.031,0.011,2025-05-26,00Z-ECE,GWUS
2025-06-01,6.038,-1.952,,0.11,-0.075,2025-05-26,00Z-ECE,GWUS
2025-06-02,5.705,-2.311,,-0.172,-0.275,2025-05-26,00Z-ECE,GWUS
2025-06-03,5.979,-2.125,,-0.263,-0.021,2025-05-26,00Z-ECE,GWUS
2025-06-04,6.52,-1.515,,-0.078,0.355,2025-05-26,00Z-ECE,GWUS
2025-06-05,6.794,-1.278,,0.037,0.418,2025-05-26,00Z-ECE,GWUS
2025-06-06,6.963,-1.033,,0.159,0.517,2025-05-26,00Z-ECE,GWUS
2025-06-07,6.946,-1.099,,0.13,0.451,2025-05-26,00Z-ECE,GWUS
2025-06-08,6.854,-1.105,,0.075,,2025-05-26,00Z-ECE,GWUS
2025-05-27,6.545,-1.553,0.03,-0.103,-0.41,2025-05-27,00Z-ECE,GWUS
2025-05-28,5.736,-2.153,-0.003,-0.146,-0.167,2025-05-27,00Z-ECE,GWUS
2025-05-29,5.795,-2.128,0.016,0.005,0.19,2025-05-27,00Z-ECE,GWUS
2025-05-30,5.421,-2.454,-0.057,-0.114,0.093,2025-05-27,00Z-ECE,GWUS
2025-05-31,5.753,-2.148,0.023,0.024,0.264,2025-05-27,00Z-ECE,GWUS
2025-06-01,6.614,-1.377,,0.293,0.576,2025-05-27,00Z-ECE,GWUS
2025-06-02,6.36,-1.655,,0.281,0.642,2025-05-27,00Z-ECE,GWUS
2025-06-03,6.435,-1.67,,0.317,0.455,2025-05-27,00Z-ECE,GWUS
2025-06-04,6.711,-1.324,,0.16,0.191,2025-05-27,00Z-ECE,GWUS
2025-06-05,6.977,-1.095,,0.032,0.183,2025-05-27,00Z-ECE,GWUS
2025-06-06,7.004,-0.993,,-0.11,0.041,2025-05-27,00Z-ECE,GWUS
2025-06-07,6.72,-1.325,,-0.237,-0.226,2025-05-27,00Z-ECE,GWUS
2025-06-08,6.485,-1.474,,-0.379,-0.369,2025-05-27,00Z-ECE,GWUS
2025-06-09,6.442,-1.359,,-0.412,,2025-05-27,00Z-ECE,GWUS
2025-05-28,6.344,-1.544,-0.027,0.129,0.609,2025-05-28,00Z-ECE,GWUS
2025-05-29,6.087,-1.836,0.089,0.178,0.292,2025-05-28,00Z-ECE,GWUS
2025-05-30,5.538,-2.338,-0.052,-0.05,0.117,2025-05-28,00Z-ECE,GWUS
2025-05-31,6.018,-1.883,0.034,-0.06,0.265,2025-05-28,00Z-ECE,GWUS
2025-06-01,6.931,-1.06,0.037,0.043,0.317,2025-05-28,00Z-ECE,GWUS
2025-06-02,6.595,-1.42,,0.071,0.241,2025-05-28,00Z-ECE,GWUS
2025-06-03,6.424,-1.68,,-0.029,-0.01,2025-05-28,00Z-ECE,GWUS
2025-06-04,6.424,-1.611,,-0.084,-0.287,2025-05-28,00Z-ECE,GWUS
2025-06-05,6.533,-1.539,,-0.174,-0.444,2025-05-28,00Z-ECE,GWUS
2025-06-06,6.557,-1.44,,-0.24,-0.447,2025-05-28,00Z-ECE,GWUS
2025-06-07,6.369,-1.675,,-0.147,-0.351,2025-05-28,00Z-ECE,GWUS
2025-06-08,6.155,-1.803,,-0.027,-0.329,2025-05-28,00Z-ECE,GWUS
2025-06-09,6.093,-1.708,,-0.084,-0.349,2025-05-28,00Z-ECE,GWUS
2025-06-10,6.04,-1.712,,-0.27,,2025-05-28,00Z-ECE,GWUS
2025-05-29,6.331,-1.592,0.005,0.176,0.244,2025-05-29,00Z-ECE,GWUS
2025-05-30,5.6,-2.275,0.019,0.055,0.062,2025-05-29,00Z-ECE,GWUS
2025-05-31,6.291,-1.61,0.038,0.019,0.273,2025-05-29,00Z-ECE,GWUS
2025-06-01,7.351,-0.64,-0.006,0.03,0.42,2025-05-29,00Z-ECE,GWUS
2025-06-02,6.802,-1.213,-0.019,0.095,0.207,2025-05-29,00Z-ECE,GWUS
2025-06-03,6.554,-1.55,,-0.112,0.13,2025-05-29,00Z-ECE,GWUS
2025-06-04,6.236,-1.8,,-0.358,-0.188,2025-05-29,00Z-ECE,GWUS
2025-06-05,5.884,-2.187,,-0.574,-0.649,2025-05-29,00Z-ECE,GWUS
2025-06-06,5.736,-2.261,,-0.639,-0.821,2025-05-29,00Z-ECE,GWUS
2025-06-07,5.788,-2.256,,-0.349,-0.581,2025-05-29,00Z-ECE,GWUS
2025-06-08,5.836,-2.123,,-0.172,-0.32,2025-05-29,00Z-ECE,GWUS
2025-06-09,5.78,-2.021,,-0.146,-0.313,2025-05-29,00Z-ECE,GWUS
2025-06-10,5.775,-1.977,,-0.115,-0.264,2025-05-29,00Z-ECE,GWUS
2025-06-11,5.674,-2.195,,,,2025-05-29,00Z-ECE,GWUS
2025-05-30,5.655,-2.22,-0.004,-0.008,0.055,2025-05-30,00Z-ECE,GWUS
2025-05-31,6.427,-1.474,0.028,0.021,0.136,2025-05-30,00Z-ECE,GWUS
2025-06-01,7.291,-0.699,0.104,0.096,-0.059,2025-05-30,00Z-ECE,GWUS
2025-06-02,6.6,-1.416,-0.048,-0.068,-0.203,2025-05-30,00Z-ECE,GWUS
2025-06-03,6.464,-1.641,-0.083,-0.033,-0.09,2025-05-30,00Z-ECE,GWUS
2025-06-04,5.94,-2.096,,-0.016,-0.296,2025-05-30,00Z-ECE,GWUS
2025-06-05,5.555,-2.516,,-0.156,-0.329,2025-05-30,00Z-ECE,GWUS
2025-06-06,5.517,-2.48,,-0.255,-0.219,2025-05-30,00Z-ECE,GWUS
2025-06-07,5.747,-2.297,,-0.183,-0.041,2025-05-30,00Z-ECE,GWUS
2025-06-08,5.976,-1.982,,-0.092,0.14,2025-05-30,00Z-ECE,GWUS
2025-06-09,6.003,-1.798,,-0.016,0.223,2025-05-30,00Z-ECE,GWUS
2025-06-10,5.934,-1.818,,-0.044,0.158,2025-05-30,00Z-ECE,GWUS
2025-06-11,5.894,-1.974,,-0.016,0.22,2025-05-30,00Z-ECE,GWUS
2025-06-12,5.893,-2.115,,-0.089,,2025-05-30,00Z-ECE,GWUS
2025-05-31,6.678,-1.223,0.152,0.234,0.251,2025-05-31,00Z-ECE,GWUS
2025-06-01,7.415,-0.576,0.075,0.092,0.124,2025-05-31,00Z-ECE,GWUS
2025-06-02,6.737,-1.278,0.126,0.156,0.138,2025-05-31,00Z-ECE,GWUS
2025-06-03,6.54,-1.565,0.052,0.155,0.075,2025-05-31,00Z-ECE,GWUS
2025-06-04,5.957,-2.078,-0.021,-0.004,0.017,2025-05-31,00Z-ECE,GWUS
2025-06-05,5.805,-2.266,,0.083,0.25,2025-05-31,00Z-ECE,GWUS
2025-06-06,5.889,-2.108,,0.347,0.372,2025-05-31,00Z-ECE,GWUS
2025-06-07,5.879,-2.165,,0.341,0.132,2025-05-31,00Z-ECE,GWUS
2025-06-08,5.971,-1.988,,0.371,-0.005,2025-05-31,00Z-ECE,GWUS
2025-06-09,5.845,-1.956,,0.262,-0.158,2025-05-31,00Z-ECE,GWUS
2025-06-10,5.835,-1.917,,0.229,-0.098,2025-05-31,00Z-ECE,GWUS
2025-06-11,5.871,-1.998,,0.268,-0.024,2025-05-31,00Z-ECE,GWUS
2025-06-12,5.939,-2.069,,0.292,0.046,2025-05-31,00Z-ECE,GWUS
2025-06-13,6.064,-2.02,,0.195,,2025-05-31,00Z-ECE,GWUS
2025-06-01,7.409,-0.581,0.123,-0.028,-0.006,2025-06-01,00Z-ECE,GWUS
2025-06-02,6.907,-1.108,0.266,0.187,0.17,2025-06-01,00Z-ECE,GWUS
2025-06-03,6.471,-1.634,0.107,0.082,-0.069,2025-06-01,00Z-ECE,GWUS
2025-06-04,5.71,-2.325,0.079,0.034,-0.246,2025-06-01,00Z-ECE,GWUS
2025-06-05,5.67,-2.402,0.161,0.059,-0.136,2025-06-01,00Z-ECE,GWUS
2025-06-06,5.817,-2.18,,0.023,-0.072,2025-06-01,00Z-ECE,GWUS
2025-06-07,6.01,-2.034,,0.15,0.131,2025-06-01,00Z-ECE,GWUS
2025-06-08,6.329,-1.63,,0.226,0.358,2025-06-01,00Z-ECE,GWUS
2025-06-09,6.328,-1.473,,0.321,0.483,2025-06-01,00Z-ECE,GWUS
2025-06-10,6.249,-1.502,,0.17,0.414,2025-06-01,00Z-ECE,GWUS
2025-06-11,6.108,-1.761,,0.175,0.237,2025-06-01,00Z-ECE,GWUS
2025-06-12,6.236,-1.771,,0.362,0.298,2025-06-01,00Z-ECE,GWUS
2025-06-13,6.37,-1.714,,0.231,0.306,2025-06-01,00Z-ECE,GWUS
2025-06-14,6.625,-1.434,,0.115,,2025-06-01,00Z-ECE,GWUS
2025-06-02,6.872,-1.143,0.142,0.132,-0.035,2025-06-02,00Z-ECE,GWUS
2025-06-03,6.377,-1.728,0.003,-0.002,-0.094,2025-06-02,00Z-ECE,GWUS
2025-06-04,5.655,-2.38,-0.011,0.013,-0.055,2025-06-02,00Z-ECE,GWUS
2025-06-05,5.666,-2.405,-0.002,0.019,-0.003,2025-06-02,00Z-ECE,GWUS
2025-06-06,5.984,-2.013,0.142,0.12,0.167,2025-06-02,00Z-ECE,GWUS
2025-06-07,6.235,-1.81,,0.376,0.225,2025-06-02,00Z-ECE,GWUS
2025-06-08,6.319,-1.64,,0.159,-0.01,2025-06-02,00Z-ECE,GWUS
2025-06-09,6.084,-1.717,,-0.057,-0.244,2025-06-02,00Z-ECE,GWUS
2025-06-10,6.064,-1.688,,-0.109,-0.186,2025-06-02,00Z-ECE,GWUS
2025-06-11,6.242,-1.627,,-0.034,0.134,2025-06-02,00Z-ECE,GWUS
2025-06-12,6.494,-1.514,,0.134,0.267,2025-06-02,00Z-ECE,GWUS
2025-06-13,6.717,-1.368,,0.173,0.347,2025-06-02,00Z-ECE,GWUS
2025-06-14,6.863,-1.196,,0.095,0.238,2025-06-02,00Z-ECE,GWUS
2025-06-15,7.043,-1.014,,,,2025-06-02,00Z-ECE,GWUS
2025-06-03,6.534,-1.57,0.157,0.11,0.157,2025-06-03,00Z-ECE,GWUS
2025-06-04,5.932,-2.103,0.131,0.093,0.277,2025-06-03,00Z-ECE,GWUS
2025-06-05,5.833,-2.238,0.122,-0.002,0.167,2025-06-03,00Z-ECE,GWUS
2025-06-06,6.102,-1.894,0.087,0.091,0.118,2025-06-03,00Z-ECE,GWUS
2025-06-07,6.089,-1.956,0.09,0.093,-0.146,2025-06-03,00Z-ECE,GWUS
2025-06-08,6.171,-1.788,,0.15,-0.148,2025-06-03,00Z-ECE,GWUS
2025-06-09,5.746,-2.055,,0.043,-0.338,2025-06-03,00Z-ECE,GWUS
2025-06-10,5.544,-2.208,,-0.243,-0.52,2025-06-03,00Z-ECE,GWUS
2025-06-11,5.702,-2.166,,-0.278,-0.539,2025-06-03,00Z-ECE,GWUS
2025-06-12,6.086,-1.921,,-0.149,-0.413,2025-06-03,00Z-ECE,GWUS
2025-06-13,6.572,-1.512,,0.051,-0.144,2025-06-03,00Z-ECE,GWUS
2025-06-14,6.929,-1.13,,0.249,0.07,2025-06-03,00Z-ECE,GWUS
2025-06-15,6.886,-1.171,,0.037,-0.157,2025-06-03,00Z-ECE,GWUS
2025-06-16,7.073,-0.931,,0.152,,2025-06-03,00Z-ECE,GWUS
2025-06-04,5.783,-2.252,-0.045,-0.086,-0.149,2025-06-04,00Z-ECE,GWUS
2025-06-05,5.678,-2.393,0.013,-0.104,-0.155,2025-06-04,00Z-ECE,GWUS
2025-06-06,6.068,-1.928,0.104,0.084,-0.034,2025-06-04,00Z-ECE,GWUS
2025-06-07,5.962,-2.082,-0.013,-0.035,-0.127,2025-06-04,00Z-ECE,GWUS
2025-06-08,5.972,-1.986,0.032,-0.121,-0.199,2025-06-04,00Z-ECE,GWUS
2025-06-09,5.553,-2.248,,0.007,-0.194,2025-06-04,00Z-ECE,GWUS
2025-06-10,5.128,-2.624,,-0.118,-0.416,2025-06-04,00Z-ECE,GWUS
2025-06-11,5.153,-2.716,,-0.306,-0.55,2025-06-04,00Z-ECE,GWUS
2025-06-12,5.325,-2.682,,-0.457,-0.761,2025-06-04,00Z-ECE,GWUS
2025-06-13,5.738,-2.346,,-0.506,-0.834,2025-06-04,00Z-ECE,GWUS
2025-06-14,6.209,-1.85,,-0.447,-0.712,2025-06-04,00Z-ECE,GWUS
2025-06-15,6.581,-1.476,,-0.18,-0.306,2025-06-04,00Z-ECE,GWUS
2025-06-16,6.739,-1.264,,-0.024,-0.333,2025-06-04,00Z-ECE,GWUS
2025-06-17,6.851,-1.382,,,,2025-06-04,00Z-ECE,GWUS
2025-06-05,5.716,-2.356,0.095,0.011,0.037,2025-06-05,00Z-ECE,GWUS
2025-06-06,6.001,-1.995,0.005,-0.032,-0.067,2025-06-05,00Z-ECE,GWUS
2025-06-07,6.067,-1.977,0.052,0.045,0.11,2025-06-05,00Z-ECE,GWUS
2025-06-08,6.228,-1.73,0.217,0.183,0.256,2025-06-05,00Z-ECE,GWUS
2025-06-09,5.747,-2.053,0.151,0.077,0.195,2025-06-05,00Z-ECE,GWUS
2025-06-10,5.146,-2.606,,0.068,0.018,2025-06-05,00Z-ECE,GWUS
2025-06-11,5.052,-2.816,,0.101,-0.1,2025-06-05,00Z-ECE,GWUS
2025-06-12,5.263,-2.744,,0.082,-0.062,2025-06-05,00Z-ECE,GWUS
2025-06-13,5.77,-2.315,,0.05,0.031,2025-06-05,00Z-ECE,GWUS
2025-06-14,6.329,-1.73,,0.062,0.12,2025-06-05,00Z-ECE,GWUS
2025-06-15,6.513,-1.544,,-0.006,-0.068,2025-06-05,00Z-ECE,GWUS
2025-06-16,6.552,-1.451,,-0.059,-0.187,2025-06-05,00Z-ECE,GWUS
2025-06-17,6.687,-1.546,,-0.009,-0.164,2025-06-05,00Z-ECE,GWUS
2025-06-18,6.995,-1.202,,0.064,,2025-06-05,00Z-ECE,GWUS
2025-06-06,6.196,-1.801,0.176,0.081,0.194,2025-06-06,00Z-ECE,GWUS
2025-06-07,6.257,-1.788,0.186,0.095,0.193,2025-06-06,00Z-ECE,GWUS
2025-06-08,6.167,-1.792,0.027,-0.077,-0.058,2025-06-06,00Z-ECE,GWUS
2025-06-09,5.822,-1.979,0.131,0.116,0.074,2025-06-06,00Z-ECE,GWUS
2025-06-10,5.284,-2.468,0.178,0.125,0.145,2025-06-06,00Z-ECE,GWUS
2025-06-11,5.001,-2.868,,-0.077,-0.051,2025-06-06,00Z-ECE,GWUS
2025-06-12,5.355,-2.653,,0.072,0.091,2025-06-06,00Z-ECE,GWUS
2025-06-13,5.872,-2.212,,0.051,0.102,2025-06-06,00Z-ECE,GWUS
2025-06-14,6.41,-1.649,,0.013,0.081,2025-06-06,00Z-ECE,GWUS
2025-06-15,6.447,-1.61,,-0.054,-0.066,2025-06-06,00Z-ECE,GWUS
2025-06-16,6.397,-1.606,,-0.172,-0.155,2025-06-06,00Z-ECE,GWUS
2025-06-17,6.46,-1.773,,-0.324,-0.227,2025-06-06,00Z-ECE,GWUS
2025-06-18,6.7,-1.496,,-0.397,-0.294,2025-06-06,00Z-ECE,GWUS
2025-06-19,7.056,-1.323,,-0.431,,2025-06-06,00Z-ECE,GWUS
2025-06-07,6.161,-1.884,0.041,0.008,-0.099,2025-06-07,00Z-ECE,GWUS
2025-06-08,6.296,-1.663,0.12,0.081,0.131,2025-06-07,00Z-ECE,GWUS
2025-06-09,5.957,-1.843,0.112,0.208,0.136,2025-06-07,00Z-ECE,GWUS
2025-06-10,5.525,-2.227,0.131,0.213,0.245,2025-06-07,00Z-ECE,GWUS
2025-06-11,5.31,-2.558,0.127,0.251,0.31,2025-06-07,00Z-ECE,GWUS
2025-06-12,5.427,-2.581,,0.011,0.072,2025-06-07,00Z-ECE,GWUS
2025-06-13,5.857,-2.228,,0.058,-0.015,2025-06-07,00Z-ECE,GWUS
2025-06-14,6.299,-1.76,,0.135,-0.112,2025-06-07,00Z-ECE,GWUS
2025-06-15,6.463,-1.594,,0.092,0.015,2025-06-07,00Z-ECE,GWUS
2025-06-16,6.488,-1.516,,0.059,0.091,2025-06-07,00Z-ECE,GWUS
2025-06-17,6.595,-1.638,,-0.005,0.135,2025-06-07,00Z-ECE,GWUS
2025-06-18,7.144,-1.053,,0.168,0.443,2025-06-07,00Z-ECE,GWUS
2025-06-19,7.573,-0.807,,0.224,0.516,2025-06-07,00Z-ECE,GWUS
2025-06-20,7.605,-0.69,,0.151,,2025-06-07,00Z-ECE,GWUS
2025-06-08,6.166,-1.793,0.042,-0.096,-0.13,2025-06-08,00Z-ECE,GWUS
2025-06-09,5.878,-1.923,0.064,-0.009,-0.079,2025-06-08,00Z-ECE,GWUS
2025-06-10,5.414,-2.338,0.109,0.025,-0.111,2025-06-08,00Z-ECE,GWUS
2025-06-11,5.268,-2.601,0.065,-0.052,-0.043,2025-06-08,00Z-ECE,GWUS
2025-06-12,5.273,-2.735,0.039,-0.065,-0.154,2025-06-08,00Z-ECE,GWUS
2025-06-13,5.623,-2.461,,-0.181,-0.234,2025-06-08,00Z-ECE,GWUS
2025-06-14,6.138,-1.921,,-0.175,-0.16,2025-06-08,00Z-ECE,GWUS
2025-06-15,6.134,-1.923,,-0.337,-0.329,2025-06-08,00Z-ECE,GWUS
2025-06-16,6.251,-1.752,,-0.242,-0.237,2025-06-08,00Z-ECE,GWUS
2025-06-17,6.519,-1.714,,-0.173,-0.076,2025-06-08,00Z-ECE,GWUS
2025-06-18,6.974,-1.223,,0.0,-0.17,2025-06-08,00Z-ECE,GWUS
2025-06-19,7.432,-0.947,,0.075,-0.14,2025-06-08,00Z-ECE,GWUS
2025-06-20,7.678,-0.618,,0.139,0.073,2025-06-08,00Z-ECE,GWUS
2025-06-21,7.527,-0.675,,0.043,,2025-06-08,00Z-ECE,GWUS
2025-06-09,5.952,-1.849,0.081,0.062,0.074,2025-06-09,00Z-ECE,GWUS
2025-06-10,5.562,-2.19,0.141,0.189,0.149,2025-06-09,00Z-ECE,GWUS
2025-06-11,5.414,-2.455,0.154,0.131,0.146,2025-06-09,00Z-ECE,GWUS
2025-06-12,5.463,-2.545,0.17,0.214,0.19,2025-06-09,00Z-ECE,GWUS
2025-06-13,5.707,-2.378,0.099,0.108,0.084,2025-06-09,00Z-ECE,GWUS
2025-06-14,5.869,-2.19,,-0.194,-0.269,2025-06-09,00Z-ECE,GWUS
2025-06-15,6.056,-2.001,,-0.145,-0.077,2025-06-09,00Z-ECE,GWUS
2025-06-16,6.188,-1.816,,-0.068,-0.063,2025-06-09,00Z-ECE,GWUS
2025-06-17,6.422,-1.811,,-0.136,-0.097,2025-06-09,00Z-ECE,GWUS
2025-06-18,6.964,-1.233,,-0.14,-0.01,2025-06-09,00Z-ECE,GWUS
2025-06-19,7.321,-1.058,,-0.141,-0.111,2025-06-09,00Z-ECE,GWUS
2025-06-20,7.363,-0.933,,-0.072,-0.311,2025-06-09,00Z-ECE,GWUS
2025-06-21,7.2,-1.002,,0.07,-0.327,2025-06-09,00Z-ECE,GWUS
2025-06-22,7.126,-1.191,,0.147,,2025-06-09,00Z-ECE,GWUS
2025-06-10,5.687,-2.064,0.145,0.261,0.125,2025-06-10,00Z-ECE,GWUS
2025-06-11,5.426,-2.442,0.081,0.135,0.013,2025-06-10,00Z-ECE,GWUS
2025-06-12,5.54,-2.468,0.15,0.135,0.077,2025-06-10,00Z-ECE,GWUS
2025-06-13,5.797,-2.287,0.198,0.179,0.09,2025-06-10,00Z-ECE,GWUS
2025-06-14,5.972,-2.087,0.206,0.136,0.103,2025-06-10,00Z-ECE,GWUS
2025-06-15,6.037,-2.02,,-0.018,-0.019,2025-06-10,00Z-ECE,GWUS
2025-06-16,6.065,-1.938,,-0.083,-0.123,2025-06-10,00Z-ECE,GWUS
2025-06-17,6.353,-1.88,,-0.055,-0.07,2025-06-10,00Z-ECE,GWUS
2025-06-18,7.058,-1.138,,-0.077,0.095,2025-06-10,00Z-ECE,GWUS
2025-06-19,7.386,-0.993,,-0.271,0.065,2025-06-10,00Z-ECE,GWUS
2025-06-20,7.418,-0.878,,-0.315,0.054,2025-06-10,00Z-ECE,GWUS
2025-06-21,7.375,-0.827,,-0.214,0.174,2025-06-10,00Z-ECE,GWUS
2025-06-22,7.499,-0.818,,-0.157,0.373,2025-06-10,00Z-ECE,GWUS
2025-06-23,7.419,-0.944,,-0.396,,2025-06-10,00Z-ECE,GWUS
2025-06-11,5.392,-2.477,0.058,0.09,-0.038,2025-06-11,00Z-ECE,GWUS
2025-06-12,5.614,-2.393,0.241,0.138,0.075,2025-06-11,00Z-ECE,GWUS
2025-06-13,5.967,-2.117,0.201,0.008,0.17,2025-06-11,00Z-ECE,GWUS
2025-06-14,6.041,-2.018,0.145,0.011,0.069,2025-06-11,00Z-ECE,GWUS
2025-06-15,5.961,-2.096,0.118,-0.03,-0.077,2025-06-11,00Z-ECE,GWUS
2025-06-16,5.875,-2.129,,-0.075,-0.19,2025-06-11,00Z-ECE,GWUS
2025-06-17,6.313,-1.92,,-0.022,-0.04,2025-06-11,00Z-ECE,GWUS
2025-06-18,6.787,-1.41,,-0.054,-0.271,2025-06-11,00Z-ECE,GWUS
2025-06-19,7.25,-1.13,,0.038,-0.137,2025-06-11,00Z-ECE,GWUS
2025-06-20,7.583,-0.712,,0.236,0.161,2025-06-11,00Z-ECE,GWUS
2025-06-21,7.663,-0.539,,0.228,0.288,2025-06-11,00Z-ECE,GWUS
2025-06-22,7.709,-0.608,,0.153,0.21,2025-06-11,00Z-ECE,GWUS
2025-06-23,7.783,-0.58,,0.119,0.364,2025-06-11,00Z-ECE,GWUS
2025-06-24,7.807,-0.574,,0.024,,2025-06-11,00Z-ECE,GWUS
2025-06-12,5.532,-2.475,-0.008,0.024,-0.082,2025-06-12,00Z-ECE,GWUS
2025-06-13,5.822,-2.262,0.052,0.021,-0.145,2025-06-12,00Z-ECE,GWUS
2025-06-14,6.075,-1.984,0.074,0.176,0.034,2025-06-12,00Z-ECE,GWUS
2025-06-15,6.185,-1.872,0.197,0.266,0.224,2025-06-12,00Z-ECE,GWUS
2025-06-16,6.285,-1.718,0.256,0.371,0.411,2025-06-12,00Z-ECE,GWUS
2025-06-17,6.451,-1.782,,0.039,0.138,2025-06-12,00Z-ECE,GWUS
2025-06-18,6.984,-1.212,,0.106,0.197,2025-06-12,00Z-ECE,GWUS
2025-06-19,7.473,-0.907,,0.093,0.223,2025-06-12,00Z-ECE,GWUS
2025-06-20,7.884,-0.412,,0.196,0.304,2025-06-12,00Z-ECE,GWUS
2025-06-21,8.043,-0.159,,0.368,0.38,2025-06-12,00Z-ECE,GWUS
2025-06-22,7.977,-0.339,,0.178,0.269,2025-06-12,00Z-ECE,GWUS
2025-06-23,8.017,-0.346,,0.284,0.233,2025-06-12,00Z-ECE,GWUS
2025-06-24,8.103,-0.279,,0.604,0.296,2025-06-12,00Z-ECE,GWUS
2025-06-25,8.11,-0.355,,0.78,,2025-06-12,00Z-ECE,GWUS
2025-06-13,5.657,-2.427,0.094,0.029,-0.164,2025-06-13,00Z-ECE,GWUS
2025-06-14,5.851,-2.208,0.211,0.044,-0.224,2025-06-13,00Z-ECE,GWUS
2025-06-15,5.992,-2.065,0.061,-0.036,-0.193,2025-06-13,00Z-ECE,GWUS
2025-06-16,6.207,-1.796,-0.04,0.064,-0.078,2025-06-13,00Z-ECE,GWUS
2025-06-17,6.328,-1.905,-0.012,0.002,-0.123,2025-06-13,00Z-ECE,GWUS
2025-06-18,6.549,-1.647,,-0.289,-0.435,2025-06-13,00Z-ECE,GWUS
2025-06-19,6.844,-1.536,,-0.356,-0.629,2025-06-13,00Z-ECE,GWUS
2025-06-20,6.875,-1.42,,-0.705,-1.04,2025-06-13,00Z-ECE,GWUS
2025-06-21,7.553,-0.649,,-0.211,-0.49,2025-06-13,00Z-ECE,GWUS
2025-06-22,7.916,-0.4,,-0.072,-0.061,2025-06-13,00Z-ECE,GWUS
2025-06-23,8.121,-0.242,,-0.135,0.105,2025-06-13,00Z-ECE,GWUS
2025-06-24,8.293,-0.088,,0.058,0.19,2025-06-13,00Z-ECE,GWUS
2025-06-25,7.996,-0.468,,-0.015,-0.113,2025-06-13,00Z-ECE,GWUS
2025-06-26,7.853,-0.644,,-0.045,,2025-06-13,00Z-ECE,GWUS
2025-06-14,5.76,-2.299,0.057,-0.025,-0.091,2025-06-14,00Z-ECE,GWUS
2025-06-15,5.762,-2.295,0.042,0.009,-0.23,2025-06-14,00Z-ECE,GWUS
2025-06-16,6.026,-1.977,0.044,0.063,-0.181,2025-06-14,00Z-ECE,GWUS
2025-06-17,6.208,-2.025,0.03,0.139,-0.12,2025-06-14,00Z-ECE,GWUS
2025-06-18,6.371,-1.825,0.192,0.058,-0.178,2025-06-14,00Z-ECE,GWUS
2025-06-19,6.837,-1.543,,0.129,0.004,2025-06-14,00Z-ECE,GWUS
2025-06-20,6.912,-1.383,,0.008,0.03,2025-06-14,00Z-ECE,GWUS
2025-06-21,7.873,-0.329,,-0.001,0.32,2025-06-14,00Z-ECE,GWUS
2025-06-22,8.491,0.174,,0.136,0.575,2025-06-14,00Z-ECE,GWUS
2025-06-23,8.87,0.507,,0.373,0.749,2025-06-14,00Z-ECE,GWUS
2025-06-24,8.685,0.304,,0.477,0.392,2025-06-14,00Z-ECE,GWUS
2025-06-25,8.07,-0.395,,0.127,0.074,2025-06-14,00Z-ECE,GWUS
2025-06-26,7.647,-0.85,,-0.29,-0.206,2025-06-14,00Z-ECE,GWUS
2025-06-27,7.724,-0.738,,-0.324,,2025-06-14,00Z-ECE,GWUS
2025-06-15,6.013,-2.044,0.044,0.071,0.251,2025-06-15,00Z-ECE,GWUS
2025-06-16,6.135,-1.868,0.141,0.167,0.109,2025-06-15,00Z-ECE,GWUS
2025-06-17,6.554,-1.679,0.193,0.32,0.346,2025-06-15,00Z-ECE,GWUS
2025-06-18,6.869,-1.328,0.293,0.523,0.497,2025-06-15,00Z-ECE,GWUS
2025-06-19,7.043,-1.336,0.365,0.424,0.202,2025-06-15,00Z-ECE,GWUS
2025-06-20,6.977,-1.319,,0.242,0.064,2025-06-15,00Z-ECE,GWUS
2025-06-21,8.102,-0.101,,0.373,0.228,2025-06-15,00Z-ECE,GWUS
2025-06-22,8.936,0.62,,0.298,0.445,2025-06-15,00Z-ECE,GWUS
2025-06-23,8.961,0.598,,0.007,0.091,2025-06-15,00Z-ECE,GWUS
2025-06-24,8.417,0.036,,-0.361,-0.268,2025-06-15,00Z-ECE,GWUS
2025-06-25,7.673,-0.792,,-0.359,-0.397,2025-06-15,00Z-ECE,GWUS
2025-06-26,7.523,-0.974,,0.026,-0.124,2025-06-15,00Z-ECE,GWUS
2025-06-27,7.636,-0.826,,0.198,-0.088,2025-06-15,00Z-ECE,GWUS
2025-06-28,7.573,-0.848,,-0.012,,2025-06-15,00Z-ECE,GWUS
2025-06-16,5.998,-2.005,0.104,0.004,-0.137,2025-06-16,00Z-ECE,GWUS
2025-06-17,6.192,-2.041,0.131,-0.123,-0.362,2025-06-16,00Z-ECE,GWUS
2025-06-18,6.549,-1.647,-0.055,-0.264,-0.32,2025-06-16,00Z-ECE,GWUS
2025-06-19,6.884,-1.496,0.055,-0.146,-0.159,2025-06-16,00Z-ECE,GWUS
2025-06-20,7.026,-1.27,0.051,-0.114,0.049,2025-06-16,00Z-ECE,GWUS
2025-06-21,8.211,0.009,,-0.107,0.109,2025-06-16,00Z-ECE,GWUS
2025-06-22,9.167,0.85,,0.036,0.231,2025-06-16,00Z-ECE,GWUS
2025-06-23,9.443,1.08,,0.177,0.482,2025-06-16,00Z-ECE,GWUS
2025-06-24,9.291,0.91,,0.475,0.874,2025-06-16,00Z-ECE,GWUS
2025-06-25,8.271,-0.194,,0.137,0.598,2025-06-16,00Z-ECE,GWUS
2025-06-26,7.759,-0.738,,-0.304,0.236,2025-06-16,00Z-ECE,GWUS
2025-06-27,7.723,-0.739,,-0.496,0.087,2025-06-16,00Z-ECE,GWUS
2025-06-28,7.639,-0.781,,-0.578,0.067,2025-06-16,00Z-ECE,GWUS
2025-06-29,7.801,-0.65,,-0.228,,2025-06-16,00Z-ECE,GWUS
2025-06-17,6.521,-1.712,0.102,0.166,0.334,2025-06-17,00Z-ECE,GWUS
2025-06-18,6.76,-1.436,0.025,0.013,0.212,2025-06-17,00Z-ECE,GWUS
2025-06-19,6.857,-1.522,0.061,-0.047,-0.026,2025-06-17,00Z-ECE,GWUS
2025-06-20,7.138,-1.158,-0.02,-0.026,0.112,2025-06-17,00Z-ECE,GWUS
2025-06-21,8.535,0.333,0.121,0.163,0.325,2025-06-17,00Z-ECE,GWUS
2025-06-22,9.472,1.156,,0.089,0.305,2025-06-17,00Z-ECE,GWUS
2025-06-23,9.741,1.378,,0.166,0.299,2025-06-17,00Z-ECE,GWUS
2025-06-24,9.916,1.535,,0.439,0.625,2025-06-17,00Z-ECE,GWUS
2025-06-25,9.593,1.128,,1.025,1.326,2025-06-17,00Z-ECE,GWUS
2025-06-26,8.877,0.38,,0.686,1.118,2025-06-17,00Z-ECE,GWUS
2025-06-27,8.431,-0.031,,0.396,0.709,2025-06-17,00Z-ECE,GWUS
2025-06-28,7.92,-0.5,,0.225,0.281,2025-06-17,00Z-ECE,GWUS
2025-06-29,7.928,-0.524,,0.219,0.126,2025-06-17,00Z-ECE,GWUS
2025-06-30,8.002,-0.582,,0.047,,2025-06-17,00Z-ECE,GWUS
2025-06-18,6.491,-1.705,-0.022,-0.094,-0.269,2025-06-18,00Z-ECE,GWUS
2025-06-19,6.799,-1.581,0.044,-0.014,-0.058,2025-06-18,00Z-ECE,GWUS
2025-06-20,6.931,-1.364,-0.006,-0.068,-0.207,2025-06-18,00Z-ECE,GWUS
2025-06-21,8.421,0.219,0.119,0.013,-0.114,2025-06-18,00Z-ECE,GWUS
2025-06-22,9.428,1.111,0.17,0.077,-0.045,2025-06-18,00Z-ECE,GWUS
2025-06-23,9.794,1.431,,-0.045,0.053,2025-06-18,00Z-ECE,GWUS
2025-06-24,9.99,1.608,,-0.037,0.074,2025-06-18,00Z-ECE,GWUS
2025-06-25,9.285,0.82,,-0.304,-0.297,2025-06-18,00Z-ECE,GWUS
2025-06-26,8.585,0.088,,-0.343,-0.292,2025-06-18,00Z-ECE,GWUS
2025-06-27,8.269,-0.193,,-0.187,-0.162,2025-06-18,00Z-ECE,GWUS
2025-06-28,7.762,-0.658,,-0.29,-0.158,2025-06-18,00Z-ECE,GWUS
2025-06-29,7.539,-0.913,,-0.463,-0.389,2025-06-18,00Z-ECE,GWUS
2025-06-30,7.597,-0.987,,-0.499,-0.404,2025-06-18,00Z-ECE,GWUS
2025-07-01,7.907,-0.989,,-0.321,,2025-06-18,00Z-ECE,GWUS
2025-06-19,6.71,-1.67,-0.017,-0.059,-0.089,2025-06-19,00Z-ECE,GWUS
2025-06-20,6.828,-1.468,0.042,-0.071,-0.103,2025-06-19,00Z-ECE,GWUS
2025-06-21,8.447,0.245,0.024,0.051,0.026,2025-06-19,00Z-ECE,GWUS
2025-06-22,9.615,1.299,0.03,0.042,0.188,2025-06-19,00Z-ECE,GWUS
2025-06-23,10.023,1.66,0.174,0.1,0.229,2025-06-19,00Z-ECE,GWUS
2025-06-24,10.039,1.658,,0.072,0.05,2025-06-19,00Z-ECE,GWUS
2025-06-25,9.33,0.865,,-0.037,0.045,2025-06-19,00Z-ECE,GWUS
2025-06-26,8.957,0.46,,0.138,0.372,2025-06-19,00Z-ECE,GWUS
2025-06-27,8.729,0.267,,0.085,0.46,2025-06-19,00Z-ECE,GWUS
2025-06-28,8.068,-0.353,,-0.279,0.306,2025-06-19,00Z-ECE,GWUS
2025-06-29,7.716,-0.736,,-0.281,0.177,2025-06-19,00Z-ECE,GWUS
2025-06-30,7.583,-1.001,,-0.017,-0.014,2025-06-19,00Z-ECE,GWUS
2025-07-01,7.609,-1.288,,0.035,-0.298,2025-06-19,00Z-ECE,GWUS
2025-07-02,7.762,-1.259,,0.056,,2025-06-19,00Z-ECE,GWUS
2025-06-20,6.799,-1.497,0.069,-0.076,-0.029,2025-06-20,00Z-ECE,GWUS
2025-06-21,8.59,0.388,0.253,0.099,0.144,2025-06-20,00Z-ECE,GWUS
2025-06-22,9.745,1.428,0.072,-0.011,0.129,2025-06-20,00Z-ECE,GWUS
2025-06-23,10.17,1.807,0.08,0.127,0.147,2025-06-20,00Z-ECE,GWUS
2025-06-24,10.239,1.858,0.183,0.073,0.199,2025-06-20,00Z-ECE,GWUS
2025-06-25,9.482,1.017,,0.057,0.152,2025-06-20,00Z-ECE,GWUS
2025-06-26,8.965,0.468,,-0.13,0.008,2025-06-20,00Z-ECE,GWUS
2025-06-27,8.876,0.414,,-0.065,0.158,2025-06-20,00Z-ECE,GWUS
2025-06-28,9.162,0.741,,0.371,1.094,2025-06-20,00Z-ECE,GWUS
2025-06-29,9.022,0.57,,0.552,1.306,2025-06-20,00Z-ECE,GWUS
2025-06-30,8.669,0.085,,0.571,1.086,2025-06-20,00Z-ECE,GWUS
2025-07-01,8.276,-0.62,,0.432,0.667,2025-06-20,00Z-ECE,GWUS
2025-07-02,8.208,-0.813,,0.264,0.446,2025-06-20,00Z-ECE,GWUS
2025-07-03,8.374,-0.653,,0.186,,2025-06-20,00Z-ECE,GWUS
2025-06-21,8.633,0.431,0.106,0.11,0.043,2025-06-21,00Z-ECE,GWUS
2025-06-22,9.712,1.396,-0.026,-0.101,-0.032,2025-06-21,00Z-ECE,GWUS
2025-06-23,10.398,2.035,0.155,0.176,0.227,2025-06-21,00Z-ECE,GWUS
2025-06-24,10.53,2.149,0.077,0.182,0.291,2025-06-21,00Z-ECE,GWUS
2025-06-25,9.774,1.309,0.045,0.09,0.291,2025-06-21,00Z-ECE,GWUS
2025-06-26,9.169,0.672,,-0.137,0.204,2025-06-21,00Z-ECE,GWUS
2025-06-27,8.817,0.355,,-0.061,-0.053,2025-06-21,00Z-ECE,GWUS
2025-06-28,8.763,0.342,,0.039,-0.399,2025-06-21,00Z-ECE,GWUS
2025-06-29,8.808,0.356,,0.074,-0.214,2025-06-21,00Z-ECE,GWUS
2025-06-30,8.565,-0.018,,0.257,-0.104,2025-06-21,00Z-ECE,GWUS
2025-07-01,8.166,-0.731,,0.575,-0.11,2025-06-21,00Z-ECE,GWUS
2025-07-02,7.875,-1.145,,0.357,-0.333,2025-06-21,00Z-ECE,GWUS
2025-07-03,8.067,-0.96,,0.184,-0.308,2025-06-21,00Z-ECE,GWUS
2025-07-04,8.312,-0.709,,0.096,,2025-06-21,00Z-ECE,GWUS
2025-06-22,9.746,1.429,0.12,0.107,0.033,2025-06-22,00Z-ECE,GWUS
2025-06-23,10.164,1.801,0.019,0.009,-0.234,2025-06-22,00Z-ECE,GWUS
2025-06-24,10.437,2.056,0.074,0.246,-0.093,2025-06-22,00Z-ECE,GWUS
2025-06-25,9.698,1.234,0.148,0.536,-0.075,2025-06-22,00Z-ECE,GWUS
2025-06-26,9.021,0.524,0.148,0.362,-0.148,2025-06-22,00Z-ECE,GWUS
2025-06-27,8.447,-0.015,,-0.017,-0.37,2025-06-22,00Z-ECE,GWUS
2025-06-28,8.51,0.09,,-0.124,-0.252,2025-06-22,00Z-ECE,GWUS
2025-06-29,8.526,0.075,,-0.345,-0.282,2025-06-22,00Z-ECE,GWUS
2025-06-30,8.445,-0.139,,-0.367,-0.12,2025-06-22,00Z-ECE,GWUS
2025-07-01,8.223,-0.674,,-0.094,0.057,2025-06-22,00Z-ECE,GWUS
2025-07-02,8.092,-0.929,,-0.056,0.217,2025-06-22,00Z-ECE,GWUS
2025-07-03,8.472,-0.555,,0.169,0.405,2025-06-22,00Z-ECE,GWUS
2025-07-04,8.851,-0.17,,0.301,0.539,2025-06-22,00Z-ECE,GWUS
2025-07-05,8.891,-0.323,,0.085,,2025-06-22,00Z-ECE,GWUS
2025-06-23,10.105,1.742,0.038,-0.119,-0.059,2025-06-23,00Z-ECE,GWUS
2025-06-24,10.334,1.953,0.024,-0.025,-0.103,2025-06-23,00Z-ECE,GWUS
2025-06-25,9.466,1.002,0.022,-0.024,-0.232,2025-06-23,00Z-ECE,GWUS
2025-06-26,8.465,-0.032,-0.017,-0.085,-0.556,2025-06-23,00Z-ECE,GWUS
2025-06-27,7.935,-0.527,-0.028,-0.083,-0.512,2025-06-23,00Z-ECE,GWUS
2025-06-28,8.131,-0.29,,-0.201,-0.38,2025-06-23,00Z-ECE,GWUS
2025-06-29,8.501,0.05,,-0.098,-0.025,2025-06-23,00Z-ECE,GWUS
2025-06-30,8.185,-0.398,,-0.392,-0.26,2025-06-23,00Z-ECE,GWUS
2025-07-01,7.71,-1.186,,-0.476,-0.513,2025-06-23,00Z-ECE,GWUS
2025-07-02,7.391,-1.63,,-0.471,-0.701,2025-06-23,00Z-ECE,GWUS
2025-07-03,7.717,-1.31,,-0.344,-0.755,2025-06-23,00Z-ECE,GWUS
2025-07-04,8.258,-0.763,,-0.058,-0.593,2025-06-23,00Z-ECE,GWUS
2025-07-05,8.476,-0.738,,-0.063,-0.415,2025-06-23,00Z-ECE,GWUS
2025-07-06,8.579,-0.675,,-0.127,,2025-06-23,00Z-ECE,GWUS
2025-06-24,10.138,1.757,0.031,-0.096,-0.196,2025-06-24,00Z-ECE,GWUS
2025-06-25,9.035,0.57,0.05,-0.124,-0.432,2025-06-24,00Z-ECE,GWUS
2025-06-26,8.135,-0.361,0.177,0.1,-0.33,2025-06-24,00Z-ECE,GWUS
2025-06-27,7.765,-0.698,0.119,-0.061,-0.171,2025-06-24,00Z-ECE,GWUS
2025-06-28,8.105,-0.315,0.125,-0.024,-0.026,2025-06-24,00Z-ECE,GWUS
2025-06-29,8.382,-0.069,,-0.141,-0.123,2025-06-24,00Z-ECE,GWUS
2025-06-30,8.131,-0.452,,-0.171,-0.054,2025-06-24,00Z-ECE,GWUS
2025-07-01,7.677,-1.22,,-0.182,-0.033,2025-06-24,00Z-ECE,GWUS
2025-07-02,7.346,-1.674,,-0.162,-0.044,2025-06-24,00Z-ECE,GWUS
2025-07-03,7.585,-1.442,,-0.396,-0.124,2025-06-24,00Z-ECE,GWUS
2025-07-04,8.17,-0.851,,-0.355,-0.088,2025-06-24,00Z-ECE,GWUS
2025-07-05,8.55,-0.664,,-0.236,0.074,2025-06-24,00Z-ECE,GWUS
2025-07-06,8.694,-0.56,,-0.051,0.115,2025-06-24,00Z-ECE,GWUS
2025-07-07,8.858,-0.362,,0.086,,2025-06-24,00Z-ECE,GWUS
2025-06-25,8.687,0.222,-0.125,-0.398,-0.348,2025-06-25,00Z-ECE,GWUS
2025-06-26,7.953,-0.544,-0.038,-0.21,-0.182,2025-06-25,00Z-ECE,GWUS
2025-06-27,7.305,-1.157,-0.2,-0.333,-0.459,2025-06-25,00Z-ECE,GWUS
2025-06-28,7.846,-0.574,0.041,-0.228,-0.242,2025-06-25,00Z-ECE,GWUS
2025-06-29,8.177,-0.275,-0.037,-0.333,-0.212,2025-06-25,00Z-ECE,GWUS
2025-06-30,7.857,-0.726,,-0.176,-0.274,2025-06-25,00Z-ECE,GWUS
2025-07-01,7.446,-1.45,,0.005,-0.231,2025-06-25,00Z-ECE,GWUS
2025-07-02,7.21,-1.81,,0.166,-0.136,2025-06-25,00Z-ECE,GWUS
2025-07-03,7.254,-1.774,,-0.191,-0.33,2025-06-25,00Z-ECE,GWUS
2025-07-04,7.782,-1.239,,-0.4,-0.388,2025-06-25,00Z-ECE,GWUS
2025-07-05,8.269,-0.945,,-0.327,-0.281,2025-06-25,00Z-ECE,GWUS
2025-07-06,8.593,-0.66,,-0.324,-0.101,2025-06-25,00Z-ECE,GWUS
2025-07-07,8.83,-0.39,,-0.197,-0.028,2025-06-25,00Z-ECE,GWUS
2025-07-08,8.83,-0.309,,-0.109,,2025-06-25,00Z-ECE,GWUS
2025-06-26,7.879,-0.617,-0.029,-0.044,-0.074,2025-06-26,00Z-ECE,GWUS
2025-06-27,7.278,-1.184,0.222,0.159,-0.027,2025-06-26,00Z-ECE,GWUS
2025-06-28,7.667,-0.753,0.041,0.028,-0.182,2025-06-26,00Z-ECE,GWUS
2025-06-29,8.31,-0.142,0.283,0.399,0.133,2025-06-26,00Z-ECE,GWUS
2025-06-30,7.756,-0.828,0.161,0.198,-0.102,2025-06-26,00Z-ECE,GWUS
2025-07-01,7.118,-1.779,,-0.152,-0.329,2025-06-26,00Z-ECE,GWUS
2025-07-02,7.07,-1.951,,-0.075,-0.14,2025-06-26,00Z-ECE,GWUS
2025-07-03,7.202,-1.826,,-0.41,-0.052,2025-06-26,00Z-ECE,GWUS
2025-07-04,7.616,-1.405,,-0.526,-0.167,2025-06-26,00Z-ECE,GWUS
2025-07-05,7.956,-1.258,,-0.454,-0.313,2025-06-26,00Z-ECE,GWUS
2025-07-06,8.266,-0.988,,-0.309,-0.328,2025-06-26,00Z-ECE,GWUS
2025-07-07,8.633,-0.587,,-0.155,-0.197,2025-06-26,00Z-ECE,GWUS
2025-07-08,8.757,-0.382,,-0.16,-0.073,2025-06-26,00Z-ECE,GWUS
2025-07-09,8.791,-0.163,,-0.427,,2025-06-26,00Z-ECE,GWUS
2025-06-27,7.05,-1.412,-0.1,-0.336,-0.228,2025-06-27,00Z-ECE,GWUS
2025-06-28,7.631,-0.789,-0.071,-0.276,-0.036,2025-06-27,00Z-ECE,GWUS
2025-06-29,8.145,-0.306,-0.105,-0.181,-0.164,2025-06-27,00Z-ECE,GWUS
2025-06-30,7.423,-1.161,-0.135,-0.2,-0.332,2025-06-27,00Z-ECE,GWUS
2025-07-01,7.006,-1.89,-0.107,-0.193,-0.111,2025-06-27,00Z-ECE,GWUS
2025-07-02,7.135,-1.886,,-0.14,0.065,2025-06-27,00Z-ECE,GWUS
2025-07-03,7.477,-1.55,,0.099,0.275,2025-06-27,00Z-ECE,GWUS
2025-07-04,8.119,-0.902,,0.436,0.504,2025-06-27,00Z-ECE,GWUS
2025-07-05,8.609,-0.605,,0.785,0.653,2025-06-27,00Z-ECE,GWUS
2025-07-06,8.9,-0.354,,1.075,0.634,2025-06-27,00Z-ECE,GWUS
2025-07-07,9.009,-0.211,,0.913,0.376,2025-06-27,00Z-ECE,GWUS
2025-07-08,9.168,0.029,,0.758,0.411,2025-06-27,00Z-ECE,GWUS
2025-07-09,9.478,0.524,,0.82,0.687,2025-06-27,00Z-ECE,GWUS
2025-07-10,9.678,0.664,,1.201,,2025-06-27,00Z-ECE,GWUS
2025-06-28,7.324,-1.096,-0.072,-0.187,-0.307,2025-06-28,00Z-ECE,GWUS
2025-06-29,7.998,-0.453,0.107,-0.081,-0.147,2025-06-28,00Z-ECE,GWUS
2025-06-30,7.384,-1.2,0.159,-0.096,-0.039,2025-06-28,00Z-ECE,GWUS
2025-07-01,7.22,-1.677,0.21,0.073,0.201,2025-06-28,00Z-ECE,GWUS
2025-07-02,7.206,-1.814,0.09,-0.062,0.071,2025-06-28,00Z-ECE,GWUS
2025-07-03,7.189,-1.838,,-0.362,-0.288,2025-06-28,00Z-ECE,GWUS
2025-07-04,7.546,-1.475,,-0.309,-0.574,2025-06-28,00Z-ECE,GWUS
2025-07-05,8.636,-0.578,,0.021,0.027,2025-06-28,00Z-ECE,GWUS
2025-07-06,9.282,0.028,,0.174,0.382,2025-06-28,00Z-ECE,GWUS
2025-07-07,9.679,0.459,,0.192,0.677,2025-06-28,00Z-ECE,GWUS
2025-07-08,9.933,0.794,,0.061,0.765,2025-06-28,00Z-ECE,GWUS
2025-07-09,9.953,0.999,,-0.241,0.475,2025-06-28,00Z-ECE,GWUS
2025-07-10,9.87,0.856,,-0.353,0.192,2025-06-28,00Z-ECE,GWUS
2025-07-11,9.507,0.364,,-0.231,,2025-06-28,00Z-ECE,GWUS
2025-06-29,7.776,-0.676,0.159,0.011,-0.223,2025-06-29,00Z-ECE,GWUS
2025-06-30,7.477,-1.107,0.315,0.247,0.093,2025-06-29,00Z-ECE,GWUS
2025-07-01,6.969,-1.928,0.192,0.116,-0.246,2025-06-29,00Z-ECE,GWUS
2025-07-02,7.298,-1.722,0.165,0.236,0.092,2025-06-29,00Z-ECE,GWUS
2025-07-03,7.775,-1.252,0.253,0.236,0.586,2025-06-29,00Z-ECE,GWUS
2025-07-04,8.268,-0.753,,-0.038,0.723,2025-06-29,00Z-ECE,GWUS
2025-07-05,9.272,0.058,,-0.018,0.636,2025-06-29,00Z-ECE,GWUS
2025-07-06,9.821,0.567,,0.078,0.539,2025-06-29,00Z-ECE,GWUS
2025-07-07,9.917,0.697,,-0.013,0.257,2025-06-29,00Z-ECE,GWUS
2025-07-08,9.81,0.671,,-0.005,-0.123,2025-06-29,00Z-ECE,GWUS
2025-07-09,9.563,0.609,,0.001,-0.39,2025-06-29,00Z-ECE,GWUS
2025-07-10,9.033,0.018,,-0.244,-0.837,2025-06-29,00Z-ECE,GWUS
2025-07-11,8.603,-0.54,,-0.483,-0.904,2025-06-29,00Z-ECE,GWUS
2025-07-12,8.452,-0.71,,-0.577,,2025-06-29,00Z-ECE,GWUS
2025-06-30,7.291,-1.293,0.026,-0.009,-0.186,2025-06-30,00Z-ECE,GWUS
2025-07-01,7.027,-1.87,0.142,0.217,0.058,2025-06-30,00Z-ECE,GWUS
2025-07-02,7.581,-1.439,0.334,0.411,0.283,2025-06-30,00Z-ECE,GWUS
2025-07-03,7.917,-1.11,0.123,0.259,0.142,2025-06-30,00Z-ECE,GWUS
2025-07-04,8.225,-0.796,-0.025,0.153,-0.043,2025-06-30,00Z-ECE,GWUS
2025-07-05,9.203,-0.011,,0.132,-0.07,2025-06-30,00Z-ECE,GWUS
2025-07-06,9.478,0.224,,0.129,-0.343,2025-06-30,00Z-ECE,GWUS
2025-07-07,9.414,0.194,,-0.116,-0.504,2025-06-30,00Z-ECE,GWUS
2025-07-08,9.106,-0.033,,-0.341,-0.704,2025-06-30,00Z-ECE,GWUS
2025-07-09,8.8,-0.155,,-0.574,-0.764,2025-06-30,00Z-ECE,GWUS
2025-07-10,8.456,-0.558,,-0.674,-0.577,2025-06-30,00Z-ECE,GWUS
2025-07-11,8.061,-1.083,,-0.51,-0.542,2025-06-30,00Z-ECE,GWUS
2025-07-12,7.793,-1.369,,-0.446,-0.66,2025-06-30,00Z-ECE,GWUS
2025-07-13,7.82,-1.354,,-0.271,,2025-06-30,00Z-ECE,GWUS
2025-07-01,6.758,-2.138,-0.191,-0.182,-0.269,2025-07-01,00Z-ECE,GWUS
2025-07-02,6.786,-2.234,-0.1,-0.21,-0.795,2025-07-01,00Z-ECE,GWUS
2025-07-03,7.247,-1.78,-0.105,-0.333,-0.67,2025-07-01,00Z-ECE,GWUS
2025-07-04,7.598,-1.423,-0.149,-0.479,-0.627,2025-07-01,00Z-ECE,GWUS
2025-07-05,8.55,-0.664,-0.083,-0.421,-0.653,2025-07-01,00Z-ECE,GWUS
2025-07-06,8.766,-0.488,,-0.535,-0.712,2025-07-01,00Z-ECE,GWUS
2025-07-07,8.822,-0.398,,-0.313,-0.592,2025-07-01,00Z-ECE,GWUS
2025-07-08,8.663,-0.476,,-0.2,-0.442,2025-07-01,00Z-ECE,GWUS
2025-07-09,8.519,-0.435,,-0.224,-0.281,2025-07-01,00Z-ECE,GWUS
2025-07-10,8.184,-0.83,,-0.475,-0.272,2025-07-01,00Z-ECE,GWUS
2025-07-11,7.897,-1.246,,-0.253,-0.164,2025-07-01,00Z-ECE,GWUS
2025-07-12,7.677,-1.485,,-0.1,-0.116,2025-07-01,00Z-ECE,GWUS
2025-07-13,7.743,-1.43,,-0.177,-0.06,2025-07-01,00Z-ECE,GWUS
2025-07-14,7.96,-1.253,,-0.123,,2025-07-01,00Z-ECE,GWUS
2025-07-02,6.923,-2.097,0.251,0.237,0.137,2025-07-02,00Z-ECE,GWUS
2025-07-03,7.089,-1.938,0.203,-0.086,-0.158,2025-07-02,00Z-ECE,GWUS
2025-07-04,7.39,-1.631,0.165,-0.188,-0.208,2025-07-02,00Z-ECE,GWUS
2025-07-05,8.419,-0.795,0.442,-0.221,-0.131,2025-07-02,00Z-ECE,GWUS
2025-07-06,8.745,-0.509,-0.086,-0.359,-0.022,2025-07-02,00Z-ECE,GWUS
2025-07-07,8.302,-0.918,,-0.912,-0.52,2025-07-02,00Z-ECE,GWUS
2025-07-08,8.236,-0.903,,-0.692,-0.428,2025-07-02,00Z-ECE,GWUS
2025-07-09,8.209,-0.745,,-0.755,-0.31,2025-07-02,00Z-ECE,GWUS
2025-07-10,8.019,-0.995,,-0.764,-0.173,2025-07-02,00Z-ECE,GWUS
2025-07-11,7.767,-1.376,,-0.554,-0.13,2025-07-02,00Z-ECE,GWUS
2025-07-12,7.664,-1.498,,-0.282,-0.013,2025-07-02,00Z-ECE,GWUS
2025-07-13,7.806,-1.367,,-0.082,0.063,2025-07-02,00Z-ECE,GWUS
2025-07-14,8.085,-1.128,,0.136,0.126,2025-07-02,00Z-ECE,GWUS
2025-07-15,8.311,-1.11,,0.043,,2025-07-02,00Z-ECE,GWUS
2025-07-03,6.991,-2.036,-0.093,0.009,-0.096,2025-07-03,00Z-ECE,GWUS
2025-07-04,7.095,-1.926,-0.195,-0.154,-0.295,2025-07-03,00Z-ECE,GWUS
2025-07-05,8.053,-1.161,-0.263,-0.245,-0.366,2025-07-03,00Z-ECE,GWUS
2025-07-06,8.686,-0.568,0.029,-0.135,-0.059,2025-07-03,00Z-ECE,GWUS
2025-07-07,8.404,-0.816,0.034,-0.118,0.102,2025-07-03,00Z-ECE,GWUS
2025-07-08,8.576,-0.563,,-0.042,0.34,2025-07-03,00Z-ECE,GWUS
2025-07-09,8.741,-0.213,,0.011,0.532,2025-07-03,00Z-ECE,GWUS
2025-07-10,8.46,-0.554,,-0.081,0.429,2025-07-03,00Z-ECE,GWUS
2025-07-11,8.057,-1.086,,-0.245,0.29,2025-07-03,00Z-ECE,GWUS
2025-07-12,8.091,-1.071,,-0.096,0.427,2025-07-03,00Z-ECE,GWUS
2025-07-13,8.376,-0.797,,0.013,0.57,2025-07-03,00Z-ECE,GWUS
2025-07-14,8.776,-0.437,,0.261,0.691,2025-07-03,00Z-ECE,GWUS
2025-07-15,9.115,-0.305,,0.396,0.804,2025-07-03,00Z-ECE,GWUS
2025-07-16,9.396,-0.33,,0.395,,2025-07-03,00Z-ECE,GWUS
2025-07-04,6.908,-2.113,-0.017,-0.079,-0.187,2025-07-04,00Z-ECE,GWUS
2025-07-05,7.973,-1.241,0.14,-0.037,-0.08,2025-07-04,00Z-ECE,GWUS
2025-07-06,8.312,-0.942,0.005,-0.054,-0.375,2025-07-04,00Z-ECE,GWUS
2025-07-07,8.209,-1.011,0.257,0.183,-0.195,2025-07-04,00Z-ECE,GWUS
2025-07-08,8.79,-0.349,0.534,0.431,0.214,2025-07-04,00Z-ECE,GWUS
2025-07-09,8.784,-0.17,,0.406,0.043,2025-07-04,00Z-ECE,GWUS
2025-07-10,8.136,-0.878,,0.42,-0.324,2025-07-04,00Z-ECE,GWUS
2025-07-11,7.864,-1.28,,0.492,-0.194,2025-07-04,00Z-ECE,GWUS
2025-07-12,7.772,-1.39,,0.259,-0.318,2025-07-04,00Z-ECE,GWUS
2025-07-13,7.635,-1.539,,-0.22,-0.741,2025-07-04,00Z-ECE,GWUS
2025-07-14,7.832,-1.381,,-0.321,-0.944,2025-07-04,00Z-ECE,GWUS
2025-07-15,8.287,-1.134,,-0.107,-0.828,2025-07-04,00Z-ECE,GWUS
2025-07-16,8.738,-0.988,,0.098,-0.658,2025-07-04,00Z-ECE,GWUS
2025-07-17,9.262,-0.638,,0.288,,2025-07-04,00Z-ECE,GWUS
2025-07-05,7.783,-1.431,0.034,-0.043,-0.19,2025-07-05,00Z-ECE,GWUS
2025-07-06,8.12,-1.134,0.085,-0.025,-0.191,2025-07-05,00Z-ECE,GWUS
2025-07-07,7.925,-1.294,0.101,0.038,-0.284,2025-07-05,00Z-ECE,GWUS
2025-07-08,8.129,-1.01,0.075,-0.026,-0.661,2025-07-05,00Z-ECE,GWUS
2025-07-09,7.937,-1.017,-0.196,-0.276,-0.847,2025-07-05,00Z-ECE,GWUS
2025-07-10,7.403,-1.611,,-0.658,-0.733,2025-07-05,00Z-ECE,GWUS
2025-07-11,7.265,-1.878,,-0.478,-0.599,2025-07-05,00Z-ECE,GWUS
2025-07-12,7.409,-1.754,,-0.094,-0.364,2025-07-05,00Z-ECE,GWUS
2025-07-13,7.558,-1.615,,-0.069,-0.076,2025-07-05,00Z-ECE,GWUS
2025-07-14,7.952,-1.261,,-0.166,0.12,2025-07-05,00Z-ECE,GWUS
2025-07-15,8.494,-0.927,,-0.265,0.207,2025-07-05,00Z-ECE,GWUS
2025-07-16,8.979,-0.747,,-0.258,0.241,2025-07-05,00Z-ECE,GWUS
2025-07-17,9.282,-0.618,,-0.294,0.02,2025-07-05,00Z-ECE,GWUS
2025-07-18,9.412,-0.549,,-0.085,,2025-07-05,00Z-ECE,GWUS
2025-07-06,7.853,-1.401,-0.052,-0.187,-0.267,2025-07-06,00Z-ECE,GWUS
2025-07-07,7.488,-1.732,0.065,-0.115,-0.438,2025-07-06,00Z-ECE,GWUS
2025-07-08,7.864,-1.275,0.108,0.041,-0.265,2025-07-06,00Z-ECE,GWUS
2025-07-09,7.589,-1.365,0.035,-0.103,-0.348,2025-07-06,00Z-ECE,GWUS
2025-07-10,6.972,-2.043,-0.15,-0.401,-0.431,2025-07-06,00Z-ECE,GWUS
2025-07-11,7.026,-2.118,,-0.362,-0.239,2025-07-06,00Z-ECE,GWUS
2025-07-12,6.978,-2.184,,-0.393,-0.43,2025-07-06,00Z-ECE,GWUS
2025-07-13,7.285,-1.888,,-0.412,-0.273,2025-07-06,00Z-ECE,GWUS
2025-07-14,7.878,-1.335,,-0.481,-0.074,2025-07-06,00Z-ECE,GWUS
2025-07-15,8.56,-0.86,,-0.405,0.067,2025-07-06,00Z-ECE,GWUS
2025-07-16,8.977,-0.749,,-0.384,-0.002,2025-07-06,00Z-ECE,GWUS
2025-07-17,8.987,-0.912,,-0.474,-0.295,2025-07-06,00Z-ECE,GWUS
2025-07-18,8.992,-0.969,,-0.447,-0.42,2025-07-06,00Z-ECE,GWUS
2025-07-19,8.944,-1.134,,-0.606,,2025-07-06,00Z-ECE,GWUS
2025-07-07,7.174,-2.046,-0.001,-0.1,-0.314,2025-07-07,00Z-ECE,GWUS
2025-07-08,7.762,-1.377,0.065,-0.011,-0.102,2025-07-07,00Z-ECE,GWUS
2025-07-09,7.383,-1.571,0.098,0.009,-0.206,2025-07-07,00Z-ECE,GWUS
2025-07-10,7.024,-1.99,0.213,0.135,0.053,2025-07-07,00Z-ECE,GWUS
2025-07-11,7.319,-1.825,0.316,0.127,0.293,2025-07-07,00Z-ECE,GWUS
2025-07-12,7.287,-1.875,,0.234,0.309,2025-07-07,00Z-ECE,GWUS
2025-07-13,7.316,-1.857,,0.203,0.032,2025-07-07,00Z-ECE,GWUS
2025-07-14,7.808,-1.405,,0.075,-0.07,2025-07-07,00Z-ECE,GWUS
2025-07-15,8.231,-1.19,,0.047,-0.33,2025-07-07,00Z-ECE,GWUS
2025-07-16,8.363,-1.364,,-0.107,-0.615,2025-07-07,00Z-ECE,GWUS
2025-07-17,8.341,-1.558,,-0.117,-0.648,2025-07-07,00Z-ECE,GWUS
2025-07-18,8.275,-1.685,,-0.149,-0.716,2025-07-07,00Z-ECE,GWUS
2025-07-19,8.19,-1.889,,-0.176,-0.755,2025-07-07,00Z-ECE,GWUS
2025-07-20,8.324,-1.674,,-0.005,,2025-07-07,00Z-ECE,GWUS
2025-07-08,7.808,-1.331,0.108,-0.035,0.046,2025-07-08,00Z-ECE,GWUS
2025-07-09,7.482,-1.472,0.114,0.032,0.099,2025-07-08,00Z-ECE,GWUS
2025-07-10,7.057,-1.958,0.123,-0.018,0.032,2025-07-08,00Z-ECE,GWUS
2025-07-11,7.554,-1.59,0.129,0.05,0.235,2025-07-08,00Z-ECE,GWUS
2025-07-12,7.491,-1.671,0.149,-0.062,0.204,2025-07-08,00Z-ECE,GWUS
2025-07-13,7.436,-1.737,,0.009,0.12,2025-07-08,00Z-ECE,GWUS
2025-07-14,7.983,-1.23,,0.093,0.175,2025-07-08,00Z-ECE,GWUS
2025-07-15,8.453,-0.967,,0.194,0.223,2025-07-08,00Z-ECE,GWUS
2025-07-16,8.466,-1.26,,0.253,0.103,2025-07-08,00Z-ECE,GWUS
2025-07-17,8.011,-1.888,,0.159,-0.358,2025-07-08,00Z-ECE,GWUS
2025-07-18,7.876,-2.084,,0.128,-0.399,2025-07-08,00Z-ECE,GWUS
2025-07-19,8.04,-2.038,,0.147,-0.15,2025-07-08,00Z-ECE,GWUS
2025-07-20,8.354,-1.644,,0.089,0.031,2025-07-08,00Z-ECE,GWUS
2025-07-21,8.795,-1.027,,0.267,,2025-07-08,00Z-ECE,GWUS
2025-07-09,7.202,-1.752,-0.167,-0.232,-0.28,2025-07-09,00Z-ECE,GWUS
2025-07-10,7.179,-1.836,0.054,0.006,0.117,2025-07-09,00Z-ECE,GWUS
2025-07-11,7.561,-1.582,-0.046,-0.041,0.008,2025-07-09,00Z-ECE,GWUS
2025-07-12,7.555,-1.607,0.046,0.187,0.064,2025-07-09,00Z-ECE,GWUS
2025-07-13,7.192,-1.982,-0.118,-0.174,-0.245,2025-07-09,00Z-ECE,GWUS
2025-07-14,7.622,-1.591,,-0.246,-0.361,2025-07-09,00Z-ECE,GWUS
2025-07-15,8.256,-1.164,,0.062,-0.197,2025-07-09,00Z-ECE,GWUS
2025-07-16,8.127,-1.6,,0.019,-0.34,2025-07-09,00Z-ECE,GWUS
2025-07-17,7.425,-2.475,,-0.342,-0.587,2025-07-09,00Z-ECE,GWUS
2025-07-18,6.939,-3.022,,-0.561,-0.937,2025-07-09,00Z-ECE,GWUS
2025-07-19,6.771,-3.307,,-0.72,-1.268,2025-07-09,00Z-ECE,GWUS
2025-07-20,7.177,-2.821,,-0.57,-1.178,2025-07-09,00Z-ECE,GWUS
2025-07-21,7.861,-1.961,,-0.259,-0.934,2025-07-09,00Z-ECE,GWUS
2025-07-22,8.416,-1.158,,0.1,,2025-07-09,00Z-ECE,GWUS
2025-07-10,7.039,-1.975,-0.052,-0.172,-0.14,2025-07-10,00Z-ECE,GWUS
2025-07-11,7.605,-1.538,0.089,-0.136,0.044,2025-07-10,00Z-ECE,GWUS
2025-07-12,7.461,-1.701,0.166,-0.139,-0.094,2025-07-10,00Z-ECE,GWUS
2025-07-13,7.034,-2.139,0.076,-0.198,-0.158,2025-07-10,00Z-ECE,GWUS
2025-07-14,7.437,-1.777,0.056,-0.186,-0.186,2025-07-10,00Z-ECE,GWUS
2025-07-15,8.281,-1.139,,-0.019,0.025,2025-07-10,00Z-ECE,GWUS
2025-07-16,8.534,-1.192,,0.39,0.407,2025-07-10,00Z-ECE,GWUS
2025-07-17,7.957,-1.943,,0.568,0.532,2025-07-10,00Z-ECE,GWUS
2025-07-18,7.506,-2.454,,0.56,0.567,2025-07-10,00Z-ECE,GWUS
2025-07-19,7.317,-2.761,,0.274,0.546,2025-07-10,00Z-ECE,GWUS
2025-07-20,7.469,-2.529,,0.133,0.317,2025-07-10,00Z-ECE,GWUS
2025-07-21,7.926,-1.895,,0.187,0.065,2025-07-10,00Z-ECE,GWUS
2025-07-22,8.438,-1.136,,0.17,0.022,2025-07-10,00Z-ECE,GWUS
2025-07-23,8.881,-0.569,,0.161,,2025-07-10,00Z-ECE,GWUS
2025-07-11,7.527,-1.617,-0.084,0.023,-0.078,2025-07-11,00Z-ECE,GWUS
2025-07-12,7.441,-1.721,0.092,0.054,-0.02,2025-07-11,00Z-ECE,GWUS
2025-07-13,6.966,-2.207,0.046,0.036,-0.068,2025-07-11,00Z-ECE,GWUS
2025-07-14,7.43,-1.783,0.0,-0.032,-0.006,2025-07-11,00Z-ECE,GWUS
2025-07-15,8.169,-1.251,0.038,0.098,-0.112,2025-07-11,00Z-ECE,GWUS
2025-07-16,8.115,-1.611,,-0.352,-0.418,2025-07-11,00Z-ECE,GWUS
2025-07-17,7.609,-2.29,,-0.501,-0.347,2025-07-11,00Z-ECE,GWUS
2025-07-18,7.325,-2.636,,-0.5,-0.181,2025-07-11,00Z-ECE,GWUS
2025-07-19,7.468,-2.61,,-0.205,0.151,2025-07-11,00Z-ECE,GWUS
2025-07-20,7.913,-2.084,,-0.185,0.454,2025-07-11,00Z-ECE,GWUS
2025-07-21,8.344,-1.478,,-0.213,0.418,2025-07-11,00Z-ECE,GWUS
2025-07-22,8.689,-0.885,,-0.278,0.251,2025-07-11,00Z-ECE,GWUS
2025-07-23,8.901,-0.549,,-0.324,0.02,2025-07-11,00Z-ECE,GWUS
2025-07-24,8.924,-0.545,,-0.524,,2025-07-11,00Z-ECE,GWUS
2025-07-12,7.463,-1.699,0.184,0.17,0.022,2025-07-12,00Z-ECE,GWUS
2025-07-13,7.038,-2.135,0.085,0.125,0.072,2025-07-12,00Z-ECE,GWUS
2025-07-14,7.575,-1.638,0.197,0.187,0.145,2025-07-12,00Z-ECE,GWUS
2025-07-15,8.533,-0.887,0.29,0.247,0.365,2025-07-12,00Z-ECE,GWUS
2025-07-16,8.492,-1.235,0.327,0.218,0.376,2025-07-12,00Z-ECE,GWUS
2025-07-17,8.063,-1.837,,0.11,0.453,2025-07-12,00Z-ECE,GWUS
2025-07-18,7.639,-2.322,,0.021,0.309,2025-07-12,00Z-ECE,GWUS
2025-07-19,7.61,-2.468,,0.023,0.142,2025-07-12,00Z-ECE,GWUS
2025-07-20,8.169,-1.829,,0.164,0.255,2025-07-12,00Z-ECE,GWUS
2025-07-21,8.559,-1.262,,0.051,0.216,2025-07-12,00Z-ECE,GWUS
2025-07-22,8.846,-0.727,,-0.086,0.158,2025-07-12,00Z-ECE,GWUS
2025-07-23,8.944,-0.506,,-0.261,0.043,2025-07-12,00Z-ECE,GWUS
2025-07-24,9.188,-0.28,,-0.114,0.264,2025-07-12,00Z-ECE,GWUS
2025-07-25,9.373,-0.032,,0.201,,2025-07-12,00Z-ECE,GWUS
2025-07-13,6.89,-2.283,-0.048,-0.23,-0.148,2025-07-13,00Z-ECE,GWUS
2025-07-14,7.195,-2.018,-0.137,-0.311,-0.38,2025-07-13,00Z-ECE,GWUS
2025-07-15,7.702,-1.718,-0.165,-0.437,-0.831,2025-07-13,00Z-ECE,GWUS
2025-07-16,7.875,-1.851,-0.009,-0.241,-0.615,2025-07-13,00Z-ECE,GWUS
2025-07-17,7.956,-1.944,0.345,0.173,-0.107,2025-07-13,00Z-ECE,GWUS
2025-07-18,7.582,-2.379,,-0.012,-0.055,2025-07-13,00Z-ECE,GWUS
2025-07-19,7.567,-2.511,,-0.197,-0.044,2025-07-13,00Z-ECE,GWUS
2025-07-20,8.007,-1.991,,-0.28,-0.161,2025-07-13,00Z-ECE,GWUS
2025-07-21,8.36,-1.461,,-0.219,-0.199,2025-07-13,00Z-ECE,GWUS
2025-07-22,8.8,-0.773,,-0.087,-0.046,2025-07-13,00Z-ECE,GWUS
2025-07-23,9.252,-0.198,,-0.012,0.308,2025-07-13,00Z-ECE,GWUS
2025-07-24,9.563,0.094,,0.081,0.374,2025-07-13,00Z-ECE,GWUS
2025-07-25,9.635,0.229,,0.17,0.261,2025-07-13,00Z-ECE,GWUS
2025-07-26,9.494,0.012,,0.159,,2025-07-13,00Z-ECE,GWUS
2025-07-14,7.142,-2.071,0.018,-0.084,-0.053,2025-07-14,00Z-ECE,GWUS
2025-07-15,7.868,-1.552,0.159,-0.048,0.166,2025-07-14,00Z-ECE,GWUS
2025-07-16,7.929,-1.797,-0.044,-0.063,0.065,2025-07-14,00Z-ECE,GWUS
2025-07-17,7.954,-1.946,-0.126,-0.029,-0.002,2025-07-14,00Z-ECE,GWUS
2025-07-18,7.595,-2.366,-0.191,-0.2,0.013,2025-07-14,00Z-ECE,GWUS
2025-07-19,7.824,-2.254,,-0.171,0.258,2025-07-14,00Z-ECE,GWUS
2025-07-20,8.332,-1.666,,-0.037,0.324,2025-07-14,00Z-ECE,GWUS
2025-07-21,8.603,-1.218,,0.02,0.243,2025-07-14,00Z-ECE,GWUS
2025-07-22,9.033,-0.541,,0.051,0.232,2025-07-14,00Z-ECE,GWUS
2025-07-23,9.407,-0.043,,0.008,0.155,2025-07-14,00Z-ECE,GWUS
2025-07-24,9.74,0.271,,0.087,0.177,2025-07-14,00Z-ECE,GWUS
2025-07-25,9.839,0.433,,0.174,0.204,2025-07-14,00Z-ECE,GWUS
2025-07-26,9.919,0.436,,0.356,0.424,2025-07-14,00Z-ECE,GWUS
2025-07-27,10.019,0.423,,0.505,,2025-07-14,00Z-ECE,GWUS
2025-07-15,8.09,-1.33,0.263,0.267,0.222,2025-07-15,00Z-ECE,GWUS
2025-07-16,8.169,-1.557,0.146,0.272,0.24,2025-07-15,00Z-ECE,GWUS
2025-07-17,7.986,-1.913,0.113,0.263,0.033,2025-07-15,00Z-ECE,GWUS
2025-07-18,7.613,-2.347,0.074,0.265,0.019,2025-07-15,00Z-ECE,GWUS
2025-07-19,7.968,-2.11,-0.008,0.21,0.144,2025-07-15,00Z-ECE,GWUS
2025-07-20,8.271,-1.726,,-0.122,-0.06,2025-07-15,00Z-ECE,GWUS
2025-07-21,8.246,-1.575,,-0.289,-0.357,2025-07-15,00Z-ECE,GWUS
2025-07-22,8.899,-0.675,,-0.16,-0.133,2025-07-15,00Z-ECE,GWUS
2025-07-23,9.866,0.416,,0.058,0.459,2025-07-15,00Z-ECE,GWUS
2025-07-24,10.32,0.852,,0.148,0.58,2025-07-15,00Z-ECE,GWUS
2025-07-25,10.326,0.92,,0.137,0.487,2025-07-15,00Z-ECE,GWUS
2025-07-26,10.122,0.639,,0.196,0.203,2025-07-15,00Z-ECE,GWUS
2025-07-27,9.917,0.321,,0.135,-0.102,2025-07-15,00Z-ECE,GWUS
2025-07-28,9.907,0.571,,0.173,,2025-07-15,00Z-ECE,GWUS
2025-07-16,8.288,-1.439,0.04,0.045,0.118,2025-07-16,00Z-ECE,GWUS
2025-07-17,8.068,-1.831,0.113,0.053,0.082,2025-07-16,00Z-ECE,GWUS
2025-07-18,7.499,-2.462,-0.014,-0.146,-0.115,2025-07-16,00Z-ECE,GWUS
2025-07-19,8.307,-1.771,0.247,0.27,0.339,2025-07-16,00Z-ECE,GWUS
2025-07-20,8.669,-1.329,0.232,0.185,0.398,2025-07-16,00Z-ECE,GWUS
2025-07-21,8.465,-1.357,,-0.256,0.218,2025-07-16,00Z-ECE,GWUS
2025-07-22,9.186,-0.388,,-0.241,0.287,2025-07-16,00Z-ECE,GWUS
2025-07-23,9.964,0.514,,-0.309,0.098,2025-07-16,00Z-ECE,GWUS
2025-07-24,10.713,1.244,,-0.092,0.392,2025-07-16,00Z-ECE,GWUS
2025-07-25,10.843,1.438,,0.145,0.518,2025-07-16,00Z-ECE,GWUS
2025-07-26,10.616,1.133,,0.52,0.494,2025-07-16,00Z-ECE,GWUS
2025-07-27,10.406,0.811,,0.596,0.49,2025-07-16,00Z-ECE,GWUS
2025-07-28,10.132,0.796,,0.367,0.226,2025-07-16,00Z-ECE,GWUS
2025-07-29,9.77,0.55,,-0.072,,2025-07-16,00Z-ECE,GWUS
2025-07-17,7.826,-2.074,0.042,-0.011,-0.243,2025-07-17,00Z-ECE,GWUS
2025-07-18,7.244,-2.717,0.104,-0.081,-0.255,2025-07-17,00Z-ECE,GWUS
2025-07-19,8.017,-2.061,0.021,-0.152,-0.29,2025-07-17,00Z-ECE,GWUS
2025-07-20,8.497,-1.501,0.113,-0.019,-0.169,2025-07-17,00Z-ECE,GWUS
2025-07-21,8.055,-1.767,0.054,-0.077,-0.41,2025-07-17,00Z-ECE,GWUS
2025-07-22,8.811,-0.762,,-0.319,-0.375,2025-07-17,00Z-ECE,GWUS
2025-07-23,9.749,0.299,,-0.281,-0.215,2025-07-17,00Z-ECE,GWUS
2025-07-24,10.538,1.07,,-0.2,-0.175,2025-07-17,00Z-ECE,GWUS
2025-07-25,10.612,1.207,,-0.017,-0.231,2025-07-17,00Z-ECE,GWUS
2025-07-26,10.426,0.944,,0.211,-0.19,2025-07-17,00Z-ECE,GWUS
2025-07-27,10.417,0.822,,0.109,0.011,2025-07-17,00Z-ECE,GWUS
2025-07-28,10.458,1.122,,-0.005,0.325,2025-07-17,00Z-ECE,GWUS
2025-07-29,10.153,0.933,,-0.164,0.383,2025-07-17,00Z-ECE,GWUS
2025-07-30,9.795,0.297,,-0.34,,2025-07-17,00Z-ECE,GWUS
2025-07-18,7.074,-2.887,0.158,0.055,-0.17,2025-07-18,00Z-ECE,GWUS
2025-07-19,7.894,-2.184,0.155,-0.027,-0.123,2025-07-18,00Z-ECE,GWUS
2025-07-20,8.382,-1.616,0.193,0.01,-0.108,2025-07-18,00Z-ECE,GWUS
2025-07-21,7.96,-1.862,0.167,0.009,-0.095,2025-07-18,00Z-ECE,GWUS
2025-07-22,8.436,-1.138,0.046,-0.132,-0.375,2025-07-18,00Z-ECE,GWUS
2025-07-23,9.435,-0.015,,-0.022,-0.314,2025-07-18,00Z-ECE,GWUS
2025-07-24,10.251,0.782,,0.199,-0.287,2025-07-18,00Z-ECE,GWUS
2025-07-25,10.515,1.11,,0.073,-0.097,2025-07-18,00Z-ECE,GWUS
2025-07-26,10.328,0.846,,-0.04,-0.098,2025-07-18,00Z-ECE,GWUS
2025-07-27,10.425,0.83,,0.033,0.008,2025-07-18,00Z-ECE,GWUS
2025-07-28,10.307,0.971,,-0.076,-0.151,2025-07-18,00Z-ECE,GWUS
2025-07-29,9.903,0.683,,-0.067,-0.25,2025-07-18,00Z-ECE,GWUS
2025-07-30,9.615,0.116,,-0.072,-0.181,2025-07-18,00Z-ECE,GWUS
2025-07-31,9.568,-0.162,,0.002,,2025-07-18,00Z-ECE,GWUS
2025-07-19,7.728,-2.351,0.153,-0.053,-0.167,2025-07-19,00Z-ECE,GWUS
2025-07-20,8.415,-1.583,0.027,0.057,0.033,2025-07-19,00Z-ECE,GWUS
2025-07-21,7.846,-1.975,-0.102,0.008,-0.114,2025-07-19,00Z-ECE,GWUS
2025-07-22,8.229,-1.345,-0.184,-0.113,-0.208,2025-07-19,00Z-ECE,GWUS
2025-07-23,9.257,-0.193,-0.171,-0.152,-0.178,2025-07-19,00Z-ECE,GWUS
2025-07-24,10.212,0.743,,-0.132,-0.04,2025-07-19,00Z-ECE,GWUS
2025-07-25,10.741,1.335,,-0.074,0.225,2025-07-19,00Z-ECE,GWUS
2025-07-26,10.412,0.93,,-0.101,0.084,2025-07-19,00Z-ECE,GWUS
2025-07-27,10.304,0.709,,-0.032,-0.121,2025-07-19,00Z-ECE,GWUS
2025-07-28,10.405,1.069,,-0.082,0.098,2025-07-19,00Z-ECE,GWUS
2025-07-29,10.286,1.066,,0.039,0.383,2025-07-19,00Z-ECE,GWUS
2025-07-30,9.974,0.475,,0.067,0.359,2025-07-19,00Z-ECE,GWUS
2025-07-31,9.87,0.14,,0.084,0.302,2025-07-19,00Z-ECE,GWUS
2025-08-01,9.891,0.065,,-0.083,,2025-07-19,00Z-ECE,GWUS
2025-07-20,8.118,-1.88,0.003,-0.161,-0.297,2025-07-20,00Z-ECE,GWUS
2025-07-21,7.681,-2.14,0.08,-0.048,-0.165,2025-07-20,00Z-ECE,GWUS
2025-07-22,8.085,-1.488,0.134,0.097,-0.143,2025-07-20,00Z-ECE,GWUS
2025-07-23,9.12,-0.33,0.095,0.159,-0.137,2025-07-20,00Z-ECE,GWUS
2025-07-24,10.054,0.585,0.211,0.214,-0.158,2025-07-20,00Z-ECE,GWUS
2025-07-25,10.432,1.026,,-0.023,-0.309,2025-07-20,00Z-ECE,GWUS
2025-07-26,10.222,0.74,,-0.13,-0.19,2025-07-20,00Z-ECE,GWUS
2025-07-27,10.056,0.461,,-0.057,-0.248,2025-07-20,00Z-ECE,GWUS
2025-07-28,10.067,0.731,,-0.166,-0.339,2025-07-20,00Z-ECE,GWUS
2025-07-29,9.952,0.732,,-0.192,-0.334,2025-07-20,00Z-ECE,GWUS
2025-07-30,9.791,0.292,,-0.089,-0.183,2025-07-20,00Z-ECE,GWUS
2025-07-31,9.57,-0.16,,-0.081,-0.3,2025-07-20,00Z-ECE,GWUS
2025-08-01,9.431,-0.395,,-0.199,-0.46,2025-07-20,00Z-ECE,GWUS
2025-08-02,9.383,-0.424,,-0.518,,2025-07-20,00Z-ECE,GWUS
2025-07-21,7.59,-2.231,0.129,0.018,-0.091,2025-07-21,00Z-ECE,GWUS
2025-07-22,7.86,-1.714,0.177,0.15,-0.225,2025-07-21,00Z-ECE,GWUS
2025-07-23,8.845,-0.605,0.145,0.035,-0.275,2025-07-21,00Z-ECE,GWUS
2025-07-24,9.991,0.523,0.196,0.076,-0.062,2025-07-21,00Z-ECE,GWUS
2025-07-25,10.111,0.705,0.254,0.028,-0.321,2025-07-21,00Z-ECE,GWUS
2025-07-26,10.039,0.557,,0.003,-0.183,2025-07-21,00Z-ECE,GWUS
2025-07-27,9.972,0.377,,0.074,-0.084,2025-07-21,00Z-ECE,GWUS
2025-07-28,10.331,0.995,,0.209,0.264,2025-07-21,00Z-ECE,GWUS
2025-07-29,10.056,0.836,,0.047,0.104,2025-07-21,00Z-ECE,GWUS
2025-07-30,9.332,-0.167,,-0.187,-0.444,2025-07-21,00Z-ECE,GWUS
2025-07-31,8.78,-0.95,,-0.451,-0.79,2025-07-21,00Z-ECE,GWUS
2025-08-01,8.784,-1.042,,-0.526,-0.647,2025-07-21,00Z-ECE,GWUS
2025-08-02,9.024,-0.783,,-0.277,-0.36,2025-07-21,00Z-ECE,GWUS
2025-08-03,9.042,-0.662,,-0.266,,2025-07-21,00Z-ECE,GWUS
2025-07-22,7.618,-1.955,-0.148,-0.147,-0.242,2025-07-22,00Z-ECE,GWUS
2025-07-23,8.384,-1.066,-0.172,-0.27,-0.461,2025-07-22,00Z-ECE,GWUS
2025-07-24,9.545,0.076,-0.103,-0.26,-0.446,2025-07-22,00Z-ECE,GWUS
2025-07-25,9.662,0.257,-0.135,-0.221,-0.449,2025-07-22,00Z-ECE,GWUS
2025-07-26,9.665,0.183,0.052,-0.257,-0.374,2025-07-22,00Z-ECE,GWUS
2025-07-27,9.383,-0.213,,-0.765,-0.59,2025-07-22,00Z-ECE,GWUS
2025-07-28,9.859,0.523,,-0.712,-0.471,2025-07-22,00Z-ECE,GWUS
2025-07-29,10.22,1.0,,-0.211,0.164,2025-07-22,00Z-ECE,GWUS
2025-07-30,9.319,-0.18,,-0.148,0.033,2025-07-22,00Z-ECE,GWUS
2025-07-31,8.273,-1.457,,-0.487,-0.507,2025-07-22,00Z-ECE,GWUS
2025-08-01,7.854,-1.972,,-0.673,-0.929,2025-07-22,00Z-ECE,GWUS
2025-08-02,7.924,-1.883,,-0.53,-1.1,2025-07-22,00Z-ECE,GWUS
2025-08-03,7.988,-1.716,,-0.584,-1.054,2025-07-22,00Z-ECE,GWUS
2025-08-04,8.013,-1.589,,-0.678,,2025-07-22,00Z-ECE,GWUS
2025-07-23,8.345,-1.104,-0.07,-0.071,-0.039,2025-07-23,00Z-ECE,GWUS
2025-07-24,9.672,0.203,0.235,0.175,0.127,2025-07-23,00Z-ECE,GWUS
2025-07-25,9.781,0.376,0.212,0.212,0.119,2025-07-23,00Z-ECE,GWUS
2025-07-26,9.301,-0.181,0.2,-0.064,-0.364,2025-07-23,00Z-ECE,GWUS
2025-07-27,9.388,-0.207,0.167,-0.05,0.005,2025-07-23,00Z-ECE,GWUS
2025-07-28,10.368,1.032,,0.085,0.509,2025-07-23,00Z-ECE,GWUS
2025-07-29,10.706,1.486,,0.306,0.486,2025-07-23,00Z-ECE,GWUS
2025-07-30,9.809,0.31,,0.238,0.49,2025-07-23,00Z-ECE,GWUS
2025-07-31,8.523,-1.207,,-0.187,0.25,2025-07-23,00Z-ECE,GWUS
2025-08-01,7.744,-2.082,,-0.441,-0.11,2025-07-23,00Z-ECE,GWUS
2025-08-02,7.431,-2.376,,-0.599,-0.493,2025-07-23,00Z-ECE,GWUS
2025-08-03,7.474,-2.23,,-0.433,-0.514,2025-07-23,00Z-ECE,GWUS
2025-08-04,7.512,-2.09,,-0.377,-0.501,2025-07-23,00Z-ECE,GWUS
2025-08-05,7.786,-1.607,,-0.324,,2025-07-23,00Z-ECE,GWUS
2025-07-24,9.319,-0.15,-0.052,-0.114,-0.353,2025-07-24,00Z-ECE,GWUS
2025-07-25,9.418,0.013,-0.139,-0.215,-0.363,2025-07-24,00Z-ECE,GWUS
2025-07-26,8.919,-0.563,-0.055,-0.154,-0.382,2025-07-24,00Z-ECE,GWUS
2025-07-27,9.293,-0.302,-0.086,-0.035,-0.094,2025-07-24,00Z-ECE,GWUS
2025-07-28,10.386,1.05,0.012,-0.052,0.018,2025-07-24,00Z-ECE,GWUS
2025-07-29,10.664,1.444,,-0.132,-0.042,2025-07-24,00Z-ECE,GWUS
2025-07-30,10.146,0.647,,0.253,0.324,2025-07-24,00Z-ECE,GWUS
2025-07-31,9.079,-0.651,,0.341,0.556,2025-07-24,00Z-ECE,GWUS
2025-08-01,7.858,-1.968,,-0.086,0.114,2025-07-24,00Z-ECE,GWUS
2025-08-02,7.308,-2.499,,-0.223,-0.123,2025-07-24,00Z-ECE,GWUS
2025-08-03,7.153,-2.55,,-0.244,-0.32,2025-07-24,00Z-ECE,GWUS
2025-08-04,7.45,-2.153,,0.136,-0.063,2025-07-24,00Z-ECE,GWUS
2025-08-05,7.739,-1.653,,0.186,-0.047,2025-07-24,00Z-ECE,GWUS
2025-08-06,7.867,-1.553,,-0.047,,2025-07-24,00Z-ECE,GWUS
2025-07-25,8.675,-0.73,-0.203,-0.253,-0.743,2025-07-25,00Z-ECE,GWUS
2025-07-26,8.32,-1.162,0.005,-0.106,-0.599,2025-07-25,00Z-ECE,GWUS
2025-07-27,8.775,-0.821,0.05,-0.045,-0.519,2025-07-25,00Z-ECE,GWUS
2025-07-28,10.23,0.894,0.147,0.27,-0.156,2025-07-25,00Z-ECE,GWUS
2025-07-29,10.718,1.498,0.384,0.397,0.054,2025-07-25,00Z-ECE,GWUS
2025-07-30,10.019,0.52,,0.149,-0.134,2025-07-25,00Z-ECE,GWUS
2025-07-31,8.504,-1.225,,-0.099,-0.574,2025-07-25,00Z-ECE,GWUS
2025-08-01,7.252,-2.574,,-0.232,-0.606,2025-07-25,00Z-ECE,GWUS
2025-08-02,6.877,-2.93,,-0.071,-0.431,2025-07-25,00Z-ECE,GWUS
2025-08-03,7.136,-2.568,,0.11,-0.017,2025-07-25,00Z-ECE,GWUS
2025-08-04,7.77,-1.832,,0.306,0.32,2025-07-25,00Z-ECE,GWUS
2025-08-05,8.101,-1.291,,0.091,0.363,2025-07-25,00Z-ECE,GWUS
2025-08-06,8.118,-1.302,,-0.245,0.251,2025-07-25,00Z-ECE,GWUS
2025-08-07,8.009,-1.354,,-0.554,,2025-07-25,00Z-ECE,GWUS
2025-07-26,8.04,-1.443,-0.185,-0.204,-0.281,2025-07-26,00Z-ECE,GWUS
2025-07-27,8.756,-0.839,-0.123,-0.107,-0.018,2025-07-26,00Z-ECE,GWUS
2025-07-28,10.084,0.748,-0.081,0.022,-0.146,2025-07-26,00Z-ECE,GWUS
2025-07-29,10.67,1.45,0.017,0.113,-0.049,2025-07-26,00Z-ECE,GWUS
2025-07-30,9.925,0.426,-0.045,-0.025,-0.094,2025-07-26,00Z-ECE,GWUS
2025-07-31,7.964,-1.766,,-0.39,-0.54,2025-07-26,00Z-ECE,GWUS
2025-08-01,6.725,-3.1,,-0.382,-0.527,2025-07-26,00Z-ECE,GWUS
2025-08-02,6.258,-3.549,,-0.44,-0.619,2025-07-26,00Z-ECE,GWUS
2025-08-03,6.507,-3.196,,-0.349,-0.629,2025-07-26,00Z-ECE,GWUS
2025-08-04,7.126,-2.476,,-0.334,-0.644,2025-07-26,00Z-ECE,GWUS
2025-08-05,7.73,-1.663,,-0.289,-0.372,2025-07-26,00Z-ECE,GWUS
2025-08-06,8.05,-1.37,,-0.132,-0.068,2025-07-26,00Z-ECE,GWUS
2025-08-07,8.271,-1.093,,0.21,0.269,2025-07-26,00Z-ECE,GWUS
2025-08-08,8.34,-1.242,,0.187,,2025-07-26,00Z-ECE,GWUS
2025-07-27,8.831,-0.764,0.135,0.13,0.075,2025-07-27,00Z-ECE,GWUS
2025-07-28,10.184,0.848,0.208,0.015,0.1,2025-07-27,00Z-ECE,GWUS
2025-07-29,10.612,1.392,0.135,-0.084,-0.058,2025-07-27,00Z-ECE,GWUS
2025-07-30,9.933,0.434,0.118,0.212,0.009,2025-07-27,00Z-ECE,GWUS
2025-07-31,8.065,-1.664,0.066,0.194,0.101,2025-07-27,00Z-ECE,GWUS
2025-08-01,6.878,-2.948,,-0.039,0.152,2025-07-27,00Z-ECE,GWUS
2025-08-02,6.292,-3.515,,-0.144,0.034,2025-07-27,00Z-ECE,GWUS
2025-08-03,6.265,-3.439,,-0.498,-0.242,2025-07-27,00Z-ECE,GWUS
2025-08-04,6.798,-2.804,,-0.746,-0.328,2025-07-27,00Z-ECE,GWUS
2025-08-05,7.622,-1.77,,-0.619,-0.108,2025-07-27,00Z-ECE,GWUS
2025-08-06,8.278,-1.142,,-0.151,0.228,2025-07-27,00Z-ECE,GWUS
2025-08-07,8.644,-0.72,,0.254,0.373,2025-07-27,00Z-ECE,GWUS
2025-08-08,8.856,-0.726,,0.55,0.516,2025-07-27,00Z-ECE,GWUS
2025-08-09,8.85,-0.697,,0.49,,2025-07-27,00Z-ECE,GWUS
2025-07-28,10.001,0.665,0.042,-0.146,-0.183,2025-07-28,00Z-ECE,GWUS
2025-07-29,10.844,1.624,0.094,-0.002,0.232,2025-07-28,00Z-ECE,GWUS
2025-07-30,10.045,0.547,0.381,0.316,0.112,2025-07-28,00Z-ECE,GWUS
2025-07-31,8.164,-1.566,0.468,0.331,0.098,2025-07-28,00Z-ECE,GWUS
2025-08-01,6.735,-3.091,0.145,-0.054,-0.143,2025-07-28,00Z-ECE,GWUS
2025-08-02,6.364,-3.443,,-0.021,0.072,2025-07-28,00Z-ECE,GWUS
2025-08-03,6.431,-3.273,,-0.153,0.166,2025-07-28,00Z-ECE,GWUS
2025-08-04,6.89,-2.713,,-0.252,0.091,2025-07-28,00Z-ECE,GWUS
2025-08-05,7.578,-1.814,,-0.391,-0.044,2025-07-28,00Z-ECE,GWUS
2025-08-06,8.233,-1.186,,-0.335,-0.045,2025-07-28,00Z-ECE,GWUS
2025-08-07,8.733,-0.63,,-0.315,0.089,2025-07-28,00Z-ECE,GWUS
2025-08-08,8.955,-0.626,,-0.321,0.099,2025-07-28,00Z-ECE,GWUS
2025-08-09,9.082,-0.465,,-0.288,0.232,2025-07-28,00Z-ECE,GWUS
2025-08-10,9.294,-0.034,,-0.034,,2025-07-28,00Z-ECE,GWUS
2025-07-29,10.6,1.38,-0.043,-0.103,-0.243,2025-07-29,00Z-ECE,GWUS
2025-07-30,10.012,0.513,0.037,-0.07,-0.033,2025-07-29,00Z-ECE,GWUS
2025-07-31,8.424,-1.305,0.239,0.063,0.261,2025-07-29,00Z-ECE,GWUS
2025-08-01,6.769,-3.057,0.139,-0.031,0.034,2025-07-29,00Z-ECE,GWUS
2025-08-02,6.264,-3.543,0.193,0.04,-0.1,2025-07-29,00Z-ECE,GWUS
2025-08-03,6.248,-3.455,,-0.064,-0.182,2025-07-29,00Z-ECE,GWUS
2025-08-04,6.698,-2.905,,-0.041,-0.192,2025-07-29,00Z-ECE,GWUS
2025-08-05,7.361,-2.031,,-0.079,-0.217,2025-07-29,00Z-ECE,GWUS
2025-08-06,7.955,-1.465,,-0.243,-0.278,2025-07-29,00Z-ECE,GWUS
2025-08-07,8.459,-0.905,,-0.281,-0.274,2025-07-29,00Z-ECE,GWUS
2025-08-08,8.784,-0.797,,-0.249,-0.164,2025-07-29,00Z-ECE,GWUS
2025-08-09,8.987,-0.559,,-0.147,-0.117,2025-07-29,00Z-ECE,GWUS
2025-08-10,9.065,-0.263,,-0.103,-0.238,2025-07-29,00Z-ECE,GWUS
2025-08-11,9.0,-0.258,,-0.272,,2025-07-29,00Z-ECE,GWUS
2025-07-30,9.869,0.37,-0.162,-0.151,-0.144,2025-07-30,00Z-ECE,GWUS
2025-07-31,8.228,-1.502,-0.129,-0.032,-0.197,2025-07-30,00Z-ECE,GWUS
2025-08-01,6.902,-2.923,-0.148,-0.122,0.134,2025-07-30,00Z-ECE,GWUS
2025-08-02,6.56,-3.247,-0.037,0.021,0.296,2025-07-30,00Z-ECE,GWUS
2025-08-03,6.393,-3.311,-0.083,-0.118,0.145,2025-07-30,00Z-ECE,GWUS
2025-08-04,6.571,-3.032,,-0.171,-0.127,2025-07-30,00Z-ECE,GWUS
2025-08-05,7.187,-2.205,,-0.064,-0.147,2025-07-30,00Z-ECE,GWUS
2025-08-06,7.94,-1.48,,0.052,-0.015,2025-07-30,00Z-ECE,GWUS
2025-08-07,8.639,-0.724,,0.123,0.18,2025-07-30,00Z-ECE,GWUS
2025-08-08,9.089,-0.492,,0.021,0.323,2025-07-30,00Z-ECE,GWUS
2025-08-09,9.223,-0.323,,-0.004,0.243,2025-07-30,00Z-ECE,GWUS
2025-08-10,9.29,-0.037,,-0.078,0.236,2025-07-30,00Z-ECE,GWUS
2025-08-11,9.41,0.151,,-0.145,0.41,2025-07-30,00Z-ECE,GWUS
2025-08-12,9.37,0.236,,-0.278,,2025-07-30,00Z-ECE,GWUS
2025-07-31,7.759,-1.971,-0.044,-0.227,-0.469,2025-07-31,00Z-ECE,GWUS
2025-08-01,6.614,-3.212,-0.062,-0.335,-0.289,2025-07-31,00Z-ECE,GWUS
2025-08-02,6.035,-3.772,-0.234,-0.47,-0.525,2025-07-31,00Z-ECE,GWUS
2025-08-03,6.097,-3.606,-0.188,-0.345,-0.296,2025-07-31,00Z-ECE,GWUS
2025-08-04,6.45,-3.152,-0.035,-0.324,-0.12,2025-07-31,00Z-ECE,GWUS
2025-08-05,7.058,-2.334,,-0.3,-0.138,2025-07-31,00Z-ECE,GWUS
2025-08-06,7.686,-1.734,,-0.182,-0.254,2025-07-31,00Z-ECE,GWUS
2025-08-07,8.276,-1.088,,-0.075,-0.363,2025-07-31,00Z-ECE,GWUS
2025-08-08,8.716,-0.865,,0.076,-0.373,2025-07-31,00Z-ECE,GWUS
2025-08-09,8.888,-0.658,,0.108,-0.335,2025-07-31,00Z-ECE,GWUS
2025-08-10,9.01,-0.317,,-0.014,-0.28,2025-07-31,00Z-ECE,GWUS
2025-08-11,9.116,-0.143,,-0.131,-0.294,2025-07-31,00Z-ECE,GWUS
2025-08-12,9.112,-0.022,,-0.236,-0.258,2025-07-31,00Z-ECE,GWUS
2025-08-13,9.156,0.108,,-0.034,,2025-07-31,00Z-ECE,GWUS
2025-08-01,6.306,-3.519,-0.072,-0.162,-0.307,2025-08-01,00Z-ECE,GWUS
2025-08-02,5.992,-3.815,0.128,0.033,-0.043,2025-08-01,00Z-ECE,GWUS
2025-08-03,5.997,-3.706,0.11,-0.003,-0.1,2025-08-01,00Z-ECE,GWUS
2025-08-04,6.379,-3.223,-0.029,-0.088,-0.063,2025-08-01,00Z-ECE,GWUS
2025-08-05,7.106,-2.286,-0.028,-0.031,0.048,2025-08-01,00Z-ECE,GWUS
2025-08-06,7.432,-1.988,,-0.359,-0.254,2025-08-01,00Z-ECE,GWUS
2025-08-07,7.902,-1.462,,-0.579,-0.365,2025-08-01,00Z-ECE,GWUS
2025-08-08,8.324,-1.258,,-0.569,-0.392,2025-08-01,00Z-ECE,GWUS
2025-08-09,8.547,-0.999,,-0.181,-0.341,2025-08-01,00Z-ECE,GWUS
2025-08-10,8.702,-0.626,,-0.084,-0.309,2025-08-01,00Z-ECE,GWUS
2025-08-11,8.922,-0.336,,-0.065,-0.193,2025-08-01,00Z-ECE,GWUS
2025-08-12,9.225,0.091,,-0.025,0.113,2025-08-01,00Z-ECE,GWUS
2025-08-13,9.318,0.27,,0.099,0.161,2025-08-01,00Z-ECE,GWUS
2025-08-14,9.197,0.133,,0.105,,2025-08-01,00Z-ECE,GWUS
2025-08-02,5.967,-3.84,0.115,-0.002,-0.025,2025-08-02,00Z-ECE,GWUS
2025-08-03,6.057,-3.646,0.237,0.128,0.06,2025-08-02,00Z-ECE,GWUS
2025-08-04,6.481,-3.122,0.261,0.186,0.097,2025-08-02,00Z-ECE,GWUS
2025-08-05,7.221,-2.171,0.315,0.236,0.112,2025-08-02,00Z-ECE,GWUS
2025-08-06,7.676,-1.744,0.334,0.289,0.248,2025-08-02,00Z-ECE,GWUS
2025-08-07,8.156,-1.208,,0.371,0.26,2025-08-02,00Z-ECE,GWUS
2025-08-08,8.53,-1.052,,0.417,0.206,2025-08-02,00Z-ECE,GWUS
2025-08-09,8.686,-0.861,,0.363,0.138,2025-08-02,00Z-ECE,GWUS
2025-08-10,8.914,-0.413,,0.419,0.212,2025-08-02,00Z-ECE,GWUS
2025-08-11,8.98,-0.278,,0.081,0.058,2025-08-02,00Z-ECE,GWUS
2025-08-12,9.105,-0.03,,-0.077,-0.121,2025-08-02,00Z-ECE,GWUS
2025-08-13,9.228,0.179,,0.031,-0.09,2025-08-02,00Z-ECE,GWUS
2025-08-14,9.217,0.153,,0.101,0.02,2025-08-02,00Z-ECE,GWUS
2025-08-15,9.057,-0.216,,0.029,,2025-08-02,00Z-ECE,GWUS
2025-08-03,5.944,-3.759,0.078,0.034,-0.113,2025-08-03,00Z-ECE,GWUS
2025-08-04,6.367,-3.235,0.14,0.029,-0.114,2025-08-03,00Z-ECE,GWUS
2025-08-05,7.174,-2.218,0.18,0.06,-0.04,2025-08-03,00Z-ECE,GWUS
2025-08-06,7.56,-1.86,0.186,0.008,-0.101,2025-08-03,00Z-ECE,GWUS
2025-08-07,7.936,-1.427,0.185,-0.076,-0.219,2025-08-03,00Z-ECE,GWUS
2025-08-08,8.444,-1.137,,-0.081,-0.086,2025-08-03,00Z-ECE,GWUS
2025-08-09,8.763,-0.784,,-0.032,0.077,2025-08-03,00Z-ECE,GWUS
2025-08-10,9.113,-0.215,,0.168,0.198,2025-08-03,00Z-ECE,GWUS
2025-08-11,9.359,0.1,,0.238,0.379,2025-08-03,00Z-ECE,GWUS
2025-08-12,9.274,0.14,,-0.126,0.17,2025-08-03,00Z-ECE,GWUS
2025-08-13,9.447,0.399,,-0.196,0.219,2025-08-03,00Z-ECE,GWUS
2025-08-14,9.389,0.325,,-0.309,0.172,2025-08-03,00Z-ECE,GWUS
2025-08-15,9.387,0.113,,-0.009,0.329,2025-08-03,00Z-ECE,GWUS
2025-08-16,9.214,0.002,,0.293,,2025-08-03,00Z-ECE,GWUS
2025-08-04,6.091,-3.511,-0.114,-0.051,-0.276,2025-08-04,00Z-ECE,GWUS
2025-08-05,6.864,-2.528,-0.074,-0.078,-0.307,2025-08-04,00Z-ECE,GWUS
2025-08-06,7.412,-2.008,0.01,0.035,-0.148,2025-08-04,00Z-ECE,GWUS
2025-08-07,8.119,-1.245,0.212,0.11,0.182,2025-08-04,00Z-ECE,GWUS
2025-08-08,8.587,-0.994,0.201,-0.016,0.143,2025-08-04,00Z-ECE,GWUS
2025-08-09,8.611,-0.936,,-0.196,-0.152,2025-08-04,00Z-ECE,GWUS
2025-08-10,9.016,-0.311,,-0.047,-0.097,2025-08-04,00Z-ECE,GWUS
2025-08-11,9.318,0.06,,0.159,-0.041,2025-08-04,00Z-ECE,GWUS
2025-08-12,9.232,0.097,,0.102,-0.042,2025-08-04,00Z-ECE,GWUS
2025-08-13,9.266,0.217,,0.11,-0.181,2025-08-04,00Z-ECE,GWUS
2025-08-14,9.111,0.047,,-0.006,-0.278,2025-08-04,00Z-ECE,GWUS
2025-08-15,9.019,-0.254,,-0.126,-0.367,2025-08-04,00Z-ECE,GWUS
2025-08-16,8.938,-0.274,,-0.172,-0.299,2025-08-04,00Z-ECE,GWUS
2025-08-17,8.837,-0.203,,-0.185,,2025-08-04,00Z-ECE,GWUS
2025-08-05,6.415,-2.977,-0.129,-0.26,-0.449,2025-08-05,00Z-ECE,GWUS
2025-08-06,7.123,-2.296,-0.064,-0.228,-0.289,2025-08-05,00Z-ECE,GWUS
2025-08-07,8.174,-1.189,0.054,-0.121,0.056,2025-08-05,00Z-ECE,GWUS
2025-08-08,8.738,-0.843,0.16,-0.039,0.151,2025-08-05,00Z-ECE,GWUS
2025-08-09,8.79,-0.757,0.218,0.102,0.179,2025-08-05,00Z-ECE,GWUS
2025-08-10,9.272,-0.055,,0.174,0.256,2025-08-05,00Z-ECE,GWUS
2025-08-11,9.654,0.396,,0.253,0.336,2025-08-05,00Z-ECE,GWUS
2025-08-12,9.753,0.618,,0.539,0.521,2025-08-05,00Z-ECE,GWUS
2025-08-13,9.795,0.747,,0.684,0.53,2025-08-05,00Z-ECE,GWUS
2025-08-14,9.619,0.555,,0.725,0.508,2025-08-05,00Z-ECE,GWUS
2025-08-15,9.453,0.179,,0.689,0.433,2025-08-05,00Z-ECE,GWUS
2025-08-16,9.426,0.214,,0.786,0.487,2025-08-05,00Z-ECE,GWUS
2025-08-17,9.443,0.403,,0.808,0.606,2025-08-05,00Z-ECE,GWUS
2025-08-18,9.538,0.576,,0.908,,2025-08-05,00Z-ECE,GWUS
2025-08-06,6.94,-2.48,0.048,-0.15,-0.182,2025-08-06,00Z-ECE,GWUS
2025-08-07,8.064,-1.3,0.127,-0.075,-0.11,2025-08-06,00Z-ECE,GWUS
2025-08-08,8.625,-0.956,0.225,0.093,-0.113,2025-08-06,00Z-ECE,GWUS
2025-08-09,8.841,-0.706,0.385,0.212,0.051,2025-08-06,00Z-ECE,GWUS
2025-08-10,9.199,-0.128,0.32,0.114,-0.073,2025-08-06,00Z-ECE,GWUS
2025-08-11,9.462,0.204,,-0.02,-0.193,2025-08-06,00Z-ECE,GWUS
2025-08-12,9.323,0.189,,-0.201,-0.43,2025-08-06,00Z-ECE,GWUS
2025-08-13,9.419,0.371,,-0.087,-0.376,2025-08-06,00Z-ECE,GWUS
2025-08-14,9.38,0.316,,0.005,-0.24,2025-08-06,00Z-ECE,GWUS
2025-08-15,9.237,-0.037,,-0.052,-0.216,2025-08-06,00Z-ECE,GWUS
2025-08-16,9.221,0.009,,0.116,-0.205,2025-08-06,00Z-ECE,GWUS
2025-08-17,8.966,-0.074,,0.091,-0.476,2025-08-06,00Z-ECE,GWUS
2025-08-18,8.772,-0.191,,-0.101,-0.767,2025-08-06,00Z-ECE,GWUS
2025-08-19,8.578,-0.362,,-0.196,,2025-08-06,00Z-ECE,GWUS
2025-08-07,7.855,-1.509,-0.063,-0.204,-0.209,2025-08-07,00Z-ECE,GWUS
2025-08-08,8.425,-1.157,0.049,-0.172,-0.2,2025-08-07,00Z-ECE,GWUS
2025-08-09,8.612,-0.935,0.03,-0.049,-0.219,2025-08-07,00Z-ECE,GWUS
2025-08-10,8.749,-0.578,-0.047,0.028,-0.45,2025-08-07,00Z-ECE,GWUS
2025-08-11,9.017,-0.242,-0.075,0.015,-0.445,2025-08-07,00Z-ECE,GWUS
2025-08-12,9.267,0.133,,0.054,-0.056,2025-08-07,00Z-ECE,GWUS
2025-08-13,9.713,0.664,,0.116,0.293,2025-08-07,00Z-ECE,GWUS
2025-08-14,9.816,0.752,,0.247,0.436,2025-08-07,00Z-ECE,GWUS
2025-08-15,9.551,0.277,,0.107,0.314,2025-08-07,00Z-ECE,GWUS
2025-08-16,9.371,0.159,,-0.068,0.15,2025-08-07,00Z-ECE,GWUS
2025-08-17,9.199,0.16,,-0.161,0.233,2025-08-07,00Z-ECE,GWUS
2025-08-18,9.094,0.131,,-0.273,0.322,2025-08-07,00Z-ECE,GWUS
2025-08-19,8.785,-0.155,,-0.456,0.207,2025-08-07,00Z-ECE,GWUS
2025-08-20,8.519,-0.46,,-0.508,,2025-08-07,00Z-ECE,GWUS
2025-08-08,8.37,-1.211,0.002,-0.01,-0.055,2025-08-08,00Z-ECE,GWUS
2025-08-09,8.455,-1.092,-0.049,-0.128,-0.158,2025-08-08,00Z-ECE,GWUS
2025-08-10,8.518,-0.81,0.016,-0.065,-0.231,2025-08-08,00Z-ECE,GWUS
2025-08-11,8.798,-0.461,0.048,-0.085,-0.219,2025-08-08,00Z-ECE,GWUS
2025-08-12,8.601,-0.533,-0.003,-0.485,-0.666,2025-08-08,00Z-ECE,GWUS
2025-08-13,8.721,-0.327,,-0.858,-0.991,2025-08-08,00Z-ECE,GWUS
2025-08-14,8.663,-0.401,,-0.913,-1.152,2025-08-08,00Z-ECE,GWUS
2025-08-15,8.649,-0.624,,-0.739,-0.902,2025-08-08,00Z-ECE,GWUS
2025-08-16,8.86,-0.352,,-0.552,-0.511,2025-08-08,00Z-ECE,GWUS
2025-08-17,9.152,0.112,,-0.471,-0.047,2025-08-08,00Z-ECE,GWUS
2025-08-18,9.376,0.413,,-0.143,0.282,2025-08-08,00Z-ECE,GWUS
2025-08-19,9.248,0.308,,0.127,0.462,2025-08-08,00Z-ECE,GWUS
2025-08-20,8.928,-0.05,,0.243,0.41,2025-08-08,00Z-ECE,GWUS
2025-08-21,8.615,-0.226,,0.228,,2025-08-08,00Z-ECE,GWUS
2025-08-09,8.256,-1.29,0.184,0.063,-0.198,2025-08-09,00Z-ECE,GWUS
2025-08-10,8.314,-1.013,0.314,0.083,-0.204,2025-08-09,00Z-ECE,GWUS
2025-08-11,8.55,-0.708,0.404,0.306,-0.248,2025-08-09,00Z-ECE,GWUS
2025-08-12,8.61,-0.525,0.37,0.321,0.009,2025-08-09,00Z-ECE,GWUS
2025-08-13,8.677,-0.372,0.168,0.051,-0.071,2025-08-09,00Z-ECE,GWUS
2025-08-14,8.819,-0.245,,0.035,0.156,2025-08-09,00Z-ECE,GWUS
2025-08-15,8.95,-0.324,,0.221,0.301,2025-08-09,00Z-ECE,GWUS
2025-08-16,9.119,-0.093,,0.254,0.288,2025-08-09,00Z-ECE,GWUS
2025-08-17,9.481,0.441,,0.319,0.329,2025-08-09,00Z-ECE,GWUS
2025-08-18,9.673,0.71,,0.251,0.297,2025-08-09,00Z-ECE,GWUS
2025-08-19,9.208,0.268,,-0.019,-0.039,2025-08-09,00Z-ECE,GWUS
2025-08-20,8.549,-0.43,,-0.36,-0.38,2025-08-09,00Z-ECE,GWUS
2025-08-21,8.198,-0.643,,-0.221,-0.418,2025-08-09,00Z-ECE,GWUS
2025-08-22,7.978,-0.792,,-0.166,,2025-08-09,00Z-ECE,GWUS
2025-08-10,8.037,-1.29,0.316,0.046,-0.277,2025-08-10,00Z-ECE,GWUS
2025-08-11,8.378,-0.881,0.278,0.058,-0.173,2025-08-10,00Z-ECE,GWUS
2025-08-12,8.474,-0.66,0.119,-0.009,-0.136,2025-08-10,00Z-ECE,GWUS
2025-08-13,8.421,-0.628,0.137,-0.103,-0.253,2025-08-10,00Z-ECE,GWUS
2025-08-14,8.374,-0.69,0.088,-0.063,-0.446,2025-08-10,00Z-ECE,GWUS
2025-08-15,8.595,-0.678,,-0.101,-0.355,2025-08-10,00Z-ECE,GWUS
2025-08-16,8.982,-0.23,,-0.086,-0.143,2025-08-10,00Z-ECE,GWUS
2025-08-17,9.928,0.888,,0.467,0.447,2025-08-10,00Z-ECE,GWUS
2025-08-18,10.013,1.05,,0.639,0.34,2025-08-10,00Z-ECE,GWUS
2025-08-19,9.334,0.395,,0.216,0.126,2025-08-10,00Z-ECE,GWUS
2025-08-20,8.42,-0.559,,-0.066,-0.129,2025-08-10,00Z-ECE,GWUS
2025-08-21,7.91,-0.931,,-0.136,-0.288,2025-08-10,00Z-ECE,GWUS
2025-08-22,7.7,-1.07,,-0.2,-0.278,2025-08-10,00Z-ECE,GWUS
2025-08-23,7.745,-1.119,,-0.359,,2025-08-10,00Z-ECE,GWUS
2025-08-11,8.054,-1.204,0.168,0.153,-0.323,2025-08-11,00Z-ECE,GWUS
2025-08-12,8.314,-0.821,0.264,0.181,-0.161,2025-08-11,00Z-ECE,GWUS
2025-08-13,8.272,-0.776,0.3,0.206,-0.148,2025-08-11,00Z-ECE,GWUS
2025-08-14,8.367,-0.697,0.401,0.188,-0.006,2025-08-11,00Z-ECE,GWUS
2025-08-15,8.761,-0.512,0.469,0.393,0.166,2025-08-11,00Z-ECE,GWUS
2025-08-16,9.18,-0.033,,0.183,0.197,2025-08-11,00Z-ECE,GWUS
2025-08-17,9.76,0.721,,0.012,-0.168,2025-08-11,00Z-ECE,GWUS
2025-08-18,9.495,0.533,,0.079,-0.517,2025-08-11,00Z-ECE,GWUS
2025-08-19,8.626,-0.314,,0.35,-0.708,2025-08-11,00Z-ECE,GWUS
2025-08-20,7.856,-1.123,,0.408,-0.564,2025-08-11,00Z-ECE,GWUS
2025-08-21,7.305,-1.536,,0.255,-0.605,2025-08-11,00Z-ECE,GWUS
2025-08-22,7.019,-1.751,,0.001,-0.702,2025-08-11,00Z-ECE,GWUS
2025-08-23,7.188,-1.676,,-0.114,-0.557,2025-08-11,00Z-ECE,GWUS
2025-08-24,7.418,-1.504,,-0.446,,2025-08-11,00Z-ECE,GWUS
2025-08-12,8.182,-0.952,0.098,0.027,-0.132,2025-08-12,00Z-ECE,GWUS
2025-08-13,7.899,-1.149,-0.01,-0.14,-0.373,2025-08-12,00Z-ECE,GWUS
2025-08-14,7.734,-1.33,-0.106,-0.285,-0.633,2025-08-12,00Z-ECE,GWUS
2025-08-15,8.086,-1.188,-0.077,-0.36,-0.675,2025-08-12,00Z-ECE,GWUS
2025-08-16,8.545,-0.667,-0.02,-0.286,-0.634,2025-08-12,00Z-ECE,GWUS
2025-08-17,9.04,0.0,,-0.419,-0.721,2025-08-12,00Z-ECE,GWUS
2025-08-18,8.586,-0.376,,-0.489,-0.909,2025-08-12,00Z-ECE,GWUS
2025-08-19,7.947,-0.993,,-0.818,-0.679,2025-08-12,00Z-ECE,GWUS
2025-08-20,7.455,-1.523,,-0.699,-0.4,2025-08-12,00Z-ECE,GWUS
2025-08-21,7.134,-1.707,,-0.335,-0.171,2025-08-12,00Z-ECE,GWUS
2025-08-22,6.919,-1.852,,-0.32,-0.103,2025-08-12,00Z-ECE,GWUS
2025-08-23,6.995,-1.87,,-0.292,-0.194,2025-08-12,00Z-ECE,GWUS
2025-08-24,7.306,-1.616,,-0.211,-0.112,2025-08-12,00Z-ECE,GWUS
2025-08-25,7.608,-1.339,,-0.084,,2025-08-12,00Z-ECE,GWUS
2025-08-13,7.812,-1.236,0.121,0.066,-0.087,2025-08-13,00Z-ECE,GWUS
2025-08-14,7.74,-1.324,0.201,0.094,0.006,2025-08-13,00Z-ECE,GWUS
2025-08-15,8.214,-1.059,0.196,0.186,0.128,2025-08-13,00Z-ECE,GWUS
2025-08-16,8.582,-0.63,0.214,0.212,0.036,2025-08-13,00Z-ECE,GWUS
2025-08-17,8.978,-0.062,0.466,0.468,-0.062,2025-08-13,00Z-ECE,GWUS
2025-08-18,8.666,-0.296,,0.665,0.08,2025-08-13,00Z-ECE,GWUS
2025-08-19,8.266,-0.674,,0.457,0.319,2025-08-13,00Z-ECE,GWUS
2025-08-20,7.589,-1.39,,0.074,0.133,2025-08-13,00Z-ECE,GWUS
2025-08-21,7.312,-1.529,,0.016,0.178,2025-08-13,00Z-ECE,GWUS
2025-08-22,7.357,-1.413,,0.229,0.438,2025-08-13,00Z-ECE,GWUS
2025-08-23,7.53,-1.335,,0.325,0.535,2025-08-13,00Z-ECE,GWUS
2025-08-24,7.484,-1.438,,0.003,0.178,2025-08-13,00Z-ECE,GWUS
2025-08-25,7.552,-1.395,,-0.079,-0.056,2025-08-13,00Z-ECE,GWUS
2025-08-26,7.547,-1.326,,-0.036,,2025-08-13,00Z-ECE,GWUS
2025-08-14,7.739,-1.325,-0.031,0.134,-0.001,2025-08-14,00Z-ECE,GWUS
2025-08-15,8.281,-0.993,0.204,0.207,0.067,2025-08-14,00Z-ECE,GWUS
2025-08-16,8.583,-0.63,0.253,0.215,0.001,2025-08-14,00Z-ECE,GWUS
2025-08-17,9.026,-0.014,0.26,0.081,0.048,2025-08-14,00Z-ECE,GWUS
2025-08-18,8.416,-0.546,-0.113,-0.357,-0.25,2025-08-14,00Z-ECE,GWUS
2025-08-19,8.34,-0.6,,-0.423,0.074,2025-08-14,00Z-ECE,GWUS
2025-08-20,7.621,-1.358,,-0.501,0.032,2025-08-14,00Z-ECE,GWUS
2025-08-21,7.405,-1.436,,-0.351,0.093,2025-08-14,00Z-ECE,GWUS
2025-08-22,7.684,-1.086,,-0.125,0.327,2025-08-14,00Z-ECE,GWUS
2025-08-23,8.039,-0.825,,-0.13,0.51,2025-08-14,00Z-ECE,GWUS
2025-08-24,8.067,-0.855,,-0.358,0.583,2025-08-14,00Z-ECE,GWUS
2025-08-25,7.878,-1.069,,-0.57,0.326,2025-08-14,00Z-ECE,GWUS
2025-08-26,7.752,-1.121,,-0.46,0.205,2025-08-14,00Z-ECE,GWUS
2025-08-27,7.764,-0.995,,-0.404,,2025-08-14,00Z-ECE,GWUS
2025-08-15,8.426,-0.848,0.11,0.257,0.145,2025-08-15,00Z-ECE,GWUS
2025-08-16,8.75,-0.462,0.159,0.318,0.173,2025-08-15,00Z-ECE,GWUS
2025-08-17,9.151,0.112,0.24,0.303,0.125,2025-08-15,00Z-ECE,GWUS
2025-08-18,8.807,-0.155,0.128,0.154,0.391,2025-08-15,00Z-ECE,GWUS
2025-08-19,8.464,-0.476,-0.132,-0.044,0.124,2025-08-15,00Z-ECE,GWUS
2025-08-20,7.736,-1.243,,0.124,0.115,2025-08-15,00Z-ECE,GWUS
2025-08-21,7.517,-1.324,,0.018,0.111,2025-08-15,00Z-ECE,GWUS
2025-08-22,7.703,-1.067,,-0.021,0.019,2025-08-15,00Z-ECE,GWUS
2025-08-23,7.944,-0.921,,0.071,-0.096,2025-08-15,00Z-ECE,GWUS
2025-08-24,7.801,-1.121,,-0.062,-0.266,2025-08-15,00Z-ECE,GWUS
2025-08-25,7.623,-1.325,,-0.001,-0.255,2025-08-15,00Z-ECE,GWUS
2025-08-26,7.629,-1.245,,0.207,-0.124,2025-08-15,00Z-ECE,GWUS
2025-08-27,7.611,-1.148,,0.266,-0.153,2025-08-15,00Z-ECE,GWUS
2025-08-28,7.807,-0.863,,0.385,,2025-08-15,00Z-ECE,GWUS
2025-08-16,8.618,-0.594,0.087,0.112,-0.135,2025-08-16,00Z-ECE,GWUS
2025-08-17,9.231,0.191,0.175,0.307,0.079,2025-08-16,00Z-ECE,GWUS
2025-08-18,9.058,0.095,0.159,0.215,0.25,2025-08-16,00Z-ECE,GWUS
2025-08-19,9.15,0.21,0.397,0.54,0.686,2025-08-16,00Z-ECE,GWUS
2025-08-20,7.687,-1.291,0.247,0.279,-0.048,2025-08-16,00Z-ECE,GWUS
2025-08-21,6.967,-1.875,,0.075,-0.55,2025-08-16,00Z-ECE,GWUS
2025-08-22,7.008,-1.762,,0.015,-0.695,2025-08-16,00Z-ECE,GWUS
2025-08-23,7.379,-1.486,,0.017,-0.565,2025-08-16,00Z-ECE,GWUS
2025-08-24,7.659,-1.263,,-0.031,-0.142,2025-08-16,00Z-ECE,GWUS
2025-08-25,7.568,-1.379,,-0.001,-0.054,2025-08-16,00Z-ECE,GWUS
2025-08-26,7.488,-1.385,,0.03,-0.14,2025-08-16,00Z-ECE,GWUS
2025-08-27,7.708,-1.051,,0.184,0.097,2025-08-16,00Z-ECE,GWUS
2025-08-28,7.965,-0.705,,0.377,0.158,2025-08-16,00Z-ECE,GWUS
2025-08-29,8.08,-0.379,,0.594,,2025-08-16,00Z-ECE,GWUS
2025-08-17,8.65,-0.39,0.093,-0.111,-0.581,2025-08-17,00Z-ECE,GWUS
2025-08-18,8.275,-0.688,-0.048,-0.236,-0.783,2025-08-17,00Z-ECE,GWUS
2025-08-19,8.746,-0.194,0.447,0.238,-0.404,2025-08-17,00Z-ECE,GWUS
2025-08-20,8.061,-0.918,0.611,0.353,0.381,2025-08-17,00Z-ECE,GWUS
2025-08-21,7.657,-1.184,0.658,0.346,0.691,2025-08-17,00Z-ECE,GWUS
2025-08-22,7.489,-1.281,,0.325,0.48,2025-08-17,00Z-ECE,GWUS
2025-08-23,7.701,-1.163,,0.403,0.322,2025-08-17,00Z-ECE,GWUS
2025-08-24,7.303,-1.619,,-0.002,-0.355,2025-08-17,00Z-ECE,GWUS
2025-08-25,7.123,-1.824,,-0.172,-0.445,2025-08-17,00Z-ECE,GWUS
2025-08-26,7.001,-1.872,,-0.268,-0.487,2025-08-17,00Z-ECE,GWUS
2025-08-27,7.158,-1.601,,-0.325,-0.55,2025-08-17,00Z-ECE,GWUS
2025-08-28,7.409,-1.261,,-0.352,-0.556,2025-08-17,00Z-ECE,GWUS
2025-08-29,7.523,-0.936,,-0.357,-0.556,2025-08-17,00Z-ECE,GWUS
2025-08-30,7.451,-0.935,,-0.268,,2025-08-17,00Z-ECE,GWUS
2025-08-18,7.775,-1.187,0.026,-0.107,-0.499,2025-08-18,00Z-ECE,GWUS
2025-08-19,8.177,-0.763,-0.018,-0.132,-0.569,2025-08-18,00Z-ECE,GWUS
2025-08-20,7.556,-1.423,0.092,-0.041,-0.505,2025-08-18,00Z-ECE,GWUS
2025-08-21,7.109,-1.732,0.002,-0.038,-0.552,2025-08-18,00Z-ECE,GWUS
2025-08-22,6.998,-1.772,0.013,0.079,-0.491,2025-08-18,00Z-ECE,GWUS
2025-08-23,7.181,-1.683,,0.051,-0.52,2025-08-18,00Z-ECE,GWUS
2025-08-24,6.885,-2.037,,-0.15,-0.418,2025-08-18,00Z-ECE,GWUS
2025-08-25,6.973,-1.974,,-0.158,-0.151,2025-08-18,00Z-ECE,GWUS
2025-08-26,6.839,-2.034,,-0.282,-0.162,2025-08-18,00Z-ECE,GWUS
2025-08-27,7.004,-1.755,,-0.529,-0.154,2025-08-18,00Z-ECE,GWUS
2025-08-28,7.398,-1.272,,-0.476,-0.011,2025-08-18,00Z-ECE,GWUS
2025-08-29,7.451,-1.009,,-0.56,-0.073,2025-08-18,00Z-ECE,GWUS
2025-08-30,7.164,-1.223,,-0.622,-0.288,2025-08-18,00Z-ECE,GWUS
2025-08-31,7.03,-1.441,,-0.544,,2025-08-18,00Z-ECE,GWUS
2025-08-19,7.871,-1.069,0.101,-0.045,-0.306,2025-08-19,00Z-ECE,GWUS
2025-08-20,7.522,-1.457,0.265,0.195,-0.034,2025-08-19,00Z-ECE,GWUS
2025-08-21,7.064,-1.777,0.139,0.107,-0.045,2025-08-19,00Z-ECE,GWUS
2025-08-22,7.027,-1.743,0.091,0.152,0.029,2025-08-19,00Z-ECE,GWUS
2025-08-23,7.162,-1.702,0.091,0.053,-0.019,2025-08-19,00Z-ECE,GWUS
2025-08-24,6.814,-2.109,,-0.137,-0.071,2025-08-19,00Z-ECE,GWUS
2025-08-25,6.722,-2.225,,-0.292,-0.251,2025-08-19,00Z-ECE,GWUS
2025-08-26,6.436,-2.437,,-0.44,-0.403,2025-08-19,00Z-ECE,GWUS
2025-08-27,6.221,-2.539,,-0.491,-0.783,2025-08-19,00Z-ECE,GWUS
2025-08-28,6.239,-2.431,,-0.485,-1.159,2025-08-19,00Z-ECE,GWUS
2025-08-29,6.281,-2.178,,-0.413,-1.169,2025-08-19,00Z-ECE,GWUS
2025-08-30,6.269,-2.117,,-0.305,-0.894,2025-08-19,00Z-ECE,GWUS
2025-08-31,6.29,-2.182,,-0.178,-0.741,2025-08-19,00Z-ECE,GWUS
2025-09-01,6.338,-2.157,,-0.271,,2025-08-19,00Z-ECE,GWUS
2025-08-20,7.107,-1.872,-0.099,-0.197,-0.415,2025-08-20,00Z-ECE,GWUS
2025-08-21,6.893,-1.948,-0.102,-0.126,-0.171,2025-08-20,00Z-ECE,GWUS
2025-08-22,6.841,-1.929,-0.099,-0.224,-0.186,2025-08-20,00Z-ECE,GWUS
2025-08-23,7.092,-1.773,-0.071,-0.186,-0.07,2025-08-20,00Z-ECE,GWUS
2025-08-24,6.837,-2.085,-0.085,-0.096,0.024,2025-08-20,00Z-ECE,GWUS
2025-08-25,6.831,-2.116,,-0.105,0.109,2025-08-20,00Z-ECE,GWUS
2025-08-26,6.622,-2.251,,-0.242,0.187,2025-08-20,00Z-ECE,GWUS
2025-08-27,6.394,-2.365,,-0.198,0.174,2025-08-20,00Z-ECE,GWUS
2025-08-28,6.279,-2.391,,-0.192,0.041,2025-08-20,00Z-ECE,GWUS
2025-08-29,6.219,-2.241,,-0.308,-0.063,2025-08-20,00Z-ECE,GWUS
2025-08-30,6.222,-2.164,,-0.307,-0.047,2025-08-20,00Z-ECE,GWUS
2025-08-31,6.215,-2.257,,-0.174,-0.075,2025-08-20,00Z-ECE,GWUS
2025-09-01,6.236,-2.259,,-0.171,-0.101,2025-08-20,00Z-ECE,GWUS
2025-09-02,6.31,-1.995,,-0.265,,2025-08-20,00Z-ECE,GWUS
2025-08-21,6.459,-2.382,-0.015,-0.117,-0.434,2025-08-21,00Z-ECE,GWUS
2025-08-22,6.449,-2.321,0.033,-0.146,-0.391,2025-08-21,00Z-ECE,GWUS
2025-08-23,6.633,-2.232,0.006,-0.267,-0.459,2025-08-21,00Z-ECE,GWUS
2025-08-24,6.578,-2.344,0.14,-0.057,-0.259,2025-08-21,00Z-ECE,GWUS
2025-08-25,6.699,-2.248,0.138,0.007,-0.132,2025-08-21,00Z-ECE,GWUS
2025-08-26,6.539,-2.334,,0.034,-0.084,2025-08-21,00Z-ECE,GWUS
2025-08-27,6.207,-2.552,,0.016,-0.187,2025-08-21,00Z-ECE,GWUS
2025-08-28,6.057,-2.614,,-0.059,-0.223,2025-08-21,00Z-ECE,GWUS
2025-08-29,6.076,-2.384,,0.008,-0.143,2025-08-21,00Z-ECE,GWUS
2025-08-30,6.119,-2.268,,0.241,-0.104,2025-08-21,00Z-ECE,GWUS
2025-08-31,6.085,-2.387,,0.206,-0.13,2025-08-21,00Z-ECE,GWUS
2025-09-01,6.03,-2.465,,0.141,-0.207,2025-08-21,00Z-ECE,GWUS
2025-09-02,6.222,-2.083,,0.184,-0.09,2025-08-21,00Z-ECE,GWUS
2025-09-03,6.642,-1.523,,0.309,,2025-08-21,00Z-ECE,GWUS
2025-08-22,6.259,-2.511,-0.102,-0.139,-0.19,2025-08-22,00Z-ECE,GWUS
2025-08-23,6.378,-2.486,-0.027,-0.06,-0.254,2025-08-22,00Z-ECE,GWUS
2025-08-24,6.389,-2.533,-0.042,-0.092,-0.189,2025-08-22,00Z-ECE,GWUS
2025-08-25,6.679,-2.268,0.003,-0.097,-0.02,2025-08-22,00Z-ECE,GWUS
2025-08-26,6.059,-2.814,-0.064,-0.357,-0.48,2025-08-22,00Z-ECE,GWUS
2025-08-27,5.532,-3.228,,-0.426,-0.676,2025-08-22,00Z-ECE,GWUS
2025-08-28,5.567,-3.103,,-0.388,-0.49,2025-08-22,00Z-ECE,GWUS
2025-08-29,5.624,-2.835,,-0.445,-0.451,2025-08-22,00Z-ECE,GWUS
2025-08-30,5.724,-2.662,,-0.217,-0.394,2025-08-22,00Z-ECE,GWUS
2025-08-31,5.562,-2.909,,-0.392,-0.522,2025-08-22,00Z-ECE,GWUS
2025-09-01,5.605,-2.89,,-0.499,-0.425,2025-08-22,00Z-ECE,GWUS
2025-09-02,5.902,-2.402,,-0.339,-0.313,2025-08-22,00Z-ECE,GWUS
2025-09-03,6.193,-1.972,,-0.409,-0.448,2025-08-22,00Z-ECE,GWUS
2025-09-04,6.535,-1.637,,-0.345,,2025-08-22,00Z-ECE,GWUS
2025-08-23,6.209,-2.656,0.032,0.018,-0.17,2025-08-23,00Z-ECE,GWUS
2025-08-24,6.44,-2.482,0.155,0.192,0.051,2025-08-23,00Z-ECE,GWUS
2025-08-25,6.768,-2.179,0.154,0.156,0.089,2025-08-23,00Z-ECE,GWUS
2025-08-26,6.218,-2.655,0.046,0.049,0.159,2025-08-23,00Z-ECE,GWUS
2025-08-27,5.74,-3.019,0.077,0.066,0.209,2025-08-23,00Z-ECE,GWUS
2025-08-28,5.909,-2.761,,0.434,0.346,2025-08-23,00Z-ECE,GWUS
2025-08-29,5.802,-2.657,,0.469,0.177,2025-08-23,00Z-ECE,GWUS
2025-08-30,5.681,-2.705,,0.343,-0.043,2025-08-23,00Z-ECE,GWUS
2025-08-31,5.776,-2.696,,0.354,0.214,2025-08-23,00Z-ECE,GWUS
2025-09-01,5.927,-2.568,,0.403,0.322,2025-08-23,00Z-ECE,GWUS
2025-09-02,6.068,-2.237,,0.308,0.165,2025-08-23,00Z-ECE,GWUS
2025-09-03,6.176,-1.989,,0.168,-0.017,2025-08-23,00Z-ECE,GWUS
2025-09-04,6.315,-1.857,,-0.016,-0.22,2025-08-23,00Z-ECE,GWUS
2025-09-05,6.416,-1.775,,-0.084,,2025-08-23,00Z-ECE,GWUS
2025-08-24,6.268,-2.654,0.111,0.05,-0.172,2025-08-24,00Z-ECE,GWUS
2025-08-25,6.688,-2.259,0.114,0.089,-0.08,2025-08-24,00Z-ECE,GWUS
2025-08-26,6.194,-2.679,0.182,0.153,-0.024,2025-08-24,00Z-ECE,GWUS
2025-08-27,6.123,-2.637,0.095,0.246,0.382,2025-08-24,00Z-ECE,GWUS
2025-08-28,6.424,-2.246,0.177,0.309,0.522,2025-08-24,00Z-ECE,GWUS
2025-08-29,5.853,-2.606,,0.068,0.052,2025-08-24,00Z-ECE,GWUS
2025-08-30,5.833,-2.553,,0.336,0.152,2025-08-24,00Z-ECE,GWUS
2025-08-31,5.723,-2.748,,0.218,-0.053,2025-08-24,00Z-ECE,GWUS
2025-09-01,5.595,-2.9,,-0.042,-0.332,2025-08-24,00Z-ECE,GWUS
2025-09-02,5.728,-2.577,,-0.137,-0.34,2025-08-24,00Z-ECE,GWUS
2025-09-03,6.128,-2.037,,-0.055,-0.048,2025-08-24,00Z-ECE,GWUS
2025-09-04,6.401,-1.771,,-0.13,0.086,2025-08-24,00Z-ECE,GWUS
2025-09-05,6.565,-1.626,,-0.18,0.148,2025-08-24,00Z-ECE,GWUS
2025-09-06,6.586,-1.407,,-0.138,,2025-08-24,00Z-ECE,GWUS
2025-08-25,6.72,-2.227,0.142,0.041,0.032,2025-08-25,00Z-ECE,GWUS
2025-08-26,6.298,-2.576,0.139,0.044,0.103,2025-08-25,00Z-ECE,GWUS
2025-08-27,6.166,-2.594,0.083,0.003,0.043,2025-08-25,00Z-ECE,GWUS
2025-08-28,6.582,-2.088,0.1,0.029,0.159,2025-08-25,00Z-ECE,GWUS
2025-08-29,5.867,-2.592,0.061,-0.087,0.014,2025-08-25,00Z-ECE,GWUS
2025-08-30,5.871,-2.516,,-0.057,0.038,2025-08-25,00Z-ECE,GWUS
2025-08-31,5.777,-2.695,,-0.039,0.054,2025-08-25,00Z-ECE,GWUS
2025-09-01,5.662,-2.833,,0.03,0.067,2025-08-25,00Z-ECE,GWUS
2025-09-02,5.792,-2.513,,0.033,0.064,2025-08-25,00Z-ECE,GWUS
2025-09-03,6.045,-2.12,,-0.003,-0.083,2025-08-25,00Z-ECE,GWUS
2025-09-04,6.409,-1.763,,0.103,0.008,2025-08-25,00Z-ECE,GWUS
2025-09-05,6.43,-1.761,,-0.008,-0.135,2025-08-25,00Z-ECE,GWUS
2025-09-06,6.289,-1.704,,-0.178,-0.297,2025-08-25,00Z-ECE,GWUS
2025-09-07,6.218,-1.482,,-0.231,,2025-08-25,00Z-ECE,GWUS
2025-08-26,5.977,-2.897,-0.041,-0.19,-0.321,2025-08-26,00Z-ECE,GWUS
2025-08-27,6.014,-2.745,0.028,-0.023,-0.152,2025-08-26,00Z-ECE,GWUS
2025-08-28,6.368,-2.302,0.0,-0.054,-0.214,2025-08-26,00Z-ECE,GWUS
2025-08-29,6.124,-2.335,0.301,0.123,0.252,2025-08-26,00Z-ECE,GWUS
2025-08-30,6.107,-2.279,0.253,0.077,0.236,2025-08-26,00Z-ECE,GWUS
2025-08-31,5.861,-2.611,,-0.028,0.084,2025-08-26,00Z-ECE,GWUS
2025-09-01,5.673,-2.822,,-0.008,0.011,2025-08-26,00Z-ECE,GWUS
2025-09-02,5.896,-2.409,,0.009,0.104,2025-08-26,00Z-ECE,GWUS
2025-09-03,6.325,-1.84,,0.054,0.28,2025-08-26,00Z-ECE,GWUS
2025-09-04,6.523,-1.648,,-0.094,0.114,2025-08-26,00Z-ECE,GWUS
2025-09-05,6.516,-1.675,,-0.082,0.086,2025-08-26,00Z-ECE,GWUS
2025-09-06,6.479,-1.514,,0.016,0.19,2025-08-26,00Z-ECE,GWUS
2025-09-07,6.43,-1.27,,-0.026,0.212,2025-08-26,00Z-ECE,GWUS
2025-09-08,6.379,-1.223,,-0.04,,2025-08-26,00Z-ECE,GWUS
2025-08-27,5.729,-3.03,0.107,-0.198,-0.285,2025-08-27,00Z-ECE,GWUS
2025-08-28,6.229,-2.441,0.148,-0.086,-0.14,2025-08-27,00Z-ECE,GWUS
2025-08-29,5.968,-2.492,0.233,-0.076,-0.151,2025-08-27,00Z-ECE,GWUS
2025-08-30,6.015,-2.371,0.169,0.0,-0.092,2025-08-27,00Z-ECE,GWUS
2025-08-31,5.84,-2.631,0.08,-0.047,-0.02,2025-08-27,00Z-ECE,GWUS
2025-09-01,5.733,-2.762,,0.131,0.06,2025-08-27,00Z-ECE,GWUS
2025-09-02,5.895,-2.41,,0.044,-0.001,2025-08-27,00Z-ECE,GWUS
2025-09-03,6.281,-1.884,,-0.174,-0.044,2025-08-27,00Z-ECE,GWUS
2025-09-04,6.554,-1.618,,-0.037,0.03,2025-08-27,00Z-ECE,GWUS
2025-09-05,6.33,-1.86,,-0.381,-0.185,2025-08-27,00Z-ECE,GWUS
2025-09-06,6.14,-1.853,,-0.56,-0.339,2025-08-27,00Z-ECE,GWUS
2025-09-07,6.121,-1.578,,-0.602,-0.309,2025-08-27,00Z-ECE,GWUS
2025-09-08,6.037,-1.565,,-0.807,-0.342,2025-08-27,00Z-ECE,GWUS
2025-09-09,6.094,-1.486,,-0.752,,2025-08-27,00Z-ECE,GWUS
2025-08-28,6.143,-2.527,-0.04,-0.049,-0.085,2025-08-28,00Z-ECE,GWUS
2025-08-29,6.238,-2.222,0.168,0.008,0.27,2025-08-28,00Z-ECE,GWUS
2025-08-30,6.275,-2.111,0.36,0.137,0.26,2025-08-28,00Z-ECE,GWUS
2025-08-31,5.927,-2.545,0.226,0.083,0.086,2025-08-28,00Z-ECE,GWUS
2025-09-01,5.685,-2.81,0.174,0.062,-0.048,2025-08-28,00Z-ECE,GWUS
2025-09-02,5.833,-2.472,,0.089,-0.062,2025-08-28,00Z-ECE,GWUS
2025-09-03,6.271,-1.894,,0.153,-0.01,2025-08-28,00Z-ECE,GWUS
2025-09-04,6.301,-1.871,,0.067,-0.253,2025-08-28,00Z-ECE,GWUS
2025-09-05,6.2,-1.991,,0.07,-0.131,2025-08-28,00Z-ECE,GWUS
2025-09-06,6.209,-1.784,,0.188,0.07,2025-08-28,00Z-ECE,GWUS
2025-09-07,6.116,-1.583,,0.172,-0.005,2025-08-28,00Z-ECE,GWUS
2025-09-08,6.025,-1.577,,0.133,-0.012,2025-08-28,00Z-ECE,GWUS
2025-09-09,6.07,-1.511,,0.03,-0.024,2025-08-28,00Z-ECE,GWUS
2025-09-10,6.142,-1.506,,-0.031,,2025-08-28,00Z-ECE,GWUS
2025-08-29,5.78,-2.679,-0.082,-0.224,-0.457,2025-08-29,00Z-ECE,GWUS
2025-08-30,6.09,-2.296,0.043,-0.043,-0.185,2025-08-29,00Z-ECE,GWUS
2025-08-31,5.79,-2.682,0.01,-0.005,-0.144,2025-08-29,00Z-ECE,GWUS
2025-09-01,5.535,-2.96,0.121,0.057,-0.15,2025-08-29,00Z-ECE,GWUS
2025-09-02,5.641,-2.664,-0.034,-0.018,-0.192,2025-08-29,00Z-ECE,GWUS
2025-09-03,5.743,-2.423,,-0.23,-0.528,2025-08-29,00Z-ECE,GWUS
2025-09-04,5.994,-2.178,,-0.256,-0.307,2025-08-29,00Z-ECE,GWUS
2025-09-05,6.179,-2.012,,-0.034,-0.021,2025-08-29,00Z-ECE,GWUS
2025-09-06,6.13,-1.863,,0.038,-0.08,2025-08-29,00Z-ECE,GWUS
2025-09-07,6.047,-1.652,,-0.04,-0.069,2025-08-29,00Z-ECE,GWUS
2025-09-08,5.766,-1.836,,-0.159,-0.259,2025-08-29,00Z-ECE,GWUS
2025-09-09,5.652,-1.929,,-0.288,-0.418,2025-08-29,00Z-ECE,GWUS
2025-09-10,5.817,-1.832,,-0.197,-0.326,2025-08-29,00Z-ECE,GWUS
2025-09-11,5.982,-1.496,,-0.125,,2025-08-29,00Z-ECE,GWUS
2025-08-30,6.038,-2.348,0.052,-0.023,-0.051,2025-08-30,00Z-ECE,GWUS
2025-08-31,5.898,-2.574,0.179,0.13,0.104,2025-08-30,00Z-ECE,GWUS
2025-09-01,5.4,-3.095,0.095,-0.038,-0.135,2025-08-30,00Z-ECE,GWUS
2025-09-02,5.369,-2.936,0.008,-0.089,-0.272,2025-08-30,00Z-ECE,GWUS
2025-09-03,5.527,-2.639,-0.102,-0.166,-0.216,2025-08-30,00Z-ECE,GWUS
2025-09-04,5.996,-2.176,,-0.154,0.002,2025-08-30,00Z-ECE,GWUS
2025-09-05,6.361,-1.829,,0.072,0.183,2025-08-30,00Z-ECE,GWUS
2025-09-06,6.277,-1.716,,0.097,0.147,2025-08-30,00Z-ECE,GWUS
2025-09-07,6.227,-1.472,,0.26,0.18,2025-08-30,00Z-ECE,GWUS
2025-09-08,5.986,-1.616,,0.275,0.22,2025-08-30,00Z-ECE,GWUS
2025-09-09,5.851,-1.73,,0.157,0.199,2025-08-30,00Z-ECE,GWUS
2025-09-10,5.923,-1.726,,0.17,0.106,2025-08-30,00Z-ECE,GWUS
2025-09-11,6.05,-1.428,,0.124,0.067,2025-08-30,00Z-ECE,GWUS
2025-09-12,6.185,-1.404,,0.026,,2025-08-30,00Z-ECE,GWUS
2025-08-31,5.823,-2.648,0.15,0.013,-0.074,2025-08-31,00Z-ECE,GWUS
2025-09-01,5.533,-2.962,0.179,0.256,0.133,2025-08-31,00Z-ECE,GWUS
2025-09-02,5.478,-2.827,0.084,-0.037,0.109,2025-08-31,00Z-ECE,GWUS
2025-09-03,5.65,-2.515,0.121,-0.011,0.123,2025-08-31,00Z-ECE,GWUS
2025-09-04,5.978,-2.193,0.066,-0.033,-0.018,2025-08-31,00Z-ECE,GWUS
2025-09-05,6.554,-1.637,,0.064,0.192,2025-08-31,00Z-ECE,GWUS
2025-09-06,6.662,-1.33,,0.182,0.386,2025-08-31,00Z-ECE,GWUS
2025-09-07,6.556,-1.144,,0.103,0.329,2025-08-31,00Z-ECE,GWUS
2025-09-08,6.309,-1.292,,0.072,0.323,2025-08-31,00Z-ECE,GWUS
2025-09-09,6.152,-1.429,,0.094,0.301,2025-08-31,00Z-ECE,GWUS
2025-09-10,6.198,-1.45,,0.133,0.275,2025-08-31,00Z-ECE,GWUS
2025-09-11,6.362,-1.116,,0.192,0.312,2025-08-31,00Z-ECE,GWUS
2025-09-12,6.474,-1.115,,0.204,0.289,2025-08-31,00Z-ECE,GWUS
2025-09-13,6.57,-1.055,,0.155,,2025-08-31,00Z-ECE,GWUS
2025-09-01,5.463,-3.032,0.095,0.04,-0.07,2025-09-01,00Z-ECE,GWUS
2025-09-02,5.32,-2.985,0.17,0.002,-0.158,2025-09-01,00Z-ECE,GWUS
2025-09-03,5.603,-2.562,0.071,0.112,-0.047,2025-09-01,00Z-ECE,GWUS
2025-09-04,6.195,-1.977,0.15,0.206,0.216,2025-09-01,00Z-ECE,GWUS
2025-09-05,6.764,-1.427,0.082,0.032,0.211,2025-09-01,00Z-ECE,GWUS
2025-09-06,6.863,-1.13,,0.042,0.2,2025-09-01,00Z-ECE,GWUS
2025-09-07,6.319,-1.381,,-0.068,-0.237,2025-09-01,00Z-ECE,GWUS
2025-09-08,6.159,-1.443,,0.069,-0.151,2025-09-01,00Z-ECE,GWUS
2025-09-09,5.874,-1.706,,-0.023,-0.278,2025-09-01,00Z-ECE,GWUS
2025-09-10,5.686,-1.962,,-0.245,-0.512,2025-09-01,00Z-ECE,GWUS
2025-09-11,5.77,-1.708,,-0.422,-0.592,2025-09-01,00Z-ECE,GWUS
2025-09-12,6.041,-1.548,,-0.335,-0.433,2025-09-01,00Z-ECE,GWUS
2025-09-13,6.155,-1.471,,-0.274,-0.416,2025-09-01,00Z-ECE,GWUS
2025-09-14,6.321,-1.28,,-0.256,,2025-09-01,00Z-ECE,GWUS
2025-09-02,5.508,-2.797,0.162,0.182,0.188,2025-09-02,00Z-ECE,GWUS
2025-09-03,5.678,-2.487,0.111,0.039,0.075,2025-09-02,00Z-ECE,GWUS
2025-09-04,6.437,-1.735,0.098,0.081,0.242,2025-09-02,00Z-ECE,GWUS
2025-09-05,6.851,-1.34,0.168,0.06,0.087,2025-09-02,00Z-ECE,GWUS
2025-09-06,7.005,-0.988,0.143,0.061,0.142,2025-09-02,00Z-ECE,GWUS
2025-09-07,6.343,-1.357,,-0.04,0.024,2025-09-02,00Z-ECE,GWUS
2025-09-08,6.104,-1.498,,-0.088,-0.064,2025-09-02,00Z-ECE,GWUS
2025-09-09,5.639,-1.941,,-0.246,-0.232,2025-09-02,00Z-ECE,GWUS
2025-09-10,5.373,-2.275,,-0.197,-0.312,2025-09-02,00Z-ECE,GWUS
2025-09-11,5.454,-2.024,,-0.056,-0.316,2025-09-02,00Z-ECE,GWUS
2025-09-12,5.67,-1.919,,0.056,-0.371,2025-09-02,00Z-ECE,GWUS
2025-09-13,5.852,-1.773,,-0.028,-0.303,2025-09-02,00Z-ECE,GWUS
2025-09-14,5.93,-1.672,,-0.163,-0.392,2025-09-02,00Z-ECE,GWUS
2025-09-15,6.124,-1.5,,-0.101,,2025-09-02,00Z-ECE,GWUS
2025-09-03,5.975,-2.191,0.133,0.284,0.296,2025-09-03,00Z-ECE,GWUS
2025-09-04,6.884,-1.288,0.293,0.337,0.447,2025-09-03,00Z-ECE,GWUS
2025-09-05,7.235,-0.956,0.218,0.287,0.384,2025-09-03,00Z-ECE,GWUS
2025-09-06,7.094,-0.899,0.087,0.079,0.089,2025-09-03,00Z-ECE,GWUS
2025-09-07,6.263,-1.436,-0.08,-0.056,-0.079,2025-09-03,00Z-ECE,GWUS
2025-09-08,5.996,-1.606,,-0.097,-0.116,2025-09-03,00Z-ECE,GWUS
2025-09-09,5.673,-1.907,,-0.019,0.023,2025-09-03,00Z-ECE,GWUS
2025-09-10,5.489,-2.159,,0.078,0.116,2025-09-03,00Z-ECE,GWUS
2025-09-11,5.664,-1.814,,0.171,0.21,2025-09-03,00Z-ECE,GWUS
2025-09-12,5.856,-1.734,,0.144,0.186,2025-09-03,00Z-ECE,GWUS
2025-09-13,5.961,-1.664,,0.021,0.109,2025-09-03,00Z-ECE,GWUS
2025-09-14,6.158,-1.443,,0.056,0.228,2025-09-03,00Z-ECE,GWUS
2025-09-15,6.373,-1.251,,0.124,0.251,2025-09-03,00Z-ECE,GWUS
2025-09-16,6.436,-1.184,,0.043,,2025-09-03,00Z-ECE,GWUS
2025-09-04,7.097,-1.074,0.062,0.112,0.213,2025-09-04,00Z-ECE,GWUS
2025-09-05,7.351,-0.84,0.029,-0.011,0.116,2025-09-04,00Z-ECE,GWUS
2025-09-06,7.018,-0.975,0.011,-0.122,-0.076,2025-09-04,00Z-ECE,GWUS
2025-09-07,6.301,-1.398,0.158,0.171,0.038,2025-09-04,00Z-ECE,GWUS
2025-09-08,6.277,-1.325,0.117,0.274,0.279,2025-09-04,00Z-ECE,GWUS
2025-09-09,5.851,-1.729,,0.136,0.178,2025-09-04,00Z-ECE,GWUS
2025-09-10,5.805,-1.843,,0.172,0.316,2025-09-04,00Z-ECE,GWUS
2025-09-11,6.1,-1.378,,0.367,0.436,2025-09-04,00Z-ECE,GWUS
2025-09-12,6.306,-1.283,,0.453,0.451,2025-09-04,00Z-ECE,GWUS
2025-09-13,6.574,-1.051,,0.486,0.613,2025-09-04,00Z-ECE,GWUS
2025-09-14,6.655,-0.946,,0.325,0.497,2025-09-04,00Z-ECE,GWUS
2025-09-15,6.762,-0.862,,0.132,0.388,2025-09-04,00Z-ECE,GWUS
2025-09-16,6.95,-0.67,,0.052,0.527,2025-09-04,00Z-ECE,GWUS
2025-09-17,6.933,-0.712,,-0.014,,2025-09-04,00Z-ECE,GWUS
2025-09-05,7.15,-1.041,0.067,-0.107,-0.201,2025-09-05,00Z-ECE,GWUS
2025-09-06,6.544,-1.449,-0.183,-0.3,-0.474,2025-09-05,00Z-ECE,GWUS
2025-09-07,6.203,-1.497,0.083,-0.034,-0.099,2025-09-05,00Z-ECE,GWUS
2025-09-08,6.269,-1.333,0.131,0.086,-0.004,2025-09-05,00Z-ECE,GWUS
2025-09-09,5.729,-1.851,0.102,-0.025,-0.122,2025-09-05,00Z-ECE,GWUS
2025-09-10,5.732,-1.916,,-0.061,-0.073,2025-09-05,00Z-ECE,GWUS
2025-09-11,6.144,-1.333,,-0.134,0.045,2025-09-05,00Z-ECE,GWUS
2025-09-12,6.531,-1.058,,-0.077,0.225,2025-09-05,00Z-ECE,GWUS
2025-09-13,6.853,-0.772,,-0.042,0.28,2025-09-05,00Z-ECE,GWUS
2025-09-14,6.809,-0.792,,-0.014,0.154,2025-09-05,00Z-ECE,GWUS
2025-09-15,6.924,-0.7,,0.16,0.162,2025-09-05,00Z-ECE,GWUS
2025-09-16,6.968,-0.651,,0.21,0.019,2025-09-05,00Z-ECE,GWUS
2025-09-17,6.971,-0.674,,0.213,0.038,2025-09-05,00Z-ECE,GWUS
2025-09-18,6.939,-0.988,,0.033,,2025-09-05,00Z-ECE,GWUS
2025-09-06,6.502,-1.491,-0.059,-0.078,-0.042,2025-09-06,00Z-ECE,GWUS
2025-09-07,6.021,-1.678,0.004,-0.037,-0.182,2025-09-06,00Z-ECE,GWUS
2025-09-08,6.185,-1.417,0.047,0.053,-0.084,2025-09-06,00Z-ECE,GWUS
2025-09-09,5.468,-2.112,-0.037,-0.052,-0.264,2025-09-06,00Z-ECE,GWUS
2025-09-10,5.512,-2.136,-0.012,0.025,-0.22,2025-09-06,00Z-ECE,GWUS
2025-09-11,5.928,-1.55,,0.06,-0.217,2025-09-06,00Z-ECE,GWUS
2025-09-12,6.046,-1.543,,-0.024,-0.485,2025-09-06,00Z-ECE,GWUS
2025-09-13,6.51,-1.115,,0.01,-0.343,2025-09-06,00Z-ECE,GWUS
2025-09-14,6.515,-1.086,,0.065,-0.294,2025-09-06,00Z-ECE,GWUS
2025-09-15,6.668,-0.955,,0.197,-0.256,2025-09-06,00Z-ECE,GWUS
2025-09-16,6.813,-0.806,,0.187,-0.155,2025-09-06,00Z-ECE,GWUS
2025-09-17,6.904,-0.742,,0.083,-0.067,2025-09-06,00Z-ECE,GWUS
2025-09-18,6.966,-0.961,,0.109,0.027,2025-09-06,00Z-ECE,GWUS
2025-09-19,6.975,-0.968,,0.163,,2025-09-06,00Z-ECE,GWUS
2025-09-07,5.959,-1.741,-0.007,-0.134,-0.062,2025-09-07,00Z-ECE,GWUS
2025-09-08,6.089,-1.513,0.065,-0.069,-0.096,2025-09-07,00Z-ECE,GWUS
2025-09-09,5.466,-2.114,0.072,-0.032,-0.001,2025-09-07,00Z-ECE,GWUS
2025-09-10,5.671,-1.977,0.188,0.185,0.159,2025-09-07,00Z-ECE,GWUS
2025-09-11,5.989,-1.489,0.095,0.064,0.061,2025-09-07,00Z-ECE,GWUS
2025-09-12,6.156,-1.433,,0.041,0.109,2025-09-07,00Z-ECE,GWUS
2025-09-13,6.584,-1.041,,0.029,0.074,2025-09-07,00Z-ECE,GWUS
2025-09-14,6.514,-1.087,,-0.013,-0.001,2025-09-07,00Z-ECE,GWUS
2025-09-15,6.726,-0.897,,0.075,0.058,2025-09-07,00Z-ECE,GWUS
2025-09-16,6.921,-0.699,,0.054,0.107,2025-09-07,00Z-ECE,GWUS
2025-09-17,7.041,-0.604,,0.003,0.137,2025-09-07,00Z-ECE,GWUS
2025-09-18,7.096,-0.831,,-0.047,0.129,2025-09-07,00Z-ECE,GWUS
2025-09-19,7.146,-0.797,,0.018,0.177,2025-09-07,00Z-ECE,GWUS
2025-09-20,7.129,-0.689,,0.017,,2025-09-07,00Z-ECE,GWUS
2025-09-08,6.029,-1.572,0.107,0.073,-0.06,2025-09-08,00Z-ECE,GWUS
2025-09-09,5.395,-2.185,0.06,-0.029,-0.071,2025-09-08,00Z-ECE,GWUS
2025-09-10,5.486,-2.163,0.073,0.009,-0.185,2025-09-08,00Z-ECE,GWUS
2025-09-11,5.979,-1.499,0.192,0.126,-0.01,2025-09-08,00Z-ECE,GWUS
2025-09-12,6.273,-1.316,0.248,0.2,0.117,2025-09-08,00Z-ECE,GWUS
2025-09-13,6.698,-0.927,,0.266,0.114,2025-09-08,00Z-ECE,GWUS
2025-09-14,6.564,-1.037,,0.224,0.05,2025-09-08,00Z-ECE,GWUS
2025-09-15,6.515,-1.109,,0.065,-0.211,2025-09-08,00Z-ECE,GWUS
2025-09-16,6.428,-1.192,,-0.091,-0.493,2025-09-08,00Z-ECE,GWUS
2025-09-17,6.367,-1.278,,-0.191,-0.673,2025-09-08,00Z-ECE,GWUS
2025-09-18,6.538,-1.389,,0.089,-0.557,2025-09-08,00Z-ECE,GWUS
2025-09-19,6.651,-1.292,,0.23,-0.479,2025-09-08,00Z-ECE,GWUS
2025-09-20,6.646,-1.171,,0.33,-0.45,2025-09-08,00Z-ECE,GWUS
2025-09-21,6.62,-1.354,,0.299,,2025-09-08,00Z-ECE,GWUS
2025-09-09,5.594,-1.986,0.11,0.062,0.199,2025-09-09,00Z-ECE,GWUS
2025-09-10,5.465,-2.183,0.069,0.075,-0.02,2025-09-09,00Z-ECE,GWUS
2025-09-11,5.791,-1.687,-0.001,0.034,-0.188,2025-09-09,00Z-ECE,GWUS
2025-09-12,6.185,-1.404,0.1,0.207,-0.088,2025-09-09,00Z-ECE,GWUS
2025-09-13,6.631,-0.994,0.167,0.267,-0.067,2025-09-09,00Z-ECE,GWUS
2025-09-14,6.636,-0.965,,0.367,0.072,2025-09-09,00Z-ECE,GWUS
2025-09-15,6.625,-0.999,,0.373,0.11,2025-09-09,00Z-ECE,GWUS
2025-09-16,6.679,-0.941,,0.5,0.251,2025-09-09,00Z-ECE,GWUS
2025-09-17,6.757,-0.888,,0.599,0.389,2025-09-09,00Z-ECE,GWUS
2025-09-18,6.809,-1.119,,0.639,0.27,2025-09-09,00Z-ECE,GWUS
2025-09-19,6.894,-1.049,,0.675,0.243,2025-09-09,00Z-ECE,GWUS
2025-09-20,6.839,-0.978,,0.619,0.192,2025-09-09,00Z-ECE,GWUS
2025-09-21,6.726,-1.247,,0.436,0.106,2025-09-09,00Z-ECE,GWUS
2025-09-22,6.608,-1.425,,0.27,,2025-09-09,00Z-ECE,GWUS
2025-09-10,5.476,-2.172,0.078,0.085,0.011,2025-09-10,00Z-ECE,GWUS
2025-09-11,5.948,-1.53,0.139,0.201,0.157,2025-09-10,00Z-ECE,GWUS
2025-09-12,6.295,-1.294,0.151,0.238,0.111,2025-09-10,00Z-ECE,GWUS
2025-09-13,6.96,-0.665,0.359,0.44,0.329,2025-09-10,00Z-ECE,GWUS
2025-09-14,6.811,-0.79,0.24,0.18,0.175,2025-09-10,00Z-ECE,GWUS
2025-09-15,6.739,-0.885,,0.072,0.114,2025-09-10,00Z-ECE,GWUS
2025-09-16,7.102,-0.518,,0.222,0.415,2025-09-10,00Z-ECE,GWUS
2025-09-17,7.275,-0.37,,0.236,0.518,2025-09-10,00Z-ECE,GWUS
2025-09-18,7.181,-0.746,,0.183,0.372,2025-09-10,00Z-ECE,GWUS
2025-09-19,7.042,-0.902,,0.2,0.147,2025-09-10,00Z-ECE,GWUS
2025-09-20,6.93,-0.887,,0.185,0.091,2025-09-10,00Z-ECE,GWUS
2025-09-21,6.755,-1.218,,0.007,0.029,2025-09-10,00Z-ECE,GWUS
2025-09-22,6.641,-1.392,,0.018,0.033,2025-09-10,00Z-ECE,GWUS
2025-09-23,6.511,-1.427,,-0.14,,2025-09-10,00Z-ECE,GWUS
2025-09-11,5.747,-1.73,-0.045,-0.044,-0.2,2025-09-11,00Z-ECE,GWUS
2025-09-12,6.03,-1.559,0.042,-0.042,-0.266,2025-09-11,00Z-ECE,GWUS
2025-09-13,6.524,-1.101,0.011,-0.117,-0.435,2025-09-11,00Z-ECE,GWUS
2025-09-14,7.047,-0.554,0.265,0.387,0.236,2025-09-11,00Z-ECE,GWUS
2025-09-15,7.331,-0.293,0.403,0.639,0.592,2025-09-11,00Z-ECE,GWUS
2025-09-16,7.684,0.064,,0.529,0.566,2025-09-11,00Z-ECE,GWUS
2025-09-17,7.645,0.0,,0.516,0.371,2025-09-11,00Z-ECE,GWUS
2025-09-18,7.486,-0.441,,0.605,0.305,2025-09-11,00Z-ECE,GWUS
2025-09-19,7.297,-0.647,,0.604,0.255,2025-09-11,00Z-ECE,GWUS
2025-09-20,7.188,-0.629,,0.494,0.258,2025-09-11,00Z-ECE,GWUS
2025-09-21,6.961,-1.012,,0.234,0.206,2025-09-11,00Z-ECE,GWUS
2025-09-22,6.742,-1.291,,0.119,0.101,2025-09-11,00Z-ECE,GWUS
2025-09-23,6.647,-1.291,,-0.007,0.136,2025-09-11,00Z-ECE,GWUS
2025-09-24,6.608,-1.057,,0.005,,2025-09-11,00Z-ECE,GWUS
2025-09-12,5.942,-1.647,0.037,0.027,-0.087,2025-09-12,00Z-ECE,GWUS
2025-09-13,6.302,-1.323,-0.046,-0.006,-0.222,2025-09-12,00Z-ECE,GWUS
2025-09-14,6.643,-0.958,0.027,-0.017,-0.404,2025-09-12,00Z-ECE,GWUS
2025-09-15,6.887,-0.736,0.129,0.093,-0.443,2025-09-12,00Z-ECE,GWUS
2025-09-16,7.04,-0.58,0.06,-0.045,-0.644,2025-09-12,00Z-ECE,GWUS
2025-09-17,6.997,-0.648,,-0.104,-0.649,2025-09-12,00Z-ECE,GWUS
2025-09-18,7.02,-0.907,,-0.04,-0.466,2025-09-12,00Z-ECE,GWUS
2025-09-19,6.972,-0.971,,-0.074,-0.324,2025-09-12,00Z-ECE,GWUS
2025-09-20,7.045,-0.773,,0.165,-0.143,2025-09-12,00Z-ECE,GWUS
2025-09-21,6.902,-1.071,,0.099,-0.059,2025-09-12,00Z-ECE,GWUS
2025-09-22,6.763,-1.271,,0.18,0.02,2025-09-12,00Z-ECE,GWUS
2025-09-23,6.658,-1.279,,0.079,0.012,2025-09-12,00Z-ECE,GWUS
2025-09-24,6.664,-1.002,,0.0,0.055,2025-09-12,00Z-ECE,GWUS
2025-09-25,6.566,-1.057,,-0.062,,2025-09-12,00Z-ECE,GWUS
2025-09-13,6.104,-1.521,0.093,0.104,-0.198,2025-09-13,00Z-ECE,GWUS
2025-09-14,6.252,-1.349,0.142,0.162,-0.391,2025-09-13,00Z-ECE,GWUS
2025-09-15,6.505,-1.119,0.146,0.261,-0.383,2025-09-13,00Z-ECE,GWUS
2025-09-16,6.789,-0.831,0.209,0.361,-0.251,2025-09-13,00Z-ECE,GWUS
2025-09-17,6.737,-0.908,0.2,0.294,-0.26,2025-09-13,00Z-ECE,GWUS
2025-09-18,6.643,-1.284,,0.2,-0.377,2025-09-13,00Z-ECE,GWUS
2025-09-19,6.366,-1.577,,-0.072,-0.607,2025-09-13,00Z-ECE,GWUS
2025-09-20,6.149,-1.668,,-0.31,-0.896,2025-09-13,00Z-ECE,GWUS
2025-09-21,6.148,-1.825,,-0.413,-0.754,2025-09-13,00Z-ECE,GWUS
2025-09-22,6.111,-1.923,,-0.228,-0.652,2025-09-13,00Z-ECE,GWUS
2025-09-23,6.126,-1.812,,-0.101,-0.533,2025-09-13,00Z-ECE,GWUS
2025-09-24,6.255,-1.411,,0.094,-0.409,2025-09-13,00Z-ECE,GWUS
2025-09-25,6.235,-1.388,,-0.009,-0.331,2025-09-13,00Z-ECE,GWUS
2025-09-26,6.306,-1.266,,-0.119,,2025-09-13,00Z-ECE,GWUS
2025-09-14,6.195,-1.406,0.074,0.052,-0.057,2025-09-14,00Z-ECE,GWUS
2025-09-15,6.198,-1.425,-0.013,-0.068,-0.306,2025-09-14,00Z-ECE,GWUS
2025-09-16,6.357,-1.263,0.043,0.006,-0.432,2025-09-14,00Z-ECE,GWUS
2025-09-17,6.235,-1.41,-0.008,-0.05,-0.502,2025-09-14,00Z-ECE,GWUS
2025-09-18,6.203,-1.724,0.085,-0.067,-0.44,2025-09-14,00Z-ECE,GWUS
2025-09-19,6.089,-1.854,,-0.092,-0.277,2025-09-14,00Z-ECE,GWUS
2025-09-20,5.856,-1.961,,-0.194,-0.293,2025-09-14,00Z-ECE,GWUS
2025-09-21,5.858,-2.115,,-0.363,-0.29,2025-09-14,00Z-ECE,GWUS
2025-09-22,5.632,-2.402,,-0.376,-0.479,2025-09-14,00Z-ECE,GWUS
2025-09-23,5.622,-2.315,,-0.221,-0.503,2025-09-14,00Z-ECE,GWUS
2025-09-24,5.772,-1.894,,-0.073,-0.483,2025-09-14,00Z-ECE,GWUS
2025-09-25,5.907,-1.716,,-0.026,-0.328,2025-09-14,00Z-ECE,GWUS
2025-09-26,6.181,-1.391,,0.156,-0.134,2025-09-14,00Z-ECE,GWUS
2025-09-27,6.496,-1.238,,0.183,,2025-09-14,00Z-ECE,GWUS
2025-09-15,6.022,-1.601,-0.025,-0.017,-0.176,2025-09-15,00Z-ECE,GWUS
2025-09-16,6.141,-1.478,-0.046,0.017,-0.216,2025-09-15,00Z-ECE,GWUS
2025-09-17,5.919,-1.726,-0.091,-0.014,-0.317,2025-09-15,00Z-ECE,GWUS
2025-09-18,5.952,-1.976,0.005,0.073,-0.251,2025-09-15,00Z-ECE,GWUS
2025-09-19,6.117,-1.826,0.129,0.152,0.028,2025-09-15,00Z-ECE,GWUS
2025-09-20,6.03,-1.788,,0.17,0.173,2025-09-15,00Z-ECE,GWUS
2025-09-21,5.817,-2.156,,0.134,-0.041,2025-09-15,00Z-ECE,GWUS
2025-09-22,5.679,-2.355,,0.18,0.047,2025-09-15,00Z-ECE,GWUS
2025-09-23,5.706,-2.231,,0.172,0.084,2025-09-15,00Z-ECE,GWUS
2025-09-24,5.806,-1.86,,0.194,0.034,2025-09-15,00Z-ECE,GWUS
2025-09-25,5.973,-1.65,,0.234,0.066,2025-09-15,00Z-ECE,GWUS
2025-09-26,6.164,-1.409,,0.288,-0.018,2025-09-15,00Z-ECE,GWUS
2025-09-27,6.329,-1.405,,0.169,-0.167,2025-09-15,00Z-ECE,GWUS
2025-09-28,6.316,-1.582,,-0.043,,2025-09-15,00Z-ECE,GWUS
2025-09-16,6.165,-1.454,0.167,0.219,0.024,2025-09-16,00Z-ECE,GWUS
2025-09-17,6.02,-1.625,0.13,0.264,0.101,2025-09-16,00Z-ECE,GWUS
2025-09-18,5.727,-2.2,-0.007,0.084,-0.225,2025-09-16,00Z-ECE,GWUS
2025-09-19,5.744,-2.2,0.08,0.007,-0.374,2025-09-16,00Z-ECE,GWUS
2025-09-20,6.222,-1.595,0.35,0.286,0.192,2025-09-16,00Z-ECE,GWUS
2025-09-21,6.277,-1.696,,0.258,0.468,2025-09-16,00Z-ECE,GWUS
2025-09-22,6.018,-2.016,,0.151,0.339,2025-09-16,00Z-ECE,GWUS
2025-09-23,5.941,-1.997,,0.161,0.234,2025-09-16,00Z-ECE,GWUS
2025-09-24,6.135,-1.531,,0.242,0.329,2025-09-16,00Z-ECE,GWUS
2025-09-25,6.284,-1.339,,0.209,0.312,2025-09-16,00Z-ECE,GWUS
2025-09-26,6.544,-1.029,,0.35,0.38,2025-09-16,00Z-ECE,GWUS
2025-09-27,6.781,-0.952,,0.256,0.453,2025-09-16,00Z-ECE,GWUS
2025-09-28,6.952,-0.946,,0.252,0.636,2025-09-16,00Z-ECE,GWUS
2025-09-29,6.965,-1.301,,0.273,,2025-09-16,00Z-ECE,GWUS
2025-09-17,6.097,-1.548,0.165,0.136,0.077,2025-09-17,00Z-ECE,GWUS
2025-09-18,5.751,-2.176,0.117,0.059,0.024,2025-09-17,00Z-ECE,GWUS
2025-09-19,5.554,-2.389,0.044,-0.069,-0.189,2025-09-17,00Z-ECE,GWUS
2025-09-20,6.067,-1.75,0.031,-0.107,-0.155,2025-09-17,00Z-ECE,GWUS
2025-09-21,6.275,-1.698,0.248,0.127,0.002,2025-09-17,00Z-ECE,GWUS
2025-09-22,5.875,-2.159,,-0.05,-0.15,2025-09-17,00Z-ECE,GWUS
2025-09-23,5.591,-2.346,,-0.192,-0.35,2025-09-17,00Z-ECE,GWUS
2025-09-24,5.48,-2.186,,-0.426,-0.655,2025-09-17,00Z-ECE,GWUS
2025-09-25,5.471,-2.152,,-0.522,-0.813,2025-09-17,00Z-ECE,GWUS
2025-09-26,5.522,-2.05,,-0.418,-1.022,2025-09-17,00Z-ECE,GWUS
2025-09-27,5.877,-1.857,,-0.341,-0.919,2025-09-17,00Z-ECE,GWUS
2025-09-28,6.128,-1.77,,-0.433,-0.824,2025-09-17,00Z-ECE,GWUS
2025-09-29,6.124,-2.143,,-0.577,-0.841,2025-09-17,00Z-ECE,GWUS
2025-09-30,6.149,-2.204,,-0.555,,2025-09-17,00Z-ECE,GWUS
2025-09-18,5.678,-2.249,0.04,0.016,-0.069,2025-09-18,00Z-ECE,GWUS
2025-09-19,5.625,-2.319,-0.057,0.06,0.07,2025-09-18,00Z-ECE,GWUS
2025-09-20,5.865,-1.952,-0.052,0.041,-0.202,2025-09-18,00Z-ECE,GWUS
2025-09-21,5.81,-2.164,-0.16,-0.094,-0.465,2025-09-18,00Z-ECE,GWUS
2025-09-22,5.775,-2.258,-0.157,-0.022,-0.099,2025-09-18,00Z-ECE,GWUS
2025-09-23,5.261,-2.676,,-0.387,-0.33,2025-09-18,00Z-ECE,GWUS
2025-09-24,4.953,-2.712,,-0.261,-0.527,2025-09-18,00Z-ECE,GWUS
2025-09-25,4.927,-2.696,,-0.193,-0.545,2025-09-18,00Z-ECE,GWUS
2025-09-26,5.017,-2.556,,-0.208,-0.506,2025-09-18,00Z-ECE,GWUS
2025-09-27,5.177,-2.556,,-0.216,-0.709,2025-09-18,00Z-ECE,GWUS
2025-09-28,5.466,-2.431,,-0.265,-0.662,2025-09-18,00Z-ECE,GWUS
2025-09-29,5.906,-2.361,,0.003,-0.218,2025-09-18,00Z-ECE,GWUS
2025-09-30,6.104,-2.249,,0.116,-0.044,2025-09-18,00Z-ECE,GWUS
2025-10-01,6.337,-2.179,,0.182,,2025-09-18,00Z-ECE,GWUS
2025-09-19,5.761,-2.182,0.174,0.279,0.136,2025-09-19,00Z-ECE,GWUS
2025-09-20,5.838,-1.979,-0.002,0.081,-0.027,2025-09-19,00Z-ECE,GWUS
2025-09-21,5.634,-2.339,0.038,0.142,-0.175,2025-09-19,00Z-ECE,GWUS
2025-09-22,5.843,-2.19,0.128,0.219,0.068,2025-09-19,00Z-ECE,GWUS
2025-09-23,5.636,-2.301,0.152,0.263,0.375,2025-09-19,00Z-ECE,GWUS
2025-09-24,4.894,-2.771,,-0.051,-0.059,2025-09-19,00Z-ECE,GWUS
2025-09-25,4.993,-2.63,,-0.081,0.066,2025-09-19,00Z-ECE,GWUS
2025-09-26,5.118,-2.454,,-0.02,0.102,2025-09-19,00Z-ECE,GWUS
2025-09-27,4.995,-2.738,,-0.021,-0.182,2025-09-19,00Z-ECE,GWUS
2025-09-28,5.136,-2.762,,-0.109,-0.331,2025-09-19,00Z-ECE,GWUS
2025-09-29,5.62,-2.647,,0.107,-0.286,2025-09-19,00Z-ECE,GWUS
2025-09-30,5.818,-2.535,,0.16,-0.286,2025-09-19,00Z-ECE,GWUS
2025-10-01,5.827,-2.689,,-0.064,-0.51,2025-09-19,00Z-ECE,GWUS
2025-10-02,5.941,-2.649,,-0.202,,2025-09-19,00Z-ECE,GWUS
2025-09-20,5.835,-1.982,0.153,0.162,-0.003,2025-09-20,00Z-ECE,GWUS
2025-09-21,5.561,-2.412,0.084,0.063,-0.074,2025-09-20,00Z-ECE,GWUS
2025-09-22,5.611,-2.422,-0.05,-0.063,-0.232,2025-09-20,00Z-ECE,GWUS
2025-09-23,5.778,-2.159,0.041,0.161,0.142,2025-09-20,00Z-ECE,GWUS
2025-09-24,5.153,-2.513,0.094,0.102,0.258,2025-09-20,00Z-ECE,GWUS
2025-09-25,4.959,-2.663,,0.004,-0.033,2025-09-20,00Z-ECE,GWUS
2025-09-26,4.828,-2.745,,-0.001,-0.291,2025-09-20,00Z-ECE,GWUS
2025-09-27,4.823,-2.911,,0.106,-0.173,2025-09-20,00Z-ECE,GWUS
2025-09-28,5.268,-2.629,,0.106,0.133,2025-09-20,00Z-ECE,GWUS
2025-09-29,5.516,-2.751,,-0.047,-0.104,2025-09-20,00Z-ECE,GWUS
2025-09-30,5.581,-2.772,,-0.167,-0.223,2025-09-20,00Z-ECE,GWUS
2025-10-01,5.716,-2.8,,-0.086,-0.111,2025-09-20,00Z-ECE,GWUS
2025-10-02,5.829,-2.76,,-0.201,-0.112,2025-09-20,00Z-ECE,GWUS
2025-10-03,6.079,-2.698,,-0.155,,2025-09-20,00Z-ECE,GWUS
2025-09-21,5.634,-2.339,0.092,0.128,0.073,2025-09-21,00Z-ECE,GWUS
2025-09-22,5.615,-2.418,0.121,0.064,0.004,2025-09-21,00Z-ECE,GWUS
2025-09-23,5.932,-2.006,0.228,0.091,0.154,2025-09-21,00Z-ECE,GWUS
2025-09-24,5.02,-2.646,0.236,-0.076,-0.133,2025-09-21,00Z-ECE,GWUS
2025-09-25,4.603,-3.019,0.143,-0.186,-0.356,2025-09-21,00Z-ECE,GWUS
2025-09-26,4.6,-2.973,,-0.103,-0.228,2025-09-21,00Z-ECE,GWUS
2025-09-27,4.62,-3.113,,0.079,-0.202,2025-09-21,00Z-ECE,GWUS
2025-09-28,4.843,-3.054,,-0.057,-0.425,2025-09-21,00Z-ECE,GWUS
2025-09-29,5.244,-3.023,,0.002,-0.272,2025-09-21,00Z-ECE,GWUS
2025-09-30,5.637,-2.716,,0.184,0.049,2025-09-21,00Z-ECE,GWUS
2025-10-01,6.043,-2.472,,0.367,0.327,2025-09-21,00Z-ECE,GWUS
2025-10-02,6.139,-2.45,,0.221,0.31,2025-09-21,00Z-ECE,GWUS
2025-10-03,6.148,-2.629,,-0.054,0.069,2025-09-21,00Z-ECE,GWUS
2025-10-04,6.1,-2.98,,-0.269,,2025-09-21,00Z-ECE,GWUS
2025-09-22,5.526,-2.508,0.105,-0.015,-0.09,2025-09-22,00Z-ECE,GWUS
2025-09-23,5.883,-2.054,0.026,-0.087,-0.048,2025-09-22,00Z-ECE,GWUS
2025-09-24,4.91,-2.756,-0.078,-0.082,-0.11,2025-09-22,00Z-ECE,GWUS
2025-09-25,4.315,-3.308,-0.091,-0.122,-0.289,2025-09-22,00Z-ECE,GWUS
2025-09-26,4.25,-3.323,-0.171,-0.137,-0.35,2025-09-22,00Z-ECE,GWUS
2025-09-27,4.344,-3.39,,-0.163,-0.276,2025-09-22,00Z-ECE,GWUS
2025-09-28,4.851,-3.047,,-0.093,0.007,2025-09-22,00Z-ECE,GWUS
2025-09-29,5.214,-3.053,,-0.162,-0.03,2025-09-22,00Z-ECE,GWUS
2025-09-30,5.445,-2.908,,-0.3,-0.192,2025-09-22,00Z-ECE,GWUS
2025-10-01,5.844,-2.671,,-0.186,-0.199,2025-09-22,00Z-ECE,GWUS
2025-10-02,6.106,-2.483,,-0.133,-0.033,2025-09-22,00Z-ECE,GWUS
2025-10-03,6.137,-2.64,,-0.244,-0.011,2025-09-22,00Z-ECE,GWUS
2025-10-04,6.07,-3.01,,-0.251,-0.03,2025-09-22,00Z-ECE,GWUS
2025-10-05,6.157,-2.993,,-0.125,,2025-09-22,00Z-ECE,GWUS
2025-09-23,5.985,-1.952,0.058,0.056,0.102,2025-09-23,00Z-ECE,GWUS
2025-09-24,5.065,-2.601,0.069,0.044,0.155,2025-09-23,00Z-ECE,GWUS
2025-09-25,4.424,-3.199,0.075,0.005,0.109,2025-09-23,00Z-ECE,GWUS
2025-09-26,4.34,-3.232,0.144,0.158,0.09,2025-09-23,00Z-ECE,GWUS
2025-09-27,4.333,-3.401,0.168,0.055,-0.011,2025-09-23,00Z-ECE,GWUS
2025-09-28,4.448,-3.45,,-0.275,-0.403,2025-09-23,00Z-ECE,GWUS
2025-09-29,4.617,-3.65,,-0.384,-0.597,2025-09-23,00Z-ECE,GWUS
2025-09-30,4.805,-3.548,,-0.406,-0.64,2025-09-23,00Z-ECE,GWUS
2025-10-01,5.343,-3.172,,-0.07,-0.501,2025-09-23,00Z-ECE,GWUS
2025-10-02,5.689,-2.9,,0.002,-0.417,2025-09-23,00Z-ECE,GWUS
2025-10-03,5.874,-2.903,,-0.156,-0.263,2025-09-23,00Z-ECE,GWUS
2025-10-04,5.948,-3.132,,-0.262,-0.122,2025-09-23,00Z-ECE,GWUS
2025-10-05,6.007,-3.142,,-0.043,-0.149,2025-09-23,00Z-ECE,GWUS
2025-10-06,6.199,-2.815,,0.115,,2025-09-23,00Z-ECE,GWUS
2025-09-24,4.927,-2.738,-0.103,-0.193,-0.137,2025-09-24,00Z-ECE,GWUS
2025-09-25,4.364,-3.259,-0.064,-0.109,-0.061,2025-09-24,00Z-ECE,GWUS
2025-09-26,4.435,-3.137,0.054,0.028,0.095,2025-09-24,00Z-ECE,GWUS
2025-09-27,4.343,-3.391,0.007,-0.027,0.01,2025-09-24,00Z-ECE,GWUS
2025-09-28,4.345,-3.553,0.021,-0.106,-0.103,2025-09-24,00Z-ECE,GWUS
2025-09-29,4.3,-3.967,,-0.153,-0.316,2025-09-24,00Z-ECE,GWUS
2025-09-30,4.705,-3.648,,-0.076,-0.1,2025-09-24,00Z-ECE,GWUS
2025-10-01,5.532,-2.984,,0.122,0.188,2025-09-24,00Z-ECE,GWUS
2025-10-02,6.11,-2.48,,0.189,0.42,2025-09-24,00Z-ECE,GWUS
2025-10-03,6.068,-2.709,,0.123,0.194,2025-09-24,00Z-ECE,GWUS
2025-10-04,5.817,-3.263,,-0.13,-0.131,2025-09-24,00Z-ECE,GWUS
2025-10-05,5.728,-3.421,,-0.172,-0.279,2025-09-24,00Z-ECE,GWUS
2025-10-06,6.01,-3.005,,-0.139,-0.189,2025-09-24,00Z-ECE,GWUS
2025-10-07,6.424,-2.51,,-0.03,,2025-09-24,00Z-ECE,GWUS
2025-09-25,4.393,-3.23,0.057,0.017,0.029,2025-09-25,00Z-ECE,GWUS
2025-09-26,4.443,-3.13,0.047,0.043,0.008,2025-09-25,00Z-ECE,GWUS
2025-09-27,4.417,-3.317,0.13,0.124,0.074,2025-09-25,00Z-ECE,GWUS
2025-09-28,4.44,-3.457,0.181,0.169,0.095,2025-09-25,00Z-ECE,GWUS
2025-09-29,4.457,-3.81,0.078,0.024,0.157,2025-09-25,00Z-ECE,GWUS
2025-09-30,4.716,-3.637,,0.029,0.011,2025-09-25,00Z-ECE,GWUS
2025-10-01,5.82,-2.695,,0.168,0.289,2025-09-25,00Z-ECE,GWUS
2025-10-02,6.691,-1.899,,0.396,0.581,2025-09-25,00Z-ECE,GWUS
2025-10-03,6.665,-2.112,,0.32,0.597,2025-09-25,00Z-ECE,GWUS
2025-10-04,6.208,-2.872,,0.146,0.391,2025-09-25,00Z-ECE,GWUS
2025-10-05,5.77,-3.379,,-0.174,0.042,2025-09-25,00Z-ECE,GWUS
2025-10-06,5.773,-3.242,,-0.129,-0.237,2025-09-25,00Z-ECE,GWUS
2025-10-07,6.187,-2.746,,0.088,-0.237,2025-09-25,00Z-ECE,GWUS
2025-10-08,6.54,-2.069,,0.193,,2025-09-25,00Z-ECE,GWUS
2025-09-26,4.585,-2.988,0.145,0.168,0.142,2025-09-26,00Z-ECE,GWUS
2025-09-27,4.567,-3.167,0.124,0.185,0.15,2025-09-26,00Z-ECE,GWUS
2025-09-28,4.571,-3.326,0.089,0.091,0.131,2025-09-26,00Z-ECE,GWUS
2025-09-29,4.638,-3.629,0.11,0.09,0.177,2025-09-26,00Z-ECE,GWUS
2025-09-30,4.707,-3.646,0.042,-0.024,-0.009,2025-09-26,00Z-ECE,GWUS
2025-10-01,5.586,-2.929,,-0.218,-0.234,2025-09-26,00Z-ECE,GWUS
2025-10-02,6.689,-1.9,,-0.107,-0.001,2025-09-26,00Z-ECE,GWUS
2025-10-03,6.745,-2.032,,0.023,0.079,2025-09-26,00Z-ECE,GWUS
2025-10-04,6.344,-2.735,,0.089,0.137,2025-09-26,00Z-ECE,GWUS
2025-10-05,5.826,-3.323,,-0.01,0.056,2025-09-26,00Z-ECE,GWUS
2025-10-06,5.922,-3.092,,0.028,0.15,2025-09-26,00Z-ECE,GWUS
2025-10-07,6.29,-2.644,,0.083,0.102,2025-09-26,00Z-ECE,GWUS
2025-10-08,6.567,-2.042,,0.158,0.054,2025-09-26,00Z-ECE,GWUS
2025-10-09,6.817,-2.103,,0.349,,2025-09-26,00Z-ECE,GWUS
2025-09-27,4.655,-3.078,-0.003,0.083,0.091,2025-09-27,00Z-ECE,GWUS
2025-09-28,4.834,-3.064,0.161,0.331,0.263,2025-09-27,00Z-ECE,GWUS
2025-09-29,4.951,-3.316,0.204,0.383,0.314,2025-09-27,00Z-ECE,GWUS
2025-09-30,4.906,-3.447,0.243,0.475,0.199,2025-09-27,00Z-ECE,GWUS
2025-10-01,5.52,-2.996,0.061,0.253,-0.067,2025-09-27,00Z-ECE,GWUS
2025-10-02,6.454,-2.135,,0.257,-0.236,2025-09-27,00Z-ECE,GWUS
2025-10-03,6.434,-2.342,,0.102,-0.31,2025-09-27,00Z-ECE,GWUS
2025-10-04,6.183,-2.896,,0.076,-0.161,2025-09-27,00Z-ECE,GWUS
2025-10-05,5.893,-3.256,,0.14,0.067,2025-09-27,00Z-ECE,GWUS
2025-10-06,5.965,-3.05,,0.142,0.042,2025-09-27,00Z-ECE,GWUS
2025-10-07,6.198,-2.735,,0.107,-0.091,2025-09-27,00Z-ECE,GWUS
2025-10-08,6.529,-2.079,,0.178,-0.038,2025-09-27,00Z-ECE,GWUS
2025-10-09,6.873,-2.046,,0.172,0.057,2025-09-27,00Z-ECE,GWUS
2025-10-10,6.886,-2.229,,0.209,,2025-09-27,00Z-ECE,GWUS
2025-09-28,4.936,-2.962,0.06,0.148,0.102,2025-09-28,00Z-ECE,GWUS
2025-09-29,5.038,-3.229,0.128,0.192,0.088,2025-09-28,00Z-ECE,GWUS
2025-09-30,5.013,-3.34,0.175,0.229,0.107,2025-09-28,00Z-ECE,GWUS
2025-10-01,5.44,-3.075,0.097,0.028,-0.079,2025-09-28,00Z-ECE,GWUS
2025-10-02,6.253,-2.336,0.057,-0.057,-0.201,2025-09-28,00Z-ECE,GWUS
2025-10-03,6.229,-2.548,,-0.037,-0.205,2025-09-28,00Z-ECE,GWUS
2025-10-04,6.182,-2.897,,0.071,-0.001,2025-09-28,00Z-ECE,GWUS
2025-10-05,5.926,-3.223,,0.04,0.033,2025-09-28,00Z-ECE,GWUS
2025-10-06,6.029,-2.985,,0.047,0.064,2025-09-28,00Z-ECE,GWUS
2025-10-07,6.225,-2.709,,0.013,0.027,2025-09-28,00Z-ECE,GWUS
2025-10-08,6.379,-2.229,,-0.293,-0.15,2025-09-28,00Z-ECE,GWUS
2025-10-09,6.759,-2.161,,-0.321,-0.115,2025-09-28,00Z-ECE,GWUS
2025-10-10,7.093,-2.022,,-0.174,0.207,2025-09-28,00Z-ECE,GWUS
2025-10-11,7.194,-2.189,,-0.056,,2025-09-28,00Z-ECE,GWUS
2025-09-29,5.081,-3.186,0.046,0.17,0.045,2025-09-29,00Z-ECE,GWUS
2025-09-30,5.104,-3.249,0.116,0.196,0.091,2025-09-29,00Z-ECE,GWUS
2025-10-01,5.896,-2.62,0.12,0.295,0.455,2025-09-29,00Z-ECE,GWUS
2025-10-02,6.688,-1.901,0.182,0.318,0.435,2025-09-29,00Z-ECE,GWUS
2025-10-03,6.515,-2.262,0.176,0.259,0.286,2025-09-29,00Z-ECE,GWUS
2025-10-04,6.331,-2.748,,0.094,0.149,2025-09-29,00Z-ECE,GWUS
2025-10-05,6.197,-2.952,,0.28,0.27,2025-09-29,00Z-ECE,GWUS
2025-10-06,6.433,-2.581,,0.346,0.41,2025-09-29,00Z-ECE,GWUS
2025-10-07,6.451,-2.482,,0.213,0.226,2025-09-29,00Z-ECE,GWUS
2025-10-08,6.644,-1.965,,0.268,0.265,2025-09-29,00Z-ECE,GWUS
2025-10-09,7.116,-1.804,,0.525,0.357,2025-09-29,00Z-ECE,GWUS
2025-10-10,7.236,-1.88,,0.31,0.142,2025-09-29,00Z-ECE,GWUS
2025-10-11,7.248,-2.135,,0.095,0.054,2025-09-29,00Z-ECE,GWUS
2025-10-12,7.387,-1.976,,0.118,,2025-09-29,00Z-ECE,GWUS
2025-09-30,4.891,-3.462,-0.024,-0.006,-0.209,2025-09-30,00Z-ECE,GWUS
2025-10-01,5.738,-2.777,0.045,0.077,-0.157,2025-09-30,00Z-ECE,GWUS
2025-10-02,6.58,-2.009,0.113,0.109,-0.108,2025-09-30,00Z-ECE,GWUS
2025-10-03,6.4,-2.377,0.191,0.15,-0.115,2025-09-30,00Z-ECE,GWUS
2025-10-04,6.36,-2.719,0.169,0.029,0.028,2025-09-30,00Z-ECE,GWUS
2025-10-05,6.358,-2.791,,-0.004,0.161,2025-09-30,00Z-ECE,GWUS
2025-10-06,6.073,-2.942,,-0.379,-0.364,2025-09-30,00Z-ECE,GWUS
2025-10-07,6.009,-2.925,,-0.422,-0.443,2025-09-30,00Z-ECE,GWUS
2025-10-08,6.674,-1.934,,-0.189,0.031,2025-09-30,00Z-ECE,GWUS
2025-10-09,7.028,-1.891,,-0.365,-0.087,2025-09-30,00Z-ECE,GWUS
2025-10-10,7.052,-2.064,,-0.226,-0.184,2025-09-30,00Z-ECE,GWUS
2025-10-11,7.139,-2.244,,0.169,-0.108,2025-09-30,00Z-ECE,GWUS
2025-10-12,7.395,-1.969,,0.068,0.008,2025-09-30,00Z-ECE,GWUS
2025-10-13,7.424,-2.074,,-0.368,,2025-09-30,00Z-ECE,GWUS
2025-10-01,5.454,-3.062,-0.118,-0.129,-0.285,2025-10-01,00Z-ECE,GWUS
2025-10-02,6.296,-2.293,-0.086,-0.161,-0.283,2025-10-01,00Z-ECE,GWUS
2025-10-03,6.166,-2.611,-0.013,0.009,-0.234,2025-10-01,00Z-ECE,GWUS
2025-10-04,6.151,-2.929,-0.046,0.035,-0.209,2025-10-01,00Z-ECE,GWUS
2025-10-05,6.13,-3.019,-0.02,0.082,-0.228,2025-10-01,00Z-ECE,GWUS
2025-10-06,6.038,-2.976,,-0.009,-0.035,2025-10-01,00Z-ECE,GWUS
2025-10-07,5.903,-3.031,,-0.109,-0.106,2025-10-01,00Z-ECE,GWUS
2025-10-08,6.478,-2.131,,-0.099,-0.197,2025-10-01,00Z-ECE,GWUS
2025-10-09,7.215,-1.705,,0.112,0.186,2025-10-01,00Z-ECE,GWUS
2025-10-10,7.186,-1.929,,0.244,0.135,2025-10-01,00Z-ECE,GWUS
2025-10-11,7.24,-2.143,,0.215,0.101,2025-10-01,00Z-ECE,GWUS
2025-10-12,7.911,-1.453,,0.565,0.516,2025-10-01,00Z-ECE,GWUS
2025-10-13,7.916,-1.582,,0.454,0.492,2025-10-01,00Z-ECE,GWUS
2025-10-14,7.822,-2.024,,0.345,,2025-10-01,00Z-ECE,GWUS
2025-10-02,6.226,-2.364,0.015,0.05,-0.071,2025-10-02,00Z-ECE,GWUS
2025-10-03,6.139,-2.638,0.039,0.134,-0.027,2025-10-02,00Z-ECE,GWUS
2025-10-04,6.116,-2.963,0.114,0.134,-0.034,2025-10-02,00Z-ECE,GWUS
2025-10-05,6.046,-3.103,0.039,0.037,-0.083,2025-10-02,00Z-ECE,GWUS
2025-10-06,6.079,-2.935,0.069,0.051,0.041,2025-10-02,00Z-ECE,GWUS
2025-10-07,6.017,-2.917,,0.193,0.114,2025-10-02,00Z-ECE,GWUS
2025-10-08,6.958,-1.65,,0.46,0.48,2025-10-02,00Z-ECE,GWUS
2025-10-09,7.999,-0.92,,0.34,0.785,2025-10-02,00Z-ECE,GWUS
2025-10-10,8.194,-0.921,,0.254,1.008,2025-10-02,00Z-ECE,GWUS
2025-10-11,7.79,-1.594,,0.156,0.549,2025-10-02,00Z-ECE,GWUS
2025-10-12,7.745,-1.619,,0.187,-0.166,2025-10-02,00Z-ECE,GWUS
2025-10-13,7.772,-1.726,,0.265,-0.144,2025-10-02,00Z-ECE,GWUS
2025-10-14,7.835,-2.01,,0.296,0.014,2025-10-02,00Z-ECE,GWUS
2025-10-15,8.062,-2.043,,0.243,,2025-10-02,00Z-ECE,GWUS
2025-10-03,6.21,-2.567,0.081,0.248,0.071,2025-10-03,00Z-ECE,GWUS
2025-10-04,6.118,-2.961,0.101,0.159,0.002,2025-10-03,00Z-ECE,GWUS
2025-10-05,6.051,-3.098,0.032,0.103,0.004,2025-10-03,00Z-ECE,GWUS
2025-10-06,6.066,-2.949,0.08,0.027,-0.014,2025-10-03,00Z-ECE,GWUS
2025-10-07,5.805,-3.129,0.128,-0.05,-0.212,2025-10-03,00Z-ECE,GWUS
2025-10-08,6.634,-1.974,,-0.182,-0.324,2025-10-03,00Z-ECE,GWUS
2025-10-09,7.114,-1.805,,-0.631,-0.885,2025-10-03,00Z-ECE,GWUS
2025-10-10,6.573,-2.542,,-1.025,-1.621,2025-10-03,00Z-ECE,GWUS
2025-10-11,6.405,-2.978,,-0.821,-1.385,2025-10-03,00Z-ECE,GWUS
2025-10-12,6.752,-2.612,,-0.61,-0.979,2025-10-03,00Z-ECE,GWUS
2025-10-13,7.115,-2.383,,-0.374,-0.657,2025-10-03,00Z-ECE,GWUS
2025-10-14,7.312,-2.534,,-0.45,-0.523,2025-10-03,00Z-ECE,GWUS
2025-10-15,7.746,-2.359,,-0.396,-0.316,2025-10-03,00Z-ECE,GWUS
2025-10-16,8.079,-2.497,,-0.431,,2025-10-03,00Z-ECE,GWUS
2025-10-04,6.001,-3.078,0.037,0.075,-0.117,2025-10-04,00Z-ECE,GWUS
2025-10-05,5.909,-3.24,0.016,-0.039,-0.142,2025-10-04,00Z-ECE,GWUS
2025-10-06,5.931,-3.084,0.031,-0.053,-0.135,2025-10-04,00Z-ECE,GWUS
2025-10-07,5.785,-3.149,-0.026,-0.024,-0.02,2025-10-04,00Z-ECE,GWUS
2025-10-08,6.85,-1.759,0.021,-0.03,0.216,2025-10-04,00Z-ECE,GWUS
2025-10-09,7.354,-1.565,,-0.218,0.24,2025-10-04,00Z-ECE,GWUS
2025-10-10,6.794,-2.322,,-0.06,0.22,2025-10-04,00Z-ECE,GWUS
2025-10-11,6.565,-2.818,,0.136,0.16,2025-10-04,00Z-ECE,GWUS
2025-10-12,6.929,-2.435,,0.278,0.178,2025-10-04,00Z-ECE,GWUS
2025-10-13,7.115,-2.383,,0.253,0.0,2025-10-04,00Z-ECE,GWUS
2025-10-14,7.159,-2.687,,0.085,-0.153,2025-10-04,00Z-ECE,GWUS
2025-10-15,7.267,-2.838,,-0.333,-0.479,2025-10-04,00Z-ECE,GWUS
2025-10-16,7.49,-3.085,,-0.469,-0.589,2025-10-04,00Z-ECE,GWUS
2025-10-17,7.737,-3.016,,-0.386,,2025-10-04,00Z-ECE,GWUS
2025-10-05,5.862,-3.287,0.034,0.116,-0.047,2025-10-05,00Z-ECE,GWUS
2025-10-06,5.972,-3.043,0.016,0.062,0.041,2025-10-05,00Z-ECE,GWUS
2025-10-07,5.734,-3.199,-0.089,0.054,-0.051,2025-10-05,00Z-ECE,GWUS
2025-10-08,6.929,-1.679,0.089,0.353,0.08,2025-10-05,00Z-ECE,GWUS
2025-10-09,7.927,-0.992,0.339,0.703,0.573,2025-10-05,00Z-ECE,GWUS
2025-10-10,7.633,-1.482,,0.764,0.845,2025-10-05,00Z-ECE,GWUS
2025-10-11,6.872,-2.511,,0.301,0.321,2025-10-05,00Z-ECE,GWUS
2025-10-12,6.917,-2.446,,-0.173,-0.012,2025-10-05,00Z-ECE,GWUS
2025-10-13,7.134,-2.364,,-0.099,0.02,2025-10-05,00Z-ECE,GWUS
2025-10-14,7.02,-2.825,,-0.225,-0.139,2025-10-05,00Z-ECE,GWUS
2025-10-15,7.058,-3.047,,-0.368,-0.209,2025-10-05,00Z-ECE,GWUS
2025-10-16,7.335,-3.24,,-0.51,-0.155,2025-10-05,00Z-ECE,GWUS
2025-10-17,7.522,-3.231,,-1.181,-0.216,2025-10-05,00Z-ECE,GWUS
2025-10-18,7.822,-3.027,,-1.285,,2025-10-05,00Z-ECE,GWUS
2025-10-06,5.936,-3.079,0.077,0.122,-0.036,2025-10-06,00Z-ECE,GWUS
2025-10-07,5.873,-3.061,0.064,0.108,0.139,2025-10-06,00Z-ECE,GWUS
2025-10-08,7.122,-1.487,0.14,0.092,0.192,2025-10-06,00Z-ECE,GWUS
2025-10-09,8.28,-0.639,0.195,0.142,0.353,2025-10-06,00Z-ECE,GWUS
2025-10-10,8.117,-0.998,0.215,0.223,0.486,2025-10-06,00Z-ECE,GWUS
2025-10-11,7.017,-2.366,,0.138,0.127,2025-10-06,00Z-ECE,GWUS
2025-10-12,7.292,-2.072,,0.254,0.374,2025-10-06,00Z-ECE,GWUS
2025-10-13,7.466,-2.032,,0.112,0.332,2025-10-06,00Z-ECE,GWUS
2025-10-14,7.167,-2.679,,-0.077,0.147,2025-10-06,00Z-ECE,GWUS
2025-10-15,7.135,-2.971,,-0.163,0.076,2025-10-06,00Z-ECE,GWUS
2025-10-16,7.392,-3.183,,-0.173,0.057,2025-10-06,00Z-ECE,GWUS
2025-10-17,7.812,-2.94,,0.015,0.291,2025-10-06,00Z-ECE,GWUS
2025-10-18,8.513,-2.336,,0.253,0.691,2025-10-06,00Z-ECE,GWUS
2025-10-19,9.361,-1.221,,0.497,,2025-10-06,00Z-ECE,GWUS
2025-10-07,6.014,-2.92,0.077,0.051,0.141,2025-10-07,00Z-ECE,GWUS
2025-10-08,7.293,-1.315,-0.021,0.028,0.172,2025-10-07,00Z-ECE,GWUS
2025-10-09,8.465,-0.454,-0.07,-0.022,0.185,2025-10-07,00Z-ECE,GWUS
2025-10-10,8.294,-0.821,-0.065,0.027,0.177,2025-10-07,00Z-ECE,GWUS
2025-10-11,7.28,-2.103,0.065,0.239,0.256,2025-10-07,00Z-ECE,GWUS
2025-10-12,7.32,-2.044,,0.231,0.028,2025-10-07,00Z-ECE,GWUS
2025-10-13,7.38,-2.118,,0.06,-0.103,2025-10-07,00Z-ECE,GWUS
2025-10-14,6.93,-2.916,,-0.034,-0.237,2025-10-07,00Z-ECE,GWUS
2025-10-15,6.755,-3.35,,-0.204,-0.379,2025-10-07,00Z-ECE,GWUS
2025-10-16,7.439,-3.136,,-0.183,0.047,2025-10-07,00Z-ECE,GWUS
2025-10-17,8.212,-2.54,,-0.165,0.4,2025-10-07,00Z-ECE,GWUS
2025-10-18,8.947,-1.901,,-0.178,0.435,2025-10-07,00Z-ECE,GWUS
2025-10-19,9.284,-1.298,,-0.268,-0.077,2025-10-07,00Z-ECE,GWUS
2025-10-20,9.428,-1.123,,-0.232,,2025-10-07,00Z-ECE,GWUS
2025-10-08,7.258,-1.351,0.083,-0.023,-0.036,2025-10-08,00Z-ECE,GWUS
2025-10-09,8.256,-0.663,-0.057,-0.109,-0.209,2025-10-08,00Z-ECE,GWUS
2025-10-10,8.065,-1.051,-0.053,-0.104,-0.229,2025-10-08,00Z-ECE,GWUS
2025-10-11,6.741,-2.643,-0.19,-0.201,-0.539,2025-10-08,00Z-ECE,GWUS
2025-10-12,7.04,-2.324,-0.129,-0.252,-0.28,2025-10-08,00Z-ECE,GWUS
2025-10-13,7.343,-2.155,,-0.089,-0.039,2025-10-08,00Z-ECE,GWUS
2025-10-14,7.195,-2.651,,0.087,0.265,2025-10-08,00Z-ECE,GWUS
2025-10-15,7.395,-2.71,,0.214,0.64,2025-10-08,00Z-ECE,GWUS
2025-10-16,8.475,-2.101,,0.84,1.036,2025-10-08,00Z-ECE,GWUS
2025-10-17,9.164,-1.589,,0.91,0.951,2025-10-08,00Z-ECE,GWUS
2025-10-18,9.916,-0.933,,1.007,0.968,2025-10-08,00Z-ECE,GWUS
2025-10-19,10.31,-0.272,,0.82,1.026,2025-10-08,00Z-ECE,GWUS
2025-10-20,10.196,-0.354,,0.471,0.768,2025-10-08,00Z-ECE,GWUS
2025-10-21,10.146,-0.857,,0.551,,2025-10-08,00Z-ECE,GWUS
2025-10-09,8.17,-0.749,0.077,-0.054,-0.086,2025-10-09,00Z-ECE,GWUS
2025-10-10,8.042,-1.073,-0.028,-0.07,-0.023,2025-10-09,00Z-ECE,GWUS
2025-10-11,6.64,-2.744,0.02,-0.112,-0.101,2025-10-09,00Z-ECE,GWUS
2025-10-12,6.904,-2.46,0.025,-0.2,-0.136,2025-10-09,00Z-ECE,GWUS
2025-10-13,7.179,-2.32,-0.066,-0.173,-0.165,2025-10-09,00Z-ECE,GWUS
2025-10-14,7.275,-2.571,,-0.182,0.08,2025-10-09,00Z-ECE,GWUS
2025-10-15,7.891,-2.215,,-0.072,0.495,2025-10-09,00Z-ECE,GWUS
2025-10-16,9.053,-1.522,,0.109,0.578,2025-10-09,00Z-ECE,GWUS
2025-10-17,9.092,-1.661,,-0.118,-0.072,2025-10-09,00Z-ECE,GWUS
2025-10-18,9.219,-1.63,,-0.305,-0.697,2025-10-09,00Z-ECE,GWUS
2025-10-19,9.974,-0.607,,0.168,-0.335,2025-10-09,00Z-ECE,GWUS
2025-10-20,10.207,-0.343,,0.026,0.011,2025-10-09,00Z-ECE,GWUS
2025-10-21,10.196,-0.808,,-0.394,0.049,2025-10-09,00Z-ECE,GWUS
2025-10-22,10.195,-1.093,,-0.453,,2025-10-09,00Z-ECE,GWUS
2025-10-10,7.905,-1.21,0.059,-0.187,-0.137,2025-10-10,00Z-ECE,GWUS
2025-10-11,6.585,-2.798,0.019,-0.092,-0.055,2025-10-10,00Z-ECE,GWUS
2025-10-12,6.732,-2.631,0.073,-0.161,-0.172,2025-10-10,00Z-ECE,GWUS
2025-10-13,6.804,-2.694,0.054,-0.352,-0.375,2025-10-10,00Z-ECE,GWUS
2025-10-14,6.933,-2.913,0.218,-0.162,-0.342,2025-10-10,00Z-ECE,GWUS
2025-10-15,7.278,-2.827,,-0.162,-0.612,2025-10-10,00Z-ECE,GWUS
2025-10-16,8.819,-1.757,,0.214,-0.234,2025-10-10,00Z-ECE,GWUS
2025-10-17,8.86,-1.893,,0.247,-0.232,2025-10-10,00Z-ECE,GWUS
2025-10-18,8.468,-2.38,,-0.148,-0.75,2025-10-10,00Z-ECE,GWUS
2025-10-19,8.677,-1.905,,-0.531,-1.298,2025-10-10,00Z-ECE,GWUS
2025-10-20,8.663,-1.887,,-0.794,-1.544,2025-10-10,00Z-ECE,GWUS
2025-10-21,9.168,-1.836,,-0.369,-1.028,2025-10-10,00Z-ECE,GWUS
2025-10-22,9.588,-1.699,,-0.067,-0.607,2025-10-10,00Z-ECE,GWUS
2025-10-23,9.795,-1.733,,0.081,,2025-10-10,00Z-ECE,GWUS
2025-10-11,6.841,-2.542,0.065,0.137,0.256,2025-10-11,00Z-ECE,GWUS
2025-10-12,6.948,-2.416,0.151,0.128,0.215,2025-10-11,00Z-ECE,GWUS
2025-10-13,7.082,-2.416,0.065,0.013,0.278,2025-10-11,00Z-ECE,GWUS
2025-10-14,7.022,-2.823,0.134,0.009,0.089,2025-10-11,00Z-ECE,GWUS
2025-10-15,7.66,-2.446,0.123,0.245,0.382,2025-10-11,00Z-ECE,GWUS
2025-10-16,9.117,-1.459,,-0.148,0.298,2025-10-11,00Z-ECE,GWUS
2025-10-17,8.771,-1.982,,-0.236,-0.089,2025-10-11,00Z-ECE,GWUS
2025-10-18,7.976,-2.873,,-0.167,-0.493,2025-10-11,00Z-ECE,GWUS
2025-10-19,7.339,-3.242,,-0.698,-1.337,2025-10-11,00Z-ECE,GWUS
2025-10-20,8.319,-2.231,,-0.192,-0.344,2025-10-11,00Z-ECE,GWUS
2025-10-21,9.193,-1.81,,0.014,0.026,2025-10-11,00Z-ECE,GWUS
2025-10-22,9.775,-1.512,,0.4,0.187,2025-10-11,00Z-ECE,GWUS
2025-10-23,10.16,-1.368,,0.508,0.365,2025-10-11,00Z-ECE,GWUS
2025-10-24,10.201,-1.456,,0.245,,2025-10-11,00Z-ECE,GWUS
2025-10-12,6.833,-2.53,-0.026,0.048,-0.114,2025-10-12,00Z-ECE,GWUS
2025-10-13,7.221,-2.277,-0.02,0.084,0.139,2025-10-12,00Z-ECE,GWUS
2025-10-14,7.114,-2.732,-0.065,0.044,0.091,2025-10-12,00Z-ECE,GWUS
2025-10-15,7.701,-2.404,-0.298,-0.409,0.041,2025-10-12,00Z-ECE,GWUS
2025-10-16,9.117,-1.459,-0.127,-0.312,0.0,2025-10-12,00Z-ECE,GWUS
2025-10-17,8.955,-1.798,,-0.254,0.184,2025-10-12,00Z-ECE,GWUS
2025-10-18,8.075,-2.773,,-0.361,0.116,2025-10-12,00Z-ECE,GWUS
2025-10-19,7.341,-3.241,,-0.216,0.002,2025-10-12,00Z-ECE,GWUS
2025-10-20,8.272,-2.279,,0.332,-0.048,2025-10-12,00Z-ECE,GWUS
2025-10-21,9.177,-1.827,,0.392,-0.016,2025-10-12,00Z-ECE,GWUS
2025-10-22,9.419,-1.869,,0.089,-0.356,2025-10-12,00Z-ECE,GWUS
2025-10-23,9.637,-1.891,,-0.045,-0.523,2025-10-12,00Z-ECE,GWUS
2025-10-24,9.739,-1.918,,0.004,-0.462,2025-10-12,00Z-ECE,GWUS
2025-10-25,9.789,-2.217,,-0.01,,2025-10-12,00Z-ECE,GWUS
2025-10-13,7.28,-2.218,0.008,0.076,0.059,2025-10-13,00Z-ECE,GWUS
2025-10-14,7.055,-2.79,-0.012,0.068,-0.058,2025-10-13,00Z-ECE,GWUS
2025-10-15,7.475,-2.631,0.011,0.024,-0.227,2025-10-13,00Z-ECE,GWUS
2025-10-16,8.71,-1.866,0.173,0.069,-0.407,2025-10-13,00Z-ECE,GWUS
2025-10-17,8.484,-2.269,0.077,-0.081,-0.471,2025-10-13,00Z-ECE,GWUS
2025-10-18,7.716,-3.133,,-0.191,-0.366,2025-10-13,00Z-ECE,GWUS
2025-10-19,7.189,-3.393,,0.05,-0.152,2025-10-13,00Z-ECE,GWUS
2025-10-20,8.147,-2.403,,0.19,-0.124,2025-10-13,00Z-ECE,GWUS
2025-10-21,9.194,-1.81,,0.276,0.017,2025-10-13,00Z-ECE,GWUS
2025-10-22,9.682,-1.606,,0.166,0.263,2025-10-13,00Z-ECE,GWUS
2025-10-23,9.698,-1.83,,-0.306,0.062,2025-10-13,00Z-ECE,GWUS
2025-10-24,9.492,-2.165,,-0.628,-0.247,2025-10-13,00Z-ECE,GWUS
2025-10-25,9.744,-2.263,,-0.5,-0.045,2025-10-13,00Z-ECE,GWUS
2025-10-26,10.072,-2.454,,-0.387,,2025-10-13,00Z-ECE,GWUS
2025-10-14,7.142,-2.703,0.037,0.115,0.087,2025-10-14,00Z-ECE,GWUS
2025-10-15,7.313,-2.793,0.005,0.096,-0.162,2025-10-14,00Z-ECE,GWUS
2025-10-16,8.456,-2.12,-0.048,0.024,-0.254,2025-10-14,00Z-ECE,GWUS
2025-10-17,8.379,-2.373,0.018,0.001,-0.105,2025-10-14,00Z-ECE,GWUS
2025-10-18,7.553,-3.296,0.072,0.074,-0.163,2025-10-14,00Z-ECE,GWUS
2025-10-19,7.088,-3.494,,-0.155,-0.101,2025-10-14,00Z-ECE,GWUS
2025-10-20,8.346,-2.205,,-0.143,0.199,2025-10-14,00Z-ECE,GWUS
2025-10-21,9.21,-1.794,,-0.127,0.015,2025-10-14,00Z-ECE,GWUS
2025-10-22,9.513,-1.775,,0.207,-0.169,2025-10-14,00Z-ECE,GWUS
2025-10-23,10.037,-1.491,,0.662,0.339,2025-10-14,00Z-ECE,GWUS
2025-10-24,10.117,-1.54,,0.803,0.625,2025-10-14,00Z-ECE,GWUS
2025-10-25,10.225,-1.781,,0.673,0.482,2025-10-14,00Z-ECE,GWUS
2025-10-26,10.269,-2.256,,0.639,0.197,2025-10-14,00Z-ECE,GWUS
2025-10-27,10.262,-2.822,,0.585,,2025-10-14,00Z-ECE,GWUS
2025-10-15,7.468,-2.638,-0.045,0.014,0.155,2025-10-15,00Z-ECE,GWUS
2025-10-16,8.626,-1.95,-0.002,0.1,0.17,2025-10-15,00Z-ECE,GWUS
2025-10-17,8.556,-2.197,-0.086,0.038,0.177,2025-10-15,00Z-ECE,GWUS
2025-10-18,8.019,-2.829,0.013,-0.034,0.466,2025-10-15,00Z-ECE,GWUS
2025-10-19,7.42,-3.161,-0.044,-0.176,0.332,2025-10-15,00Z-ECE,GWUS
2025-10-20,8.272,-2.278,,-0.259,-0.073,2025-10-15,00Z-ECE,GWUS
2025-10-21,8.799,-2.205,,-0.202,-0.41,2025-10-15,00Z-ECE,GWUS
2025-10-22,9.441,-1.846,,-0.158,-0.071,2025-10-15,00Z-ECE,GWUS
2025-10-23,9.812,-1.716,,-0.037,-0.225,2025-10-15,00Z-ECE,GWUS
2025-10-24,9.414,-2.243,,-0.038,-0.703,2025-10-15,00Z-ECE,GWUS
2025-10-25,9.474,-2.532,,-0.047,-0.739,2025-10-15,00Z-ECE,GWUS
2025-10-26,9.574,-2.951,,0.181,-0.695,2025-10-15,00Z-ECE,GWUS
2025-10-27,9.323,-3.761,,0.223,-0.939,2025-10-15,00Z-ECE,GWUS
2025-10-28,9.16,-4.275,,0.032,,2025-10-15,00Z-ECE,GWUS
2025-10-16,8.768,-1.807,0.045,0.093,0.143,2025-10-16,00Z-ECE,GWUS
2025-10-17,8.827,-1.926,0.181,0.321,0.271,2025-10-16,00Z-ECE,GWUS
2025-10-18,7.703,-3.146,0.145,-0.008,-0.316,2025-10-16,00Z-ECE,GWUS
2025-10-19,7.427,-3.155,0.029,-0.081,0.006,2025-10-16,00Z-ECE,GWUS
2025-10-20,8.614,-1.936,-0.099,-0.118,0.342,2025-10-16,00Z-ECE,GWUS
2025-10-21,9.013,-1.991,,-0.073,0.214,2025-10-16,00Z-ECE,GWUS
2025-10-22,10.321,-0.967,,0.889,0.879,2025-10-16,00Z-ECE,GWUS
2025-10-23,10.359,-1.169,,0.22,0.547,2025-10-16,00Z-ECE,GWUS
2025-10-24,10.144,-1.513,,-0.087,0.73,2025-10-16,00Z-ECE,GWUS
2025-10-25,10.088,-1.918,,-0.35,0.646,2025-10-16,00Z-ECE,GWUS
2025-10-26,10.079,-2.447,,-0.384,0.504,2025-10-16,00Z-ECE,GWUS
2025-10-27,9.715,-3.369,,-0.317,0.392,2025-10-16,00Z-ECE,GWUS
2025-10-28,9.249,-4.186,,-0.48,0.089,2025-10-16,00Z-ECE,GWUS
2025-10-29,9.238,-4.136,,-0.618,,2025-10-16,00Z-ECE,GWUS
2025-10-17,8.43,-2.323,-0.195,-0.246,-0.397,2025-10-17,00Z-ECE,GWUS
2025-10-18,7.175,-3.673,-0.212,-0.22,-0.528,2025-10-17,00Z-ECE,GWUS
2025-10-19,7.324,-3.258,-0.094,-0.052,-0.103,2025-10-17,00Z-ECE,GWUS
2025-10-20,8.457,-2.093,-0.052,0.013,-0.157,2025-10-17,00Z-ECE,GWUS
2025-10-21,8.999,-2.005,0.168,0.142,-0.014,2025-10-17,00Z-ECE,GWUS
2025-10-22,10.078,-1.209,,0.073,-0.242,2025-10-17,00Z-ECE,GWUS
2025-10-23,10.2,-1.328,,0.119,-0.159,2025-10-17,00Z-ECE,GWUS
2025-10-24,9.551,-2.106,,-0.092,-0.593,2025-10-17,00Z-ECE,GWUS
2025-10-25,9.452,-2.554,,-0.11,-0.636,2025-10-17,00Z-ECE,GWUS
2025-10-26,9.469,-3.056,,0.192,-0.609,2025-10-17,00Z-ECE,GWUS
2025-10-27,9.343,-3.741,,0.378,-0.372,2025-10-17,00Z-ECE,GWUS
2025-10-28,8.934,-4.501,,0.21,-0.315,2025-10-17,00Z-ECE,GWUS
2025-10-29,9.146,-4.228,,-0.01,-0.092,2025-10-17,00Z-ECE,GWUS
2025-10-30,10.087,-3.366,,-0.187,,2025-10-17,00Z-ECE,GWUS
2025-10-18,7.174,-3.675,-0.028,-0.147,-0.002,2025-10-18,00Z-ECE,GWUS
2025-10-19,7.406,-3.175,-0.091,-0.159,0.083,2025-10-18,00Z-ECE,GWUS
2025-10-20,8.865,-1.685,-0.033,-0.062,0.408,2025-10-18,00Z-ECE,GWUS
2025-10-21,9.089,-1.915,-0.002,-0.156,0.09,2025-10-18,00Z-ECE,GWUS
2025-10-22,10.108,-1.18,0.0,-0.085,0.038,2025-10-18,00Z-ECE,GWUS
2025-10-23,11.064,-0.464,,0.664,0.864,2025-10-18,00Z-ECE,GWUS
2025-10-24,10.885,-0.772,,1.261,1.334,2025-10-18,00Z-ECE,GWUS
2025-10-25,9.703,-2.304,,1.054,0.25,2025-10-18,00Z-ECE,GWUS
2025-10-26,9.327,-3.199,,0.928,-0.143,2025-10-18,00Z-ECE,GWUS
2025-10-27,9.435,-3.649,,1.083,0.092,2025-10-18,00Z-ECE,GWUS
2025-10-28,9.628,-3.807,,1.519,0.694,2025-10-18,00Z-ECE,GWUS
2025-10-29,9.983,-3.391,,1.488,0.837,2025-10-18,00Z-ECE,GWUS
2025-10-30,11.077,-2.376,,1.606,0.99,2025-10-18,00Z-ECE,GWUS
2025-10-31,11.684,-2.1,,1.64,,2025-10-18,00Z-ECE,GWUS
2025-10-19,7.557,-3.025,0.019,-0.022,0.151,2025-10-19,00Z-ECE,GWUS
2025-10-20,8.832,-1.718,-0.05,-0.17,-0.033,2025-10-19,00Z-ECE,GWUS
2025-10-21,9.081,-1.923,0.062,-0.053,-0.008,2025-10-19,00Z-ECE,GWUS
2025-10-22,9.99,-1.297,0.05,-0.141,-0.119,2025-10-19,00Z-ECE,GWUS
2025-10-23,11.195,-0.333,-0.051,-0.188,0.131,2025-10-19,00Z-ECE,GWUS
2025-10-24,11.682,0.025,,-0.036,0.797,2025-10-19,00Z-ECE,GWUS
2025-10-25,10.978,-1.029,,-0.06,1.275,2025-10-19,00Z-ECE,GWUS
2025-10-26,10.068,-2.458,,-0.356,0.741,2025-10-19,00Z-ECE,GWUS
2025-10-27,9.372,-3.712,,-0.556,-0.063,2025-10-19,00Z-ECE,GWUS
2025-10-28,9.413,-4.023,,-0.24,-0.215,2025-10-19,00Z-ECE,GWUS
2025-10-29,10.165,-3.209,,-0.062,0.182,2025-10-19,00Z-ECE,GWUS
2025-10-30,11.653,-1.799,,0.276,0.577,2025-10-19,00Z-ECE,GWUS
2025-10-31,12.431,-1.353,,0.513,0.747,2025-10-19,00Z-ECE,GWUS
2025-11-01,12.303,-2.329,,0.576,,2025-10-19,00Z-ECE,GWUS
2025-10-20,8.906,-1.644,-0.061,-0.086,0.074,2025-10-20,00Z-ECE,GWUS
2025-10-21,9.125,-1.879,-0.096,-0.114,0.044,2025-10-20,00Z-ECE,GWUS
2025-10-22,10.035,-1.252,-0.021,-0.128,0.045,2025-10-20,00Z-ECE,GWUS
2025-10-23,10.939,-0.589,0.014,-0.068,-0.257,2025-10-20,00Z-ECE,GWUS
2025-10-24,11.38,-0.277,0.111,0.124,-0.303,2025-10-20,00Z-ECE,GWUS
2025-10-25,10.545,-1.462,,0.316,-0.433,2025-10-20,00Z-ECE,GWUS
2025-10-26,9.656,-2.869,,0.299,-0.411,2025-10-20,00Z-ECE,GWUS
2025-10-27,9.087,-3.997,,-0.001,-0.285,2025-10-20,00Z-ECE,GWUS
2025-10-28,9.194,-4.241,,-0.286,-0.218,2025-10-20,00Z-ECE,GWUS
2025-10-29,10.221,-3.153,,-0.329,0.056,2025-10-20,00Z-ECE,GWUS
2025-10-30,11.772,-1.681,,-0.005,0.118,2025-10-20,00Z-ECE,GWUS
2025-10-31,12.756,-1.028,,0.413,0.325,2025-10-20,00Z-ECE,GWUS
2025-11-01,12.953,-1.679,,0.514,0.65,2025-10-20,00Z-ECE,GWUS
2025-11-02,12.728,-2.295,,-0.065,,2025-10-20,00Z-ECE,GWUS
2025-10-21,9.121,-1.883,0.121,,-0.004,2025-10-21,00Z-ECE,GWUS
2025-10-22,9.994,-1.294,0.109,,-0.041,2025-10-21,00Z-ECE,GWUS
2025-10-23,11.011,-0.517,0.11,,0.07,2025-10-21,00Z-ECE,GWUS
2025-10-24,11.639,-0.018,0.159,,0.26,2025-10-21,00Z-ECE,GWUS
2025-10-25,10.669,-1.337,0.143,,0.125,2025-10-21,00Z-ECE,GWUS
2025-10-26,10.378,-2.147,,,0.722,2025-10-21,00Z-ECE,GWUS
2025-10-27,10.451,-2.633,,,1.364,2025-10-21,00Z-ECE,GWUS
2025-10-28,10.565,-2.871,,,1.37,2025-10-21,00Z-ECE,GWUS
2025-10-29,11.312,-2.061,,,1.092,2025-10-21,00Z-ECE,GWUS
2025-10-30,12.568,-0.885,,,0.796,2025-10-21,00Z-ECE,GWUS
2025-10-31,12.928,-0.856,,,0.172,2025-10-21,00Z-ECE,GWUS
2025-11-01,12.468,-2.164,,,-0.485,2025-10-21,00Z-ECE,GWUS
2025-11-02,12.479,-2.544,,,-0.249,2025-10-21,00Z-ECE,GWUS
2025-11-03,13.012,-1.937,,,,2025-10-21,00Z-ECE,GWUS
2025-10-22,10.099,-1.189,0.029,-0.095,0.105,2025-10-22,00Z-ECE,GWUS
2025-10-23,11.105,-0.423,0.04,-0.096,0.085,2025-10-22,00Z-ECE,GWUS
2025-10-24,11.755,0.098,0.014,-0.18,0.115,2025-10-22,00Z-ECE,GWUS
2025-10-25,11.045,-0.961,0.106,-0.057,0.376,2025-10-22,00Z-ECE,GWUS
2025-10-26,10.917,-1.608,0.178,0.124,0.539,2025-10-22,00Z-ECE,GWUS
2025-10-27,11.639,-1.445,,0.484,1.188,2025-10-22,00Z-ECE,GWUS
2025-10-28,11.702,-1.733,,0.462,1.137,2025-10-22,00Z-ECE,GWUS
2025-10-29,12.084,-1.29,,0.113,0.772,2025-10-22,00Z-ECE,GWUS
2025-10-30,12.571,-0.882,,-0.632,0.003,2025-10-22,00Z-ECE,GWUS
2025-10-31,12.592,-1.192,,-0.881,-0.335,2025-10-22,00Z-ECE,GWUS
2025-11-01,11.722,-2.91,,-0.96,-0.746,2025-10-22,00Z-ECE,GWUS
2025-11-02,11.072,-3.95,,-1.031,-1.407,2025-10-22,00Z-ECE,GWUS
2025-11-03,11.923,-3.026,,-0.452,-1.089,2025-10-22,00Z-ECE,GWUS
2025-11-04,13.147,-1.613,,-0.072,,2025-10-22,00Z-ECE,GWUS
2025-10-23,11.133,-0.395,0.032,-0.048,0.028,2025-10-23,00Z-ECE,GWUS
2025-10-24,11.785,0.128,0.042,0.071,0.03,2025-10-23,00Z-ECE,GWUS
2025-10-25,11.236,-0.77,-0.02,-0.055,0.191,2025-10-23,00Z-ECE,GWUS
2025-10-26,10.912,-1.614,-0.206,-0.188,-0.005,2025-10-23,00Z-ECE,GWUS
2025-10-27,11.637,-1.448,-0.085,0.017,-0.002,2025-10-23,00Z-ECE,GWUS
2025-10-28,11.552,-1.883,,0.156,-0.15,2025-10-23,00Z-ECE,GWUS
2025-10-29,12.069,-1.304,,0.556,-0.015,2025-10-23,00Z-ECE,GWUS
2025-10-30,12.664,-0.788,,0.136,0.093,2025-10-23,00Z-ECE,GWUS
2025-10-31,12.674,-1.11,,-0.067,0.081,2025-10-23,00Z-ECE,GWUS
2025-11-01,12.213,-2.419,,0.175,0.491,2025-10-23,00Z-ECE,GWUS
2025-11-02,11.83,-3.192,,0.182,0.758,2025-10-23,00Z-ECE,GWUS
2025-11-03,11.82,-3.128,,-0.389,-0.102,2025-10-23,00Z-ECE,GWUS
2025-11-04,12.406,-2.354,,-0.312,-0.741,2025-10-23,00Z-ECE,GWUS
2025-11-05,13.133,-1.918,,-0.022,,2025-10-23,00Z-ECE,GWUS
2025-10-24,11.623,-0.034,-0.014,-0.209,-0.162,2025-10-24,00Z-ECE,GWUS
2025-10-25,11.081,-0.925,-0.103,-0.2,-0.155,2025-10-24,00Z-ECE,GWUS
2025-10-26,10.803,-1.723,-0.113,-0.188,-0.109,2025-10-24,00Z-ECE,GWUS
2025-10-27,11.854,-1.23,0.048,0.046,0.218,2025-10-24,00Z-ECE,GWUS
2025-10-28,12.096,-1.339,0.186,0.37,0.544,2025-10-24,00Z-ECE,GWUS
2025-10-29,12.856,-0.518,,0.597,0.786,2025-10-24,00Z-ECE,GWUS
2025-10-30,13.51,0.057,,0.877,0.845,2025-10-24,00Z-ECE,GWUS
2025-10-31,13.419,-0.364,,0.991,0.746,2025-10-24,00Z-ECE,GWUS
2025-11-01,13.228,-1.405,,1.209,1.014,2025-10-24,00Z-ECE,GWUS
2025-11-02,12.598,-2.424,,0.941,0.768,2025-10-24,00Z-ECE,GWUS
2025-11-03,11.924,-3.024,,0.473,0.104,2025-10-24,00Z-ECE,GWUS
2025-11-04,12.213,-2.548,,-0.086,-0.193,2025-10-24,00Z-ECE,GWUS
2025-11-05,12.791,-2.26,,-0.119,-0.342,2025-10-24,00Z-ECE,GWUS
2025-11-06,12.864,-3.011,,-0.885,,2025-10-24,00Z-ECE,GWUS
2025-10-25,11.011,-0.995,0.034,-0.016,-0.07,2025-10-25,00Z-ECE,GWUS
2025-10-26,10.631,-1.894,-0.036,-0.038,-0.172,2025-10-25,00Z-ECE,GWUS
2025-10-27,11.719,-1.366,-0.066,-0.174,-0.136,2025-10-25,00Z-ECE,GWUS
2025-10-28,11.934,-1.501,0.005,-0.123,-0.162,2025-10-25,00Z-ECE,GWUS
2025-10-29,13.064,-0.309,0.129,0.024,0.209,2025-10-25,00Z-ECE,GWUS
2025-10-30,13.52,0.068,,-0.059,0.011,2025-10-25,00Z-ECE,GWUS
2025-10-31,13.554,-0.229,,0.318,0.135,2025-10-25,00Z-ECE,GWUS
2025-11-01,13.484,-1.148,,0.472,0.257,2025-10-25,00Z-ECE,GWUS
2025-11-02,12.582,-2.44,,0.298,-0.016,2025-10-25,00Z-ECE,GWUS
2025-11-03,12.029,-2.92,,0.051,0.105,2025-10-25,00Z-ECE,GWUS
2025-11-04,13.439,-1.322,,0.375,1.226,2025-10-25,00Z-ECE,GWUS
2025-11-05,15.14,0.089,,0.783,2.338,2025-10-25,00Z-ECE,GWUS
2025-11-06,16.102,0.227,,0.772,3.238,2025-10-25,00Z-ECE,GWUS
2025-11-07,15.977,-0.288,,0.173,,2025-10-25,00Z-ECE,GWUS
2025-10-26,10.747,-1.778,0.054,-0.124,0.116,2025-10-26,00Z-ECE,GWUS
2025-10-27,11.817,-1.268,-0.076,-0.139,0.098,2025-10-26,00Z-ECE,GWUS
2025-10-28,12.159,-1.276,-0.027,-0.03,0.225,2025-10-26,00Z-ECE,GWUS
2025-10-29,13.123,-0.25,0.056,-0.061,0.059,2025-10-26,00Z-ECE,GWUS
2025-10-30,13.534,0.081,0.128,-0.14,0.014,2025-10-26,00Z-ECE,GWUS
2025-10-31,13.325,-0.459,,-0.219,-0.23,2025-10-26,00Z-ECE,GWUS
2025-11-01,12.956,-1.677,,-0.158,-0.529,2025-10-26,00Z-ECE,GWUS
2025-11-02,12.186,-2.836,,0.162,-0.396,2025-10-26,00Z-ECE,GWUS
2025-11-03,12.341,-2.608,,0.393,0.312,2025-10-26,00Z-ECE,GWUS
2025-11-04,14.364,-0.397,,0.794,0.925,2025-10-26,00Z-ECE,GWUS
2025-11-05,15.762,0.711,,0.617,0.641,2025-10-26,00Z-ECE,GWUS
2025-11-06,15.789,-0.087,,-0.603,-0.314,2025-10-26,00Z-ECE,GWUS
2025-11-07,15.177,-1.088,,-1.492,-0.8,2025-10-26,00Z-ECE,GWUS
2025-11-08,14.639,-1.521,,-1.135,,2025-10-26,00Z-ECE,GWUS
2025-10-27,11.544,-1.541,-0.142,-0.193,-0.273,2025-10-27,00Z-ECE,GWUS
2025-10-28,12.021,-1.415,-0.194,-0.254,-0.138,2025-10-27,00Z-ECE,GWUS
2025-10-29,12.94,-0.433,-0.248,-0.297,-0.183,2025-10-27,00Z-ECE,GWUS
2025-10-30,12.894,-0.559,-0.37,-0.615,-0.64,2025-10-27,00Z-ECE,GWUS
2025-10-31,13.158,-0.626,-0.276,-0.442,-0.166,2025-10-27,00Z-ECE,GWUS
2025-11-01,13.403,-1.229,,-0.052,0.447,2025-10-27,00Z-ECE,GWUS
2025-11-02,13.218,-1.805,,0.236,1.031,2025-10-27,00Z-ECE,GWUS
2025-11-03,13.077,-1.872,,0.291,0.736,2025-10-27,00Z-ECE,GWUS
2025-11-04,14.632,-0.128,,0.149,0.268,2025-10-27,00Z-ECE,GWUS
2025-11-05,15.005,-0.046,,-0.466,-0.757,2025-10-27,00Z-ECE,GWUS
2025-11-06,14.601,-1.275,,-0.616,-1.188,2025-10-27,00Z-ECE,GWUS
2025-11-07,14.258,-2.007,,-0.372,-0.919,2025-10-27,00Z-ECE,GWUS
2025-11-08,13.555,-2.606,,-0.552,-1.084,2025-10-27,00Z-ECE,GWUS
2025-11-09,12.956,-3.339,,-0.866,,2025-10-27,00Z-ECE,GWUS
2025-10-28,12.029,-1.407,-0.099,-0.008,0.008,2025-10-28,00Z-ECE,GWUS
2025-10-29,12.963,-0.411,-0.172,-0.16,0.025,2025-10-28,00Z-ECE,GWUS
2025-10-30,12.95,-0.503,-0.122,0.036,0.056,2025-10-28,00Z-ECE,GWUS
2025-10-31,13.29,-0.493,-0.147,-0.126,0.132,2025-10-28,00Z-ECE,GWUS
2025-11-01,13.642,-0.99,-0.414,-0.118,0.239,2025-10-28,00Z-ECE,GWUS
2025-11-02,13.464,-1.559,,-0.235,0.246,2025-10-28,00Z-ECE,GWUS
2025-11-03,12.109,-2.84,,-0.708,-0.968,2025-10-28,00Z-ECE,GWUS
2025-11-04,12.333,-2.427,,-0.885,-2.299,2025-10-28,00Z-ECE,GWUS
2025-11-05,12.78,-2.271,,-0.586,-2.225,2025-10-28,00Z-ECE,GWUS
2025-11-06,12.281,-3.594,,-0.951,-2.319,2025-10-28,00Z-ECE,GWUS
2025-11-07,11.733,-4.532,,-1.284,-2.525,2025-10-28,00Z-ECE,GWUS
2025-11-08,11.471,-4.689,,-0.763,-2.084,2025-10-28,00Z-ECE,GWUS
2025-11-09,11.579,-4.715,,-0.682,-1.376,2025-10-28,00Z-ECE,GWUS
2025-11-10,11.842,-5.424,,-1.041,,2025-10-28,00Z-ECE,GWUS
2025-10-29,12.994,-0.379,-0.027,-0.106,0.028,2025-10-29,00Z-ECE,GWUS
2025-10-30,12.687,-0.766,-0.103,-0.098,-0.263,2025-10-29,00Z-ECE,GWUS
2025-10-31,13.203,-0.581,-0.031,-0.206,-0.088,2025-10-29,00Z-ECE,GWUS
2025-11-01,13.922,-0.71,0.053,-0.025,0.28,2025-10-29,00Z-ECE,GWUS
2025-11-02,14.301,-0.722,0.669,0.58,0.837,2025-10-29,00Z-ECE,GWUS
2025-11-03,12.862,-2.086,,0.87,0.753,2025-10-29,00Z-ECE,GWUS
2025-11-04,11.518,-3.242,,-0.344,-0.815,2025-10-29,00Z-ECE,GWUS
2025-11-05,11.631,-3.42,,-0.254,-1.148,2025-10-29,00Z-ECE,GWUS
2025-11-06,12.656,-3.22,,1.066,0.374,2025-10-29,00Z-ECE,GWUS
2025-11-07,13.406,-2.859,,2.128,1.673,2025-10-29,00Z-ECE,GWUS
2025-11-08,12.559,-3.601,,1.596,1.088,2025-10-29,00Z-ECE,GWUS
2025-11-09,11.923,-4.372,,0.311,0.344,2025-10-29,00Z-ECE,GWUS
2025-11-10,11.868,-5.398,,-0.339,0.026,2025-10-29,00Z-ECE,GWUS
2025-11-11,11.839,-6.368,,-1.316,,2025-10-29,00Z-ECE,GWUS
2025-10-30,12.602,-0.851,-0.033,-0.108,-0.085,2025-10-30,00Z-ECE,GWUS
2025-10-31,13.384,-0.4,0.0,-0.205,0.181,2025-10-30,00Z-ECE,GWUS
2025-11-01,14.067,-0.565,-0.232,-0.408,0.145,2025-10-30,00Z-ECE,GWUS
2025-11-02,14.375,-0.647,-0.01,-0.263,0.075,2025-10-30,00Z-ECE,GWUS
2025-11-03,12.521,-2.427,0.004,-0.185,-0.341,2025-10-30,00Z-ECE,GWUS
2025-11-04,11.564,-3.197,,0.019,0.045,2025-10-30,00Z-ECE,GWUS
2025-11-05,11.476,-3.575,,-0.286,-0.155,2025-10-30,00Z-ECE,GWUS
2025-11-06,12.417,-3.458,,0.513,-0.238,2025-10-30,00Z-ECE,GWUS
2025-11-07,12.95,-3.315,,0.931,-0.456,2025-10-30,00Z-ECE,GWUS
2025-11-08,10.948,-5.212,,0.461,-1.611,2025-10-30,00Z-ECE,GWUS
2025-11-09,10.32,-5.975,,0.066,-1.603,2025-10-30,00Z-ECE,GWUS
2025-11-10,11.714,-5.551,,0.412,-0.153,2025-10-30,00Z-ECE,GWUS
2025-11-11,12.312,-5.895,,0.56,0.473,2025-10-30,00Z-ECE,GWUS
2025-11-12,13.301,-4.999,,-0.68,,2025-10-30,00Z-ECE,GWUS
2025-10-31,13.328,-0.455,-0.077,-0.349,-0.056,2025-10-31,00Z-ECE,GWUS
2025-11-01,14.016,-0.616,-0.27,-0.259,-0.051,2025-10-31,00Z-ECE,GWUS
2025-11-02,14.221,-0.802,-0.186,-0.164,-0.155,2025-10-31,00Z-ECE,GWUS
2025-11-03,12.586,-2.362,-0.023,-0.055,0.065,2025-10-31,00Z-ECE,GWUS
2025-11-04,11.82,-2.941,0.088,0.324,0.256,2025-10-31,00Z-ECE,GWUS
2025-11-05,10.979,-4.072,,0.308,-0.467,2025-10-31,00Z-ECE,GWUS
2025-11-06,12.419,-3.457,,0.529,0.002,2025-10-31,00Z-ECE,GWUS
2025-11-07,12.951,-3.314,,0.812,0.001,2025-10-31,00Z-ECE,GWUS
2025-11-08,11.216,-4.945,,0.717,0.267,2025-10-31,00Z-ECE,GWUS
2025-11-09,11.604,-4.691,,0.43,1.284,2025-10-31,00Z-ECE,GWUS
2025-11-10,13.251,-4.015,,0.073,1.536,2025-10-31,00Z-ECE,GWUS
2025-11-11,13.35,-4.857,,-0.494,1.038,2025-10-31,00Z-ECE,GWUS
2025-11-12,13.812,-4.488,,-0.241,0.511,2025-10-31,00Z-ECE,GWUS
2025-11-13,14.072,-3.654,,-0.413,,2025-10-31,00Z-ECE,GWUS
2025-11-01,13.998,-0.635,-0.106,-0.164,-0.019,2025-11-01,00Z-ECE,GWUS
2025-11-02,14.206,-0.816,-0.104,-0.121,-0.015,2025-11-01,00Z-ECE,GWUS
2025-11-03,12.385,-2.564,-0.315,-0.219,-0.202,2025-11-01,00Z-ECE,GWUS
2025-11-04,11.701,-3.059,-0.268,-0.13,-0.119,2025-11-01,00Z-ECE,GWUS
2025-11-05,11.187,-3.864,0.026,0.147,0.2,2025-11-01,00Z-ECE,GWUS
2025-11-06,12.832,-3.044,,0.71,0.413,2025-11-01,00Z-ECE,GWUS
2025-11-07,12.395,-3.87,,0.234,-0.556,2025-11-01,00Z-ECE,GWUS
2025-11-08,10.459,-5.701,,-0.16,-0.756,2025-11-01,00Z-ECE,GWUS
2025-11-09,12.104,-4.19,,0.002,0.501,2025-11-01,00Z-ECE,GWUS
2025-11-10,15.239,-2.027,,0.537,1.988,2025-11-01,00Z-ECE,GWUS
2025-11-11,15.145,-3.062,,0.761,1.796,2025-11-01,00Z-ECE,GWUS
2025-11-12,13.779,-4.522,,0.363,-0.033,2025-11-01,00Z-ECE,GWUS
2025-11-13,13.004,-4.722,,-0.638,-1.068,2025-11-01,00Z-ECE,GWUS
2025-11-14,12.829,-4.888,,-0.993,,2025-11-01,00Z-ECE,GWUS
2025-11-02,13.981,-1.041,-0.117,-0.18,-0.225,2025-11-02,00Z-ECE,GWUS
2025-11-03,12.14,-2.809,-0.113,-0.162,-0.245,2025-11-02,00Z-ECE,GWUS
2025-11-04,11.598,-3.162,-0.144,-0.113,-0.103,2025-11-02,00Z-ECE,GWUS
2025-11-05,10.567,-4.484,-0.217,-0.506,-0.62,2025-11-02,00Z-ECE,GWUS
2025-11-06,12.704,-3.171,0.055,-0.377,-0.128,2025-11-02,00Z-ECE,GWUS
2025-11-07,11.663,-4.602,,-0.677,-0.732,2025-11-02,00Z-ECE,GWUS
2025-11-08,10.639,-5.522,,0.074,0.179,2025-11-02,00Z-ECE,GWUS
2025-11-09,13.878,-2.417,,1.287,1.774,2025-11-02,00Z-ECE,GWUS
2025-11-10,17.808,0.543,,1.392,2.569,2025-11-02,00Z-ECE,GWUS
2025-11-11,17.406,-0.801,,1.31,2.26,2025-11-02,00Z-ECE,GWUS
2025-11-12,14.476,-3.824,,0.784,0.698,2025-11-02,00Z-ECE,GWUS
2025-11-13,13.485,-4.241,,0.537,0.481,2025-11-02,00Z-ECE,GWUS
2025-11-14,13.333,-4.383,,0.558,0.504,2025-11-02,00Z-ECE,GWUS
2025-11-15,12.89,-5.384,,0.186,,2025-11-02,00Z-ECE,GWUS
2025-11-03,12.035,-2.914,-0.222,-0.37,-0.105,2025-11-03,00Z-ECE,GWUS
2025-11-04,11.521,-3.239,-0.296,-0.278,-0.077,2025-11-03,00Z-ECE,GWUS
2025-11-05,10.793,-4.259,-0.081,0.02,0.226,2025-11-03,00Z-ECE,GWUS
2025-11-06,12.727,-3.148,-0.183,0.046,0.023,2025-11-03,00Z-ECE,GWUS
2025-11-07,11.48,-4.785,-0.149,0.215,-0.183,2025-11-03,00Z-ECE,GWUS
2025-11-08,11.466,-4.694,,0.873,0.827,2025-11-03,00Z-ECE,GWUS
2025-11-09,14.735,-1.559,,1.381,0.857,2025-11-03,00Z-ECE,GWUS
2025-11-10,18.677,1.412,,1.525,0.869,2025-11-03,00Z-ECE,GWUS
2025-11-11,17.946,-0.261,,1.585,0.54,2025-11-03,00Z-ECE,GWUS
2025-11-12,15.109,-3.191,,1.162,0.633,2025-11-03,00Z-ECE,GWUS
2025-11-13,15.131,-2.595,,1.479,1.646,2025-11-03,00Z-ECE,GWUS
2025-11-14,15.316,-2.4,,1.474,1.984,2025-11-03,00Z-ECE,GWUS
2025-11-15,14.71,-3.564,,1.161,1.82,2025-11-03,00Z-ECE,GWUS
2025-11-16,14.633,-4.148,,0.362,,2025-11-03,00Z-ECE,GWUS
2025-11-04,11.334,-3.427,-0.054,-0.237,-0.187,2025-11-04,00Z-ECE,GWUS
2025-11-05,10.921,-4.131,0.013,0.037,0.128,2025-11-04,00Z-ECE,GWUS
2025-11-06,13.372,-2.504,0.183,0.349,0.644,2025-11-04,00Z-ECE,GWUS
2025-11-07,11.946,-4.319,0.149,0.186,0.466,2025-11-04,00Z-ECE,GWUS
2025-11-08,11.926,-4.235,0.637,0.402,0.46,2025-11-04,00Z-ECE,GWUS
2025-11-09,16.132,-0.162,,0.931,1.397,2025-11-04,00Z-ECE,GWUS
2025-11-10,20.963,3.698,,1.388,2.286,2025-11-04,00Z-ECE,GWUS
2025-11-11,20.193,1.986,,1.322,2.247,2025-11-04,00Z-ECE,GWUS
2025-11-12,15.676,-2.625,,0.283,0.566,2025-11-04,00Z-ECE,GWUS
2025-11-13,14.596,-3.324,,-0.288,-0.535,2025-11-04,00Z-ECE,GWUS
2025-11-14,14.06,-3.657,,-0.896,-1.257,2025-11-04,00Z-ECE,GWUS
2025-11-15,13.135,-5.139,,-0.985,-1.576,2025-11-04,00Z-ECE,GWUS
2025-11-16,13.47,-5.311,,-0.738,-1.163,2025-11-04,00Z-ECE,GWUS
2025-11-17,14.373,-4.32,,-0.637,,2025-11-04,00Z-ECE,GWUS
2025-11-05,10.571,-4.48,-0.082,-0.319,-0.35,2025-11-05,00Z-ECE,GWUS
2025-11-06,12.966,-2.909,-0.191,-0.364,-0.405,2025-11-05,00Z-ECE,GWUS
2025-11-07,11.417,-4.847,-0.213,-0.443,-0.528,2025-11-05,00Z-ECE,GWUS
2025-11-08,11.668,-4.492,0.093,-0.098,-0.257,2025-11-05,00Z-ECE,GWUS
2025-11-09,16.905,0.61,0.576,0.442,0.772,2025-11-05,00Z-ECE,GWUS
2025-11-10,22.603,5.337,,0.923,1.64,2025-11-05,00Z-ECE,GWUS
2025-11-11,21.014,2.807,,0.384,0.821,2025-11-05,00Z-ECE,GWUS
2025-11-12,15.155,-3.146,,-0.711,-0.521,2025-11-05,00Z-ECE,GWUS
2025-11-13,13.671,-4.055,,-1.744,-0.925,2025-11-05,00Z-ECE,GWUS
2025-11-14,13.896,-3.82,,-1.947,-0.163,2025-11-05,00Z-ECE,GWUS
2025-11-15,13.316,-4.958,,-1.261,0.181,2025-11-05,00Z-ECE,GWUS
2025-11-16,13.466,-5.315,,-0.528,-0.004,2025-11-05,00Z-ECE,GWUS
2025-11-17,14.007,-4.686,,-0.271,-0.366,2025-11-05,00Z-ECE,GWUS
2025-11-18,14.213,-3.912,,-0.875,,2025-11-05,00Z-ECE,GWUS
2025-11-06,12.884,-2.992,-0.017,-0.143,-0.083,2025-11-06,00Z-ECE,GWUS
2025-11-07,11.371,-4.894,0.045,-0.006,-0.047,2025-11-06,00Z-ECE,GWUS
2025-11-08,12.227,-3.933,0.207,0.447,0.559,2025-11-06,00Z-ECE,GWUS
2025-11-09,17.119,0.824,-0.292,-0.607,0.214,2025-11-06,00Z-ECE,GWUS
2025-11-10,22.589,5.324,-0.302,-0.479,-0.014,2025-11-06,00Z-ECE,GWUS
2025-11-11,21.442,3.235,,0.827,0.428,2025-11-06,00Z-ECE,GWUS
2025-11-12,15.213,-3.087,,0.758,0.058,2025-11-06,00Z-ECE,GWUS
2025-11-13,14.471,-3.255,,0.861,0.8,2025-11-06,00Z-ECE,GWUS
2025-11-14,15.535,-2.182,,1.52,1.638,2025-11-06,00Z-ECE,GWUS
2025-11-15,14.219,-4.055,,1.419,0.903,2025-11-06,00Z-ECE,GWUS
2025-11-16,13.504,-5.277,,,0.038,2025-11-06,00Z-ECE,GWUS
2025-11-17,13.983,-4.711,,,-0.025,2025-11-06,00Z-ECE,GWUS
2025-11-18,13.574,-4.551,,-0.804,-0.639,2025-11-06,00Z-ECE,GWUS
2025-11-19,13.408,-4.912,,-1.316,,2025-11-06,00Z-ECE,GWUS
2025-11-07,11.192,-5.073,-0.122,-0.29,-0.179,2025-11-07,00Z-ECE,GWUS
2025-11-08,12.236,-3.924,-0.002,-0.018,0.009,2025-11-07,00Z-ECE,GWUS
2025-11-09,17.242,0.947,0.262,0.385,0.123,2025-11-07,00Z-ECE,GWUS
2025-11-10,22.579,5.314,0.072,0.176,-0.01,2025-11-07,00Z-ECE,GWUS
2025-11-11,20.882,2.674,-1.273,-1.243,-0.561,2025-11-07,00Z-ECE,GWUS
2025-11-12,14.622,-3.678,,-1.245,-0.591,2025-11-07,00Z-ECE,GWUS
2025-11-13,14.318,-3.409,,-0.016,-0.153,2025-11-07,00Z-ECE,GWUS
2025-11-14,14.708,-3.009,,-0.485,-0.827,2025-11-07,00Z-ECE,GWUS
2025-11-15,13.805,-4.47,,-0.935,-0.414,2025-11-07,00Z-ECE,GWUS
2025-11-16,13.76,-5.021,,-0.949,0.256,2025-11-07,00Z-ECE,GWUS
2025-11-17,15.149,-3.544,,0.107,1.166,2025-11-07,00Z-ECE,GWUS
2025-11-18,15.324,-2.801,,0.734,1.75,2025-11-07,00Z-ECE,GWUS
2025-11-19,15.182,-3.138,,0.816,1.773,2025-11-07,00Z-ECE,GWUS
2025-11-20,15.644,-3.23,,0.311,,2025-11-07,00Z-ECE,GWUS
2025-11-08,12.188,-3.972,-0.028,-0.083,-0.048,2025-11-08,00Z-ECE,GWUS
2025-11-09,17.136,0.841,-0.202,-0.327,-0.106,2025-11-08,00Z-ECE,GWUS
2025-11-10,22.87,5.605,-0.134,0.045,0.291,2025-11-08,00Z-ECE,GWUS
2025-11-11,22.256,4.049,0.559,0.598,1.375,2025-11-08,00Z-ECE,GWUS
2025-11-12,15.557,-2.743,0.374,0.38,0.935,2025-11-08,00Z-ECE,GWUS
2025-11-13,14.199,-3.527,,0.184,-0.118,2025-11-08,00Z-ECE,GWUS
2025-11-14,13.864,-3.852,,-0.471,-0.843,2025-11-08,00Z-ECE,GWUS
2025-11-15,12.231,-6.043,,-1.015,-1.573,2025-11-08,00Z-ECE,GWUS
2025-11-16,12.388,-6.393,,-0.523,-1.372,2025-11-08,00Z-ECE,GWUS
2025-11-17,14.05,-4.643,,0.018,-1.099,2025-11-08,00Z-ECE,GWUS
2025-11-18,14.676,-3.449,,0.294,-0.648,2025-11-08,00Z-ECE,GWUS
2025-11-19,14.941,-3.379,,0.715,-0.241,2025-11-08,00Z-ECE,GWUS
2025-11-20,16.102,-2.771,,1.114,0.459,2025-11-08,00Z-ECE,GWUS
2025-11-21,17.125,-2.383,,1.242,,2025-11-08,00Z-ECE,GWUS
2025-11-09,17.392,1.097,0.072,-0.062,0.256,2025-11-09,00Z-ECE,GWUS
2025-11-10,23.236,5.747,-0.035,-0.033,0.366,2025-11-09,00Z-ECE,GWUS
2025-11-11,21.957,3.75,-0.029,0.079,-0.299,2025-11-09,00Z-ECE,GWUS
2025-11-12,15.02,-3.28,-0.044,-0.016,-0.536,2025-11-09,00Z-ECE,GWUS
2025-11-13,13.993,-3.733,-0.022,0.285,-0.206,2025-11-09,00Z-ECE,GWUS
2025-11-14,14.069,-3.648,,0.181,0.204,2025-11-09,00Z-ECE,GWUS
2025-11-15,13.596,-4.678,,0.593,1.365,2025-11-09,00Z-ECE,GWUS
2025-11-16,13.684,-5.097,,1.275,1.296,2025-11-09,00Z-ECE,GWUS
2025-11-17,15.048,-3.645,,1.212,0.998,2025-11-09,00Z-ECE,GWUS
2025-11-18,15.219,-2.905,,0.993,0.543,2025-11-09,00Z-ECE,GWUS
2025-11-19,14.902,-3.418,,0.863,-0.039,2025-11-09,00Z-ECE,GWUS
2025-11-20,15.627,-3.432,,1.127,-0.475,2025-11-09,00Z-ECE,GWUS
2025-11-21,16.658,-2.851,,1.899,-0.468,2025-11-09,00Z-ECE,GWUS
2025-11-22,17.294,-2.849,,2.45,,2025-11-09,00Z-ECE,GWUS
2025-11-10,23.698,6.432,0.03,0.102,0.462,2025-11-10,00Z-ECE,GWUS
2025-11-11,22.409,4.202,0.067,0.15,0.451,2025-11-10,00Z-ECE,GWUS
2025-11-12,15.384,-2.916,0.185,0.224,0.363,2025-11-10,00Z-ECE,GWUS
2025-11-13,13.83,-3.896,-0.104,-0.257,-0.163,2025-11-10,00Z-ECE,GWUS
2025-11-14,12.978,-5.297,,-0.689,-0.618,2025-11-10,00Z-ECE,GWUS
2025-11-15,14.204,-4.577,,-0.626,0.52,2025-11-10,00Z-ECE,GWUS
2025-11-16,16.594,-2.099,,0.107,1.547,2025-11-10,00Z-ECE,GWUS
2025-11-17,17.371,-0.753,,0.125,2.152,2025-11-10,00Z-ECE,GWUS
2025-11-18,17.143,-1.177,,0.378,2.241,2025-11-10,00Z-ECE,GWUS
2025-11-19,17.273,-1.6,,0.479,1.646,2025-11-10,00Z-ECE,GWUS
2025-11-20,17.355,-2.153,,0.365,0.698,2025-11-10,00Z-ECE,GWUS
2025-11-21,17.199,-2.945,,0.43,-0.102,2025-11-10,00Z-ECE,GWUS
2025-11-22,16.773,-4.036,,0.005,,2025-11-10,00Z-ECE,GWUS
2025-11-11,22.478,4.271,-0.218,-0.492,0.069,2025-11-11,00Z-ECE,GWUS
2025-11-12,15.595,-2.705,-0.305,-0.495,0.211,2025-11-11,00Z-ECE,GWUS
2025-11-13,14.017,-3.709,-0.354,-0.5,0.187,2025-11-11,00Z-ECE,GWUS
2025-11-14,13.396,-4.32,-0.375,-0.492,-0.052,2025-11-11,00Z-ECE,GWUS
2025-11-15,13.246,-5.028,-0.082,-0.34,0.268,2025-11-11,00Z-ECE,GWUS
2025-11-16,14.197,-4.584,,0.032,0.047,2025-11-11,00Z-ECE,GWUS
2025-11-17,16.56,-2.133,,-0.102,-0.034,2025-11-11,00Z-ECE,GWUS
2025-11-18,16.714,-1.41,,-0.747,-0.656,2025-11-11,00Z-ECE,GWUS
2025-11-19,16.318,-2.002,,-0.685,-0.824,2025-11-11,00Z-ECE,GWUS
2025-11-20,16.619,-2.254,,-0.287,-0.654,2025-11-11,00Z-ECE,GWUS
2025-11-21,16.919,-2.59,,-0.39,-0.437,2025-11-11,00Z-ECE,GWUS
2025-11-22,16.527,-3.617,,-0.823,-0.672,2025-11-11,00Z-ECE,GWUS
2025-11-23,15.65,-5.159,,-1.358,-1.124,2025-11-11,00Z-ECE,GWUS
2025-11-24,15.954,-4.944,,-1.208,,2025-11-11,00Z-ECE,GWUS
2025-11-12,15.08,-3.22,-0.391,-0.826,-0.515,2025-11-12,00Z-ECE,GWUS
2025-11-13,13.71,-4.016,-0.229,-0.609,-0.307,2025-11-12,00Z-ECE,GWUS
2025-11-14,13.093,-4.623,-0.2,-0.333,-0.303,2025-11-12,00Z-ECE,GWUS
2025-11-15,12.326,-5.948,0.049,-0.209,-0.92,2025-11-12,00Z-ECE,GWUS
2025-11-16,13.514,-5.267,0.402,-0.012,-0.69,2025-11-12,00Z-ECE,GWUS
2025-11-17,16.158,-2.535,,-0.311,-0.402,2025-11-12,00Z-ECE,GWUS
2025-11-18,15.693,-2.431,,-0.569,-1.021,2025-11-12,00Z-ECE,GWUS
2025-11-19,14.695,-3.625,,-0.702,-1.624,2025-11-12,00Z-ECE,GWUS
2025-11-20,15.27,-3.604,,-0.358,-1.35,2025-11-12,00Z-ECE,GWUS
2025-11-21,16.145,-3.364,,-0.266,-0.774,2025-11-12,00Z-ECE,GWUS
2025-11-22,16.532,-3.612,,-0.419,0.005,2025-11-12,00Z-ECE,GWUS
2025-11-23,16.886,-3.923,,-0.084,1.236,2025-11-12,00Z-ECE,GWUS
2025-11-24,17.824,-3.073,,0.205,1.87,2025-11-12,00Z-ECE,GWUS
2025-11-25,18.792,-1.681,,0.279,,2025-11-12,00Z-ECE,GWUS
2025-11-13,13.238,-4.488,-0.033,-0.482,-0.472,2025-11-13,00Z-ECE,GWUS
2025-11-14,12.426,-5.29,-0.233,-0.597,-0.666,2025-11-13,00Z-ECE,GWUS
2025-11-15,11.837,-6.437,-0.553,-0.584,-0.489,2025-11-13,00Z-ECE,GWUS
2025-11-16,14.042,-4.739,-0.166,-0.038,0.527,2025-11-13,00Z-ECE,GWUS
2025-11-17,16.739,-1.954,-0.222,0.14,0.581,2025-11-13,00Z-ECE,GWUS
2025-11-18,16.631,-1.494,,0.265,0.975,2025-11-13,00Z-ECE,GWUS
2025-11-19,15.541,-2.779,,-0.001,0.847,2025-11-13,00Z-ECE,GWUS
2025-11-20,14.455,-4.418,,-0.677,-0.814,2025-11-13,00Z-ECE,GWUS
2025-11-21,13.874,-5.635,,-1.329,-2.271,2025-11-13,00Z-ECE,GWUS
2025-11-22,13.846,-6.298,,-1.933,-2.686,2025-11-13,00Z-ECE,GWUS
2025-11-23,14.366,-6.443,,-2.249,-2.52,2025-11-13,00Z-ECE,GWUS
2025-11-24,15.752,-5.145,,-1.507,-2.072,2025-11-13,00Z-ECE,GWUS
2025-11-25,17.307,-3.166,,-1.417,-1.485,2025-11-13,00Z-ECE,GWUS
2025-11-26,18.206,-3.074,,-2.178,,2025-11-13,00Z-ECE,GWUS
2025-11-14,11.912,-5.805,-0.263,-0.467,-0.515,2025-11-14,00Z-ECE,GWUS
2025-11-15,11.121,-7.357,-0.057,-0.454,-0.716,2025-11-14,00Z-ECE,GWUS
2025-11-16,13.619,-5.162,0.104,-0.317,-0.422,2025-11-14,00Z-ECE,GWUS
2025-11-17,16.398,-2.295,0.234,-0.168,-0.341,2025-11-14,00Z-ECE,GWUS
2025-11-18,16.526,-1.598,0.132,-0.478,-0.08,2025-11-14,00Z-ECE,GWUS
2025-11-19,15.404,-2.916,,-1.173,-0.137,2025-11-14,00Z-ECE,GWUS
2025-11-20,14.165,-4.709,,-2.056,-0.29,2025-11-14,00Z-ECE,GWUS
2025-11-21,13.256,-6.434,,-2.328,-0.618,2025-11-14,00Z-ECE,GWUS
2025-11-22,13.486,-6.658,,-2.455,-0.36,2025-11-14,00Z-ECE,GWUS
2025-11-23,13.979,-6.83,,-2.45,-0.387,2025-11-14,00Z-ECE,GWUS
2025-11-24,14.789,-6.109,,-2.256,-0.963,2025-11-14,00Z-ECE,GWUS
2025-11-25,15.523,-4.95,,-2.479,-1.784,2025-11-14,00Z-ECE,GWUS
2025-11-26,16.226,-5.054,,-2.597,-1.98,2025-11-14,00Z-ECE,GWUS
2025-11-27,17.598,-3.681,,-1.887,,2025-11-14,00Z-ECE,GWUS
2025-11-15,10.892,-7.382,-0.172,-0.296,-0.229,2025-11-15,00Z-ECE,GWUS
2025-11-16,13.991,-4.79,-0.145,-0.082,0.372,2025-11-15,00Z-ECE,GWUS
2025-11-17,16.632,-2.061,-0.421,-0.186,0.234,2025-11-15,00Z-ECE,GWUS
2025-11-18,16.535,-1.589,-0.35,-0.081,0.009,2025-11-15,00Z-ECE,GWUS
2025-11-19,15.301,-3.018,0.004,0.343,-0.103,2025-11-15,00Z-ECE,GWUS
2025-11-20,14.016,-4.857,,0.633,-0.149,2025-11-15,00Z-ECE,GWUS
2025-11-21,13.413,-6.095,,0.084,0.157,2025-11-15,00Z-ECE,GWUS
2025-11-22,14.712,-5.432,,-0.156,1.225,2025-11-15,00Z-ECE,GWUS
2025-11-23,15.631,-5.178,,0.256,1.652,2025-11-15,00Z-ECE,GWUS
2025-11-24,15.586,-5.311,,0.302,0.797,2025-11-15,00Z-ECE,GWUS
2025-11-25,16.096,-4.378,,-0.047,0.572,2025-11-15,00Z-ECE,GWUS
2025-11-26,16.523,-4.757,,-0.479,0.297,2025-11-15,00Z-ECE,GWUS
2025-11-27,17.425,-3.854,,-1.036,-0.173,2025-11-15,00Z-ECE,GWUS
2025-11-28,19.397,-1.48,,-0.606,,2025-11-15,00Z-ECE,GWUS
2025-11-16,13.707,-5.074,-0.104,-0.265,-0.284,2025-11-16,00Z-ECE,GWUS
2025-11-17,16.981,-1.712,0.193,0.169,0.348,2025-11-16,00Z-ECE,GWUS
2025-11-18,16.791,-1.333,0.054,0.083,0.256,2025-11-16,00Z-ECE,GWUS
2025-11-19,14.872,-3.448,-0.354,0.172,-0.429,2025-11-16,00Z-ECE,GWUS
2025-11-20,13.167,-5.707,-0.658,0.146,-0.849,2025-11-16,00Z-ECE,GWUS
2025-11-21,12.454,-7.054,,-0.323,-0.959,2025-11-16,00Z-ECE,GWUS
2025-11-22,14.173,-5.97,,-0.485,-0.538,2025-11-16,00Z-ECE,GWUS
2025-11-23,14.362,-6.446,,-0.865,-1.268,2025-11-16,00Z-ECE,GWUS
2025-11-24,13.906,-6.991,,-0.906,-1.68,2025-11-16,00Z-ECE,GWUS
2025-11-25,15.282,-5.192,,-0.794,-0.813,2025-11-16,00Z-ECE,GWUS
2025-11-26,16.322,-4.958,,-0.927,-0.2,2025-11-16,00Z-ECE,GWUS
2025-11-27,17.008,-4.271,,-0.669,-0.417,2025-11-16,00Z-ECE,GWUS
2025-11-28,17.959,-2.919,,-0.872,-1.438,2025-11-16,00Z-ECE,GWUS
2025-11-29,19.87,-1.284,,-0.961,,2025-11-16,00Z-ECE,GWUS
2025-11-17,16.637,-2.056,-0.041,-0.227,-0.344,2025-11-17,00Z-ECE,GWUS
2025-11-18,16.626,-1.498,0.031,-0.214,-0.165,2025-11-17,00Z-ECE,GWUS
2025-11-19,15.156,-3.164,-0.007,-0.282,0.284,2025-11-17,00Z-ECE,GWUS
2025-11-20,14.204,-4.875,0.108,0.145,1.037,2025-11-17,00Z-ECE,GWUS
2025-11-21,13.861,-5.647,0.233,0.194,1.407,2025-11-17,00Z-ECE,GWUS
2025-11-22,15.312,-4.832,,0.522,1.138,2025-11-17,00Z-ECE,GWUS
2025-11-23,15.341,-5.639,,0.282,0.979,2025-11-17,00Z-ECE,GWUS
2025-11-24,14.39,-6.508,,-0.514,0.484,2025-11-17,00Z-ECE,GWUS
2025-11-25,14.719,-5.754,,-1.401,-0.563,2025-11-17,00Z-ECE,GWUS
2025-11-26,15.754,-5.526,,-1.194,-0.568,2025-11-17,00Z-ECE,GWUS
2025-11-27,17.841,-3.438,,-0.441,0.833,2025-11-17,00Z-ECE,GWUS
2025-11-28,20.296,-0.582,,-0.406,2.337,2025-11-17,00Z-ECE,GWUS
2025-11-29,22.302,1.148,,-0.525,2.432,2025-11-17,00Z-ECE,GWUS
2025-11-30,23.426,1.416,,-0.201,,2025-11-17,00Z-ECE,GWUS
2025-11-18,16.437,-1.688,-0.248,-0.412,-0.19,2025-11-18,00Z-ECE,GWUS
2025-11-19,15.221,-3.099,-0.058,-0.101,0.064,2025-11-18,00Z-ECE,GWUS
2025-11-20,14.436,-4.438,0.078,-0.18,0.231,2025-11-18,00Z-ECE,GWUS
2025-11-21,13.829,-5.679,0.302,-0.227,-0.032,2025-11-18,00Z-ECE,GWUS
2025-11-22,15.177,-4.967,0.76,0.009,-0.135,2025-11-18,00Z-ECE,GWUS
2025-11-23,14.874,-5.934,,0.114,-0.466,2025-11-18,00Z-ECE,GWUS
2025-11-24,13.814,-7.083,,-0.075,-0.576,2025-11-18,00Z-ECE,GWUS
2025-11-25,15.085,-5.389,,-0.04,0.361,2025-11-18,00Z-ECE,GWUS
2025-11-26,16.746,-4.534,,0.17,0.986,2025-11-18,00Z-ECE,GWUS
2025-11-27,18.771,-2.508,,0.574,0.929,2025-11-18,00Z-ECE,GWUS
2025-11-28,21.243,0.365,,0.336,0.946,2025-11-18,00Z-ECE,GWUS
2025-11-29,22.959,1.805,,-0.064,0.657,2025-11-18,00Z-ECE,GWUS
2025-11-30,22.718,0.708,,-0.347,-0.708,2025-11-18,00Z-ECE,GWUS
2025-12-01,21.382,-0.9,,-0.677,,2025-11-18,00Z-ECE,GWUS
2025-11-19,15.524,-2.796,0.095,0.004,0.303,2025-11-19,00Z-ECE,GWUS
2025-11-20,14.722,-4.152,-0.104,0.062,0.286,2025-11-19,00Z-ECE,GWUS
2025-11-21,13.798,-5.71,-0.106,0.248,-0.031,2025-11-19,00Z-ECE,GWUS
2025-11-22,15.436,-4.708,0.388,1.222,0.259,2025-11-19,00Z-ECE,GWUS
2025-11-23,15.329,-5.48,0.583,1.08,0.454,2025-11-19,00Z-ECE,GWUS
2025-11-24,14.183,-6.715,,0.2,0.369,2025-11-19,00Z-ECE,GWUS
2025-11-25,14.863,-5.611,,-1.155,-0.187,2025-11-19,00Z-ECE,GWUS
2025-11-26,16.372,-4.907,,-1.533,-0.368,2025-11-19,00Z-ECE,GWUS
2025-11-27,20.385,-0.894,,0.342,1.615,2025-11-19,00Z-ECE,GWUS
2025-11-28,23.705,2.827,,0.831,2.462,2025-11-19,00Z-ECE,GWUS
2025-11-29,25.077,3.923,,0.555,2.118,2025-11-19,00Z-ECE,GWUS
2025-11-30,24.237,2.226,,-0.376,1.518,2025-11-19,00Z-ECE,GWUS
2025-12-01,22.431,0.149,,-1.317,1.048,2025-11-19,00Z-ECE,GWUS
2025-12-02,21.502,-0.696,,-1.644,,2025-11-19,00Z-ECE,GWUS
2025-11-20,14.785,-4.089,-0.039,0.041,0.063,2025-11-20,00Z-ECE,GWUS
2025-11-21,14.054,-5.454,0.112,0.224,0.256,2025-11-20,00Z-ECE,GWUS
2025-11-22,15.821,-4.323,0.354,0.255,0.385,2025-11-20,00Z-ECE,GWUS
2025-11-23,16.185,-4.624,0.3,0.565,0.856,2025-11-20,00Z-ECE,GWUS
2025-11-24,15.022,-5.875,-0.131,0.168,0.839,2025-11-20,00Z-ECE,GWUS
2025-11-25,14.643,-5.831,,-0.478,-0.22,2025-11-20,00Z-ECE,GWUS
2025-11-26,16.355,-4.925,,-0.124,-0.017,2025-11-20,00Z-ECE,GWUS
2025-11-27,20.44,-0.839,,0.2,0.055,2025-11-20,00Z-ECE,GWUS
2025-11-28,22.653,1.775,,-0.325,-1.052,2025-11-20,00Z-ECE,GWUS
2025-11-29,24.235,3.081,,0.117,-0.854,2025-11-20,00Z-ECE,GWUS
2025-11-30,24.232,2.222,,0.347,-0.004,2025-11-20,00Z-ECE,GWUS
2025-12-01,23.092,0.81,,0.431,0.661,2025-11-20,00Z-ECE,GWUS
2025-12-02,22.09,-0.108,,-0.009,0.588,2025-11-20,00Z-ECE,GWUS
2025-12-03,22.459,-0.205,,-0.308,,2025-11-20,00Z-ECE,GWUS
2025-11-21,13.96,-5.549,-0.352,-0.062,-0.095,2025-11-21,00Z-ECE,GWUS
2025-11-22,15.284,-4.86,-0.315,-0.157,-0.537,2025-11-21,00Z-ECE,GWUS
2025-11-23,16.019,-4.789,0.013,0.195,-0.166,2025-11-21,00Z-ECE,GWUS
2025-11-24,14.755,-6.142,0.41,0.216,-0.267,2025-11-21,00Z-ECE,GWUS
2025-11-25,14.342,-6.132,0.373,0.243,-0.301,2025-11-21,00Z-ECE,GWUS
2025-11-26,17.078,-4.202,,0.428,0.723,2025-11-21,00Z-ECE,GWUS
2025-11-27,21.058,-0.221,,-0.117,0.618,2025-11-21,00Z-ECE,GWUS
2025-11-28,22.694,1.816,,-0.21,0.041,2025-11-21,00Z-ECE,GWUS
2025-11-29,24.371,3.217,,0.76,0.027,2025-11-21,00Z-ECE,GWUS
2025-11-30,24.022,2.012,,1.503,-0.142,2025-11-21,00Z-ECE,GWUS
2025-12-01,22.327,0.045,,1.958,-0.765,2025-11-21,00Z-ECE,GWUS
2025-12-02,21.622,-0.576,,1.944,-0.468,2025-11-21,00Z-ECE,GWUS
2025-12-03,22.697,0.033,,1.183,0.238,2025-11-21,00Z-ECE,GWUS
2025-12-04,24.719,0.47,,0.775,,2025-11-21,00Z-ECE,GWUS
2025-11-22,15.126,-5.018,-0.181,-0.038,-0.158,2025-11-22,00Z-ECE,GWUS
2025-11-23,15.881,-4.928,-0.313,-0.171,-0.138,2025-11-22,00Z-ECE,GWUS
2025-11-24,15.098,-5.799,-0.451,-0.159,0.343,2025-11-22,00Z-ECE,GWUS
2025-11-25,14.319,-6.154,-0.784,-0.398,-0.023,2025-11-22,00Z-ECE,GWUS
2025-11-26,17.484,-3.796,-0.39,0.243,0.406,2025-11-22,00Z-ECE,GWUS
2025-11-27,22.177,0.898,,1.321,1.12,2025-11-22,00Z-ECE,GWUS
2025-11-28,23.577,2.699,,1.714,0.883,2025-11-22,00Z-ECE,GWUS
2025-11-29,23.103,1.949,,0.819,-1.268,2025-11-22,00Z-ECE,GWUS
2025-11-30,21.303,-0.708,,-0.148,-2.727,2025-11-22,00Z-ECE,GWUS
2025-12-01,20.764,-1.518,,0.031,-1.563,2025-11-22,00Z-ECE,GWUS
2025-12-02,22.864,0.666,,0.51,1.243,2025-11-22,00Z-ECE,GWUS
2025-12-03,26.31,3.646,,1.91,3.613,2025-11-22,00Z-ECE,GWUS
2025-12-04,28.467,4.219,,2.791,3.748,2025-11-22,00Z-ECE,GWUS
2025-12-05,28.25,3.105,,2.044,,2025-11-22,00Z-ECE,GWUS
2025-11-23,15.411,-5.397,-0.315,-0.471,-0.47,2025-11-23,00Z-ECE,GWUS
2025-11-24,15.147,-5.751,-0.051,-0.028,0.048,2025-11-23,00Z-ECE,GWUS
2025-11-25,14.098,-6.376,0.033,-0.011,-0.221,2025-11-23,00Z-ECE,GWUS
2025-11-26,16.999,-4.281,0.431,0.124,-0.485,2025-11-23,00Z-ECE,GWUS
2025-11-27,22.564,1.285,0.655,0.418,0.386,2025-11-23,00Z-ECE,GWUS
2025-11-28,23.963,3.085,,0.169,0.386,2025-11-23,00Z-ECE,GWUS
2025-11-29,23.738,2.584,,0.731,0.635,2025-11-23,00Z-ECE,GWUS
2025-11-30,22.654,0.644,,1.325,1.351,2025-11-23,00Z-ECE,GWUS
2025-12-01,21.458,-0.824,,1.254,0.694,2025-11-23,00Z-ECE,GWUS
2025-12-02,21.236,-0.963,,0.546,-1.629,2025-11-23,00Z-ECE,GWUS
2025-12-03,21.813,-0.851,,-0.444,-4.497,2025-11-23,00Z-ECE,GWUS
2025-12-04,24.44,0.191,,-1.082,-4.027,2025-11-23,00Z-ECE,GWUS
2025-12-05,25.761,0.616,,-0.763,-2.489,2025-11-23,00Z-ECE,GWUS
2025-12-06,25.407,-0.44,,-0.07,,2025-11-23,00Z-ECE,GWUS
2025-11-24,15.316,-5.581,-0.094,-0.159,0.169,2025-11-24,00Z-ECE,GWUS
2025-11-25,14.108,-6.366,-0.132,-0.168,0.01,2025-11-24,00Z-ECE,GWUS
2025-11-26,17.421,-3.859,-0.104,0.182,0.422,2025-11-24,00Z-ECE,GWUS
2025-11-27,23.178,1.9,-0.138,0.344,0.615,2025-11-24,00Z-ECE,GWUS
2025-11-28,24.875,3.997,-0.255,0.619,0.912,2025-11-24,00Z-ECE,GWUS
2025-11-29,24.404,3.25,,0.427,0.666,2025-11-24,00Z-ECE,GWUS
2025-11-30,23.871,1.861,,0.508,1.217,2025-11-24,00Z-ECE,GWUS
2025-12-01,23.579,1.297,,2.117,2.121,2025-11-24,00Z-ECE,GWUS
2025-12-02,24.199,2.001,,3.403,2.964,2025-11-24,00Z-ECE,GWUS
2025-12-03,24.885,2.221,,3.764,3.072,2025-11-24,00Z-ECE,GWUS
2025-12-04,26.921,2.672,,3.656,2.48,2025-11-24,00Z-ECE,GWUS
2025-12-05,28.569,3.424,,2.107,2.808,2025-11-24,00Z-ECE,GWUS
2025-12-06,27.174,1.327,,0.924,1.767,2025-11-24,00Z-ECE,GWUS
2025-12-07,25.152,-0.909,,-0.248,,2025-11-24,00Z-ECE,GWUS
2025-11-25,13.932,-6.542,-0.209,-0.267,-0.176,2025-11-25,00Z-ECE,GWUS
2025-11-26,17.519,-3.761,-0.104,-0.052,0.098,2025-11-25,00Z-ECE,GWUS
2025-11-27,23.286,2.007,-0.024,0.094,0.107,2025-11-25,00Z-ECE,GWUS
2025-11-28,25.139,4.261,0.073,0.315,0.264,2025-11-25,00Z-ECE,GWUS
2025-11-29,24.613,3.459,0.106,0.21,0.209,2025-11-25,00Z-ECE,GWUS
2025-11-30,25.28,3.27,,0.664,1.409,2025-11-25,00Z-ECE,GWUS
2025-12-01,26.52,4.238,,0.386,2.941,2025-11-25,00Z-ECE,GWUS
2025-12-02,26.354,4.156,,0.624,2.154,2025-11-25,00Z-ECE,GWUS
2025-12-03,25.572,2.908,,1.865,0.687,2025-11-25,00Z-ECE,GWUS
2025-12-04,27.021,2.772,,2.103,0.1,2025-11-25,00Z-ECE,GWUS
2025-12-05,27.397,2.252,,0.795,-1.172,2025-11-25,00Z-ECE,GWUS
2025-12-06,24.703,-1.144,,-1.682,-2.471,2025-11-25,00Z-ECE,GWUS
2025-12-07,23.617,-2.444,,-2.754,-1.535,2025-11-25,00Z-ECE,GWUS
2025-12-08,24.097,-1.61,,-1.824,,2025-11-25,00Z-ECE,GWUS
2025-11-26,17.693,-3.587,-0.145,-0.01,0.174,2025-11-26,00Z-ECE,GWUS
2025-11-27,23.551,2.272,0.024,0.067,0.265,2025-11-26,00Z-ECE,GWUS
2025-11-28,25.689,4.811,0.217,0.209,0.55,2025-11-26,00Z-ECE,GWUS
2025-11-29,25.095,3.941,0.325,0.203,0.482,2025-11-26,00Z-ECE,GWUS
2025-11-30,26.306,4.295,0.715,0.815,1.025,2025-11-26,00Z-ECE,GWUS
2025-12-01,28.658,6.376,,1.097,2.138,2025-11-26,00Z-ECE,GWUS
2025-12-02,28.987,6.789,,0.568,2.633,2025-11-26,00Z-ECE,GWUS
2025-12-03,28.969,6.305,,-0.744,3.397,2025-11-26,00Z-ECE,GWUS
2025-12-04,27.745,3.496,,-2.252,0.724,2025-11-26,00Z-ECE,GWUS
2025-12-05,25.35,0.205,,-1.728,-2.047,2025-11-26,00Z-ECE,GWUS
2025-12-06,25.698,-0.149,,0.907,0.995,2025-11-26,00Z-ECE,GWUS
2025-12-07,26.95,0.889,,2.411,3.333,2025-11-26,00Z-ECE,GWUS
2025-12-08,26.052,0.345,,2.54,1.955,2025-11-26,00Z-ECE,GWUS
2025-12-09,25.877,0.239,,2.983,,2025-11-26,00Z-ECE,GWUS
2025-11-27,23.603,2.324,-0.055,-0.011,0.052,2025-11-27,00Z-ECE,GWUS
2025-11-28,25.93,5.052,0.001,0.174,0.241,2025-11-27,00Z-ECE,GWUS
2025-11-29,25.13,3.976,-0.24,-0.155,0.035,2025-11-27,00Z-ECE,GWUS
2025-11-30,26.608,4.597,-0.893,-0.139,0.302,2025-11-27,00Z-ECE,GWUS
2025-12-01,29.378,7.096,-0.391,-0.68,0.721,2025-11-27,00Z-ECE,GWUS
2025-12-02,28.67,6.472,,-1.191,-0.317,2025-11-27,00Z-ECE,GWUS
2025-12-03,28.029,5.365,,0.395,-0.94,2025-11-27,00Z-ECE,GWUS
2025-12-04,26.84,2.591,,1.076,-0.904,2025-11-27,00Z-ECE,GWUS
2025-12-05,23.72,-1.425,,-0.204,-1.629,2025-11-27,00Z-ECE,GWUS
2025-12-06,24.077,-1.77,,-0.324,-1.62,2025-11-27,00Z-ECE,GWUS
2025-12-07,24.476,-1.585,,0.416,-2.474,2025-11-27,00Z-ECE,GWUS
2025-12-08,25.041,-0.665,,0.276,-1.01,2025-11-27,00Z-ECE,GWUS
2025-12-09,27.564,1.926,,1.208,1.687,2025-11-27,00Z-ECE,GWUS
2025-12-10,27.359,1.742,,1.026,,2025-11-27,00Z-ECE,GWUS
2025-11-28,25.649,4.771,-0.026,-0.205,-0.282,2025-11-28,00Z-ECE,GWUS
2025-11-29,24.975,3.821,-0.031,-0.151,-0.155,2025-11-28,00Z-ECE,GWUS
2025-11-30,26.605,4.594,-0.018,-0.147,-0.003,2025-11-28,00Z-ECE,GWUS
2025-12-01,30.184,7.902,0.518,0.381,0.806,2025-11-28,00Z-ECE,GWUS
2025-12-02,29.624,7.426,0.842,0.442,0.955,2025-11-28,00Z-ECE,GWUS
2025-12-03,28.267,5.603,,0.327,0.238,2025-11-28,00Z-ECE,GWUS
2025-12-04,27.884,3.635,,0.313,1.044,2025-11-28,00Z-ECE,GWUS
2025-12-05,26.442,1.297,,0.139,2.721,2025-11-28,00Z-ECE,GWUS
2025-12-06,28.652,2.804,,1.455,4.574,2025-11-28,00Z-ECE,GWUS
2025-12-07,29.068,3.007,,2.306,4.592,2025-11-28,00Z-ECE,GWUS
2025-12-08,28.538,2.831,,2.404,3.496,2025-11-28,00Z-ECE,GWUS
2025-12-09,29.235,3.597,,1.157,1.671,2025-11-28,00Z-ECE,GWUS
2025-12-10,29.052,3.435,,1.673,1.693,2025-11-28,00Z-ECE,GWUS
2025-12-11,27.933,2.551,,1.452,,2025-11-28,00Z-ECE,GWUS
2025-11-29,25.025,3.871,-0.083,-0.128,0.05,2025-11-29,00Z-ECE,GWUS
2025-11-30,26.666,4.656,-0.013,-0.185,0.061,2025-11-29,00Z-ECE,GWUS
2025-12-01,29.754,7.472,-0.132,-0.286,-0.43,2025-11-29,00Z-ECE,GWUS
2025-12-02,28.984,6.786,-0.11,-0.582,-0.641,2025-11-29,00Z-ECE,GWUS
2025-12-03,28.617,5.953,0.298,-0.642,0.35,2025-11-29,00Z-ECE,GWUS
2025-12-04,29.244,4.995,,-0.112,1.36,2025-11-29,00Z-ECE,GWUS
2025-12-05,25.799,0.654,,0.294,-0.643,2025-11-29,00Z-ECE,GWUS
2025-12-06,25.304,-0.543,,-0.873,-3.347,2025-11-29,00Z-ECE,GWUS
2025-12-07,27.01,0.949,,-0.447,-2.058,2025-11-29,00Z-ECE,GWUS
2025-12-08,29.084,3.377,,0.513,0.546,2025-11-29,00Z-ECE,GWUS
2025-12-09,29.576,3.939,,0.71,0.342,2025-11-29,00Z-ECE,GWUS
2025-12-10,27.98,2.363,,-0.594,-1.072,2025-11-29,00Z-ECE,GWUS
2025-12-11,27.604,2.222,,-0.668,-0.329,2025-11-29,00Z-ECE,GWUS
2025-12-12,28.602,3.658,,0.092,,2025-11-29,00Z-ECE,GWUS
2025-11-30,27.096,5.086,-0.083,-0.218,0.43,2025-11-30,00Z-ECE,GWUS
2025-12-01,29.98,7.698,-0.123,-0.289,0.226,2025-11-30,00Z-ECE,GWUS
2025-12-02,29.498,7.3,-0.198,-0.146,0.514,2025-11-30,00Z-ECE,GWUS
2025-12-03,28.426,5.762,-0.149,-0.151,-0.191,2025-11-30,00Z-ECE,GWUS
2025-12-04,30.776,6.527,0.536,0.121,1.532,2025-11-30,00Z-ECE,GWUS
2025-12-05,30.388,5.243,,0.913,4.589,2025-11-30,00Z-ECE,GWUS
2025-12-06,27.292,1.445,,1.1,1.988,2025-11-30,00Z-ECE,GWUS
2025-12-07,28.973,2.912,,1.338,1.963,2025-11-30,00Z-ECE,GWUS
2025-12-08,30.55,4.843,,-0.092,1.466,2025-11-30,00Z-ECE,GWUS
2025-12-09,28.945,3.307,,-1.862,-0.632,2025-11-30,00Z-ECE,GWUS
2025-12-10,26.648,1.031,,-2.131,-1.332,2025-11-30,00Z-ECE,GWUS
2025-12-11,26.528,1.145,,-1.986,-1.077,2025-11-30,00Z-ECE,GWUS
2025-12-12,27.85,2.907,,-1.674,-0.752,2025-11-30,00Z-ECE,GWUS
2025-12-13,28.092,3.231,,-1.761,,2025-11-30,00Z-ECE,GWUS
2025-12-01,30.013,7.731,-0.238,-0.348,0.033,2025-12-01,00Z-ECE,GWUS
2025-12-02,29.439,7.241,-0.211,-0.399,-0.059,2025-12-01,00Z-ECE,GWUS
2025-12-03,28.839,6.175,-0.125,-0.122,0.413,2025-12-01,00Z-ECE,GWUS
2025-12-04,32.308,8.059,0.096,0.681,1.531,2025-12-01,00Z-ECE,GWUS
2025-12-05,32.279,7.133,0.113,0.965,1.891,2025-12-01,00Z-ECE,GWUS
2025-12-06,27.075,1.227,,0.17,-0.217,2025-12-01,00Z-ECE,GWUS
2025-12-07,27.623,1.562,,-0.192,-1.35,2025-12-01,00Z-ECE,GWUS
2025-12-08,29.723,4.016,,-0.6,-0.827,2025-12-01,00Z-ECE,GWUS
2025-12-09,28.365,2.728,,-0.256,-0.579,2025-12-01,00Z-ECE,GWUS
2025-12-10,25.813,0.196,,-0.4,-0.835,2025-12-01,00Z-ECE,GWUS
2025-12-11,24.972,-0.411,,-2.12,-1.556,2025-12-01,00Z-ECE,GWUS
2025-12-12,25.645,0.701,,-2.673,-2.205,2025-12-01,00Z-ECE,GWUS
2025-12-13,26.078,1.218,,-1.994,-2.014,2025-12-01,00Z-ECE,GWUS
2025-12-14,25.925,0.387,,-1.244,,2025-12-01,00Z-ECE,GWUS
2025-12-02,29.484,7.286,0.028,0.064,0.045,2025-12-02,00Z-ECE,GWUS
2025-12-03,28.99,6.326,0.083,0.115,0.152,2025-12-02,00Z-ECE,GWUS
2025-12-04,32.773,8.524,-0.121,0.045,0.465,2025-12-02,00Z-ECE,GWUS
2025-12-05,32.131,6.986,-0.65,-0.084,-0.148,2025-12-02,00Z-ECE,GWUS
2025-12-06,27.507,1.66,0.225,0.291,0.433,2025-12-02,00Z-ECE,GWUS
2025-12-07,28.554,2.493,,0.851,0.93,2025-12-02,00Z-ECE,GWUS
2025-12-08,30.549,4.842,,1.158,0.826,2025-12-02,00Z-ECE,GWUS
2025-12-09,28.069,2.431,,0.793,-0.296,2025-12-02,00Z-ECE,GWUS
2025-12-10,25.848,0.231,,1.227,0.035,2025-12-02,00Z-ECE,GWUS
2025-12-11,26.27,0.887,,1.548,1.298,2025-12-02,00Z-ECE,GWUS
2025-12-12,27.094,2.15,,1.662,1.449,2025-12-02,00Z-ECE,GWUS
2025-12-13,25.8,0.94,,0.179,-0.278,2025-12-02,00Z-ECE,GWUS
2025-12-14,24.621,-0.917,,-0.699,-1.304,2025-12-02,00Z-ECE,GWUS
2025-12-15,24.813,-0.682,,-0.522,,2025-12-02,00Z-ECE,GWUS
2025-12-03,29.308,6.644,-0.195,-0.281,0.318,2025-12-03,00Z-ECE,GWUS
2025-12-04,32.708,8.459,-0.202,-0.442,-0.065,2025-12-03,00Z-ECE,GWUS
2025-12-05,31.856,6.71,-0.258,-0.479,-0.275,2025-12-03,00Z-ECE,GWUS
2025-12-06,27.066,1.218,-0.248,-0.462,-0.442,2025-12-03,00Z-ECE,GWUS
2025-12-07,27.463,1.402,0.587,0.077,-1.091,2025-12-03,00Z-ECE,GWUS
2025-12-08,31.31,5.603,,2.074,0.761,2025-12-03,00Z-ECE,GWUS
2025-12-09,28.692,3.054,,1.971,0.623,2025-12-03,00Z-ECE,GWUS
2025-12-10,23.81,-1.807,,0.037,-2.038,2025-12-03,00Z-ECE,GWUS
2025-12-11,24.771,-0.611,,0.022,-1.499,2025-12-03,00Z-ECE,GWUS
2025-12-12,28.271,3.327,,2.425,1.177,2025-12-03,00Z-ECE,GWUS
2025-12-13,29.405,4.544,,4.258,3.604,2025-12-03,00Z-ECE,GWUS
2025-12-14,27.8,2.262,,4.439,3.179,2025-12-03,00Z-ECE,GWUS
2025-12-15,26.017,0.522,,3.085,1.204,2025-12-03,00Z-ECE,GWUS
2025-12-16,25.397,-0.952,,1.143,,2025-12-03,00Z-ECE,GWUS
2025-12-04,32.841,8.592,-0.085,-0.081,0.134,2025-12-04,00Z-ECE,GWUS
2025-12-05,31.511,6.366,-0.076,-0.025,-0.344,2025-12-04,00Z-ECE,GWUS
2025-12-06,26.154,0.307,-0.394,-0.323,-0.911,2025-12-04,00Z-ECE,GWUS
2025-12-07,27.592,1.531,0.336,-0.51,0.13,2025-12-04,00Z-ECE,GWUS
2025-12-08,31.512,5.806,0.58,-0.329,0.203,2025-12-04,00Z-ECE,GWUS
2025-12-09,27.866,2.228,,-1.198,-0.826,2025-12-04,00Z-ECE,GWUS
2025-12-10,23.551,-2.066,,-0.915,-0.259,2025-12-04,00Z-ECE,GWUS
2025-12-11,25.818,0.435,,-0.178,1.046,2025-12-04,00Z-ECE,GWUS
2025-12-12,28.424,3.48,,-0.724,0.153,2025-12-04,00Z-ECE,GWUS
2025-12-13,28.254,3.393,,-0.011,-1.151,2025-12-04,00Z-ECE,GWUS
2025-12-14,26.394,0.857,,0.221,-1.405,2025-12-04,00Z-ECE,GWUS
2025-12-15,27.292,1.798,,1.902,1.276,2025-12-04,00Z-ECE,GWUS
2025-12-16,27.672,1.323,,2.332,2.275,2025-12-04,00Z-ECE,GWUS
2025-12-17,27.614,0.572,,1.322,,2025-12-04,00Z-ECE,GWUS
2025-12-05,31.166,6.021,-0.428,-0.305,-0.345,2025-12-05,00Z-ECE,GWUS
2025-12-06,26.223,0.376,-0.437,-0.128,0.068,2025-12-05,00Z-ECE,GWUS
2025-12-07,27.463,1.402,-0.402,-0.598,-0.129,2025-12-05,00Z-ECE,GWUS
2025-12-08,31.619,5.912,0.059,-0.158,0.107,2025-12-05,00Z-ECE,GWUS
2025-12-09,28.574,2.936,0.123,0.715,0.708,2025-12-05,00Z-ECE,GWUS
2025-12-10,23.241,-2.376,,0.129,-0.31,2025-12-05,00Z-ECE,GWUS
2025-12-11,25.253,-0.13,,-0.817,-0.565,2025-12-05,00Z-ECE,GWUS
2025-12-12,27.732,2.788,,-1.187,-0.692,2025-12-05,00Z-ECE,GWUS
2025-12-13,29.729,4.868,,-0.066,1.475,2025-12-05,00Z-ECE,GWUS
2025-12-14,29.067,3.53,,0.468,2.673,2025-12-05,00Z-ECE,GWUS
2025-12-15,30.064,4.569,,0.869,2.771,2025-12-05,00Z-ECE,GWUS
2025-12-16,29.321,2.972,,-0.092,1.649,2025-12-05,00Z-ECE,GWUS
2025-12-17,27.067,0.025,,-0.306,-0.547,2025-12-05,00Z-ECE,GWUS
2025-12-18,26.969,-0.336,,0.556,,2025-12-05,00Z-ECE,GWUS
2025-12-06,26.396,0.549,-0.086,0.128,0.173,2025-12-06,00Z-ECE,GWUS
2025-12-07,27.391,1.33,-0.071,-0.227,-0.072,2025-12-06,00Z-ECE,GWUS
2025-12-08,31.4,5.693,-0.114,-0.244,-0.219,2025-12-06,00Z-ECE,GWUS
2025-12-09,27.284,1.646,-0.489,-0.492,-1.289,2025-12-06,00Z-ECE,GWUS
2025-12-10,22.583,-3.034,-0.38,-0.21,-0.658,2025-12-06,00Z-ECE,GWUS
2025-12-11,25.382,0.0,,0.821,0.129,2025-12-06,00Z-ECE,GWUS
2025-12-12,30.07,5.126,,2.723,2.338,2025-12-06,00Z-ECE,GWUS
2025-12-13,35.307,10.446,,4.444,5.578,2025-12-06,00Z-ECE,GWUS
2025-12-14,34.04,8.502,,3.879,4.973,2025-12-06,00Z-ECE,GWUS
2025-12-15,31.161,5.666,,2.153,1.097,2025-12-06,00Z-ECE,GWUS
2025-12-16,29.907,3.558,,2.378,0.586,2025-12-06,00Z-ECE,GWUS
2025-12-17,27.979,0.937,,2.537,0.912,2025-12-06,00Z-ECE,GWUS
2025-12-18,26.824,-0.48,,1.736,-0.144,2025-12-06,00Z-ECE,GWUS
2025-12-19,27.681,0.537,,1.791,,2025-12-06,00Z-ECE,GWUS
2025-12-07,27.51,1.449,-0.116,0.096,0.119,2025-12-07,00Z-ECE,GWUS
2025-12-08,31.139,5.433,-0.135,0.095,-0.261,2025-12-07,00Z-ECE,GWUS
2025-12-09,27.426,1.788,-0.05,0.214,0.142,2025-12-07,00Z-ECE,GWUS
2025-12-10,22.342,-3.275,-0.227,-0.051,-0.242,2025-12-07,00Z-ECE,GWUS
2025-12-11,24.919,-0.464,-0.36,0.052,-0.463,2025-12-07,00Z-ECE,GWUS
2025-12-12,28.911,3.967,,-1.483,-1.159,2025-12-07,00Z-ECE,GWUS
2025-12-13,34.538,9.677,,-1.671,-0.769,2025-12-07,00Z-ECE,GWUS
2025-12-14,34.049,8.511,,-0.221,0.009,2025-12-07,00Z-ECE,GWUS
2025-12-15,31.061,5.566,,0.062,-0.1,2025-12-07,00Z-ECE,GWUS
2025-12-16,27.536,1.187,,-1.103,-2.371,2025-12-07,00Z-ECE,GWUS
2025-12-17,24.301,-2.741,,-1.339,-3.678,2025-12-07,00Z-ECE,GWUS
2025-12-18,22.765,-4.539,,-2.586,-4.059,2025-12-07,00Z-ECE,GWUS
2025-12-19,23.621,-3.523,,-3.173,-4.06,2025-12-07,00Z-ECE,GWUS
2025-12-20,23.526,-2.962,,-2.793,,2025-12-07,00Z-ECE,GWUS
2025-12-08,31.139,5.432,-0.251,0.046,-0.001,2025-12-08,00Z-ECE,GWUS
2025-12-09,27.762,2.124,-0.275,0.153,0.336,2025-12-08,00Z-ECE,GWUS
2025-12-10,22.727,-2.89,-0.314,0.006,0.385,2025-12-08,00Z-ECE,GWUS
2025-12-11,26.513,1.131,0.242,0.382,1.594,2025-12-08,00Z-ECE,GWUS
2025-12-12,27.486,2.542,,-0.357,-1.425,2025-12-08,00Z-ECE,GWUS
2025-12-13,31.096,6.236,,-1.331,-3.442,2025-12-08,00Z-ECE,GWUS
2025-12-14,31.283,5.745,,0.381,-2.766,2025-12-08,00Z-ECE,GWUS
2025-12-15,28.171,2.677,,1.898,-2.889,2025-12-08,00Z-ECE,GWUS
2025-12-16,24.802,-1.547,,1.307,-2.734,2025-12-08,00Z-ECE,GWUS
2025-12-17,22.541,-4.5,,0.337,-1.759,2025-12-08,00Z-ECE,GWUS
2025-12-18,23.38,-3.924,,0.473,0.615,2025-12-08,00Z-ECE,GWUS
2025-12-19,24.259,-2.886,,-0.566,0.637,2025-12-08,00Z-ECE,GWUS
2025-12-20,22.58,-3.908,,-0.608,-0.946,2025-12-08,00Z-ECE,GWUS
2025-12-21,21.114,-5.287,,-1.036,,2025-12-08,00Z-ECE,GWUS
2025-12-09,27.463,1.825,-0.266,-0.215,-0.299,2025-12-09,00Z-ECE,GWUS
2025-12-10,23.085,-2.532,0.079,0.141,0.358,2025-12-09,00Z-ECE,GWUS
2025-12-11,27.197,1.814,0.391,0.316,0.683,2025-12-09,00Z-ECE,GWUS
2025-12-12,26.192,1.248,-0.042,-0.415,-1.294,2025-12-09,00Z-ECE,GWUS
2025-12-13,28.151,3.29,-1.11,-1.21,-2.946,2025-12-09,00Z-ECE,GWUS
2025-12-14,33.204,7.667,,1.006,1.921,2025-12-09,00Z-ECE,GWUS
2025-12-15,32.848,7.354,,1.401,4.677,2025-12-09,00Z-ECE,GWUS
2025-12-16,28.169,1.819,,0.714,3.366,2025-12-09,00Z-ECE,GWUS
2025-12-17,24.066,-2.976,,0.168,1.524,2025-12-09,00Z-ECE,GWUS
2025-12-18,22.254,-5.051,,-0.93,-1.127,2025-12-09,00Z-ECE,GWUS
2025-12-19,22.313,-4.831,,-1.258,-1.946,2025-12-09,00Z-ECE,GWUS
2025-12-20,21.321,-5.167,,-0.851,-1.259,2025-12-09,00Z-ECE,GWUS
2025-12-21,20.938,-5.463,,-1.21,-0.176,2025-12-09,00Z-ECE,GWUS
2025-12-22,21.276,-5.51,,-1.449,,2025-12-09,00Z-ECE,GWUS
2025-12-10,23.268,-2.349,-0.282,-0.238,0.183,2025-12-10,00Z-ECE,GWUS
2025-12-11,27.509,2.126,-0.384,-0.556,0.312,2025-12-10,00Z-ECE,GWUS
2025-12-12,26.97,2.027,0.108,-0.053,0.778,2025-12-10,00Z-ECE,GWUS
2025-12-13,29.757,4.897,0.315,-0.169,1.607,2025-12-10,00Z-ECE,GWUS
2025-12-14,35.37,9.832,0.328,1.579,2.165,2025-12-10,00Z-ECE,GWUS
2025-12-15,32.875,7.381,,1.423,0.027,2025-12-10,00Z-ECE,GWUS
2025-12-16,25.665,-0.685,,0.762,-2.504,2025-12-10,00Z-ECE,GWUS
2025-12-17,20.491,-6.55,,0.101,-3.574,2025-12-10,00Z-ECE,GWUS
2025-12-18,18.964,-8.34,,0.127,-3.289,2025-12-10,00Z-ECE,GWUS
2025-12-19,19.968,-7.177,,0.053,-2.345,2025-12-10,00Z-ECE,GWUS
2025-12-20,19.423,-7.065,,-0.016,-1.898,2025-12-10,00Z-ECE,GWUS
2025-12-21,19.873,-6.528,,0.265,-1.065,2025-12-10,00Z-ECE,GWUS
2025-12-22,20.076,-6.711,,-0.221,-1.2,2025-12-10,00Z-ECE,GWUS
2025-12-23,20.102,-8.135,,-0.059,,2025-12-10,00Z-ECE,GWUS
2025-12-11,27.004,1.621,-0.235,-0.538,-0.505,2025-12-11,00Z-ECE,GWUS
2025-12-12,26.643,1.7,-0.02,-0.462,-0.327,2025-12-11,00Z-ECE,GWUS
2025-12-13,29.077,4.136,-0.208,-0.643,-0.68,2025-12-11,00Z-ECE,GWUS
2025-12-14,36.496,10.958,-0.292,-0.448,1.126,2025-12-11,00Z-ECE,GWUS
2025-12-15,34.267,8.772,-0.356,0.199,1.392,2025-12-11,00Z-ECE,GWUS
2025-12-16,25.745,-0.604,,-0.482,0.08,2025-12-11,00Z-ECE,GWUS
2025-12-17,19.865,-7.177,,-0.819,-0.626,2025-12-11,00Z-ECE,GWUS
2025-12-18,19.45,-7.854,,-0.398,0.486,2025-12-11,00Z-ECE,GWUS
2025-12-19,21.654,-5.49,,-0.202,1.686,2025-12-11,00Z-ECE,GWUS
2025-12-20,19.188,-7.3,,-0.632,-0.235,2025-12-11,00Z-ECE,GWUS
2025-12-21,18.926,-7.475,,-0.538,-0.947,2025-12-11,00Z-ECE,GWUS
2025-12-22,19.093,-7.693,,-1.104,-0.982,2025-12-11,00Z-ECE,GWUS
2025-12-23,18.956,-9.281,,-1.285,-1.146,2025-12-11,00Z-ECE,GWUS
2025-12-24,19.432,-9.709,,-0.788,,2025-12-11,00Z-ECE,GWUS
2025-12-12,26.712,1.768,-0.161,-0.064,0.068,2025-12-12,00Z-ECE,GWUS
2025-12-13,28.546,3.686,-0.007,-0.587,-0.531,2025-12-12,00Z-ECE,GWUS
2025-12-14,36.167,10.63,0.23,-0.591,-0.329,2025-12-12,00Z-ECE,GWUS
2025-12-15,34.286,8.791,0.374,-0.269,0.019,2025-12-12,00Z-ECE,GWUS
2025-12-16,26.346,-0.003,0.686,0.007,0.601,2025-12-12,00Z-ECE,GWUS
2025-12-17,20.025,-7.016,,0.228,0.16,2025-12-12,00Z-ECE,GWUS
2025-12-18,19.468,-7.836,,0.079,0.018,2025-12-12,00Z-ECE,GWUS
2025-12-19,22.338,-4.806,,0.317,0.684,2025-12-12,00Z-ECE,GWUS
2025-12-20,19.106,-7.382,,-0.106,-0.081,2025-12-12,00Z-ECE,GWUS
2025-12-21,16.737,-9.664,,-1.242,-2.189,2025-12-12,00Z-ECE,GWUS
2025-12-22,17.456,-9.33,,-1.621,-1.637,2025-12-12,00Z-ECE,GWUS
2025-12-23,18.85,-9.387,,-0.963,-0.106,2025-12-12,00Z-ECE,GWUS
2025-12-24,19.998,-9.142,,-0.261,0.567,2025-12-12,00Z-ECE,GWUS
2025-12-25,20.231,-8.464,,-0.415,,2025-12-12,00Z-ECE,GWUS
2025-12-13,28.298,3.438,-0.227,-0.426,-0.248,2025-12-13,00Z-ECE,GWUS
2025-12-14,36.644,11.107,0.266,0.086,0.477,2025-12-13,00Z-ECE,GWUS
2025-12-15,34.345,8.851,0.177,-0.08,0.06,2025-12-13,00Z-ECE,GWUS
2025-12-16,26.512,0.162,0.26,-0.071,0.165,2025-12-13,00Z-ECE,GWUS
2025-12-17,20.794,-6.248,0.561,0.294,0.768,2025-12-13,00Z-ECE,GWUS
2025-12-18,19.954,-7.351,,-0.042,0.486,2025-12-13,00Z-ECE,GWUS
2025-12-19,22.757,-4.387,,-0.205,0.419,2025-12-13,00Z-ECE,GWUS
2025-12-20,20.098,-6.389,,0.225,0.992,2025-12-13,00Z-ECE,GWUS
2025-12-21,19.944,-6.458,,1.677,3.207,2025-12-13,00Z-ECE,GWUS
2025-12-22,20.383,-6.404,,1.013,2.927,2025-12-13,00Z-ECE,GWUS
2025-12-23,20.315,-7.922,,-0.472,1.466,2025-12-13,00Z-ECE,GWUS
2025-12-24,21.403,-7.737,,0.462,1.405,2025-12-13,00Z-ECE,GWUS
2025-12-25,20.22,-8.474,,0.231,-0.01,2025-12-13,00Z-ECE,GWUS
2025-12-26,20.407,-7.413,,0.038,,2025-12-13,00Z-ECE,GWUS
2025-12-14,36.74,11.202,-0.132,-0.117,0.095,2025-12-14,00Z-ECE,GWUS
2025-12-15,35.056,9.562,-0.128,0.204,0.711,2025-12-14,00Z-ECE,GWUS
2025-12-16,27.289,0.939,-0.117,0.6,0.777,2025-12-14,00Z-ECE,GWUS
2025-12-17,20.94,-6.102,-0.371,0.244,0.146,2025-12-14,00Z-ECE,GWUS
2025-12-18,20.432,-6.873,-0.219,0.711,0.478,2025-12-14,00Z-ECE,GWUS
2025-12-19,25.355,-1.789,,2.36,2.598,2025-12-14,00Z-ECE,GWUS
2025-12-20,22.601,-3.887,,2.085,2.503,2025-12-14,00Z-ECE,GWUS
2025-12-21,20.093,-6.308,,1.32,0.15,2025-12-14,00Z-ECE,GWUS
2025-12-22,20.136,-6.651,,0.595,-0.247,2025-12-14,00Z-ECE,GWUS
2025-12-23,19.602,-8.635,,-0.207,-0.713,2025-12-14,00Z-ECE,GWUS
2025-12-24,19.823,-9.317,,-0.701,-1.58,2025-12-14,00Z-ECE,GWUS
2025-12-25,19.118,-9.576,,-0.904,-1.102,2025-12-14,00Z-ECE,GWUS
2025-12-26,19.278,-8.543,,-1.157,-1.129,2025-12-14,00Z-ECE,GWUS
2025-12-27,21.049,-5.977,,-1.5,,2025-12-14,00Z-ECE,GWUS
2025-12-15,35.409,9.914,0.152,0.06,0.352,2025-12-15,00Z-ECE,GWUS
2025-12-16,27.668,1.318,-0.102,0.006,0.379,2025-12-15,00Z-ECE,GWUS
2025-12-17,21.651,-5.391,-0.106,-0.098,0.711,2025-12-15,00Z-ECE,GWUS
2025-12-18,20.739,-6.566,-0.093,-0.86,0.307,2025-12-15,00Z-ECE,GWUS
2025-12-19,24.613,-2.531,0.642,-0.67,-0.742,2025-12-15,00Z-ECE,GWUS
2025-12-20,22.515,-3.973,,0.262,-0.086,2025-12-15,00Z-ECE,GWUS
2025-12-21,21.638,-4.763,,0.5,1.545,2025-12-15,00Z-ECE,GWUS
2025-12-22,21.847,-4.939,,0.709,1.711,2025-12-15,00Z-ECE,GWUS
2025-12-23,21.447,-6.79,,1.313,1.844,2025-12-15,00Z-ECE,GWUS
2025-12-24,20.918,-8.223,,0.781,1.095,2025-12-15,00Z-ECE,GWUS
2025-12-25,19.046,-9.648,,-0.465,-0.144,2025-12-15,00Z-ECE,GWUS
2025-12-26,18.904,-8.916,,-1.09,-0.374,2025-12-15,00Z-ECE,GWUS
2025-12-27,19.969,-7.058,,-1.463,-1.08,2025-12-15,00Z-ECE,GWUS
2025-12-28,20.648,-6.393,,-2.165,,2025-12-15,00Z-ECE,GWUS
2025-12-16,27.662,1.313,-0.346,-0.487,-0.006,2025-12-16,00Z-ECE,GWUS
2025-12-17,21.525,-5.517,-0.268,-0.696,-0.126,2025-12-16,00Z-ECE,GWUS
2025-12-18,20.789,-6.515,-0.45,-0.904,0.05,2025-12-16,00Z-ECE,GWUS
2025-12-19,24.905,-2.239,-0.258,-0.54,0.292,2025-12-16,00Z-ECE,GWUS
2025-12-20,22.587,-3.901,-0.009,-0.062,0.072,2025-12-16,00Z-ECE,GWUS
2025-12-21,23.01,-3.391,,1.164,1.372,2025-12-16,00Z-ECE,GWUS
2025-12-22,23.001,-3.786,,-0.078,1.154,2025-12-16,00Z-ECE,GWUS
2025-12-23,19.883,-8.354,,-1.415,-1.563,2025-12-16,00Z-ECE,GWUS
2025-12-24,19.218,-9.922,,-1.18,-1.7,2025-12-16,00Z-ECE,GWUS
2025-12-25,17.712,-10.983,,-1.782,-1.38,2025-12-16,00Z-ECE,GWUS
2025-12-26,17.755,-10.065,,-2.537,-1.149,2025-12-16,00Z-ECE,GWUS
2025-12-27,19.152,-7.875,,-2.248,-0.817,2025-12-16,00Z-ECE,GWUS
2025-12-28,20.644,-6.397,,-0.56,-0.004,2025-12-16,00Z-ECE,GWUS
2025-12-29,22.21,-5.15,,0.718,,2025-12-16,00Z-ECE,GWUS
2025-12-17,20.976,-6.066,-0.565,-1.134,-0.549,2025-12-17,00Z-ECE,GWUS
2025-12-18,20.448,-6.856,-0.456,-0.666,-0.341,2025-12-17,00Z-ECE,GWUS
2025-12-19,24.391,-2.753,-0.23,-0.321,-0.514,2025-12-17,00Z-ECE,GWUS
2025-12-20,22.268,-4.219,0.125,0.208,-0.319,2025-12-17,00Z-ECE,GWUS
2025-12-21,23.101,-3.3,0.413,1.151,0.091,2025-12-17,00Z-ECE,GWUS
2025-12-22,22.212,-4.574,,0.119,-0.788,2025-12-17,00Z-ECE,GWUS
2025-12-23,18.324,-9.913,,-0.458,-1.559,2025-12-17,00Z-ECE,GWUS
2025-12-24,18.473,-10.668,,0.449,-0.746,2025-12-17,00Z-ECE,GWUS
2025-12-25,17.83,-10.865,,0.332,0.118,2025-12-17,00Z-ECE,GWUS
2025-12-26,18.011,-9.809,,0.428,0.256,2025-12-17,00Z-ECE,GWUS
2025-12-27,21.138,-5.889,,2.212,1.986,2025-12-17,00Z-ECE,GWUS
2025-12-28,23.64,-3.402,,3.371,2.996,2025-12-17,00Z-ECE,GWUS
2025-12-29,23.562,-3.842,,2.514,1.351,2025-12-17,00Z-ECE,GWUS
2025-12-30,22.159,-5.69,,0.74,,2025-12-17,00Z-ECE,GWUS
2025-12-18,19.9,-7.404,-0.448,-0.704,-0.548,2025-12-18,00Z-ECE,GWUS
2025-12-19,24.26,-2.884,0.085,-0.09,-0.131,2025-12-18,00Z-ECE,GWUS
2025-12-20,22.39,-4.146,0.144,-0.084,0.122,2025-12-18,00Z-ECE,GWUS
2025-12-21,24.099,-2.303,0.436,0.425,0.997,2025-12-18,00Z-ECE,GWUS
2025-12-22,23.12,-3.667,-0.531,0.033,0.907,2025-12-18,00Z-ECE,GWUS
2025-12-23,18.148,-10.089,,-0.446,-0.176,2025-12-18,00Z-ECE,GWUS
2025-12-24,16.826,-12.315,,-0.364,-1.647,2025-12-18,00Z-ECE,GWUS
2025-12-25,16.943,-11.751,,0.384,-0.886,2025-12-18,00Z-ECE,GWUS
2025-12-26,17.52,-10.301,,0.355,-0.491,2025-12-18,00Z-ECE,GWUS
2025-12-27,19.751,-7.276,,0.271,-1.387,2025-12-18,00Z-ECE,GWUS
2025-12-28,22.019,-5.022,,0.71,-1.62,2025-12-18,00Z-ECE,GWUS
2025-12-29,23.881,-3.479,,0.961,0.319,2025-12-18,00Z-ECE,GWUS
2025-12-30,24.183,-3.666,,1.029,2.024,2025-12-18,00Z-ECE,GWUS
2025-12-31,23.149,-5.479,,0.683,,2025-12-18,00Z-ECE,GWUS
2025-12-19,24.344,-2.8,-0.208,0.08,0.084,2025-12-19,00Z-ECE,GWUS
2025-12-20,22.755,-3.733,-0.005,0.101,0.365,2025-12-19,00Z-ECE,GWUS
2025-12-21,23.791,-2.61,0.283,0.108,-0.308,2025-12-19,00Z-ECE,GWUS
2025-12-22,22.153,-4.634,0.259,0.061,-0.967,2025-12-19,00Z-ECE,GWUS
2025-12-23,17.691,-10.546,0.087,-0.356,-0.457,2025-12-19,00Z-ECE,GWUS
2025-12-24,16.503,-12.637,,0.294,-0.323,2025-12-19,00Z-ECE,GWUS
2025-12-25,14.352,-14.342,,-0.009,-2.591,2025-12-19,00Z-ECE,GWUS
2025-12-26,14.558,-13.262,,-0.715,-2.961,2025-12-19,00Z-ECE,GWUS
2025-12-27,16.81,-10.216,,-0.88,-2.941,2025-12-19,00Z-ECE,GWUS
2025-12-28,20.435,-6.607,,-0.767,-1.585,2025-12-19,00Z-ECE,GWUS
2025-12-29,22.64,-4.72,,-0.114,-1.241,2025-12-19,00Z-ECE,GWUS
2025-12-30,22.597,-5.252,,0.465,-1.586,2025-12-19,00Z-ECE,GWUS
2025-12-31,21.404,-7.195,,0.079,-1.745,2025-12-19,00Z-ECE,GWUS
2026-01-01,20.609,-8.073,,-0.252,,2025-12-19,00Z-ECE,GWUS
2025-12-20,22.786,-3.702,-0.034,0.004,0.031,2025-12-20,00Z-ECE,GWUS
2025-12-21,23.306,-3.095,-0.499,-0.178,-0.485,2025-12-20,00Z-ECE,GWUS
2025-12-22,21.259,-5.528,-0.779,-0.778,-0.894,2025-12-20,00Z-ECE,GWUS
2025-12-23,17.215,-11.022,-0.41,-0.432,-0.476,2025-12-20,00Z-ECE,GWUS
2025-12-24,17.344,-11.797,0.53,0.671,0.84,2025-12-20,00Z-ECE,GWUS
2025-12-25,14.839,-13.856,,0.697,0.486,2025-12-20,00Z-ECE,GWUS
2025-12-26,14.76,-13.06,,0.176,0.202,2025-12-20,00Z-ECE,GWUS
2025-12-27,17.375,-9.651,,0.262,0.565,2025-12-20,00Z-ECE,GWUS
2025-12-28,21.767,-5.275,,2.11,1.332,2025-12-20,00Z-ECE,GWUS
2025-12-29,23.685,-3.675,,1.972,1.046,2025-12-20,00Z-ECE,GWUS
2025-12-30,22.639,-5.21,,0.431,0.042,2025-12-20,00Z-ECE,GWUS
2025-12-31,21.382,-7.216,,-0.127,-0.021,2025-12-20,00Z-ECE,GWUS
2026-01-01,21.334,-7.348,,-0.02,0.725,2025-12-20,00Z-ECE,GWUS
2026-01-02,21.612,-7.035,,-0.935,,2025-12-20,00Z-ECE,GWUS
2025-12-21,22.813,-3.588,-0.44,-0.591,-0.493,2025-12-21,00Z-ECE,GWUS
2025-12-22,20.834,-5.988,-0.346,-0.372,-0.424,2025-12-21,00Z-ECE,GWUS
2025-12-23,17.076,-11.161,-0.434,-0.316,-0.139,2025-12-21,00Z-ECE,GWUS
2025-12-24,17.467,-11.674,-0.159,-0.103,0.123,2025-12-21,00Z-ECE,GWUS
2025-12-25,15.773,-12.921,-0.31,-0.274,0.935,2025-12-21,00Z-ECE,GWUS
2025-12-26,15.838,-11.982,,-1.875,1.078,2025-12-21,00Z-ECE,GWUS
2025-12-27,17.87,-9.156,,-1.987,0.495,2025-12-21,00Z-ECE,GWUS
2025-12-28,24.175,-2.866,,2.223,2.408,2025-12-21,00Z-ECE,GWUS
2025-12-29,28.346,0.986,,4.516,4.66,2025-12-21,00Z-ECE,GWUS
2025-12-30,26.478,-1.37,,3.059,3.839,2025-12-21,00Z-ECE,GWUS
2025-12-31,25.086,-3.513,,2.827,3.704,2025-12-21,00Z-ECE,GWUS
2026-01-01,24.582,-4.1,,2.142,3.248,2025-12-21,00Z-ECE,GWUS
2026-01-02,25.088,-3.559,,1.462,3.476,2025-12-21,00Z-ECE,GWUS
2026-01-03,26.403,-2.566,,1.673,,2025-12-21,00Z-ECE,GWUS
2025-12-22,20.468,-6.318,-0.08,-0.351,-0.366,2025-12-22,00Z-ECE,GWUS
2025-12-23,16.799,-11.438,-0.045,-0.129,-0.277,2025-12-22,00Z-ECE,GWUS
2025-12-24,17.119,-12.021,0.129,-0.122,-0.347,2025-12-22,00Z-ECE,GWUS
2025-12-25,16.416,-12.279,1.417,1.043,0.642,2025-12-22,00Z-ECE,GWUS
2025-12-26,18.101,-9.719,3.404,2.643,2.263,2025-12-22,00Z-ECE,GWUS
2025-12-27,18.083,-8.943,,1.358,0.213,2025-12-22,00Z-ECE,GWUS
2025-12-28,24.192,-2.849,,0.191,0.017,2025-12-22,00Z-ECE,GWUS
2025-12-29,31.336,3.977,,0.988,2.991,2025-12-22,00Z-ECE,GWUS
2025-12-30,30.847,2.998,,1.729,4.368,2025-12-22,00Z-ECE,GWUS
2025-12-31,26.657,-1.941,,0.063,1.572,2025-12-22,00Z-ECE,GWUS
2026-01-01,24.33,-4.352,,-0.577,-0.252,2025-12-22,00Z-ECE,GWUS
2026-01-02,23.363,-5.284,,-1.217,-1.725,2025-12-22,00Z-ECE,GWUS
2026-01-03,23.725,-5.244,,-1.612,-2.677,2025-12-22,00Z-ECE,GWUS
2026-01-04,25.234,-4.14,,-0.447,,2025-12-22,00Z-ECE,GWUS
2025-12-23,16.392,-11.845,-0.42,-0.624,-0.408,2025-12-23,00Z-ECE,GWUS
2025-12-24,17.345,-11.795,-0.435,-0.515,0.226,2025-12-23,00Z-ECE,GWUS
2025-12-25,16.8,-11.895,-0.5,-0.152,0.384,2025-12-23,00Z-ECE,GWUS
2025-12-26,19.23,-8.59,-0.433,0.206,1.13,2025-12-23,00Z-ECE,GWUS
2025-12-27,18.2,-8.827,-0.418,-0.248,0.117,2025-12-23,00Z-ECE,GWUS
2025-12-28,22.266,-4.775,,-0.92,-1.926,2025-12-23,00Z-ECE,GWUS
2025-12-29,30.776,3.416,,-1.034,-0.56,2025-12-23,00Z-ECE,GWUS
2025-12-30,30.88,3.032,,-0.801,0.034,2025-12-23,00Z-ECE,GWUS
2025-12-31,28.718,0.119,,0.293,2.061,2025-12-23,00Z-ECE,GWUS
2026-01-01,30.396,1.714,,2.184,6.066,2025-12-23,00Z-ECE,GWUS
2026-01-02,29.571,0.924,,1.333,6.208,2025-12-23,00Z-ECE,GWUS
2026-01-03,27.445,-1.524,,0.954,3.72,2025-12-23,00Z-ECE,GWUS
2026-01-04,26.006,-3.369,,1.204,0.772,2025-12-23,00Z-ECE,GWUS
2026-01-05,25.414,-4.241,,0.989,,2025-12-23,00Z-ECE,GWUS
2025-12-24,17.052,-12.088,-0.114,-0.358,-0.293,2025-12-24,00Z-ECE,GWUS
2025-12-25,16.563,-12.131,0.007,-0.478,-0.237,2025-12-24,00Z-ECE,GWUS
2025-12-26,18.99,-8.83,0.085,-0.244,-0.24,2025-12-24,00Z-ECE,GWUS
2025-12-27,18.47,-8.557,0.098,0.005,0.27,2025-12-24,00Z-ECE,GWUS
2025-12-28,21.324,-5.717,-0.921,-0.848,-0.942,2025-12-24,00Z-ECE,GWUS
2025-12-29,29.59,2.23,,-1.008,-1.186,2025-12-24,00Z-ECE,GWUS
2025-12-30,32.073,4.225,,0.752,1.193,2025-12-24,00Z-ECE,GWUS
2025-12-31,30.322,1.723,,-0.345,1.604,2025-12-24,00Z-ECE,GWUS
2026-01-01,33.106,4.424,,-1.262,2.71,2025-12-24,00Z-ECE,GWUS
2026-01-02,32.061,3.414,,-1.461,2.49,2025-12-24,00Z-ECE,GWUS
2026-01-03,28.21,-0.759,,-2.21,0.765,2025-12-24,00Z-ECE,GWUS
2026-01-04,26.512,-2.863,,-2.246,0.506,2025-12-24,00Z-ECE,GWUS
2026-01-05,26.288,-3.366,,-1.177,0.874,2025-12-24,00Z-ECE,GWUS
2026-01-06,27.028,-3.011,,-0.182,,2025-12-24,00Z-ECE,GWUS
2025-12-25,16.351,-12.343,-0.205,-0.384,-0.211,2025-12-25,00Z-ECE,GWUS
2025-12-26,18.832,-8.988,-0.508,-0.668,-0.158,2025-12-25,00Z-ECE,GWUS
2025-12-27,19.31,-7.716,-0.039,0.103,0.841,2025-12-25,00Z-ECE,GWUS
2025-12-28,21.483,-5.558,-0.076,0.237,0.159,2025-12-25,00Z-ECE,GWUS
2025-12-29,28.87,1.51,-0.706,-0.444,-0.72,2025-12-25,00Z-ECE,GWUS
2025-12-30,33.27,5.421,,0.902,1.197,2025-12-25,00Z-ECE,GWUS
2025-12-31,30.105,1.506,,0.645,-0.217,2025-12-25,00Z-ECE,GWUS
2026-01-01,28.944,0.262,,-1.301,-4.162,2025-12-25,00Z-ECE,GWUS
2026-01-02,27.726,-0.92,,-1.815,-4.335,2025-12-25,00Z-ECE,GWUS
2026-01-03,25.908,-3.061,,-1.376,-2.302,2025-12-25,00Z-ECE,GWUS
2026-01-04,25.343,-4.032,,-1.452,-1.169,2025-12-25,00Z-ECE,GWUS
2026-01-05,26.849,-2.806,,-0.819,0.561,2025-12-25,00Z-ECE,GWUS
2026-01-06,28.424,-1.615,,0.026,1.396,2025-12-25,00Z-ECE,GWUS
2026-01-07,28.804,-0.712,,0.409,,2025-12-25,00Z-ECE,GWUS
2025-12-26,18.67,-9.15,-0.324,-0.456,-0.162,2025-12-26,00Z-ECE,GWUS
2025-12-27,19.14,-7.886,-0.219,-0.107,-0.17,2025-12-26,00Z-ECE,GWUS
2025-12-28,20.989,-6.053,-0.159,-0.16,-0.494,2025-12-26,00Z-ECE,GWUS
2025-12-29,27.768,0.408,-0.207,-1.006,-1.102,2025-12-26,00Z-ECE,GWUS
2025-12-30,33.009,5.16,-0.266,-0.062,-0.261,2025-12-26,00Z-ECE,GWUS
2025-12-31,31.285,2.686,,0.121,1.18,2025-12-26,00Z-ECE,GWUS
2026-01-01,32.563,3.881,,0.461,3.619,2025-12-26,00Z-ECE,GWUS
2026-01-02,30.966,2.319,,0.876,3.24,2025-12-26,00Z-ECE,GWUS
2026-01-03,28.018,-0.951,,0.814,2.11,2025-12-26,00Z-ECE,GWUS
2026-01-04,26.501,-2.874,,-0.151,1.157,2025-12-26,00Z-ECE,GWUS
2026-01-05,27.887,-1.768,,-0.271,1.01,2025-12-26,00Z-ECE,GWUS
2026-01-06,30.347,0.308,,0.537,1.923,2025-12-26,00Z-ECE,GWUS
2026-01-07,31.185,1.669,,1.714,2.381,2025-12-26,00Z-ECE,GWUS
2026-01-08,30.426,1.662,,2.131,,2025-12-26,00Z-ECE,GWUS
2025-12-27,19.186,-7.84,0.067,0.205,0.046,2025-12-27,00Z-ECE,GWUS
2025-12-28,21.054,-5.988,-0.084,0.21,0.065,2025-12-27,00Z-ECE,GWUS
2025-12-29,27.925,0.565,0.068,-0.102,0.156,2025-12-27,00Z-ECE,GWUS
2025-12-30,33.053,5.204,-0.107,-0.206,0.044,2025-12-27,00Z-ECE,GWUS
2025-12-31,30.036,1.437,-0.764,-0.978,-1.249,2025-12-27,00Z-ECE,GWUS
2026-01-01,29.103,0.421,,-2.516,-3.46,2025-12-27,00Z-ECE,GWUS
2026-01-02,27.745,-0.902,,-2.501,-3.221,2025-12-27,00Z-ECE,GWUS
2026-01-03,24.587,-4.382,,-3.197,-3.43,2025-12-27,00Z-ECE,GWUS
2026-01-04,23.744,-5.63,,-3.34,-2.757,2025-12-27,00Z-ECE,GWUS
2026-01-05,26.146,-3.509,,-2.286,-1.847,2025-12-27,00Z-ECE,GWUS
2026-01-06,28.931,-1.108,,-1.453,-1.416,2025-12-27,00Z-ECE,GWUS
2026-01-07,29.039,-0.477,,-1.822,-2.146,2025-12-27,00Z-ECE,GWUS
2026-01-08,27.966,-0.797,,-0.964,-2.46,2025-12-27,00Z-ECE,GWUS
2026-01-09,27.423,-1.13,,-0.123,,2025-12-27,00Z-ECE,GWUS
2025-12-28,20.845,-6.197,-0.25,-0.366,-0.209,2025-12-28,00Z-ECE,GWUS
2025-12-29,27.518,0.158,-0.108,-0.208,-0.407,2025-12-28,00Z-ECE,GWUS
2025-12-30,32.363,4.515,-0.338,-0.391,-0.674,2025-12-28,00Z-ECE,GWUS
2025-12-31,29.352,0.753,-0.308,-0.444,-0.684,2025-12-28,00Z-ECE,GWUS
2026-01-01,30.034,1.352,-0.8,0.132,0.931,2025-12-28,00Z-ECE,GWUS
2026-01-02,27.69,-0.957,,0.148,0.13,2025-12-28,00Z-ECE,GWUS
2026-01-03,25.802,-3.167,,0.907,1.214,2025-12-28,00Z-ECE,GWUS
2026-01-04,25.738,-3.636,,1.153,1.994,2025-12-28,00Z-ECE,GWUS
2026-01-05,26.379,-3.276,,-0.415,0.233,2025-12-28,00Z-ECE,GWUS
2026-01-06,28.758,-1.281,,-0.61,-0.173,2025-12-28,00Z-ECE,GWUS
2026-01-07,29.602,0.085,,-0.012,0.562,2025-12-28,00Z-ECE,GWUS
2026-01-08,29.144,0.38,,0.551,1.178,2025-12-28,00Z-ECE,GWUS
2026-01-09,29.403,0.85,,1.407,1.98,2025-12-28,00Z-ECE,GWUS
2026-01-10,29.172,1.558,,1.672,,2025-12-28,00Z-ECE,GWUS
2025-12-29,28.119,0.759,0.018,0.264,0.601,2025-12-29,00Z-ECE,GWUS
2025-12-30,32.341,4.492,-0.028,-0.009,-0.025,2025-12-29,00Z-ECE,GWUS
2025-12-31,29.722,1.123,0.248,0.442,0.37,2025-12-29,00Z-ECE,GWUS
2026-01-01,30.274,1.593,0.159,0.148,0.241,2025-12-29,00Z-ECE,GWUS
2026-01-02,26.657,-1.99,-0.018,-0.674,-1.029,2025-12-29,00Z-ECE,GWUS
2026-01-03,26.249,-2.72,,0.217,0.447,2025-12-29,00Z-ECE,GWUS
2026-01-04,25.551,-3.824,,-0.335,-0.188,2025-12-29,00Z-ECE,GWUS
2026-01-05,24.226,-5.429,,-1.663,-2.153,2025-12-29,00Z-ECE,GWUS
2026-01-06,26.538,-3.501,,-1.707,-2.22,2025-12-29,00Z-ECE,GWUS
2026-01-07,27.104,-2.412,,-2.34,-2.275,2025-12-29,00Z-ECE,GWUS
2026-01-08,27.676,-1.087,,-0.862,-1.468,2025-12-29,00Z-ECE,GWUS
2026-01-09,27.898,-0.655,,-0.595,-1.415,2025-12-29,00Z-ECE,GWUS
2026-01-10,27.634,0.02,,-1.277,-1.554,2025-12-29,00Z-ECE,GWUS
2026-01-11,27.351,0.383,,-2.257,,2025-12-29,00Z-ECE,GWUS
2025-12-30,32.894,5.045,-0.002,0.04,0.553,2025-12-30,00Z-ECE,GWUS
2025-12-31,30.281,1.683,-0.122,0.128,0.559,2025-12-30,00Z-ECE,GWUS
2026-01-01,30.728,2.046,0.057,0.164,0.454,2025-12-30,00Z-ECE,GWUS
2026-01-02,26.95,-1.697,0.132,0.121,0.293,2025-12-30,00Z-ECE,GWUS
2026-01-03,27.041,-1.928,0.53,0.243,0.792,2025-12-30,00Z-ECE,GWUS
2026-01-04,26.291,-3.083,,0.544,0.741,2025-12-30,00Z-ECE,GWUS
2026-01-05,23.53,-6.124,,-0.229,-0.695,2025-12-30,00Z-ECE,GWUS
2026-01-06,23.097,-6.941,,-1.773,-3.44,2025-12-30,00Z-ECE,GWUS
2026-01-07,24.24,-5.277,,-1.471,-3.042,2025-12-30,00Z-ECE,GWUS
2026-01-08,24.673,-4.09,,-1.388,-3.003,2025-12-30,00Z-ECE,GWUS
2026-01-09,24.556,-3.997,,-1.666,-3.464,2025-12-30,00Z-ECE,GWUS
2026-01-10,24.759,-2.855,,-1.347,-2.874,2025-12-30,00Z-ECE,GWUS
2026-01-11,26.655,-0.313,,-0.264,-0.697,2025-12-30,00Z-ECE,GWUS
2026-01-12,28.352,-0.005,,0.273,,2025-12-30,00Z-ECE,GWUS
2025-12-31,29.305,0.706,-0.456,-0.896,-0.976,2025-12-31,00Z-ECE,GWUS
2026-01-01,30.388,1.706,-0.211,-0.699,-0.34,2025-12-31,00Z-ECE,GWUS
2026-01-02,27.197,-1.45,0.084,-0.488,0.247,2025-12-31,00Z-ECE,GWUS
2026-01-03,26.444,-2.525,-0.075,-0.84,-0.597,2025-12-31,00Z-ECE,GWUS
2026-01-04,26.986,-2.389,0.491,-0.04,0.694,2025-12-31,00Z-ECE,GWUS
2026-01-05,23.812,-5.842,,0.187,0.282,2025-12-31,00Z-ECE,GWUS
2026-01-06,20.395,-9.643,,-0.789,-2.702,2025-12-31,00Z-ECE,GWUS
2026-01-07,20.003,-9.514,,-1.62,-4.237,2025-12-31,00Z-ECE,GWUS
2026-01-08,20.838,-7.925,,-1.421,-3.835,2025-12-31,00Z-ECE,GWUS
2026-01-09,20.711,-7.843,,-1.288,-3.846,2025-12-31,00Z-ECE,GWUS
2026-01-10,21.644,-5.97,,-2.062,-3.116,2025-12-31,00Z-ECE,GWUS
2026-01-11,24.878,-2.09,,-1.941,-1.777,2025-12-31,00Z-ECE,GWUS
2026-01-12,27.391,-0.991,,-1.089,-0.961,2025-12-31,00Z-ECE,GWUS
2026-01-13,28.162,-1.436,,-1.445,,2025-12-31,00Z-ECE,GWUS
2026-01-01,29.576,0.894,-0.275,-0.781,-0.812,2026-01-01,00Z-ECE,GWUS
2026-01-02,27.252,-1.395,-0.122,-0.26,0.055,2026-01-01,00Z-ECE,GWUS
2026-01-03,27.28,-1.689,0.138,0.088,0.836,2026-01-01,00Z-ECE,GWUS
2026-01-04,27.437,-1.937,-0.052,-0.291,0.452,2026-01-01,00Z-ECE,GWUS
2026-01-05,24.709,-4.946,0.051,-0.059,0.897,2026-01-01,00Z-ECE,GWUS
2026-01-06,20.018,-10.021,,-0.461,-0.377,2026-01-01,00Z-ECE,GWUS
2026-01-07,18.507,-11.009,,-0.648,-1.495,2026-01-01,00Z-ECE,GWUS
2026-01-08,18.764,-10.0,,-0.664,-2.075,2026-01-01,00Z-ECE,GWUS
2026-01-09,18.962,-9.591,,-0.683,-1.748,2026-01-01,00Z-ECE,GWUS
2026-01-10,21.625,-5.989,,0.358,-0.018,2026-01-01,00Z-ECE,GWUS
2026-01-11,25.264,-1.704,,0.619,0.386,2026-01-01,00Z-ECE,GWUS
2026-01-12,27.085,-1.273,,-0.114,-0.306,2026-01-01,00Z-ECE,GWUS
2026-01-13,27.438,-2.15,,-0.31,-0.724,2026-01-01,00Z-ECE,GWUS
2026-01-14,27.612,-2.483,,-0.194,,2026-01-01,00Z-ECE,GWUS
2026-01-02,26.665,-1.982,-0.198,-0.666,-0.587,2026-01-02,00Z-ECE,GWUS
2026-01-03,27.284,-1.685,-0.08,-0.001,0.003,2026-01-02,00Z-ECE,GWUS
2026-01-04,27.659,-1.716,-0.291,-0.239,0.221,2026-01-02,00Z-ECE,GWUS
2026-01-05,25.025,-4.63,-0.001,0.038,0.316,2026-01-02,00Z-ECE,GWUS
2026-01-06,20.007,-10.032,-0.298,-0.337,-0.011,2026-01-02,00Z-ECE,GWUS
2026-01-07,18.839,-10.677,,-0.39,0.332,2026-01-02,00Z-ECE,GWUS
2026-01-08,19.408,-9.355,,-0.162,0.644,2026-01-02,00Z-ECE,GWUS
2026-01-09,19.238,-9.315,,-0.375,0.276,2026-01-02,00Z-ECE,GWUS
2026-01-10,21.931,-5.683,,0.033,0.306,2026-01-02,00Z-ECE,GWUS
2026-01-11,26.48,-0.488,,1.006,1.216,2026-01-02,00Z-ECE,GWUS
2026-01-12,27.967,-0.39,,0.983,0.882,2026-01-02,00Z-ECE,GWUS
2026-01-13,27.375,-2.213,,0.349,-0.063,2026-01-02,00Z-ECE,GWUS
2026-01-14,27.376,-2.719,,-0.636,-0.236,2026-01-02,00Z-ECE,GWUS
2026-01-15,27.677,-2.585,,-0.702,,2026-01-02,00Z-ECE,GWUS
2026-01-03,27.027,-1.942,-0.446,-0.553,-0.257,2026-01-03,00Z-ECE,GWUS
2026-01-04,26.84,-2.535,-0.719,-0.923,-0.819,2026-01-03,00Z-ECE,GWUS
2026-01-05,23.822,-5.833,-0.686,-1.01,-1.203,2026-01-03,00Z-ECE,GWUS
2026-01-06,19.562,-10.476,-0.368,-0.465,-0.445,2026-01-03,00Z-ECE,GWUS
2026-01-07,18.033,-11.484,-0.455,-0.42,-0.806,2026-01-03,00Z-ECE,GWUS
2026-01-08,18.746,-10.017,,0.241,-0.662,2026-01-03,00Z-ECE,GWUS
2026-01-09,18.915,-9.638,,0.274,-0.324,2026-01-03,00Z-ECE,GWUS
2026-01-10,21.595,-6.019,,0.108,-0.337,2026-01-03,00Z-ECE,GWUS
2026-01-11,26.806,-0.162,,0.681,0.326,2026-01-03,00Z-ECE,GWUS
2026-01-12,28.042,-0.315,,0.949,0.075,2026-01-03,00Z-ECE,GWUS
2026-01-13,27.249,-2.339,,0.833,-0.126,2026-01-03,00Z-ECE,GWUS
2026-01-14,28.012,-2.083,,1.341,0.636,2026-01-03,00Z-ECE,GWUS
2026-01-15,28.829,-1.432,,1.828,1.152,2026-01-03,00Z-ECE,GWUS
2026-01-16,29.305,-0.986,,2.107,,2026-01-03,00Z-ECE,GWUS
2026-01-04,25.776,-3.599,-0.447,-0.501,-1.064,2026-01-04,00Z-ECE,GWUS
2026-01-05,22.726,-6.929,-0.26,-0.256,-1.096,2026-01-04,00Z-ECE,GWUS
2026-01-06,18.7,-11.339,-0.144,-0.055,-0.862,2026-01-04,00Z-ECE,GWUS
2026-01-07,17.519,-11.998,-0.319,-0.018,-0.514,2026-01-04,00Z-ECE,GWUS
2026-01-08,17.81,-10.953,-0.276,-0.372,-0.936,2026-01-04,00Z-ECE,GWUS
2026-01-09,17.378,-11.175,,-0.723,-1.537,2026-01-04,00Z-ECE,GWUS
2026-01-10,20.702,-6.912,,-0.639,-0.892,2026-01-04,00Z-ECE,GWUS
2026-01-11,26.532,-0.436,,-0.272,-0.274,2026-01-04,00Z-ECE,GWUS
2026-01-12,27.606,-0.751,,-0.105,-0.436,2026-01-04,00Z-ECE,GWUS
2026-01-13,26.404,-3.184,,-1.105,-0.845,2026-01-04,00Z-ECE,GWUS
2026-01-14,26.623,-3.472,,-2.03,-1.389,2026-01-04,00Z-ECE,GWUS
2026-01-15,27.786,-2.475,,-1.426,-1.043,2026-01-04,00Z-ECE,GWUS
2026-01-16,27.48,-2.81,,-1.359,-1.825,2026-01-04,00Z-ECE,GWUS
2026-01-17,27.298,-3.264,,-0.218,,2026-01-04,00Z-ECE,GWUS
2026-01-05,22.333,-7.321,-0.445,-0.614,-0.392,2026-01-05,00Z-ECE,GWUS
2026-01-06,18.676,-11.363,-0.326,-0.259,-0.024,2026-01-05,00Z-ECE,GWUS
2026-01-07,18.082,-11.434,-0.122,0.213,0.563,2026-01-05,00Z-ECE,GWUS
2026-01-08,18.046,-10.717,0.074,0.256,0.236,2026-01-05,00Z-ECE,GWUS
2026-01-09,17.341,-11.212,0.007,0.249,-0.037,2026-01-05,00Z-ECE,GWUS
2026-01-10,20.467,-7.147,,-0.024,-0.236,2026-01-05,00Z-ECE,GWUS
2026-01-11,26.061,-0.908,,-0.125,-0.471,2026-01-05,00Z-ECE,GWUS
2026-01-12,26.178,-2.18,,-0.561,-1.429,2026-01-05,00Z-ECE,GWUS
2026-01-13,24.756,-4.832,,-0.533,-1.647,2026-01-05,00Z-ECE,GWUS
2026-01-14,25.479,-4.615,,-1.016,-1.144,2026-01-05,00Z-ECE,GWUS
2026-01-15,25.302,-4.96,,-1.913,-2.485,2026-01-05,00Z-ECE,GWUS
2026-01-16,25.852,-4.438,,-1.167,-1.628,2026-01-05,00Z-ECE,GWUS
2026-01-17,28.113,-2.449,,0.996,0.815,2026-01-05,00Z-ECE,GWUS
2026-01-18,30.167,-0.372,,2.087,,2026-01-05,00Z-ECE,GWUS
2026-01-06,18.651,-11.387,-0.504,-0.46,-0.024,2026-01-06,00Z-ECE,GWUS
2026-01-07,18.195,-11.321,-0.247,-0.264,0.113,2026-01-06,00Z-ECE,GWUS
2026-01-08,18.289,-10.474,-0.187,-0.061,0.243,2026-01-06,00Z-ECE,GWUS
2026-01-09,17.9,-10.654,0.108,0.247,0.559,2026-01-06,00Z-ECE,GWUS
2026-01-10,20.963,-6.651,0.133,-0.129,0.496,2026-01-06,00Z-ECE,GWUS
2026-01-11,25.757,-1.211,,0.231,-0.303,2026-01-06,00Z-ECE,GWUS
2026-01-12,25.429,-2.928,,0.894,-0.749,2026-01-06,00Z-ECE,GWUS
2026-01-13,22.789,-6.799,,-0.022,-1.968,2026-01-06,00Z-ECE,GWUS
2026-01-14,22.91,-7.185,,-0.161,-2.569,2026-01-06,00Z-ECE,GWUS
2026-01-15,24.65,-5.611,,0.655,-0.651,2026-01-06,00Z-ECE,GWUS
2026-01-16,25.533,-4.758,,0.874,-0.32,2026-01-06,00Z-ECE,GWUS
2026-01-17,27.434,-3.128,,0.462,-0.679,2026-01-06,00Z-ECE,GWUS
2026-01-18,28.733,-1.806,,-1.214,-1.434,2026-01-06,00Z-ECE,GWUS
2026-01-19,29.424,-0.825,,-2.084,,2026-01-06,00Z-ECE,GWUS
2026-01-07,17.494,-12.022,-0.32,-0.576,-0.701,2026-01-07,00Z-ECE,GWUS
2026-01-08,17.607,-11.156,-0.238,-0.398,-0.682,2026-01-07,00Z-ECE,GWUS
2026-01-09,17.65,-10.903,0.105,0.03,-0.249,2026-01-07,00Z-ECE,GWUS
2026-01-10,20.72,-6.894,0.07,-0.019,-0.243,2026-01-07,00Z-ECE,GWUS
2026-01-11,26.537,-0.431,0.064,0.317,0.78,2026-01-07,00Z-ECE,GWUS
2026-01-12,26.7,-1.657,,0.132,1.271,2026-01-07,00Z-ECE,GWUS
2026-01-13,22.849,-6.739,,-0.091,0.061,2026-01-07,00Z-ECE,GWUS
2026-01-14,22.399,-7.696,,0.272,-0.511,2026-01-07,00Z-ECE,GWUS
2026-01-15,25.402,-4.859,,0.411,0.752,2026-01-07,00Z-ECE,GWUS
2026-01-16,27.062,-3.229,,0.689,1.529,2026-01-07,00Z-ECE,GWUS
2026-01-17,29.37,-1.191,,1.421,1.937,2026-01-07,00Z-ECE,GWUS
2026-01-18,30.638,0.099,,1.604,1.905,2026-01-07,00Z-ECE,GWUS
2026-01-19,31.43,1.177,,2.028,2.005,2026-01-07,00Z-ECE,GWUS
2026-01-20,32.247,1.831,,2.08,,2026-01-07,00Z-ECE,GWUS
2026-01-08,17.512,-11.252,-0.106,-0.075,-0.095,2026-01-08,00Z-ECE,GWUS
2026-01-09,18.461,-10.092,0.14,0.656,0.811,2026-01-08,00Z-ECE,GWUS
2026-01-10,22.237,-5.377,0.123,0.839,1.517,2026-01-08,00Z-ECE,GWUS
2026-01-11,27.031,0.063,0.193,0.672,0.494,2026-01-08,00Z-ECE,GWUS
2026-01-12,26.156,-2.201,0.103,-0.171,-0.544,2026-01-08,00Z-ECE,GWUS
2026-01-13,21.913,-7.675,,-0.11,-0.936,2026-01-08,00Z-ECE,GWUS
2026-01-14,23.28,-6.814,,0.681,0.881,2026-01-08,00Z-ECE,GWUS
2026-01-15,28.509,-1.723,,1.291,3.107,2026-01-08,00Z-ECE,GWUS
2026-01-16,29.136,-1.154,,0.372,2.075,2026-01-08,00Z-ECE,GWUS
2026-01-17,29.777,-0.784,,0.03,0.407,2026-01-08,00Z-ECE,GWUS
2026-01-18,30.846,0.307,,0.232,0.208,2026-01-08,00Z-ECE,GWUS
2026-01-19,32.722,2.469,,0.955,1.292,2026-01-08,00Z-ECE,GWUS
2026-01-20,32.898,2.481,,0.523,0.651,2026-01-08,00Z-ECE,GWUS
2026-01-21,31.397,1.761,,-0.841,,2026-01-08,00Z-ECE,GWUS
2026-01-09,18.085,-10.468,-0.286,-0.374,-0.376,2026-01-09,00Z-ECE,GWUS
2026-01-10,22.613,-5.021,-0.224,-0.03,0.376,2026-01-09,00Z-ECE,GWUS
2026-01-11,26.968,0.0,-0.243,-0.13,-0.063,2026-01-09,00Z-ECE,GWUS
2026-01-12,26.273,-2.084,0.022,0.035,0.117,2026-01-09,00Z-ECE,GWUS
2026-01-13,21.537,-8.051,-0.125,-0.233,-0.376,2026-01-09,00Z-ECE,GWUS
2026-01-14,22.226,-7.868,,-0.626,-1.054,2026-01-09,00Z-ECE,GWUS
2026-01-15,28.481,-1.78,,0.223,-0.028,2026-01-09,00Z-ECE,GWUS
2026-01-16,29.631,-0.659,,0.67,0.495,2026-01-09,00Z-ECE,GWUS
2026-01-17,29.938,-0.623,,1.311,0.161,2026-01-09,00Z-ECE,GWUS
2026-01-18,30.569,0.03,,0.95,-0.277,2026-01-09,00Z-ECE,GWUS
2026-01-19,31.768,1.515,,0.172,-0.954,2026-01-09,00Z-ECE,GWUS
2026-01-20,32.467,2.091,,0.429,-0.431,2026-01-09,00Z-ECE,GWUS
2026-01-21,30.949,1.313,,-0.199,-0.447,2026-01-09,00Z-ECE,GWUS
2026-01-22,29.093,-0.177,,-0.59,,2026-01-09,00Z-ECE,GWUS
2026-01-10,22.229,-5.385,-0.287,-0.479,-0.384,2026-01-10,00Z-ECE,GWUS
2026-01-11,26.851,-0.117,-0.013,-0.053,-0.118,2026-01-10,00Z-ECE,GWUS
2026-01-12,25.826,-2.531,0.004,0.06,-0.447,2026-01-10,00Z-ECE,GWUS
2026-01-13,21.391,-8.197,-0.005,0.198,-0.146,2026-01-10,00Z-ECE,GWUS
2026-01-14,22.519,-7.576,0.548,0.852,0.293,2026-01-10,00Z-ECE,GWUS
2026-01-15,28.352,-1.909,,0.542,-0.129,2026-01-10,00Z-ECE,GWUS
2026-01-16,28.494,-1.797,,-0.089,-1.138,2026-01-10,00Z-ECE,GWUS
2026-01-17,29.57,-0.992,,0.649,-0.369,2026-01-10,00Z-ECE,GWUS
2026-01-18,31.754,1.215,,1.536,1.185,2026-01-10,00Z-ECE,GWUS
2026-01-19,32.577,2.324,,1.375,0.809,2026-01-10,00Z-ECE,GWUS
2026-01-20,31.46,1.044,,1.119,-1.007,2026-01-10,00Z-ECE,GWUS
2026-01-21,28.2,-1.436,,0.181,-2.75,2026-01-10,00Z-ECE,GWUS
2026-01-22,25.27,-4.0,,-0.954,-3.822,2026-01-10,00Z-ECE,GWUS
2026-01-23,24.548,-5.095,,-0.855,,2026-01-10,00Z-ECE,GWUS
2026-01-11,26.491,-0.477,-0.319,-0.125,-0.36,2026-01-11,00Z-ECE,GWUS
2026-01-12,25.301,-3.057,-0.376,-0.2,-0.525,2026-01-11,00Z-ECE,GWUS
2026-01-13,21.171,-8.417,-0.264,-0.144,-0.219,2026-01-11,00Z-ECE,GWUS
2026-01-14,22.77,-7.325,0.308,0.166,0.251,2026-01-11,00Z-ECE,GWUS
2026-01-15,30.444,0.183,0.617,1.132,2.091,2026-01-11,00Z-ECE,GWUS
2026-01-16,30.793,0.503,,1.163,2.3,2026-01-11,00Z-ECE,GWUS
2026-01-17,30.707,0.146,,0.177,1.138,2026-01-11,00Z-ECE,GWUS
2026-01-18,31.278,0.774,,0.438,-0.503,2026-01-11,00Z-ECE,GWUS
2026-01-19,31.707,1.454,,0.76,-0.87,2026-01-11,00Z-ECE,GWUS
2026-01-20,32.173,1.756,,-0.152,0.712,2026-01-11,00Z-ECE,GWUS
2026-01-21,30.962,1.326,,0.379,2.762,2026-01-11,00Z-ECE,GWUS
2026-01-22,29.178,-0.091,,1.514,3.908,2026-01-11,00Z-ECE,GWUS
2026-01-23,27.989,-1.653,,1.938,3.441,2026-01-11,00Z-ECE,GWUS
2026-01-24,28.757,-1.003,,2.376,,2026-01-11,00Z-ECE,GWUS
2026-01-12,25.482,-2.875,-0.111,-0.141,0.181,2026-01-12,00Z-ECE,GWUS
2026-01-13,21.365,-8.223,-0.076,-0.121,0.193,2026-01-12,00Z-ECE,GWUS
2026-01-14,23.459,-6.635,0.09,0.221,0.689,2026-01-12,00Z-ECE,GWUS
2026-01-15,31.214,0.952,0.745,0.865,0.77,2026-01-12,00Z-ECE,GWUS
2026-01-16,30.594,0.303,-0.108,-0.261,-0.2,2026-01-12,00Z-ECE,GWUS
2026-01-17,30.814,0.252,,-0.451,0.107,2026-01-12,00Z-ECE,GWUS
2026-01-18,32.481,1.942,,0.999,1.313,2026-01-12,00Z-ECE,GWUS
2026-01-19,33.316,3.064,,1.238,1.61,2026-01-12,00Z-ECE,GWUS
2026-01-20,33.862,3.445,,-0.157,1.689,2026-01-12,00Z-ECE,GWUS
2026-01-21,30.411,0.774,,-1.695,-0.552,2026-01-12,00Z-ECE,GWUS
2026-01-22,26.801,-2.468,,-2.329,-2.377,2026-01-12,00Z-ECE,GWUS
2026-01-23,25.912,-3.731,,-1.186,-2.077,2026-01-12,00Z-ECE,GWUS
2026-01-24,28.351,-1.408,,0.412,-0.405,2026-01-12,00Z-ECE,GWUS
2026-01-25,30.073,0.806,,-0.447,,2026-01-12,00Z-ECE,GWUS
2026-01-13,21.065,-8.523,-0.421,-0.567,-0.299,2026-01-13,00Z-ECE,GWUS
2026-01-14,24.008,-6.086,0.075,0.139,0.549,2026-01-13,00Z-ECE,GWUS
2026-01-15,31.849,1.588,0.288,-0.062,0.635,2026-01-13,00Z-ECE,GWUS
2026-01-16,29.717,-0.574,-0.31,-1.082,-0.877,2026-01-13,00Z-ECE,GWUS
2026-01-17,30.668,0.124,-0.124,-0.116,-0.146,2026-01-13,00Z-ECE,GWUS
2026-01-18,32.463,1.924,,0.431,-0.018,2026-01-13,00Z-ECE,GWUS
2026-01-19,35.283,5.031,,0.976,1.967,2026-01-13,00Z-ECE,GWUS
2026-01-20,36.34,5.923,,-0.15,2.478,2026-01-13,00Z-ECE,GWUS
2026-01-21,30.692,1.055,,-0.972,0.281,2026-01-13,00Z-ECE,GWUS
2026-01-22,28.368,-0.902,,-0.022,1.567,2026-01-13,00Z-ECE,GWUS
2026-01-23,29.296,-0.347,,0.265,3.384,2026-01-13,00Z-ECE,GWUS
2026-01-24,32.165,2.405,,-0.17,3.813,2026-01-13,00Z-ECE,GWUS
2026-01-25,34.239,4.972,,-0.298,4.166,2026-01-13,00Z-ECE,GWUS
2026-01-26,33.098,4.246,,0.111,,2026-01-13,00Z-ECE,GWUS
2026-01-14,23.608,-6.487,-0.55,-1.04,-0.4,2026-01-14,00Z-ECE,GWUS
2026-01-15,31.366,1.104,-0.324,-0.812,-0.484,2026-01-14,00Z-ECE,GWUS
2026-01-16,29.394,-0.897,-0.278,-0.66,-0.323,2026-01-14,00Z-ECE,GWUS
2026-01-17,30.532,-0.029,-0.251,-0.592,-0.135,2026-01-14,00Z-ECE,GWUS
2026-01-18,33.213,2.674,-0.554,-0.014,0.782,2026-01-14,00Z-ECE,GWUS
2026-01-19,35.267,5.014,,0.111,-0.017,2026-01-14,00Z-ECE,GWUS
2026-01-20,37.855,7.438,,0.301,1.515,2026-01-14,00Z-ECE,GWUS
2026-01-21,31.559,1.923,,-0.139,0.867,2026-01-14,00Z-ECE,GWUS
2026-01-22,28.308,-0.962,,0.731,-0.06,2026-01-14,00Z-ECE,GWUS
2026-01-23,28.734,-0.908,,0.686,-0.562,2026-01-14,00Z-ECE,GWUS
2026-01-24,30.168,0.408,,-0.224,-1.997,2026-01-14,00Z-ECE,GWUS
2026-01-25,32.352,3.086,,-0.604,-1.887,2026-01-14,00Z-ECE,GWUS
2026-01-26,33.211,4.359,,-1.341,0.113,2026-01-14,00Z-ECE,GWUS
2026-01-27,32.989,4.273,,-1.956,,2026-01-14,00Z-ECE,GWUS
2026-01-15,30.92,0.659,-0.242,-0.453,-0.445,2026-01-15,00Z-ECE,GWUS
2026-01-16,29.232,-1.059,-0.17,-0.235,-0.163,2026-01-15,00Z-ECE,GWUS
2026-01-17,30.949,0.387,-0.025,-0.012,0.417,2026-01-15,00Z-ECE,GWUS
2026-01-18,34.02,3.481,0.27,0.14,0.817,2026-01-15,00Z-ECE,GWUS
2026-01-19,36.957,6.716,0.267,0.806,1.69,2026-01-15,00Z-ECE,GWUS
2026-01-20,39.002,8.585,,1.287,1.147,2026-01-15,00Z-ECE,GWUS
2026-01-21,31.568,1.932,,-0.61,0.009,2026-01-15,00Z-ECE,GWUS
2026-01-22,28.926,-0.343,,-0.364,0.619,2026-01-15,00Z-ECE,GWUS
2026-01-23,29.798,0.156,,1.626,1.064,2026-01-15,00Z-ECE,GWUS
2026-01-24,31.142,1.382,,1.763,0.974,2026-01-15,00Z-ECE,GWUS
2026-01-25,33.585,4.318,,0.774,1.233,2026-01-15,00Z-ECE,GWUS
2026-01-26,35.01,6.158,,1.524,1.798,2026-01-15,00Z-ECE,GWUS
2026-01-27,34.283,5.566,,2.152,1.294,2026-01-15,00Z-ECE,GWUS
2026-01-28,32.667,3.592,,-0.025,,2026-01-15,00Z-ECE,GWUS
2026-01-16,29.133,-1.157,-0.314,-0.444,-0.098,2026-01-16,00Z-ECE,GWUS
2026-01-17,30.659,0.098,-0.352,-0.633,-0.289,2026-01-16,00Z-ECE,GWUS
2026-01-18,33.593,3.053,-0.098,-0.52,-0.428,2026-01-16,00Z-ECE,GWUS
2026-01-19,36.649,6.414,-0.249,-0.901,-0.307,2026-01-16,00Z-ECE,GWUS
2026-01-20,37.468,7.052,-0.066,-0.911,-1.534,2026-01-16,00Z-ECE,GWUS
2026-01-21,30.087,0.451,,0.275,-1.481,2026-01-16,00Z-ECE,GWUS
2026-01-22,29.478,0.208,,1.347,0.551,2026-01-16,00Z-ECE,GWUS
2026-01-23,31.398,1.755,,1.472,1.6,2026-01-16,00Z-ECE,GWUS
2026-01-24,32.886,3.126,,0.531,1.744,2026-01-16,00Z-ECE,GWUS
2026-01-25,35.675,6.408,,-0.154,2.09,2026-01-16,00Z-ECE,GWUS
2026-01-26,36.56,7.708,,0.179,1.55,2026-01-16,00Z-ECE,GWUS
2026-01-27,34.337,5.62,,0.452,0.054,2026-01-16,00Z-ECE,GWUS
2026-01-28,33.715,4.639,,0.567,1.047,2026-01-16,00Z-ECE,GWUS
2026-01-29,31.932,2.221,,-1.076,,2026-01-16,00Z-ECE,GWUS
2026-01-17,31.158,0.596,-0.174,-0.328,0.498,2026-01-17,00Z-ECE,GWUS
2026-01-18,34.127,3.588,-0.216,-0.232,0.535,2026-01-17,00Z-ECE,GWUS
2026-01-19,36.428,6.175,-0.094,-0.249,-0.222,2026-01-17,00Z-ECE,GWUS
2026-01-20,37.153,6.737,0.184,-0.28,-0.315,2026-01-17,00Z-ECE,GWUS
2026-01-21,30.769,1.133,0.565,0.473,0.682,2026-01-17,00Z-ECE,GWUS
2026-01-22,30.806,1.536,,0.336,1.328,2026-01-17,00Z-ECE,GWUS
2026-01-23,32.097,2.454,,-1.892,0.699,2026-01-17,00Z-ECE,GWUS
2026-01-24,32.799,3.039,,-2.788,-0.087,2026-01-17,00Z-ECE,GWUS
2026-01-25,35.596,6.33,,-0.28,-0.079,2026-01-17,00Z-ECE,GWUS
2026-01-26,37.024,8.172,,0.491,0.464,2026-01-17,00Z-ECE,GWUS
2026-01-27,37.269,8.552,,1.208,2.932,2026-01-17,00Z-ECE,GWUS
2026-01-28,38.6,9.525,,3.289,4.886,2026-01-17,00Z-ECE,GWUS
2026-01-29,37.092,7.382,,3.214,5.161,2026-01-17,00Z-ECE,GWUS
2026-01-30,32.843,3.587,,2.659,,2026-01-17,00Z-ECE,GWUS
2026-01-18,33.921,3.382,-0.319,-0.374,-0.206,2026-01-18,00Z-ECE,GWUS
2026-01-19,36.72,6.467,-0.322,-0.417,0.292,2026-01-18,00Z-ECE,GWUS
2026-01-20,37.202,6.785,-0.522,-0.536,0.049,2026-01-18,00Z-ECE,GWUS
2026-01-21,29.862,0.226,-0.535,-0.833,-0.907,2026-01-18,00Z-ECE,GWUS
2026-01-22,30.175,0.906,-0.163,-0.114,-0.63,2026-01-18,00Z-ECE,GWUS
2026-01-23,34.741,5.099,,4.16,2.645,2026-01-18,00Z-ECE,GWUS
2026-01-24,38.729,8.969,,6.66,5.93,2026-01-18,00Z-ECE,GWUS
2026-01-25,39.152,9.886,,3.415,3.556,2026-01-18,00Z-ECE,GWUS
2026-01-26,39.065,10.213,,1.277,2.041,2026-01-18,00Z-ECE,GWUS
2026-01-27,39.673,10.957,,1.717,2.405,2026-01-18,00Z-ECE,GWUS
2026-01-28,42.05,12.975,,2.561,3.45,2026-01-18,00Z-ECE,GWUS
2026-01-29,42.25,12.54,,2.394,5.158,2026-01-18,00Z-ECE,GWUS
2026-01-30,38.235,8.979,,2.166,5.392,2026-01-18,00Z-ECE,GWUS
2026-01-31,34.795,6.564,,3.156,,2026-01-18,00Z-ECE,GWUS
2026-01-19,36.197,5.945,-0.513,-0.881,-0.523,2026-01-19,00Z-ECE,GWUS
2026-01-20,36.604,6.188,-0.782,-1.005,-0.598,2026-01-19,00Z-ECE,GWUS
2026-01-21,29.027,-0.609,-0.768,-0.787,-0.834,2026-01-19,00Z-ECE,GWUS
2026-01-22,28.808,-0.461,0.194,-0.276,-1.367,2026-01-19,00Z-ECE,GWUS
2026-01-23,39.376,9.734,2.385,2.027,4.635,2026-01-19,00Z-ECE,GWUS
2026-01-24,46.032,16.273,,1.943,7.169,2026-01-19,00Z-ECE,GWUS
2026-01-25,43.401,14.135,,0.552,4.249,2026-01-19,00Z-ECE,GWUS
2026-01-26,40.045,11.193,,-1.012,0.98,2026-01-19,00Z-ECE,GWUS
2026-01-27,39.021,10.305,,-0.774,-0.652,2026-01-19,00Z-ECE,GWUS
2026-01-28,40.218,11.143,,-1.45,-1.832,2026-01-19,00Z-ECE,GWUS
2026-01-29,42.172,12.461,,-1.034,-0.078,2026-01-19,00Z-ECE,GWUS
2026-01-30,39.364,10.108,,-0.177,1.129,2026-01-19,00Z-ECE,GWUS
2026-01-31,35.084,6.854,,0.093,0.283,2026-01-19,00Z-ECE,GWUS
2026-02-01,33.224,4.697,,1.775,,2026-01-19,00Z-ECE,GWUS
2026-01-20,35.798,5.381,-0.519,-1.006,-0.806,2026-01-20,00Z-ECE,GWUS
2026-01-21,28.337,-1.299,-0.501,-0.708,-0.69,2026-01-20,00Z-ECE,GWUS
2026-01-22,28.629,-0.64,-0.312,-0.197,-0.179,2026-01-20,00Z-ECE,GWUS
2026-01-23,39.596,9.959,0.298,0.683,0.22,2026-01-20,00Z-ECE,GWUS
2026-01-24,47.172,17.413,1.322,1.315,1.078,2026-01-20,00Z-ECE,GWUS
2026-01-25,45.452,16.185,,1.712,2.051,2026-01-20,00Z-ECE,GWUS
2026-01-26,42.842,13.99,,1.814,2.797,2026-01-20,00Z-ECE,GWUS
2026-01-27,39.405,10.688,,1.738,0.384,2026-01-20,00Z-ECE,GWUS
2026-01-28,36.989,7.913,,-0.502,-3.23,2026-01-20,00Z-ECE,GWUS
2026-01-29,39.35,9.639,,-0.472,-2.732,2026-01-20,00Z-ECE,GWUS
2026-01-30,38.669,9.413,,0.976,-0.695,2026-01-20,00Z-ECE,GWUS
2026-01-31,36.235,8.005,,2.078,1.2,2026-01-20,00Z-ECE,GWUS
2026-02-01,34.023,5.496,,2.605,0.799,2026-01-20,00Z-ECE,GWUS
2026-02-02,32.025,4.019,,2.921,,2026-01-20,00Z-ECE,GWUS
2026-01-21,28.092,-1.544,-0.442,-0.702,-0.245,2026-01-21,00Z-ECE,GWUS
2026-01-22,28.397,-0.873,-0.323,-0.683,-0.233,2026-01-21,00Z-ECE,GWUS
2026-01-23,38.559,8.916,-0.42,-1.235,-1.038,2026-01-21,00Z-ECE,GWUS
2026-01-24,45.72,15.961,-0.637,-1.697,-1.452,2026-01-21,00Z-ECE,GWUS
2026-01-25,45.965,16.699,0.236,-0.403,0.513,2026-01-21,00Z-ECE,GWUS
2026-01-26,46.241,17.389,,1.849,3.399,2026-01-21,00Z-ECE,GWUS
2026-01-27,43.591,14.874,,3.037,4.186,2026-01-21,00Z-ECE,GWUS
2026-01-28,39.6,10.525,,1.777,2.611,2026-01-21,00Z-ECE,GWUS
2026-01-29,41.025,11.314,,1.561,1.524,2026-01-21,00Z-ECE,GWUS
2026-01-30,40.412,11.156,,2.322,1.743,2026-01-21,00Z-ECE,GWUS
2026-01-31,38.375,10.144,,3.683,2.139,2026-01-21,00Z-ECE,GWUS
2026-02-01,37.534,9.007,,4.942,3.288,2026-01-21,00Z-ECE,GWUS
2026-02-02,36.291,8.284,,5.309,4.266,2026-01-21,00Z-ECE,GWUS
2026-02-03,34.157,5.936,,4.36,,2026-01-21,00Z-ECE,GWUS
2026-01-22,28.003,-1.267,-0.6,-0.852,-0.394,2026-01-22,00Z-ECE,GWUS
2026-01-23,38.226,8.583,-0.674,-0.881,-0.333,2026-01-22,00Z-ECE,GWUS
2026-01-24,44.418,14.658,-0.454,-0.664,-1.303,2026-01-22,00Z-ECE,GWUS
2026-01-25,44.309,15.042,-0.446,-0.537,-1.657,2026-01-22,00Z-ECE,GWUS
2026-01-26,46.475,17.623,-0.126,0.887,0.234,2026-01-22,00Z-ECE,GWUS
2026-01-27,44.174,15.458,,1.993,0.584,2026-01-22,00Z-ECE,GWUS
2026-01-28,40.508,11.432,,1.006,0.908,2026-01-22,00Z-ECE,GWUS
2026-01-29,41.84,12.148,,-0.273,0.815,2026-01-22,00Z-ECE,GWUS
2026-01-30,43.3,14.044,,1.589,2.888,2026-01-22,00Z-ECE,GWUS
2026-01-31,41.917,13.686,,2.56,3.542,2026-01-22,00Z-ECE,GWUS
2026-02-01,39.422,10.895,,1.61,1.905,2026-01-22,00Z-ECE,GWUS
2026-02-02,35.863,7.856,,0.314,-0.428,2026-01-22,00Z-ECE,GWUS
2026-02-03,32.725,4.504,,0.093,-1.432,2026-01-22,00Z-ECE,GWUS
2026-02-04,30.061,1.342,,0.231,,2026-01-22,00Z-ECE,GWUS
2026-01-23,37.635,7.993,-0.465,-0.936,-0.591,2026-01-23,00Z-ECE,GWUS
2026-01-24,44.597,14.837,-0.012,-0.457,0.18,2026-01-23,00Z-ECE,GWUS
2026-01-25,43.75,14.483,-0.14,-0.225,-0.559,2026-01-23,00Z-ECE,GWUS
2026-01-26,46.473,17.621,-0.135,0.637,-0.002,2026-01-23,00Z-ECE,GWUS
2026-01-27,45.182,16.465,-0.364,1.016,1.008,2026-01-23,00Z-ECE,GWUS
2026-01-28,42.041,12.965,,-0.402,1.533,2026-01-23,00Z-ECE,GWUS
2026-01-29,43.899,14.188,,-1.36,2.059,2026-01-23,00Z-ECE,GWUS
2026-01-30,44.936,15.68,,-0.033,1.636,2026-01-23,00Z-ECE,GWUS
2026-01-31,41.147,12.917,,0.833,-0.77,2026-01-23,00Z-ECE,GWUS
2026-02-01,36.914,8.386,,0.968,-2.395,2026-01-23,00Z-ECE,GWUS
2026-02-02,34.334,6.327,,0.842,-1.529,2026-01-23,00Z-ECE,GWUS
2026-02-03,32.036,3.815,,0.685,-0.689,2026-01-23,00Z-ECE,GWUS
2026-02-04,29.895,1.176,,0.524,-0.166,2026-01-23,00Z-ECE,GWUS
2026-02-05,29.228,1.186,,1.436,,2026-01-23,00Z-ECE,GWUS
2026-01-24,43.949,14.189,-0.095,-0.121,-0.649,2026-01-24,00Z-ECE,GWUS
2026-01-25,43.219,13.952,-0.098,-0.423,-0.531,2026-01-24,00Z-ECE,GWUS
2026-01-26,46.112,17.26,-0.106,-0.242,-0.361,2026-01-24,00Z-ECE,GWUS
2026-01-27,45.035,16.318,0.151,0.057,-0.147,2026-01-24,00Z-ECE,GWUS
2026-01-28,43.018,13.942,0.499,0.0,1.011,2026-01-24,00Z-ECE,GWUS
2026-01-29,43.702,13.992,,-0.879,-0.197,2026-01-24,00Z-ECE,GWUS
2026-01-30,43.855,14.599,,-1.11,-1.081,2026-01-24,00Z-ECE,GWUS
2026-01-31,41.358,13.127,,1.265,0.211,2026-01-24,00Z-ECE,GWUS
2026-02-01,38.732,10.204,,3.429,1.961,2026-01-24,00Z-ECE,GWUS
2026-02-02,35.443,7.437,,2.722,1.11,2026-01-24,00Z-ECE,GWUS
2026-02-03,32.217,3.997,,0.822,0.181,2026-01-24,00Z-ECE,GWUS
2026-02-04,30.416,1.696,,0.11,0.521,2026-01-24,00Z-ECE,GWUS
2026-02-05,28.968,0.926,,-1.084,-0.26,2026-01-24,00Z-ECE,GWUS
2026-02-06,29.066,1.497,,-0.798,,2026-01-24,00Z-ECE,GWUS
2026-01-25,42.712,13.445,0.05,-0.049,-0.507,2026-01-25,00Z-ECE,GWUS
2026-01-26,45.217,16.365,-0.102,-0.101,-0.895,2026-01-25,00Z-ECE,GWUS
2026-01-27,44.372,15.656,0.061,-0.075,-0.662,2026-01-25,00Z-ECE,GWUS
2026-01-28,43.402,14.326,0.458,0.043,0.413,2026-01-25,00Z-ECE,GWUS
2026-01-29,44.075,14.365,-0.393,0.098,0.373,2026-01-25,00Z-ECE,GWUS
2026-01-30,45.159,15.903,,0.41,1.305,2026-01-25,00Z-ECE,GWUS
2026-01-31,43.55,15.319,,0.591,2.192,2026-01-25,00Z-ECE,GWUS
2026-02-01,40.207,11.68,,0.72,1.476,2026-01-25,00Z-ECE,GWUS
2026-02-02,35.515,7.509,,0.599,0.072,2026-01-25,00Z-ECE,GWUS
2026-02-03,31.834,3.613,,-0.086,-0.383,2026-01-25,00Z-ECE,GWUS
2026-02-04,30.229,1.509,,-0.683,-0.187,2026-01-25,00Z-ECE,GWUS
2026-02-05,28.765,0.723,,-1.604,-0.203,2026-01-25,00Z-ECE,GWUS
2026-02-06,27.797,0.228,,-2.795,-1.269,2026-01-25,00Z-ECE,GWUS
2026-02-07,28.962,0.908,,-1.87,,2026-01-25,00Z-ECE,GWUS
2026-01-26,45.199,16.347,-0.117,-0.204,-0.018,2026-01-26,00Z-ECE,GWUS
2026-01-27,43.84,15.124,-0.177,-0.404,-0.532,2026-01-26,00Z-ECE,GWUS
2026-01-28,42.415,13.34,-0.175,-0.583,-0.987,2026-01-26,00Z-ECE,GWUS
2026-01-29,41.684,11.981,-0.384,-1.454,-2.401,2026-01-26,00Z-ECE,GWUS
2026-01-30,43.991,14.735,0.44,0.231,-1.168,2026-01-26,00Z-ECE,GWUS
2026-01-31,44.748,16.518,,2.336,1.199,2026-01-26,00Z-ECE,GWUS
2026-02-01,40.549,12.022,,0.331,0.342,2026-01-26,00Z-ECE,GWUS
2026-02-02,35.345,7.338,,-0.668,-0.171,2026-01-26,00Z-ECE,GWUS
2026-02-03,31.644,3.423,,0.288,-0.191,2026-01-26,00Z-ECE,GWUS
2026-02-04,30.226,1.506,,1.037,-0.003,2026-01-26,00Z-ECE,GWUS
2026-02-05,29.255,1.212,,0.782,0.49,2026-01-26,00Z-ECE,GWUS
2026-02-06,28.126,0.541,,-0.233,0.329,2026-01-26,00Z-ECE,GWUS
2026-02-07,29.819,1.764,,0.857,0.857,2026-01-26,00Z-ECE,GWUS
2026-02-08,30.593,2.558,,0.948,,2026-01-26,00Z-ECE,GWUS
2026-01-27,42.968,14.251,-0.34,-0.978,-0.872,2026-01-27,00Z-ECE,GWUS
2026-01-28,41.863,12.787,-0.074,-0.624,-0.552,2026-01-27,00Z-ECE,GWUS
2026-01-29,41.657,11.947,0.562,-0.052,-0.006,2026-01-27,00Z-ECE,GWUS
2026-01-30,44.163,14.907,0.703,-0.376,0.172,2026-01-27,00Z-ECE,GWUS
2026-01-31,45.228,16.998,-0.524,-0.904,0.48,2026-01-27,00Z-ECE,GWUS
2026-02-01,40.534,12.007,,-0.985,-0.015,2026-01-27,00Z-ECE,GWUS
2026-02-02,35.152,7.146,,0.013,-0.192,2026-01-27,00Z-ECE,GWUS
2026-02-03,32.882,4.661,,1.822,1.239,2026-01-27,00Z-ECE,GWUS
2026-02-04,30.814,2.094,,1.249,0.588,2026-01-27,00Z-ECE,GWUS
2026-02-05,27.551,-0.491,,-0.075,-1.704,2026-01-27,00Z-ECE,GWUS
2026-02-06,26.097,-1.472,,-0.669,-2.029,2026-01-27,00Z-ECE,GWUS
2026-02-07,28.001,-0.053,,-0.431,-1.817,2026-01-27,00Z-ECE,GWUS
2026-02-08,30.126,2.09,,-0.617,-0.467,2026-01-27,00Z-ECE,GWUS
2026-02-09,31.722,3.69,,0.313,,2026-01-27,00Z-ECE,GWUS
2026-01-28,41.159,12.083,-0.442,-1.04,-0.704,2026-01-28,00Z-ECE,GWUS
2026-01-29,40.754,11.043,-0.547,-1.116,-0.903,2026-01-28,00Z-ECE,GWUS
2026-01-30,42.565,13.309,-0.372,-1.221,-1.598,2026-01-28,00Z-ECE,GWUS
2026-01-31,45.767,17.536,-0.052,0.339,0.538,2026-01-28,00Z-ECE,GWUS
2026-02-01,41.625,13.097,-0.475,0.499,1.091,2026-01-28,00Z-ECE,GWUS
2026-02-02,35.833,7.827,,0.504,0.681,2026-01-28,00Z-ECE,GWUS
2026-02-03,33.745,5.524,,0.47,0.863,2026-01-28,00Z-ECE,GWUS
2026-02-04,32.418,3.698,,0.702,1.604,2026-01-28,00Z-ECE,GWUS
2026-02-05,30.717,2.674,,0.992,3.166,2026-01-28,00Z-ECE,GWUS
2026-02-06,29.084,1.515,,1.083,2.987,2026-01-28,00Z-ECE,GWUS
2026-02-07,29.387,1.332,,0.13,1.385,2026-01-28,00Z-ECE,GWUS
2026-02-08,31.222,3.187,,0.712,1.096,2026-01-28,00Z-ECE,GWUS
2026-02-09,30.573,2.541,,-1.539,-1.149,2026-01-28,00Z-ECE,GWUS
2026-02-10,30.113,1.557,,-2.46,,2026-01-28,00Z-ECE,GWUS
2026-01-29,39.62,9.909,-0.823,-1.137,-1.134,2026-01-29,00Z-ECE,GWUS
2026-01-30,42.438,13.182,-0.43,-0.597,-0.128,2026-01-29,00Z-ECE,GWUS
2026-01-31,45.636,17.406,-0.221,-0.134,-0.13,2026-01-29,00Z-ECE,GWUS
2026-02-01,41.099,12.572,-0.029,-0.349,-0.525,2026-01-29,00Z-ECE,GWUS
2026-02-02,36.052,8.045,-0.116,-0.617,0.219,2026-01-29,00Z-ECE,GWUS
2026-02-03,33.255,5.034,,-1.588,-0.49,2026-01-29,00Z-ECE,GWUS
2026-02-04,31.605,2.885,,-1.137,-0.813,2026-01-29,00Z-ECE,GWUS
2026-02-05,31.301,3.258,,0.92,0.534,2026-01-29,00Z-ECE,GWUS
2026-02-06,29.679,2.109,,0.895,0.594,2026-01-29,00Z-ECE,GWUS
2026-02-07,29.619,1.565,,0.725,0.232,2026-01-29,00Z-ECE,GWUS
2026-02-08,30.552,2.517,,0.515,-0.67,2026-01-29,00Z-ECE,GWUS
2026-02-09,29.588,1.557,,-0.472,-0.985,2026-01-29,00Z-ECE,GWUS
2026-02-10,28.817,0.261,,-1.357,-1.296,2026-01-29,00Z-ECE,GWUS
2026-02-11,28.855,-0.084,,-2.293,,2026-01-29,00Z-ECE,GWUS
2026-01-30,41.302,12.046,-0.716,-1.232,-1.135,2026-01-30,00Z-ECE,GWUS
2026-01-31,44.609,16.378,-0.429,-0.991,-1.028,2026-01-30,00Z-ECE,GWUS
2026-02-01,41.037,12.509,-0.147,-0.358,-0.063,2026-01-30,00Z-ECE,GWUS
2026-02-02,34.463,6.456,-0.163,-0.851,-1.57,2026-01-30,00Z-ECE,GWUS
2026-02-03,31.274,3.053,0.51,-0.19,-1.981,2026-01-30,00Z-ECE,GWUS
2026-02-04,32.696,3.976,,0.933,1.091,2026-01-30,00Z-ECE,GWUS
2026-02-05,33.794,5.752,,1.265,2.488,2026-01-30,00Z-ECE,GWUS
2026-02-06,30.747,3.154,,0.591,1.069,2026-01-30,00Z-ECE,GWUS
2026-02-07,32.207,4.153,,0.213,2.589,2026-01-30,00Z-ECE,GWUS
2026-02-08,34.336,6.3,,1.012,3.783,2026-01-30,00Z-ECE,GWUS
2026-02-09,30.877,2.845,,0.189,1.288,2026-01-30,00Z-ECE,GWUS
2026-02-10,28.608,0.051,,-0.08,-0.21,2026-01-30,00Z-ECE,GWUS
2026-02-11,30.061,1.122,,1.544,1.206,2026-01-30,00Z-ECE,GWUS
2026-02-12,31.457,2.843,,2.166,,2026-01-30,00Z-ECE,GWUS
2026-01-31,43.548,15.317,-0.584,-0.859,-1.061,2026-01-31,00Z-ECE,GWUS
2026-02-01,40.564,12.036,-0.238,-0.259,-0.473,2026-01-31,00Z-ECE,GWUS
2026-02-02,34.076,6.07,-0.278,-0.27,-0.38,2026-01-31,00Z-ECE,GWUS
2026-02-03,31.476,3.255,-0.064,0.271,0.202,2026-01-31,00Z-ECE,GWUS
2026-02-04,33.068,4.348,-0.223,0.195,0.372,2026-01-31,00Z-ECE,GWUS
2026-02-05,33.049,5.007,,-0.711,-0.745,2026-01-31,00Z-ECE,GWUS
2026-02-06,29.717,2.148,,-0.574,-1.03,2026-01-31,00Z-ECE,GWUS
2026-02-07,32.803,4.749,,0.957,0.596,2026-01-31,00Z-ECE,GWUS
2026-02-08,32.996,4.96,,-0.239,-1.34,2026-01-31,00Z-ECE,GWUS
2026-02-09,29.173,1.141,,-1.237,-1.704,2026-01-31,00Z-ECE,GWUS
2026-02-10,27.532,-1.025,,-1.042,-1.076,2026-01-31,00Z-ECE,GWUS
2026-02-11,27.215,-1.724,,-0.982,-2.846,2026-01-31,00Z-ECE,GWUS
2026-02-12,26.669,-1.945,,-1.043,-4.788,2026-01-31,00Z-ECE,GWUS
2026-02-13,26.678,-0.467,,-1.537,,2026-01-31,00Z-ECE,GWUS
2026-02-01,40.379,11.851,-0.131,-0.234,-0.185,2026-02-01,00Z-ECE,GWUS
2026-02-02,34.391,6.384,-0.051,-0.173,0.314,2026-02-01,00Z-ECE,GWUS
2026-02-03,31.358,3.137,0.092,-0.114,-0.118,2026-02-01,00Z-ECE,GWUS
2026-02-04,32.848,4.129,-0.104,-0.355,-0.22,2026-02-01,00Z-ECE,GWUS
2026-02-05,32.957,4.915,-0.499,-0.197,-0.092,2026-02-01,00Z-ECE,GWUS
2026-02-06,30.346,2.777,,0.906,0.629,2026-02-01,00Z-ECE,GWUS
2026-02-07,32.947,4.893,,0.855,0.144,2026-02-01,00Z-ECE,GWUS
2026-02-08,30.061,2.025,,-1.01,-2.935,2026-02-01,00Z-ECE,GWUS
2026-02-09,28.407,0.376,,1.324,-0.766,2026-02-01,00Z-ECE,GWUS
2026-02-10,26.431,-2.126,,0.969,-1.101,2026-02-01,00Z-ECE,GWUS
2026-02-11,23.735,-5.204,,-1.365,-3.48,2026-02-01,00Z-ECE,GWUS
2026-02-12,22.616,-5.998,,-2.374,-4.053,2026-02-01,00Z-ECE,GWUS
2026-02-13,23.122,-4.023,,-2.503,-3.556,2026-02-01,00Z-ECE,GWUS
2026-02-14,24.335,-2.456,,-2.538,,2026-02-01,00Z-ECE,GWUS
2026-02-02,33.557,5.551,-0.827,-1.271,-0.833,2026-02-02,00Z-ECE,GWUS
2026-02-03,30.689,2.469,-0.457,-0.65,-0.669,2026-02-02,00Z-ECE,GWUS
2026-02-04,32.317,3.597,-0.171,-0.224,-0.531,2026-02-02,00Z-ECE,GWUS
2026-02-05,32.274,4.232,-0.062,-0.123,-0.683,2026-02-02,00Z-ECE,GWUS
2026-02-06,29.142,1.572,-0.358,-0.412,-1.205,2026-02-02,00Z-ECE,GWUS
2026-02-07,32.209,4.155,,-1.429,-0.738,2026-02-02,00Z-ECE,GWUS
2026-02-08,30.195,2.16,,-0.591,0.134,2026-02-02,00Z-ECE,GWUS
2026-02-09,28.033,0.002,,-0.269,-0.374,2026-02-02,00Z-ECE,GWUS
2026-02-10,25.253,-3.304,,-0.2,-1.178,2026-02-02,00Z-ECE,GWUS
2026-02-11,22.971,-5.967,,0.442,-0.764,2026-02-02,00Z-ECE,GWUS
2026-02-12,22.076,-6.538,,1.238,-0.54,2026-02-02,00Z-ECE,GWUS
2026-02-13,22.24,-4.905,,1.149,-0.882,2026-02-02,00Z-ECE,GWUS
2026-02-14,23.285,-3.507,,0.88,-1.051,2026-02-02,00Z-ECE,GWUS
2026-02-15,23.957,-3.149,,-0.2,,2026-02-02,00Z-ECE,GWUS
2026-02-03,29.836,1.616,-0.716,-0.977,-0.853,2026-02-03,00Z-ECE,GWUS
2026-02-04,31.957,3.237,-0.147,-0.416,-0.36,2026-02-03,00Z-ECE,GWUS
2026-02-05,32.03,3.988,-0.226,-0.328,-0.244,2026-02-03,00Z-ECE,GWUS
2026-02-06,29.356,1.786,0.456,0.571,0.214,2026-02-03,00Z-ECE,GWUS
2026-02-07,33.416,5.361,1.774,1.521,1.247,2026-02-03,00Z-ECE,GWUS
2026-02-08,32.324,4.289,,0.782,2.129,2026-02-03,00Z-ECE,GWUS
2026-02-09,29.833,1.801,,-0.032,1.799,2026-02-03,00Z-ECE,GWUS
2026-02-10,26.327,-2.23,,0.489,1.074,2026-02-03,00Z-ECE,GWUS
2026-02-11,22.565,-6.374,,0.83,-0.407,2026-02-03,00Z-ECE,GWUS
2026-02-12,20.272,-8.342,,0.207,-1.804,2026-02-03,00Z-ECE,GWUS
2026-02-13,20.292,-6.853,,-0.86,-1.84,2026-02-03,00Z-ECE,GWUS
2026-02-14,21.407,-5.385,,-1.168,-1.878,2026-02-03,00Z-ECE,GWUS
2026-02-15,22.592,-4.515,,-0.468,-1.365,2026-02-03,00Z-ECE,GWUS
2026-02-16,23.088,-3.412,,0.473,,2026-02-03,00Z-ECE,GWUS
2026-02-04,31.247,2.527,-0.403,-0.526,-0.71,2026-02-04,00Z-ECE,GWUS
2026-02-05,31.988,3.946,-0.343,-0.292,-0.042,2026-02-04,00Z-ECE,GWUS
2026-02-06,28.661,1.091,-0.691,-0.401,-0.695,2026-02-04,00Z-ECE,GWUS
2026-02-07,33.0,4.946,-0.302,0.185,-0.422,2026-02-04,00Z-ECE,GWUS
2026-02-08,32.416,4.38,-0.309,-0.145,0.091,2026-02-04,00Z-ECE,GWUS
2026-02-09,27.497,-0.534,,-1.672,-2.335,2026-02-04,00Z-ECE,GWUS
2026-02-10,24.638,-3.918,,-0.668,-1.689,2026-02-04,00Z-ECE,GWUS
2026-02-11,22.392,-6.546,,0.356,-0.172,2026-02-04,00Z-ECE,GWUS
2026-02-12,21.297,-7.317,,0.908,1.024,2026-02-04,00Z-ECE,GWUS
2026-02-13,21.545,-5.6,,0.52,1.243,2026-02-04,00Z-ECE,GWUS
2026-02-14,22.604,-4.188,,0.571,1.196,2026-02-04,00Z-ECE,GWUS
2026-02-15,23.64,-3.466,,0.763,1.048,2026-02-04,00Z-ECE,GWUS
2026-02-16,23.112,-3.388,,0.102,0.023,2026-02-04,00Z-ECE,GWUS
2026-02-17,21.678,-4.183,,-0.929,,2026-02-04,00Z-ECE,GWUS
2026-02-05,31.745,3.702,-0.234,-0.243,-0.243,2026-02-05,00Z-ECE,GWUS
2026-02-06,28.658,1.088,-0.194,-0.385,-0.003,2026-02-05,00Z-ECE,GWUS
2026-02-07,33.866,5.812,0.027,0.072,0.866,2026-02-05,00Z-ECE,GWUS
2026-02-08,32.986,4.95,0.235,0.712,0.57,2026-02-05,00Z-ECE,GWUS
2026-02-09,28.614,0.583,-0.132,0.699,1.117,2026-02-05,00Z-ECE,GWUS
2026-02-10,24.094,-4.462,,-0.409,-0.544,2026-02-05,00Z-ECE,GWUS
2026-02-11,22.346,-6.593,,0.243,-0.046,2026-02-05,00Z-ECE,GWUS
2026-02-12,22.608,-6.006,,1.164,1.312,2026-02-05,00Z-ECE,GWUS
2026-02-13,23.119,-4.026,,1.157,1.573,2026-02-05,00Z-ECE,GWUS
2026-02-14,23.684,-3.108,,1.06,1.08,2026-02-05,00Z-ECE,GWUS
2026-02-15,23.984,-3.123,,0.964,0.343,2026-02-05,00Z-ECE,GWUS
2026-02-16,22.665,-3.835,,0.784,-0.446,2026-02-05,00Z-ECE,GWUS
2026-02-17,21.448,-4.413,,-0.049,-0.23,2026-02-05,00Z-ECE,GWUS
2026-02-18,21.802,-3.193,,-0.998,,2026-02-05,00Z-ECE,GWUS
2026-02-06,27.491,-0.078,-0.546,-1.153,-1.167,2026-02-06,00Z-ECE,GWUS
2026-02-07,32.782,4.727,-0.412,-1.0,-1.085,2026-02-06,00Z-ECE,GWUS
2026-02-08,31.902,3.866,-0.42,-0.802,-1.084,2026-02-06,00Z-ECE,GWUS
2026-02-09,26.775,-1.257,-0.302,-0.47,-1.84,2026-02-06,00Z-ECE,GWUS
2026-02-10,23.174,-5.383,,-0.398,-0.92,2026-02-06,00Z-ECE,GWUS
2026-02-11,22.523,-6.415,,-0.687,0.177,2026-02-06,00Z-ECE,GWUS
2026-02-12,23.206,-5.408,,-1.115,0.597,2026-02-06,00Z-ECE,GWUS
2026-02-13,24.554,-2.591,,-0.399,1.435,2026-02-06,00Z-ECE,GWUS
2026-02-14,25.237,-1.555,,-0.36,1.553,2026-02-06,00Z-ECE,GWUS
2026-02-15,24.758,-2.349,,-0.305,0.775,2026-02-06,00Z-ECE,GWUS
2026-02-16,22.915,-3.585,,-0.17,0.25,2026-02-06,00Z-ECE,GWUS
2026-02-17,20.657,-5.204,,-0.243,-0.791,2026-02-06,00Z-ECE,GWUS
2026-02-18,20.549,-4.446,,-0.054,-1.253,2026-02-06,00Z-ECE,GWUS
2026-02-19,23.017,-0.597,,0.433,,2026-02-06,00Z-ECE,GWUS
2026-02-07,32.073,4.018,-0.196,-0.45,-0.709,2026-02-07,00Z-ECE,GWUS
2026-02-08,31.577,3.541,-0.154,-0.33,-0.325,2026-02-07,00Z-ECE,GWUS
2026-02-09,27.894,-0.137,0.001,0.01,1.12,2026-02-07,00Z-ECE,GWUS
2026-02-10,23.488,-5.069,-0.025,0.14,0.314,2026-02-07,00Z-ECE,GWUS
2026-02-11,22.554,-6.385,0.42,0.579,0.03,2026-02-07,00Z-ECE,GWUS
2026-02-12,24.296,-4.318,,1.137,1.09,2026-02-07,00Z-ECE,GWUS
2026-02-13,25.954,-1.191,,1.288,1.4,2026-02-07,00Z-ECE,GWUS
2026-02-14,27.145,0.353,,1.215,1.908,2026-02-07,00Z-ECE,GWUS
2026-02-15,26.454,-0.652,,1.122,1.696,2026-02-07,00Z-ECE,GWUS
2026-02-16,23.839,-2.66,,0.739,0.924,2026-02-07,00Z-ECE,GWUS
2026-02-17,20.731,-5.13,,0.221,0.073,2026-02-07,00Z-ECE,GWUS
2026-02-18,19.295,-5.7,,-0.862,-1.291,2026-02-07,00Z-ECE,GWUS
2026-02-19,21.551,-2.063,,-1.396,-1.465,2026-02-07,00Z-ECE,GWUS
2026-02-20,23.58,0.263,,-1.799,,2026-02-07,00Z-ECE,GWUS
2026-02-08,30.975,2.939,-0.377,-0.588,-0.602,2026-02-08,00Z-ECE,GWUS
2026-02-09,27.301,-0.73,0.046,-0.174,-0.593,2026-02-08,00Z-ECE,GWUS
2026-02-10,22.567,-5.989,-0.21,-0.226,-0.92,2026-02-08,00Z-ECE,GWUS
2026-02-11,23.057,-5.881,0.394,0.274,0.504,2026-02-08,00Z-ECE,GWUS
2026-02-12,25.075,-3.539,0.65,0.339,0.779,2026-02-08,00Z-ECE,GWUS
2026-02-13,25.556,-1.588,,-0.183,-0.397,2026-02-08,00Z-ECE,GWUS
2026-02-14,26.108,-0.683,,-0.628,-1.037,2026-02-08,00Z-ECE,GWUS
2026-02-15,24.838,-2.269,,-0.874,-1.617,2026-02-08,00Z-ECE,GWUS
2026-02-16,22.422,-4.078,,-0.374,-1.417,2026-02-08,00Z-ECE,GWUS
2026-02-17,19.656,-6.206,,0.211,-1.075,2026-02-08,00Z-ECE,GWUS
2026-02-18,18.935,-6.06,,-0.463,-0.335,2026-02-08,00Z-ECE,GWUS
2026-02-19,20.77,-2.844,,-1.184,-0.782,2026-02-08,00Z-ECE,GWUS
2026-02-20,22.443,-0.874,,-1.197,-1.137,2026-02-08,00Z-ECE,GWUS
2026-02-21,23.821,0.027,,-1.383,,2026-02-08,00Z-ECE,GWUS
2026-02-09,26.824,-1.207,-0.39,-0.562,-0.477,2026-02-09,00Z-ECE,GWUS
2026-02-10,22.141,-6.416,-0.243,-0.355,-0.427,2026-02-09,00Z-ECE,GWUS
2026-02-11,22.956,-5.983,-0.032,0.098,-0.101,2026-02-09,00Z-ECE,GWUS
2026-02-12,25.055,-3.559,-0.154,-0.058,-0.02,2026-02-09,00Z-ECE,GWUS
2026-02-13,24.73,-2.414,-0.407,-0.585,-0.826,2026-02-09,00Z-ECE,GWUS
2026-02-14,23.786,-3.006,,-1.678,-2.322,2026-02-09,00Z-ECE,GWUS
2026-02-15,22.863,-4.244,,-2.181,-1.975,2026-02-09,00Z-ECE,GWUS
2026-02-16,21.934,-4.566,,-1.933,-0.489,2026-02-09,00Z-ECE,GWUS
2026-02-17,19.702,-6.159,,-1.437,0.051,2026-02-09,00Z-ECE,GWUS
2026-02-18,18.838,-6.157,,-0.847,-0.096,2026-02-09,00Z-ECE,GWUS
2026-02-19,20.939,-2.675,,-0.073,0.17,2026-02-09,00Z-ECE,GWUS
2026-02-20,22.894,-0.423,,0.727,0.451,2026-02-09,00Z-ECE,GWUS
2026-02-21,24.422,0.628,,0.835,0.601,2026-02-09,00Z-ECE,GWUS
2026-02-22,25.136,0.723,,0.039,,2026-02-09,00Z-ECE,GWUS
2026-02-10,21.314,-7.243,-0.579,-0.923,-0.827,2026-02-10,00Z-ECE,GWUS
2026-02-11,22.499,-6.44,-0.109,-0.428,-0.457,2026-02-10,00Z-ECE,GWUS
2026-02-12,24.927,-3.687,0.056,-0.156,-0.128,2026-02-10,00Z-ECE,GWUS
2026-02-13,23.62,-3.525,0.219,-0.353,-1.11,2026-02-10,00Z-ECE,GWUS
2026-02-14,21.842,-4.95,-0.115,-1.033,-1.944,2026-02-10,00Z-ECE,GWUS
2026-02-15,21.688,-5.419,,-0.883,-1.175,2026-02-10,00Z-ECE,GWUS
2026-02-16,20.767,-5.733,,-0.607,-1.151,2026-02-10,00Z-ECE,GWUS
2026-02-17,19.054,-6.807,,-1.029,-0.694,2026-02-10,00Z-ECE,GWUS
2026-02-18,17.96,-7.035,,-0.882,-0.878,2026-02-10,00Z-ECE,GWUS
2026-02-19,20.079,-3.535,,0.036,-0.86,2026-02-10,00Z-ECE,GWUS
2026-02-20,21.705,-1.612,,0.076,-1.189,2026-02-10,00Z-ECE,GWUS
2026-02-21,22.639,-1.155,,0.215,-1.783,2026-02-10,00Z-ECE,GWUS
2026-02-22,23.491,-0.923,,0.115,-1.645,2026-02-10,00Z-ECE,GWUS
2026-02-23,24.552,-0.248,,0.27,,2026-02-10,00Z-ECE,GWUS
2026-02-11,22.212,-6.727,-0.321,-0.41,-0.287,2026-02-11,00Z-ECE,GWUS
2026-02-12,24.786,-3.828,-0.015,-0.285,-0.162,2026-02-11,00Z-ECE,GWUS
2026-02-13,23.613,-3.531,0.013,-0.144,-0.006,2026-02-11,00Z-ECE,GWUS
2026-02-14,20.7,-6.092,-0.18,-0.691,-1.142,2026-02-11,00Z-ECE,GWUS
2026-02-15,20.294,-6.813,-0.046,-0.634,-1.394,2026-02-11,00Z-ECE,GWUS
2026-02-16,19.85,-6.65,,-0.238,-0.919,2026-02-11,00Z-ECE,GWUS
2026-02-17,18.098,-7.763,,0.026,-0.956,2026-02-11,00Z-ECE,GWUS
2026-02-18,17.346,-7.649,,0.163,-0.614,2026-02-11,00Z-ECE,GWUS
2026-02-19,20.016,-3.598,,0.042,-0.063,2026-02-11,00Z-ECE,GWUS
2026-02-20,23.08,-0.236,,0.878,1.375,2026-02-11,00Z-ECE,GWUS
2026-02-21,23.648,-0.146,,0.956,1.009,2026-02-11,00Z-ECE,GWUS
2026-02-22,23.675,-0.739,,0.512,0.184,2026-02-11,00Z-ECE,GWUS
2026-02-23,24.007,-0.793,,0.708,-0.544,2026-02-11,00Z-ECE,GWUS
2026-02-24,23.596,-1.656,,0.776,,2026-02-11,00Z-ECE,GWUS
2026-02-12,24.205,-4.409,-0.145,-0.547,-0.584,2026-02-12,00Z-ECE,GWUS
2026-02-13,23.632,-3.513,-0.003,-0.189,0.018,2026-02-12,00Z-ECE,GWUS
2026-02-14,21.08,-5.712,0.321,0.005,0.38,2026-02-12,00Z-ECE,GWUS
2026-02-15,20.275,-6.832,0.546,0.461,-0.019,2026-02-12,00Z-ECE,GWUS
2026-02-16,19.409,-7.091,0.286,0.25,-0.44,2026-02-12,00Z-ECE,GWUS
2026-02-17,18.032,-7.829,,0.188,-0.066,2026-02-12,00Z-ECE,GWUS
2026-02-18,17.18,-7.815,,0.053,-0.166,2026-02-12,00Z-ECE,GWUS
2026-02-19,19.082,-4.532,,-0.461,-0.934,2026-02-12,00Z-ECE,GWUS
2026-02-20,22.607,-0.71,,0.045,-0.473,2026-02-12,00Z-ECE,GWUS
2026-02-21,23.649,-0.145,,0.053,0.001,2026-02-12,00Z-ECE,GWUS
2026-02-22,24.029,-0.385,,0.011,0.354,2026-02-12,00Z-ECE,GWUS
2026-02-23,24.43,-0.37,,-0.034,0.422,2026-02-12,00Z-ECE,GWUS
2026-02-24,24.314,-1.023,,0.309,0.718,2026-02-12,00Z-ECE,GWUS
2026-02-25,24.426,-1.624,,0.4,,2026-02-12,00Z-ECE,GWUS
2026-02-13,22.949,-4.196,-0.416,-0.643,-0.683,2026-02-13,00Z-ECE,GWUS
2026-02-14,20.76,-6.032,-0.325,-0.556,-0.321,2026-02-13,00Z-ECE,GWUS
2026-02-15,20.1,-7.007,-0.287,-0.588,-0.175,2026-02-13,00Z-ECE,GWUS
2026-02-16,18.971,-7.529,-0.399,-0.696,-0.438,2026-02-13,00Z-ECE,GWUS
2026-02-17,18.341,-7.52,-0.188,-0.252,0.309,2026-02-13,00Z-ECE,GWUS
2026-02-18,18.837,-6.158,,1.027,1.657,2026-02-13,00Z-ECE,GWUS
2026-02-19,19.942,-3.672,,1.21,0.86,2026-02-13,00Z-ECE,GWUS
2026-02-20,20.848,-2.469,,-0.856,-1.76,2026-02-13,00Z-ECE,GWUS
2026-02-21,22.286,-1.508,,-0.961,-1.363,2026-02-13,00Z-ECE,GWUS
2026-02-22,23.546,-0.867,,-0.638,-0.483,2026-02-13,00Z-ECE,GWUS
2026-02-23,24.302,-0.498,,-0.369,-0.128,2026-02-13,00Z-ECE,GWUS
2026-02-24,23.936,-1.316,,-0.027,-0.378,2026-02-13,00Z-ECE,GWUS
2026-02-25,23.967,-2.083,,0.835,-0.352,2026-02-13,00Z-ECE,GWUS
2026-02-26,23.645,-1.968,,0.618,,2026-02-13,00Z-ECE,GWUS
2026-02-14,20.039,-6.753,-0.428,-0.83,-0.721,2026-02-14,00Z-ECE,GWUS
2026-02-15,19.745,-7.362,-0.207,-0.538,-0.354,2026-02-14,00Z-ECE,GWUS
2026-02-16,19.485,-7.015,0.038,-0.31,0.514,2026-02-14,00Z-ECE,GWUS
2026-02-17,18.251,-7.611,-0.228,-0.466,-0.091,2026-02-14,00Z-ECE,GWUS
2026-02-18,16.109,-8.886,-1.58,-2.129,-2.728,2026-02-14,00Z-ECE,GWUS
2026-02-19,18.279,-5.335,,-2.39,-1.663,2026-02-14,00Z-ECE,GWUS
2026-02-20,21.76,-1.557,,-0.689,0.912,2026-02-14,00Z-ECE,GWUS
2026-02-21,24.246,0.452,,0.397,1.96,2026-02-14,00Z-ECE,GWUS
2026-02-22,25.222,0.808,,0.061,1.676,2026-02-14,00Z-ECE,GWUS
2026-02-23,24.918,0.118,,-1.156,0.616,2026-02-14,00Z-ECE,GWUS
2026-02-24,24.128,-1.125,,-1.079,0.191,2026-02-14,00Z-ECE,GWUS
2026-02-25,22.346,-3.704,,-0.813,-1.621,2026-02-14,00Z-ECE,GWUS
2026-02-26,21.346,-4.267,,-0.578,-2.299,2026-02-14,00Z-ECE,GWUS
2026-02-27,21.939,-2.904,,-0.146,,2026-02-14,00Z-ECE,GWUS
2026-02-15,19.538,-7.569,-0.353,-0.301,-0.207,2026-02-15,00Z-ECE,GWUS
2026-02-16,19.435,-7.065,-0.013,-0.025,-0.05,2026-02-15,00Z-ECE,GWUS
2026-02-17,18.258,-7.604,-0.066,-0.111,0.007,2026-02-15,00Z-ECE,GWUS
2026-02-18,16.072,-9.009,-0.165,-0.466,-0.037,2026-02-15,00Z-ECE,GWUS
2026-02-19,18.363,-5.25,0.053,-0.618,0.085,2026-02-15,00Z-ECE,GWUS
2026-02-20,20.686,-2.631,,-1.728,-1.073,2026-02-15,00Z-ECE,GWUS
2026-02-21,21.847,-1.947,,-2.946,-2.398,2026-02-15,00Z-ECE,GWUS
2026-02-22,24.538,0.125,,-1.708,-0.684,2026-02-15,00Z-ECE,GWUS
2026-02-23,27.384,2.584,,0.916,2.466,2026-02-15,00Z-ECE,GWUS
2026-02-24,26.649,1.397,,1.423,2.521,2026-02-15,00Z-ECE,GWUS
2026-02-25,22.793,-3.257,,-0.141,0.447,2026-02-15,00Z-ECE,GWUS
2026-02-26,20.289,-5.324,,-1.757,-1.057,2026-02-15,00Z-ECE,GWUS
2026-02-27,20.532,-4.311,,-1.525,-1.407,2026-02-15,00Z-ECE,GWUS
2026-02-28,21.422,-2.25,,-1.097,,2026-02-15,00Z-ECE,GWUS
2026-02-16,19.241,-7.259,-0.216,-0.328,-0.194,2026-02-16,00Z-ECE,GWUS
2026-02-17,18.297,-7.564,-0.078,-0.282,0.04,2026-02-16,00Z-ECE,GWUS
2026-02-18,16.118,-8.877,0.122,0.042,0.046,2026-02-16,00Z-ECE,GWUS
2026-02-19,18.905,-4.709,-0.039,-0.073,0.568,2026-02-16,00Z-ECE,GWUS
2026-02-20,21.832,-1.485,-0.115,-0.325,1.146,2026-02-16,00Z-ECE,GWUS
2026-02-21,22.747,-1.047,,-0.048,0.9,2026-02-16,00Z-ECE,GWUS
2026-02-22,23.557,-0.856,,-1.055,-0.981,2026-02-16,00Z-ECE,GWUS
2026-02-23,23.792,-1.008,,-2.285,-3.592,2026-02-16,00Z-ECE,GWUS
2026-02-24,22.575,-2.677,,-2.588,-4.074,2026-02-16,00Z-ECE,GWUS
2026-02-25,19.872,-6.179,,-2.007,-2.921,2026-02-16,00Z-ECE,GWUS
2026-02-26,17.961,-7.652,,-1.429,-2.328,2026-02-16,00Z-ECE,GWUS
2026-02-27,17.857,-6.986,,-1.798,-2.675,2026-02-16,00Z-ECE,GWUS
2026-02-28,20.767,-3.412,,-1.153,,2026-02-16,00Z-ECE,GWUS
2026-02-17,18.047,-7.814,-0.259,-0.234,-0.25,2026-02-17,00Z-ECE,GWUS
2026-02-18,16.331,-8.665,-0.019,-0.047,0.212,2026-02-17,00Z-ECE,GWUS
2026-02-19,19.2,-4.413,0.032,-0.05,0.293,2026-02-17,00Z-ECE,GWUS
2026-02-20,21.855,-1.462,-0.059,0.004,0.023,2026-02-17,00Z-ECE,GWUS
2026-02-21,24.003,0.209,0.512,0.667,1.256,2026-02-17,00Z-ECE,GWUS
2026-02-22,28.173,3.76,,1.484,4.616,2026-02-17,00Z-ECE,GWUS
2026-02-23,29.595,4.795,,1.078,5.803,2026-02-17,00Z-ECE,GWUS
2026-02-24,27.815,2.563,,0.852,5.239,2026-02-17,00Z-ECE,GWUS
2026-02-25,22.85,-3.2,,0.139,2.979,2026-02-17,00Z-ECE,GWUS
2026-02-26,19.991,-5.622,,-0.458,2.03,2026-02-17,00Z-ECE,GWUS
2026-02-27,19.809,-5.034,,-1.887,1.952,2026-02-17,00Z-ECE,GWUS
2026-02-28,19.668,-4.004,,-2.338,0.261,2026-02-17,00Z-ECE,GWUS
2026-03-01,19.194,-4.986,,-1.543,-1.574,2026-02-17,00Z-ECE,GWUS
2026-03-02,19.234,-6.106,,0.117,,2026-02-17,00Z-ECE,GWUS
2026-02-18,16.801,-8.195,0.063,0.206,0.47,2026-02-18,00Z-ECE,GWUS
2026-02-19,19.373,-4.241,-0.005,0.126,0.173,2026-02-18,00Z-ECE,GWUS
2026-02-20,21.961,-1.356,0.032,-0.068,0.106,2026-02-18,00Z-ECE,GWUS
2026-02-21,23.857,0.063,0.087,-0.126,-0.146,2026-02-18,00Z-ECE,GWUS
2026-02-22,27.464,3.051,0.096,-0.45,-0.709,2026-02-18,00Z-ECE,GWUS
2026-02-23,29.261,4.461,,-0.122,-0.335,2026-02-18,00Z-ECE,GWUS
2026-02-24,27.976,2.724,,-0.185,0.161,2026-02-18,00Z-ECE,GWUS
2026-02-25,23.155,-2.896,,-0.413,0.304,2026-02-18,00Z-ECE,GWUS
2026-02-26,19.852,-5.761,,-0.466,-0.139,2026-02-18,00Z-ECE,GWUS
2026-02-27,19.862,-4.982,,-0.117,0.052,2026-02-18,00Z-ECE,GWUS
2026-02-28,20.453,-3.22,,0.694,0.785,2026-02-18,00Z-ECE,GWUS
2026-03-01,20.791,-3.389,,0.573,1.597,2026-02-18,00Z-ECE,GWUS
2026-03-02,20.537,-4.803,,-0.193,1.303,2026-02-18,00Z-ECE,GWUS
2026-03-03,19.699,-5.035,,-1.075,,2026-02-18,00Z-ECE,GWUS
2026-02-19,19.414,-4.2,-0.076,-0.026,0.04,2026-02-19,00Z-ECE,GWUS
2026-02-20,22.056,-1.261,0.127,0.045,0.095,2026-02-19,00Z-ECE,GWUS
2026-02-21,24.089,0.296,-0.098,-0.205,0.232,2026-02-19,00Z-ECE,GWUS
2026-02-22,28.055,3.641,-0.07,-0.188,0.59,2026-02-19,00Z-ECE,GWUS
2026-02-23,29.905,5.105,0.102,0.322,0.644,2026-02-19,00Z-ECE,GWUS
2026-02-24,27.791,2.538,,0.192,-0.185,2026-02-19,00Z-ECE,GWUS
2026-02-25,21.979,-4.071,,0.248,-1.175,2026-02-19,00Z-ECE,GWUS
2026-02-26,19.359,-6.253,,1.129,-0.493,2026-02-19,00Z-ECE,GWUS
2026-02-27,18.882,-5.961,,1.082,-0.979,2026-02-19,00Z-ECE,GWUS
2026-02-28,19.164,-4.508,,-1.258,-1.288,2026-02-19,00Z-ECE,GWUS
2026-03-01,21.626,-2.554,,-2.061,0.835,2026-02-19,00Z-ECE,GWUS
2026-03-02,23.166,-2.174,,0.023,2.629,2026-02-19,00Z-ECE,GWUS
2026-03-03,23.039,-1.695,,1.764,3.34,2026-02-19,00Z-ECE,GWUS
2026-03-04,22.28,-1.15,,1.476,,2026-02-19,00Z-ECE,GWUS
2026-02-20,22.257,-1.06,-0.083,0.146,0.201,2026-02-20,00Z-ECE,GWUS
2026-02-21,24.275,0.481,-0.195,-0.174,0.186,2026-02-20,00Z-ECE,GWUS
2026-02-22,28.621,4.207,0.029,-0.062,0.566,2026-02-20,00Z-ECE,GWUS
2026-02-23,31.118,6.318,0.318,0.654,1.213,2026-02-20,00Z-ECE,GWUS
2026-02-24,28.993,3.74,0.402,0.897,1.202,2026-02-20,00Z-ECE,GWUS
2026-02-25,22.58,-3.471,,0.488,0.6,2026-02-20,00Z-ECE,GWUS
2026-02-26,21.03,-4.583,,0.887,1.67,2026-02-20,00Z-ECE,GWUS
2026-02-27,20.671,-4.25,,0.995,1.788,2026-02-20,00Z-ECE,GWUS
2026-02-28,18.582,-5.09,,-0.061,-0.582,2026-02-20,00Z-ECE,GWUS
2026-03-01,19.114,-5.065,,-1.193,-2.511,2026-02-20,00Z-ECE,GWUS
2026-03-02,21.351,-3.989,,-0.249,-1.815,2026-02-20,00Z-ECE,GWUS
2026-03-03,22.562,-2.172,,0.957,-0.477,2026-02-20,00Z-ECE,GWUS
2026-03-04,22.066,-1.364,,1.543,-0.214,2026-02-20,00Z-ECE,GWUS
2026-03-05,21.358,-1.553,,1.018,,2026-02-20,00Z-ECE,GWUS
2026-02-21,24.576,0.782,-0.151,0.067,0.301,2026-02-21,00Z-ECE,GWUS
2026-02-22,28.916,4.502,-0.077,-0.072,0.295,2026-02-21,00Z-ECE,GWUS
2026-02-23,31.97,7.17,-0.07,-0.016,0.853,2026-02-21,00Z-ECE,GWUS
2026-02-24,29.727,4.475,-0.162,-0.013,0.735,2026-02-21,00Z-ECE,GWUS
2026-02-25,22.434,-3.616,-0.146,-0.17,-0.146,2026-02-21,00Z-ECE,GWUS
2026-02-26,19.902,-5.71,,0.033,-1.127,2026-02-21,00Z-ECE,GWUS
2026-02-27,19.635,-5.208,,0.251,-1.035,2026-02-21,00Z-ECE,GWUS
2026-02-28,20.575,-3.097,,2.235,1.992,2026-02-21,00Z-ECE,GWUS
2026-03-01,23.61,-0.57,,3.781,4.495,2026-02-21,00Z-ECE,GWUS
2026-03-02,24.498,-0.842,,2.996,3.147,2026-02-21,00Z-ECE,GWUS
2026-03-03,23.992,-0.742,,2.658,1.43,2026-02-21,00Z-ECE,GWUS
2026-03-04,22.993,-0.437,,3.4,0.926,2026-02-21,00Z-ECE,GWUS
2026-03-05,22.153,-0.758,,2.607,0.795,2026-02-21,00Z-ECE,GWUS
2026-03-06,21.212,-0.856,,2.283,,2026-02-21,00Z-ECE,GWUS
2026-02-22,28.851,4.354,-0.222,-0.238,-0.065,2026-02-22,00Z-ECE,GWUS
2026-02-23,31.746,6.946,-0.152,-0.294,-0.224,2026-02-22,00Z-ECE,GWUS
2026-02-24,29.05,3.797,-0.4,-0.53,-0.678,2026-02-22,00Z-ECE,GWUS
2026-02-25,23.557,-2.493,0.22,0.099,1.123,2026-02-22,00Z-ECE,GWUS
2026-02-26,21.237,-4.375,0.652,0.367,1.335,2026-02-22,00Z-ECE,GWUS
2026-02-27,19.951,-4.893,,0.026,0.315,2026-02-22,00Z-ECE,GWUS
2026-02-28,21.093,-2.579,,1.083,0.519,2026-02-22,00Z-ECE,GWUS
2026-03-01,25.326,1.147,,1.766,1.717,2026-02-22,00Z-ECE,GWUS
2026-03-02,27.007,1.667,,0.565,2.508,2026-02-22,00Z-ECE,GWUS
2026-03-03,24.328,-0.407,,-1.942,0.336,2026-02-22,00Z-ECE,GWUS
2026-03-04,21.576,-1.854,,-2.817,-1.417,2026-02-22,00Z-ECE,GWUS
2026-03-05,22.81,-0.101,,-0.362,0.657,2026-02-22,00Z-ECE,GWUS
2026-03-06,23.062,0.994,,1.5,1.849,2026-02-22,00Z-ECE,GWUS
2026-03-07,20.72,-0.781,,1.121,,2026-02-22,00Z-ECE,GWUS
2026-02-23,31.175,6.375,-0.39,-0.435,-0.572,2026-02-23,00Z-ECE,GWUS
2026-02-24,28.461,3.209,-0.382,-0.349,-0.588,2026-02-23,00Z-ECE,GWUS
2026-02-25,22.916,-3.134,-0.53,-0.447,-0.64,2026-02-23,00Z-ECE,GWUS
2026-02-26,20.969,-4.643,-0.414,-0.336,-0.268,2026-02-23,00Z-ECE,GWUS
2026-02-27,19.261,-5.583,0.44,-0.075,-0.689,2026-02-23,00Z-ECE,GWUS
2026-02-28,19.77,-3.902,,-0.294,-1.323,2026-02-23,00Z-ECE,GWUS
2026-03-01,22.509,-1.671,,-1.686,-2.818,2026-02-23,00Z-ECE,GWUS
2026-03-02,23.924,-1.416,,-2.59,-3.083,2026-02-23,00Z-ECE,GWUS
2026-03-03,23.449,-1.285,,-2.662,-0.879,2026-02-23,00Z-ECE,GWUS
2026-03-04,21.215,-2.214,,-2.802,-0.36,2026-02-23,00Z-ECE,GWUS
2026-03-05,22.376,-0.535,,-2.094,-0.434,2026-02-23,00Z-ECE,GWUS
2026-03-06,21.209,-0.859,,-3.355,-1.853,2026-02-23,00Z-ECE,GWUS
2026-03-07,18.594,-2.908,,-3.756,-2.126,2026-02-23,00Z-ECE,GWUS
2026-03-08,16.8,-4.676,,-2.683,,2026-02-23,00Z-ECE,GWUS
2026-02-24,28.057,2.805,-0.429,-0.547,-0.404,2026-02-24,00Z-ECE,GWUS
2026-02-25,22.667,-3.383,0.057,-0.124,-0.25,2026-02-24,00Z-ECE,GWUS
2026-02-26,20.744,-4.868,-0.162,-0.079,-0.225,2026-02-24,00Z-ECE,GWUS
2026-02-27,18.604,-6.24,-0.382,-0.577,-0.657,2026-02-24,00Z-ECE,GWUS
2026-02-28,19.836,-3.836,0.281,0.225,0.065,2026-02-24,00Z-ECE,GWUS
2026-03-01,23.625,-0.555,,0.286,1.116,2026-02-24,00Z-ECE,GWUS
2026-03-02,26.055,0.715,,0.243,2.131,2026-02-24,00Z-ECE,GWUS
2026-03-03,23.633,-1.101,,1.045,0.184,2026-02-24,00Z-ECE,GWUS
2026-03-04,20.198,-3.232,,0.785,-1.018,2026-02-24,00Z-ECE,GWUS
2026-03-05,21.174,-1.737,,-1.062,-1.202,2026-02-24,00Z-ECE,GWUS
2026-03-06,18.741,-3.327,,-1.498,-2.467,2026-02-24,00Z-ECE,GWUS
2026-03-07,15.826,-5.676,,-0.567,-2.768,2026-02-24,00Z-ECE,GWUS
2026-03-08,14.189,-7.287,,-0.127,-2.61,2026-02-24,00Z-ECE,GWUS
2026-03-09,14.076,-7.343,,-0.247,,2026-02-24,00Z-ECE,GWUS
2026-02-25,22.456,-3.594,-0.369,-0.375,-0.211,2026-02-25,00Z-ECE,GWUS
2026-02-26,20.539,-5.073,-0.045,-0.059,-0.205,2026-02-25,00Z-ECE,GWUS
2026-02-27,18.168,-6.676,-0.219,-0.019,-0.436,2026-02-25,00Z-ECE,GWUS
2026-02-28,18.622,-5.05,-0.138,-0.436,-1.214,2026-02-25,00Z-ECE,GWUS
2026-03-01,22.878,-1.302,-0.175,-0.261,-0.747,2026-02-25,00Z-ECE,GWUS
2026-03-02,24.492,-0.848,,-0.864,-1.563,2026-02-25,00Z-ECE,GWUS
2026-03-03,21.393,-3.341,,-1.893,-2.239,2026-02-25,00Z-ECE,GWUS
2026-03-04,18.243,-5.187,,-2.265,-1.952,2026-02-25,00Z-ECE,GWUS
2026-03-05,17.644,-5.267,,-2.769,-3.53,2026-02-25,00Z-ECE,GWUS
2026-03-06,15.572,-6.496,,-1.787,-3.169,2026-02-25,00Z-ECE,GWUS
2026-03-07,14.631,-6.87,,-0.553,-1.194,2026-02-25,00Z-ECE,GWUS
2026-03-08,13.315,-8.161,,-0.621,-0.874,2026-02-25,00Z-ECE,GWUS
2026-03-09,13.214,-8.205,,-0.006,-0.862,2026-02-25,00Z-ECE,GWUS
2026-03-10,14.221,-6.814,,0.763,,2026-02-25,00Z-ECE,GWUS
2026-02-26,20.021,-5.591,-0.021,-0.367,-0.518,2026-02-26,00Z-ECE,GWUS
2026-02-27,18.21,-6.634,-0.075,-0.266,0.042,2026-02-26,00Z-ECE,GWUS
2026-02-28,18.694,-4.978,-0.085,-0.26,0.072,2026-02-26,00Z-ECE,GWUS
2026-03-01,23.036,-1.143,-0.329,-0.368,0.159,2026-02-26,00Z-ECE,GWUS
2026-03-02,23.954,-1.386,0.259,-0.584,-0.537,2026-02-26,00Z-ECE,GWUS
2026-03-03,20.69,-4.044,,-0.304,-0.703,2026-02-26,00Z-ECE,GWUS
2026-03-04,16.89,-6.54,,-1.722,-1.376,2026-02-26,00Z-ECE,GWUS
2026-03-05,14.156,-8.755,,-2.815,-3.488,2026-02-26,00Z-ECE,GWUS
2026-03-06,12.976,-9.092,,-1.345,-2.596,2026-02-26,00Z-ECE,GWUS
2026-03-07,12.6,-8.901,,-1.075,-2.031,2026-02-26,00Z-ECE,GWUS
2026-03-08,11.677,-9.799,,-0.742,-1.638,2026-02-26,00Z-ECE,GWUS
2026-03-09,10.985,-10.433,,-0.788,-2.228,2026-02-26,00Z-ECE,GWUS
2026-03-10,11.767,-9.268,,-1.126,-2.453,2026-02-26,00Z-ECE,GWUS
2026-03-11,13.433,-7.405,,-0.774,,2026-02-26,00Z-ECE,GWUS
2026-02-27,17.54,-7.304,-0.391,-0.422,-0.67,2026-02-27,00Z-ECE,GWUS
2026-02-28,18.215,-5.457,-0.22,-0.404,-0.479,2026-02-27,00Z-ECE,GWUS
2026-03-01,22.15,-2.03,-0.635,-0.764,-0.887,2026-02-27,00Z-ECE,GWUS
2026-03-02,22.858,-2.482,-0.681,-0.348,-1.096,2026-02-27,00Z-ECE,GWUS
2026-03-03,19.007,-5.824,-0.863,-0.638,-1.683,2026-02-27,00Z-ECE,GWUS
2026-03-04,16.757,-6.672,,-0.081,-0.133,2026-02-27,00Z-ECE,GWUS
2026-03-05,15.727,-7.184,,1.457,1.571,2026-02-27,00Z-ECE,GWUS
2026-03-06,14.334,-7.734,,1.696,1.358,2026-02-27,00Z-ECE,GWUS
2026-03-07,13.29,-8.211,,0.503,0.69,2026-02-27,00Z-ECE,GWUS
2026-03-08,11.96,-9.516,,0.414,0.283,2026-02-27,00Z-ECE,GWUS
2026-03-09,11.099,-10.32,,-0.102,0.114,2026-02-27,00Z-ECE,GWUS
2026-03-10,11.115,-9.92,,-1.02,-0.653,2026-02-27,00Z-ECE,GWUS
2026-03-11,12.417,-8.42,,-1.12,-1.015,2026-02-27,00Z-ECE,GWUS
2026-03-12,14.481,-5.799,,-0.93,,2026-02-27,00Z-ECE,GWUS
2026-02-28,18.283,-5.389,-0.158,-0.174,0.068,2026-02-28,00Z-ECE,GWUS
2026-03-01,23.225,-0.954,0.113,0.142,1.075,2026-02-28,00Z-ECE,GWUS
2026-03-02,23.59,-1.75,-0.209,-0.327,0.732,2026-02-28,00Z-ECE,GWUS
2026-03-03,18.47,-6.264,-0.2,-0.61,-0.537,2026-02-28,00Z-ECE,GWUS
2026-03-04,14.466,-8.964,-0.898,-1.277,-2.291,2026-02-28,00Z-ECE,GWUS
2026-03-05,13.387,-9.524,,-1.151,-2.34,2026-02-28,00Z-ECE,GWUS
2026-03-06,12.067,-10.001,,-1.331,-2.267,2026-02-28,00Z-ECE,GWUS
2026-03-07,11.011,-10.49,,-1.375,-2.279,2026-02-28,00Z-ECE,GWUS
2026-03-08,10.22,-11.256,,-1.139,-1.74,2026-02-28,00Z-ECE,GWUS
2026-03-09,9.689,-11.73,,-0.743,-1.411,2026-02-28,00Z-ECE,GWUS
2026-03-10,10.264,-10.771,,-0.339,-0.851,2026-02-28,00Z-ECE,GWUS
2026-03-11,13.085,-7.752,,0.335,0.668,2026-02-28,00Z-ECE,GWUS
2026-03-12,16.655,-3.625,,1.023,2.174,2026-02-28,00Z-ECE,GWUS
2026-03-13,18.947,-0.829,,1.51,,2026-02-28,00Z-ECE,GWUS
2026-03-01,22.261,-1.918,-0.305,-0.227,-0.964,2026-03-01,00Z-ECE,GWUS
2026-03-02,22.39,-2.95,-0.171,0.047,-1.2,2026-03-01,00Z-ECE,GWUS
2026-03-03,17.482,-7.252,-0.075,0.006,-0.989,2026-03-01,00Z-ECE,GWUS
2026-03-04,13.492,-9.938,-0.364,-0.413,-0.974,2026-03-01,00Z-ECE,GWUS
2026-03-05,12.133,-10.778,-0.813,-0.519,-1.255,2026-03-01,00Z-ECE,GWUS
2026-03-06,11.256,-10.813,,-0.338,-0.812,2026-03-01,00Z-ECE,GWUS
2026-03-07,11.082,-10.419,,-0.025,0.071,2026-03-01,00Z-ECE,GWUS
2026-03-08,10.477,-10.999,,0.092,0.258,2026-03-01,00Z-ECE,GWUS
2026-03-09,9.47,-11.949,,-0.206,-0.218,2026-03-01,00Z-ECE,GWUS
2026-03-10,9.677,-11.358,,-0.525,-0.586,2026-03-01,00Z-ECE,GWUS
2026-03-11,12.724,-8.113,,-0.313,-0.36,2026-03-01,00Z-ECE,GWUS
2026-03-12,17.828,-2.452,,0.995,1.172,2026-03-01,00Z-ECE,GWUS
2026-03-13,20.444,0.668,,1.183,1.497,2026-03-01,00Z-ECE,GWUS
2026-03-14,19.809,0.314,,0.382,,2026-03-01,00Z-ECE,GWUS
2026-03-02,22.005,-3.335,-0.354,-0.227,-0.385,2026-03-02,00Z-ECE,GWUS
2026-03-03,17.636,-7.098,-0.156,0.153,0.154,2026-03-02,00Z-ECE,GWUS
2026-03-04,13.313,-10.117,-0.232,-0.185,-0.179,2026-03-02,00Z-ECE,GWUS
2026-03-05,12.647,-10.264,0.151,0.371,0.514,2026-03-02,00Z-ECE,GWUS
2026-03-06,12.168,-9.9,-0.643,0.014,0.913,2026-03-02,00Z-ECE,GWUS
2026-03-07,10.948,-10.554,,-0.488,-0.134,2026-03-02,00Z-ECE,GWUS
2026-03-08,9.875,-11.601,,-0.546,-0.602,2026-03-02,00Z-ECE,GWUS
2026-03-09,9.171,-12.248,,-0.347,-0.299,2026-03-02,00Z-ECE,GWUS
2026-03-10,9.829,-11.206,,-0.336,0.152,2026-03-02,00Z-ECE,GWUS
2026-03-11,13.029,-7.808,,-0.291,0.304,2026-03-02,00Z-ECE,GWUS
2026-03-12,18.556,-1.724,,0.328,0.728,2026-03-02,00Z-ECE,GWUS
2026-03-13,19.899,0.122,,-0.77,-0.546,2026-03-02,00Z-ECE,GWUS
2026-03-14,19.372,-0.123,,-0.931,-0.437,2026-03-02,00Z-ECE,GWUS
2026-03-15,19.457,-0.038,,-0.822,,2026-03-02,00Z-ECE,GWUS
2026-03-03,17.927,-6.885,-0.17,0.295,0.29,2026-03-03,00Z-ECE,GWUS
2026-03-04,14.018,-9.412,-0.003,0.306,0.705,2026-03-03,00Z-ECE,GWUS
2026-03-05,13.396,-9.515,-0.083,0.146,0.749,2026-03-03,00Z-ECE,GWUS
2026-03-06,12.574,-9.495,-0.469,-0.057,0.405,2026-03-03,00Z-ECE,GWUS
2026-03-07,11.246,-10.255,-0.331,-0.032,0.299,2026-03-03,00Z-ECE,GWUS
2026-03-08,10.011,-11.465,,-0.019,0.136,2026-03-03,00Z-ECE,GWUS
2026-03-09,9.762,-11.657,,-0.038,0.591,2026-03-03,00Z-ECE,GWUS
2026-03-10,10.388,-10.647,,-0.19,0.558,2026-03-03,00Z-ECE,GWUS
2026-03-11,13.968,-6.87,,0.313,0.939,2026-03-03,00Z-ECE,GWUS
2026-03-12,20.001,-0.279,,0.552,1.445,2026-03-03,00Z-ECE,GWUS
2026-03-13,20.891,1.114,,0.912,0.992,2026-03-03,00Z-ECE,GWUS
2026-03-14,20.443,0.949,,1.137,1.072,2026-03-03,00Z-ECE,GWUS
2026-03-15,21.56,2.066,,2.663,2.103,2026-03-03,00Z-ECE,GWUS
2026-03-16,21.014,1.931,,1.842,,2026-03-03,00Z-ECE,GWUS
2026-03-04,14.255,-9.175,-0.204,0.272,0.237,2026-03-04,00Z-ECE,GWUS
2026-03-05,13.699,-9.212,-0.116,0.266,0.303,2026-03-04,00Z-ECE,GWUS
2026-03-06,13.171,-8.897,0.16,0.237,0.597,2026-03-04,00Z-ECE,GWUS
2026-03-07,12.224,-9.278,-0.014,-0.027,0.977,2026-03-04,00Z-ECE,GWUS
2026-03-08,10.901,-10.575,-0.357,-0.504,0.889,2026-03-04,00Z-ECE,GWUS
2026-03-09,9.822,-11.596,,-0.187,0.06,2026-03-04,00Z-ECE,GWUS
2026-03-10,9.734,-11.301,,-0.044,-0.654,2026-03-04,00Z-ECE,GWUS
2026-03-11,13.566,-7.271,,-0.542,-0.401,2026-03-04,00Z-ECE,GWUS
2026-03-12,19.491,-0.789,,-1.149,-0.51,2026-03-04,00Z-ECE,GWUS
2026-03-13,18.455,-1.322,,-1.79,-2.436,2026-03-04,00Z-ECE,GWUS
2026-03-14,18.0,-1.495,,-0.962,-2.444,2026-03-04,00Z-ECE,GWUS
2026-03-15,18.678,-0.817,,-1.536,-2.882,2026-03-04,00Z-ECE,GWUS
2026-03-16,19.92,0.836,,-1.742,-1.095,2026-03-04,00Z-ECE,GWUS
2026-03-17,21.931,3.212,,-0.491,,2026-03-04,00Z-ECE,GWUS
2026-03-05,13.837,-9.074,-0.186,0.15,0.138,2026-03-05,00Z-ECE,GWUS
2026-03-06,13.309,-8.759,0.019,0.203,0.138,2026-03-05,00Z-ECE,GWUS
2026-03-07,12.335,-9.167,0.073,-0.026,0.111,2026-03-05,00Z-ECE,GWUS
2026-03-08,10.926,-10.55,-0.112,-0.202,0.025,2026-03-05,00Z-ECE,GWUS
2026-03-09,9.655,-11.764,-0.107,-0.186,-0.168,2026-03-05,00Z-ECE,GWUS
2026-03-10,9.318,-11.717,,-0.143,-0.417,2026-03-05,00Z-ECE,GWUS
2026-03-11,12.282,-8.555,,-0.413,-1.284,2026-03-05,00Z-ECE,GWUS
2026-03-12,17.818,-2.462,,-0.524,-1.673,2026-03-05,00Z-ECE,GWUS
2026-03-13,17.9,-1.877,,-0.179,-0.556,2026-03-05,00Z-ECE,GWUS
2026-03-14,16.671,-2.824,,-0.536,-1.329,2026-03-05,00Z-ECE,GWUS
2026-03-15,17.601,-1.893,,-0.378,-1.077,2026-03-05,00Z-ECE,GWUS
2026-03-16,20.707,1.624,,-0.209,0.788,2026-03-05,00Z-ECE,GWUS
2026-03-17,22.651,3.931,,-0.154,0.719,2026-03-05,00Z-ECE,GWUS
2026-03-18,21.69,3.044,,0.9,,2026-03-05,00Z-ECE,GWUS
2026-03-06,13.175,-8.893,-0.181,-0.159,-0.134,2026-03-06,00Z-ECE,GWUS
2026-03-07,12.516,-8.986,0.073,0.133,0.181,2026-03-06,00Z-ECE,GWUS
2026-03-08,10.795,-10.681,-0.23,-0.123,-0.13,2026-03-06,00Z-ECE,GWUS
2026-03-09,10.125,-11.294,-0.003,0.115,0.47,2026-03-06,00Z-ECE,GWUS
2026-03-10,9.981,-11.054,0.359,0.174,0.663,2026-03-06,00Z-ECE,GWUS
2026-03-11,12.18,-8.657,,0.057,-0.103,2026-03-06,00Z-ECE,GWUS
2026-03-12,15.876,-4.404,,-0.763,-1.942,2026-03-06,00Z-ECE,GWUS
2026-03-13,15.178,-4.599,,-0.952,-2.625,2026-03-06,00Z-ECE,GWUS
2026-03-14,14.677,-4.818,,-0.967,-1.994,2026-03-06,00Z-ECE,GWUS
2026-03-15,17.22,-2.275,,-0.009,-0.381,2026-03-06,00Z-ECE,GWUS
2026-03-16,20.492,1.408,,-0.124,-0.216,2026-03-06,00Z-ECE,GWUS
2026-03-17,21.17,2.451,,-1.637,-1.48,2026-03-06,00Z-ECE,GWUS
2026-03-18,20.331,1.685,,-1.785,-1.359,2026-03-06,00Z-ECE,GWUS
2026-03-19,18.515,-0.156,,-2.07,,2026-03-06,00Z-ECE,GWUS
2026-03-07,12.627,-8.875,-0.123,0.077,0.111,2026-03-07,00Z-ECE,GWUS
2026-03-08,11.168,-10.308,-0.177,0.095,0.373,2026-03-07,00Z-ECE,GWUS
2026-03-09,10.243,-11.175,-0.08,0.038,0.119,2026-03-07,00Z-ECE,GWUS
2026-03-10,9.779,-11.256,-0.016,-0.049,-0.202,2026-03-07,00Z-ECE,GWUS
2026-03-11,12.239,-8.598,0.363,-0.284,0.059,2026-03-07,00Z-ECE,GWUS
2026-03-12,17.925,-2.355,,0.138,2.049,2026-03-07,00Z-ECE,GWUS
2026-03-13,17.837,-1.939,,0.777,2.724,2026-03-07,00Z-ECE,GWUS
2026-03-14,16.934,-2.561,,1.124,2.257,2026-03-07,00Z-ECE,GWUS
2026-03-15,17.402,-2.093,,-0.782,0.182,2026-03-07,00Z-ECE,GWUS
2026-03-16,21.383,2.3,,-0.897,0.891,2026-03-07,00Z-ECE,GWUS
2026-03-17,23.011,4.292,,-0.172,1.841,2026-03-07,00Z-ECE,GWUS
2026-03-18,21.164,2.518,,-0.294,0.834,2026-03-07,00Z-ECE,GWUS
2026-03-19,18.577,-0.095,,-0.141,0.061,2026-03-07,00Z-ECE,GWUS
2026-03-20,16.67,-2.101,,0.739,,2026-03-07,00Z-ECE,GWUS
2026-03-08,11.176,-10.3,-0.08,0.204,0.008,2026-03-08,00Z-ECE,GWUS
2026-03-09,10.263,-11.155,-0.081,0.026,0.02,2026-03-08,00Z-ECE,GWUS
2026-03-10,9.965,-11.07,0.049,0.069,0.186,2026-03-08,00Z-ECE,GWUS
2026-03-11,12.446,-8.391,-0.364,-0.536,0.207,2026-03-08,00Z-ECE,GWUS
2026-03-12,17.141,-3.139,-0.727,-1.203,-0.784,2026-03-08,00Z-ECE,GWUS
2026-03-13,16.868,-2.909,,-0.135,-0.969,2026-03-08,00Z-ECE,GWUS
2026-03-14,16.331,-3.164,,-0.319,-0.603,2026-03-08,00Z-ECE,GWUS
2026-03-15,16.741,-2.754,,0.011,-0.661,2026-03-08,00Z-ECE,GWUS
2026-03-16,20.318,1.234,,-0.215,-1.065,2026-03-08,00Z-ECE,GWUS
2026-03-17,23.735,5.015,,0.544,0.724,2026-03-08,00Z-ECE,GWUS
2026-03-18,21.052,2.406,,0.001,-0.112,2026-03-08,00Z-ECE,GWUS
2026-03-19,17.679,-0.992,,0.176,-0.897,2026-03-08,00Z-ECE,GWUS
2026-03-20,15.345,-3.426,,0.337,-1.325,2026-03-08,00Z-ECE,GWUS
2026-03-21,15.322,-3.424,,0.676,,2026-03-08,00Z-ECE,GWUS
2026-03-09,10.143,-11.276,-0.29,-0.272,-0.12,2026-03-09,00Z-ECE,GWUS
2026-03-10,9.647,-11.388,-0.16,-0.239,-0.318,2026-03-09,00Z-ECE,GWUS
2026-03-11,11.991,-8.846,-0.162,-0.247,-0.455,2026-03-09,00Z-ECE,GWUS
2026-03-12,16.387,-3.893,-0.619,-0.599,-0.753,2026-03-09,00Z-ECE,GWUS
2026-03-13,16.766,-3.011,-0.312,-0.493,-0.103,2026-03-09,00Z-ECE,GWUS
2026-03-14,15.488,-4.007,,-0.728,-0.843,2026-03-09,00Z-ECE,GWUS
2026-03-15,15.144,-4.351,,-0.925,-1.597,2026-03-09,00Z-ECE,GWUS
2026-03-16,21.161,2.078,,0.732,0.844,2026-03-09,00Z-ECE,GWUS
2026-03-17,23.922,5.203,,-0.14,0.188,2026-03-09,00Z-ECE,GWUS
2026-03-18,19.912,1.265,,-2.686,-1.141,2026-03-09,00Z-ECE,GWUS
2026-03-19,16.379,-2.292,,-3.781,-1.3,2026-03-09,00Z-ECE,GWUS
2026-03-20,15.137,-3.633,,-2.761,-0.208,2026-03-09,00Z-ECE,GWUS
2026-03-21,16.003,-2.744,,-1.079,0.681,2026-03-09,00Z-ECE,GWUS
2026-03-22,16.017,-2.437,,-0.733,,2026-03-09,00Z-ECE,GWUS
2026-03-10,9.709,-11.326,-0.003,-0.04,0.063,2026-03-10,00Z-ECE,GWUS
2026-03-11,12.425,-8.412,0.13,0.272,0.434,2026-03-10,00Z-ECE,GWUS
2026-03-12,16.833,-3.447,0.238,0.182,0.446,2026-03-10,00Z-ECE,GWUS
2026-03-13,16.908,-2.869,0.18,0.275,0.142,2026-03-10,00Z-ECE,GWUS
2026-03-14,16.664,-2.831,0.803,0.724,1.176,2026-03-10,00Z-ECE,GWUS
2026-03-15,15.33,-4.164,,-0.212,0.187,2026-03-10,00Z-ECE,GWUS
2026-03-16,21.125,2.041,,0.153,-0.037,2026-03-10,00Z-ECE,GWUS
2026-03-17,24.894,6.175,,0.52,0.972,2026-03-10,00Z-ECE,GWUS
2026-03-18,20.567,1.921,,-0.223,0.656,2026-03-10,00Z-ECE,GWUS
2026-03-19,15.621,-3.05,,-0.906,-0.758,2026-03-10,00Z-ECE,GWUS
2026-03-20,13.02,-5.751,,-1.254,-2.118,2026-03-10,00Z-ECE,GWUS
2026-03-21,13.077,-5.669,,-2.421,-2.926,2026-03-10,00Z-ECE,GWUS
2026-03-22,14.419,-4.035,,-1.907,-1.599,2026-03-10,00Z-ECE,GWUS
2026-03-23,14.526,-3.285,,-1.576,,2026-03-10,00Z-ECE,GWUS
2026-03-11,12.408,-8.429,-0.146,-0.077,-0.017,2026-03-11,00Z-ECE,GWUS
2026-03-12,17.632,-2.647,0.155,0.531,0.799,2026-03-11,00Z-ECE,GWUS
2026-03-13,17.823,-1.953,0.332,0.695,0.915,2026-03-11,00Z-ECE,GWUS
2026-03-14,17.46,-2.034,0.311,0.628,0.797,2026-03-11,00Z-ECE,GWUS
2026-03-15,16.172,-3.323,0.228,0.726,0.841,2026-03-11,00Z-ECE,GWUS
2026-03-16,20.333,1.249,,0.087,-0.792,2026-03-11,00Z-ECE,GWUS
2026-03-17,24.697,5.977,,0.611,-0.198,2026-03-11,00Z-ECE,GWUS
2026-03-18,21.973,3.327,,1.519,1.406,2026-03-11,00Z-ECE,GWUS
2026-03-19,17.584,-1.087,,1.732,1.963,2026-03-11,00Z-ECE,GWUS
2026-03-20,14.568,-4.203,,0.736,1.548,2026-03-11,00Z-ECE,GWUS
2026-03-21,14.004,-4.742,,-0.309,0.927,2026-03-11,00Z-ECE,GWUS
2026-03-22,14.584,-3.871,,-0.56,0.165,2026-03-11,00Z-ECE,GWUS
2026-03-23,15.368,-2.443,,-0.331,0.842,2026-03-11,00Z-ECE,GWUS
2026-03-24,15.694,-2.126,,-0.23,,2026-03-11,00Z-ECE,GWUS
2026-03-12,17.898,-2.382,-0.249,-0.248,0.265,2026-03-12,00Z-ECE,GWUS
2026-03-13,17.961,-1.816,-0.236,-0.522,0.138,2026-03-12,00Z-ECE,GWUS
2026-03-14,17.449,-2.045,0.145,0.435,-0.011,2026-03-12,00Z-ECE,GWUS
2026-03-15,17.057,-2.438,0.803,0.344,0.855,2026-03-12,00Z-ECE,GWUS
2026-03-16,22.06,2.977,1.005,0.756,1.728,2026-03-12,00Z-ECE,GWUS
2026-03-17,26.762,8.042,,1.157,2.065,2026-03-12,00Z-ECE,GWUS
2026-03-18,21.827,3.181,,0.565,-0.146,2026-03-12,00Z-ECE,GWUS
2026-03-19,15.417,-3.255,,-0.592,-2.167,2026-03-12,00Z-ECE,GWUS
2026-03-20,12.286,-6.485,,-0.723,-2.282,2026-03-12,00Z-ECE,GWUS
2026-03-21,13.605,-5.141,,-0.107,-0.399,2026-03-12,00Z-ECE,GWUS
2026-03-22,15.616,-2.839,,0.08,1.032,2026-03-12,00Z-ECE,GWUS
2026-03-23,16.056,-1.755,,0.181,0.688,2026-03-12,00Z-ECE,GWUS
2026-03-24,16.279,-1.542,,0.52,0.585,2026-03-12,00Z-ECE,GWUS
2026-03-25,16.199,-1.575,,0.336,,2026-03-12,00Z-ECE,GWUS
2026-03-13,17.877,-1.9,-0.313,-0.312,-0.084,2026-03-13,00Z-ECE,GWUS
2026-03-14,17.158,-2.337,-0.077,-0.137,-0.292,2026-03-13,00Z-ECE,GWUS
2026-03-15,16.759,-2.736,0.19,-0.042,-0.299,2026-03-13,00Z-ECE,GWUS
2026-03-16,22.055,2.972,-0.058,0.304,-0.005,2026-03-13,00Z-ECE,GWUS
2026-03-17,27.01,8.29,-0.409,0.655,0.248,2026-03-13,00Z-ECE,GWUS
2026-03-18,21.003,2.357,,0.049,-0.824,2026-03-13,00Z-ECE,GWUS
2026-03-19,15.133,-3.539,,-0.133,-0.284,2026-03-13,00Z-ECE,GWUS
2026-03-20,12.995,-5.776,,0.448,0.709,2026-03-13,00Z-ECE,GWUS
2026-03-21,12.629,-6.118,,-0.461,-0.977,2026-03-13,00Z-ECE,GWUS
2026-03-22,14.783,-3.671,,-0.627,-0.833,2026-03-13,00Z-ECE,GWUS
2026-03-23,15.846,-1.966,,0.192,-0.21,2026-03-13,00Z-ECE,GWUS
2026-03-24,14.883,-2.938,,-1.277,-1.451,2026-03-13,00Z-ECE,GWUS
2026-03-25,14.368,-3.406,,-1.464,-1.843,2026-03-13,00Z-ECE,GWUS
2026-03-26,14.76,-2.312,,-1.263,,2026-03-13,00Z-ECE,GWUS
2026-03-14,17.2,-2.295,-0.165,-0.177,0.042,2026-03-14,00Z-ECE,GWUS
2026-03-15,16.856,-2.638,-0.017,-0.052,0.098,2026-03-14,00Z-ECE,GWUS
2026-03-16,22.338,3.254,0.125,-0.111,0.282,2026-03-14,00Z-ECE,GWUS
2026-03-17,27.526,8.806,-0.004,0.112,0.516,2026-03-14,00Z-ECE,GWUS
2026-03-18,21.703,3.057,-0.608,0.062,0.701,2026-03-14,00Z-ECE,GWUS
2026-03-19,15.193,-3.479,,-0.147,0.06,2026-03-14,00Z-ECE,GWUS
2026-03-20,12.935,-5.836,,0.11,-0.06,2026-03-14,00Z-ECE,GWUS
2026-03-21,13.259,-5.487,,0.459,0.631,2026-03-14,00Z-ECE,GWUS
2026-03-22,15.738,-2.716,,-0.54,0.955,2026-03-14,00Z-ECE,GWUS
2026-03-23,16.044,-1.768,,-0.664,0.198,2026-03-14,00Z-ECE,GWUS
2026-03-24,15.846,-1.975,,0.12,1.003,2026-03-14,00Z-ECE,GWUS
2026-03-25,15.551,-2.223,,-0.269,1.066,2026-03-14,00Z-ECE,GWUS
2026-03-26,15.954,-1.118,,-0.574,1.193,2026-03-14,00Z-ECE,GWUS
2026-03-27,16.938,0.517,,-0.756,,2026-03-14,00Z-ECE,GWUS
2026-03-15,16.469,-3.026,-0.215,-0.282,-0.388,2026-03-15,00Z-ECE,GWUS
2026-03-16,21.955,2.871,-0.208,-0.311,-0.383,2026-03-15,00Z-ECE,GWUS
2026-03-17,27.54,8.82,-0.099,0.041,0.014,2026-03-15,00Z-ECE,GWUS
2026-03-18,22.124,3.478,-0.263,0.279,0.421,2026-03-15,00Z-ECE,GWUS
2026-03-19,15.65,-3.021,0.146,0.485,0.457,2026-03-15,00Z-ECE,GWUS
2026-03-20,13.441,-5.33,,0.668,0.506,2026-03-15,00Z-ECE,GWUS
2026-03-21,13.666,-5.081,,-0.168,0.407,2026-03-15,00Z-ECE,GWUS
2026-03-22,17.609,-0.845,,0.81,1.871,2026-03-15,00Z-ECE,GWUS
2026-03-23,17.656,-0.156,,0.477,1.612,2026-03-15,00Z-ECE,GWUS
2026-03-24,16.63,-1.191,,0.133,0.783,2026-03-15,00Z-ECE,GWUS
2026-03-25,15.672,-2.102,,0.486,0.121,2026-03-15,00Z-ECE,GWUS
2026-03-26,16.024,-1.048,,-0.23,0.07,2026-03-15,00Z-ECE,GWUS
2026-03-27,17.381,0.961,,-0.482,0.443,2026-03-15,00Z-ECE,GWUS
2026-03-28,17.026,0.956,,-0.5,,2026-03-15,00Z-ECE,GWUS
2026-03-16,22.294,3.21,0.08,0.243,0.339,2026-03-16,00Z-ECE,GWUS
2026-03-17,27.786,9.066,-0.062,0.105,0.246,2026-03-16,00Z-ECE,GWUS
2026-03-18,22.12,3.474,-0.29,-0.255,-0.004,2026-03-16,00Z-ECE,GWUS
2026-03-19,15.96,-2.711,-0.074,-0.026,0.31,2026-03-16,00Z-ECE,GWUS
2026-03-20,13.466,-5.305,-0.537,-0.088,0.025,2026-03-16,00Z-ECE,GWUS
2026-03-21,12.561,-6.185,,-0.44,-1.105,2026-03-16,00Z-ECE,GWUS
2026-03-22,15.473,-2.981,,-0.816,-2.136,2026-03-16,00Z-ECE,GWUS
2026-03-23,17.662,-0.15,,-1.052,0.006,2026-03-16,00Z-ECE,GWUS
2026-03-24,16.754,-1.067,,-1.102,0.125,2026-03-16,00Z-ECE,GWUS
2026-03-25,15.011,-2.763,,-1.185,-0.661,2026-03-16,00Z-ECE,GWUS
2026-03-26,15.341,-1.731,,-1.04,-0.683,2026-03-16,00Z-ECE,GWUS
2026-03-27,17.707,1.286,,-0.358,0.325,2026-03-16,00Z-ECE,GWUS
2026-03-28,17.394,1.324,,-0.105,0.499,2026-03-16,00Z-ECE,GWUS
2026-03-29,14.852,-1.023,,-0.559,,2026-03-16,00Z-ECE,GWUS
2026-03-17,28.075,9.356,-0.039,-0.316,0.29,2026-03-17,00Z-ECE,GWUS
2026-03-18,22.404,3.758,-0.031,-0.069,0.284,2026-03-17,00Z-ECE,GWUS
2026-03-19,16.557,-2.115,0.108,0.189,0.597,2026-03-17,00Z-ECE,GWUS
2026-03-20,13.944,-4.827,0.475,0.412,0.478,2026-03-17,00Z-ECE,GWUS
2026-03-21,11.687,-7.059,-0.054,-0.263,-0.874,2026-03-17,00Z-ECE,GWUS
2026-03-22,14.422,-4.032,,-0.178,-1.051,2026-03-17,00Z-ECE,GWUS
2026-03-23,18.284,0.472,,0.364,0.622,2026-03-17,00Z-ECE,GWUS
2026-03-24,17.232,-0.588,,0.017,0.478,2026-03-17,00Z-ECE,GWUS
2026-03-25,13.755,-4.02,,-1.07,-1.256,2026-03-17,00Z-ECE,GWUS
2026-03-26,12.219,-4.854,,-1.243,-3.122,2026-03-17,00Z-ECE,GWUS
2026-03-27,15.389,-1.032,,-0.534,-2.243,2026-03-17,00Z-ECE,GWUS
2026-03-28,17.352,1.282,,0.226,-0.06,2026-03-17,00Z-ECE,GWUS
2026-03-29,15.794,-0.082,,0.673,0.941,2026-03-17,00Z-ECE,GWUS
2026-03-30,14.745,-1.275,,0.676,,2026-03-17,00Z-ECE,GWUS
2026-03-18,22.329,3.682,-0.236,-0.298,-0.075,2026-03-18,00Z-ECE,GWUS
2026-03-19,16.342,-2.33,-0.203,-0.257,-0.215,2026-03-18,00Z-ECE,GWUS
2026-03-20,13.021,-5.75,-0.248,-0.088,-0.923,2026-03-18,00Z-ECE,GWUS
2026-03-21,10.615,-8.131,-0.21,-0.521,-1.072,2026-03-18,00Z-ECE,GWUS
2026-03-22,13.035,-5.419,-0.346,-1.264,-1.386,2026-03-18,00Z-ECE,GWUS
2026-03-23,17.504,-0.307,,-0.733,-0.78,2026-03-18,00Z-ECE,GWUS
2026-03-24,15.904,-1.917,,-0.595,-1.328,2026-03-18,00Z-ECE,GWUS
2026-03-25,13.838,-3.936,,0.442,0.083,2026-03-18,00Z-ECE,GWUS
2026-03-26,13.536,-3.536,,0.559,1.318,2026-03-18,00Z-ECE,GWUS
2026-03-27,14.704,-1.716,,-0.513,-0.676,2026-03-18,00Z-ECE,GWUS
2026-03-28,16.412,0.342,,-0.458,-0.94,2026-03-18,00Z-ECE,GWUS
2026-03-29,15.247,-0.629,,-0.79,-0.547,2026-03-18,00Z-ECE,GWUS
2026-03-30,13.932,-2.088,,-0.864,-0.813,2026-03-18,00Z-ECE,GWUS
2026-03-31,13.457,-2.476,,-1.099,,2026-03-18,00Z-ECE,GWUS
2026-03-19,15.58,-3.092,-0.526,-0.683,-0.762,2026-03-19,00Z-ECE,GWUS
2026-03-20,12.134,-6.637,-0.397,-0.541,-0.886,2026-03-19,00Z-ECE,GWUS
2026-03-21,11.478,-7.269,0.373,0.503,0.862,2026-03-19,00Z-ECE,GWUS
2026-03-22,11.981,-6.473,0.291,-0.212,-1.054,2026-03-19,00Z-ECE,GWUS
2026-03-23,16.041,-1.77,-0.217,-0.576,-1.463,2026-03-19,00Z-ECE,GWUS
2026-03-24,16.466,-1.355,,-0.155,0.561,2026-03-19,00Z-ECE,GWUS
2026-03-25,14.41,-3.364,,-0.052,0.572,2026-03-19,00Z-ECE,GWUS
2026-03-26,13.096,-3.976,,-0.036,-0.44,2026-03-19,00Z-ECE,GWUS
2026-03-27,15.481,-0.939,,-0.271,0.777,2026-03-19,00Z-ECE,GWUS
2026-03-28,17.745,1.675,,-0.02,1.333,2026-03-19,00Z-ECE,GWUS
2026-03-29,15.814,-0.062,,-0.324,0.567,2026-03-19,00Z-ECE,GWUS
2026-03-30,14.634,-1.386,,-0.255,0.702,2026-03-19,00Z-ECE,GWUS
2026-03-31,13.194,-2.739,,-0.898,-0.263,2026-03-19,00Z-ECE,GWUS
2026-04-01,12.691,-2.882,,-0.57,,2026-03-19,00Z-ECE,GWUS
2026-03-20,11.77,-7.001,-0.213,-0.279,-0.365,2026-03-20,00Z-ECE,GWUS
2026-03-21,11.585,-7.161,-0.016,-0.489,0.108,2026-03-20,00Z-ECE,GWUS
2026-03-22,11.233,-7.221,-0.334,-0.315,-0.748,2026-03-20,00Z-ECE,GWUS
2026-03-23,14.929,-2.882,-0.662,-0.246,-1.112,2026-03-20,00Z-ECE,GWUS
2026-03-24,16.036,-1.784,-0.043,0.076,-0.429,2026-03-20,00Z-ECE,GWUS
2026-03-25,16.22,-1.554,,1.977,1.81,2026-03-20,00Z-ECE,GWUS
2026-03-26,16.786,-0.286,,3.403,3.69,2026-03-20,00Z-ECE,GWUS
2026-03-27,16.256,-0.165,,1.407,0.775,2026-03-20,00Z-ECE,GWUS
2026-03-28,18.896,2.827,,1.101,1.151,2026-03-20,00Z-ECE,GWUS
2026-03-29,16.114,0.238,,-0.515,0.3,2026-03-20,00Z-ECE,GWUS
2026-03-30,13.309,-2.711,,-2.424,-1.326,2026-03-20,00Z-ECE,GWUS
2026-03-31,12.573,-3.36,,-2.7,-0.621,2026-03-20,00Z-ECE,GWUS
2026-04-01,12.123,-3.451,,-1.182,-0.568,2026-03-20,00Z-ECE,GWUS
2026-04-02,11.879,-3.144,,-0.638,,2026-03-20,00Z-ECE,GWUS
2026-03-21,11.581,-7.165,-0.005,0.062,-0.004,2026-03-21,00Z-ECE,GWUS
2026-03-22,11.626,-6.828,0.007,0.112,0.393,2026-03-21,00Z-ECE,GWUS
2026-03-23,15.637,-2.174,-0.147,-0.418,0.708,2026-03-21,00Z-ECE,GWUS
2026-03-24,15.745,-2.076,-0.09,-0.247,-0.291,2026-03-21,00Z-ECE,GWUS
2026-03-25,13.788,-3.986,-0.205,-0.373,-2.432,2026-03-21,00Z-ECE,GWUS
2026-03-26,13.128,-3.944,,-0.492,-3.658,2026-03-21,00Z-ECE,GWUS
2026-03-27,14.511,-1.909,,-0.467,-1.745,2026-03-21,00Z-ECE,GWUS
2026-03-28,16.736,0.667,,-0.9,-2.16,2026-03-21,00Z-ECE,GWUS
2026-03-29,14.522,-1.353,,-1.427,-1.592,2026-03-21,00Z-ECE,GWUS
2026-03-30,12.406,-3.614,,-0.894,-0.902,2026-03-21,00Z-ECE,GWUS
2026-03-31,12.139,-3.794,,0.284,-0.434,2026-03-21,00Z-ECE,GWUS
2026-04-01,12.265,-3.308,,0.56,0.074,2026-03-21,00Z-ECE,GWUS
2026-04-02,12.037,-2.986,,-0.289,0.158,2026-03-21,00Z-ECE,GWUS
2026-04-03,12.189,-3.468,,-0.481,,2026-03-21,00Z-ECE,GWUS
2026-03-22,11.703,-6.752,0.171,0.386,0.076,2026-03-22,00Z-ECE,GWUS
2026-03-23,15.842,-1.969,0.254,0.229,0.205,2026-03-22,00Z-ECE,GWUS
2026-03-24,15.692,-2.129,0.415,0.319,-0.053,2026-03-22,00Z-ECE,GWUS
2026-03-25,12.727,-5.047,-0.174,-0.325,-1.061,2026-03-22,00Z-ECE,GWUS
2026-03-26,11.929,-5.143,-0.01,-0.365,-1.242,2026-03-22,00Z-ECE,GWUS
2026-03-27,15.288,-1.132,,0.087,0.777,2026-03-22,00Z-ECE,GWUS
2026-03-28,17.626,1.556,,0.378,0.89,2026-03-22,00Z-ECE,GWUS
2026-03-29,14.245,-1.631,,0.027,-0.278,2026-03-22,00Z-ECE,GWUS
2026-03-30,11.519,-4.501,,0.034,-0.887,2026-03-22,00Z-ECE,GWUS
2026-03-31,10.751,-5.182,,-0.469,-1.388,2026-03-22,00Z-ECE,GWUS
2026-04-01,10.567,-5.007,,-1.171,-1.698,2026-03-22,00Z-ECE,GWUS
2026-04-02,11.485,-3.538,,-0.367,-0.552,2026-03-22,00Z-ECE,GWUS
2026-04-03,12.244,-3.414,,0.287,0.055,2026-03-22,00Z-ECE,GWUS
2026-04-04,12.22,-3.873,,0.399,,2026-03-22,00Z-ECE,GWUS
2026-03-23,16.146,-1.665,0.064,0.217,0.304,2026-03-23,00Z-ECE,GWUS
2026-03-24,16.222,-1.599,0.066,0.101,0.53,2026-03-23,00Z-ECE,GWUS
2026-03-25,12.705,-5.069,-0.118,-0.126,-0.021,2026-03-23,00Z-ECE,GWUS
2026-03-26,10.123,-6.949,-0.506,-0.64,-1.791,2026-03-23,00Z-ECE,GWUS
2026-03-27,14.92,-1.501,0.034,0.018,-0.368,2026-03-23,00Z-ECE,GWUS
2026-03-28,17.834,1.764,,0.131,0.207,2026-03-23,00Z-ECE,GWUS
2026-03-29,14.852,-1.023,,-0.059,0.608,2026-03-23,00Z-ECE,GWUS
2026-03-30,12.184,-3.836,,0.274,0.668,2026-03-23,00Z-ECE,GWUS
2026-03-31,12.433,-3.5,,1.497,1.682,2026-03-23,00Z-ECE,GWUS
2026-04-01,11.693,-3.88,,1.221,1.126,2026-03-23,00Z-ECE,GWUS
2026-04-02,11.82,-3.202,,0.077,0.335,2026-03-23,00Z-ECE,GWUS
2026-04-03,12.316,-3.342,,-1.096,0.072,2026-03-23,00Z-ECE,GWUS
2026-04-04,11.652,-4.441,,-1.076,-0.568,2026-03-23,00Z-ECE,GWUS
2026-04-05,10.688,-4.477,,-0.341,,2026-03-23,00Z-ECE,GWUS
2026-03-24,15.851,-1.97,-0.284,-0.279,-0.371,2026-03-24,00Z-ECE,GWUS
2026-03-25,12.609,-5.165,-0.089,-0.112,-0.097,2026-03-24,00Z-ECE,GWUS
2026-03-26,9.762,-7.31,-0.136,-0.147,-0.361,2026-03-24,00Z-ECE,GWUS
2026-03-27,14.941,-1.479,-0.301,-0.134,0.021,2026-03-24,00Z-ECE,GWUS
2026-03-28,18.279,2.209,0.2,0.474,0.445,2026-03-24,00Z-ECE,GWUS
2026-03-29,14.69,-1.186,,0.7,-0.162,2026-03-24,00Z-ECE,GWUS
2026-03-30,11.182,-4.838,,-0.046,-0.966,2026-03-24,00Z-ECE,GWUS
2026-03-31,12.003,-3.929,,0.198,-0.43,2026-03-24,00Z-ECE,GWUS
2026-04-01,12.532,-3.041,,1.213,0.839,2026-03-24,00Z-ECE,GWUS
2026-04-02,12.413,-2.61,,0.77,0.593,2026-03-24,00Z-ECE,GWUS
2026-04-03,11.954,-3.703,,-0.462,-0.361,2026-03-24,00Z-ECE,GWUS
2026-04-04,11.198,-4.895,,-0.721,-0.453,2026-03-24,00Z-ECE,GWUS
2026-04-05,10.496,-4.668,,-0.739,-0.254,2026-03-24,00Z-ECE,GWUS
2026-04-06,10.856,-3.69,,-0.303,,2026-03-24,00Z-ECE,GWUS
2026-03-25,12.483,-5.291,-0.124,-0.043,-0.126,2026-03-25,00Z-ECE,GWUS
2026-03-26,9.816,-7.256,0.029,0.007,0.054,2026-03-25,00Z-ECE,GWUS
2026-03-27,14.703,-1.718,-0.12,-0.346,-0.238,2026-03-25,00Z-ECE,GWUS
2026-03-28,18.234,2.164,0.129,-0.119,-0.045,2026-03-25,00Z-ECE,GWUS
2026-03-29,13.549,-2.326,-0.239,-0.673,-1.14,2026-03-25,00Z-ECE,GWUS
2026-03-30,9.922,-6.099,,-0.613,-1.26,2026-03-25,00Z-ECE,GWUS
2026-03-31,10.811,-5.122,,-0.648,-1.192,2026-03-25,00Z-ECE,GWUS
2026-04-01,11.708,-3.865,,-0.514,-0.824,2026-03-25,00Z-ECE,GWUS
2026-04-02,11.992,-3.031,,-0.367,-0.421,2026-03-25,00Z-ECE,GWUS
2026-04-03,11.595,-4.062,,-0.042,-0.359,2026-03-25,00Z-ECE,GWUS
2026-04-04,11.09,-5.003,,0.312,-0.109,2026-03-25,00Z-ECE,GWUS
2026-04-05,11.017,-4.147,,0.422,0.521,2026-03-25,00Z-ECE,GWUS
2026-04-06,12.039,-2.507,,0.616,1.214,2026-03-25,00Z-ECE,GWUS
2026-04-07,12.459,-2.09,,0.433,,2026-03-25,00Z-ECE,GWUS
2026-03-26,9.702,-7.37,-0.034,-0.035,-0.114,2026-03-26,00Z-ECE,GWUS
2026-03-27,14.833,-1.588,-0.059,0.047,0.13,2026-03-26,00Z-ECE,GWUS
2026-03-28,18.101,2.031,0.057,0.088,-0.133,2026-03-26,00Z-ECE,GWUS
2026-03-29,12.902,-2.973,0.024,-0.061,-0.647,2026-03-26,00Z-ECE,GWUS
2026-03-30,9.39,-6.63,0.156,-0.258,-0.531,2026-03-26,00Z-ECE,GWUS
2026-03-31,8.798,-7.135,,-1.412,-2.013,2026-03-26,00Z-ECE,GWUS
2026-04-01,10.544,-5.029,,-0.328,-1.164,2026-03-26,00Z-ECE,GWUS
2026-04-02,12.493,-2.53,,0.968,0.501,2026-03-26,00Z-ECE,GWUS
2026-04-03,12.32,-3.337,,0.545,0.725,2026-03-26,00Z-ECE,GWUS
2026-04-04,11.436,-4.657,,-0.158,0.346,2026-03-26,00Z-ECE,GWUS
2026-04-05,11.264,-3.901,,0.024,0.247,2026-03-26,00Z-ECE,GWUS
2026-04-06,13.026,-1.52,,1.242,0.966,2026-03-26,00Z-ECE,GWUS
2026-04-07,13.916,-0.633,,1.492,1.457,2026-03-26,00Z-ECE,GWUS
2026-04-08,13.031,-1.774,,0.898,,2026-03-26,00Z-ECE,GWUS
2026-03-27,15.418,-1.003,0.237,0.384,0.585,2026-03-27,00Z-ECE,GWUS
2026-03-28,18.526,2.456,0.314,0.359,0.425,2026-03-27,00Z-ECE,GWUS
2026-03-29,13.289,-2.586,0.28,0.412,0.387,2026-03-27,00Z-ECE,GWUS
2026-03-30,8.881,-7.139,-0.33,-0.106,-0.509,2026-03-27,00Z-ECE,GWUS
2026-03-31,8.73,-7.203,0.35,0.107,-0.068,2026-03-27,00Z-ECE,GWUS
2026-04-01,11.667,-3.906,,1.17,1.123,2026-03-27,00Z-ECE,GWUS
2026-04-02,14.427,-0.596,,1.119,1.894,2026-03-27,00Z-ECE,GWUS
2026-04-03,12.823,-2.834,,0.266,0.503,2026-03-27,00Z-ECE,GWUS
2026-04-04,10.835,-5.258,,-0.42,-0.601,2026-03-27,00Z-ECE,GWUS
2026-04-05,10.792,-4.372,,-0.627,-0.472,2026-03-27,00Z-ECE,GWUS
2026-04-06,13.214,-1.332,,-0.545,0.198,2026-03-27,00Z-ECE,GWUS
2026-04-07,14.85,0.302,,-0.619,0.935,2026-03-27,00Z-ECE,GWUS
2026-04-08,14.284,-0.521,,-0.334,1.253,2026-03-27,00Z-ECE,GWUS
2026-04-09,13.013,-1.278,,0.122,,2026-03-27,00Z-ECE,GWUS
2026-03-28,18.234,2.165,-0.258,-0.24,-0.292,2026-03-28,00Z-ECE,GWUS
2026-03-29,13.264,-2.612,-0.252,-0.242,-0.025,2026-03-28,00Z-ECE,GWUS
2026-03-30,8.166,-7.854,-0.27,-0.339,-0.715,2026-03-28,00Z-ECE,GWUS
2026-03-31,8.422,-7.51,-0.332,-0.414,-0.307,2026-03-28,00Z-ECE,GWUS
2026-04-01,12.849,-2.725,0.452,0.115,1.182,2026-03-28,00Z-ECE,GWUS
2026-04-02,15.5,0.477,,-0.263,1.09,2026-03-28,00Z-ECE,GWUS
2026-04-03,13.367,-2.291,,-0.344,0.543,2026-03-28,00Z-ECE,GWUS
2026-04-04,11.314,-4.779,,0.402,0.479,2026-03-28,00Z-ECE,GWUS
2026-04-05,11.288,-3.876,,0.611,0.496,2026-03-28,00Z-ECE,GWUS
2026-04-06,13.285,-1.261,,0.582,0.006,2026-03-28,00Z-ECE,GWUS
2026-04-07,14.542,-0.006,,0.691,-0.308,2026-03-28,00Z-ECE,GWUS
2026-04-08,13.65,-1.155,,0.507,-0.634,2026-03-28,00Z-ECE,GWUS
2026-04-09,11.935,-2.355,,-0.088,-1.078,2026-03-28,00Z-ECE,GWUS
2026-04-10,11.127,-2.529,,-0.398,,2026-03-28,00Z-ECE,GWUS
2026-03-29,13.281,-2.595,-0.3,-0.142,0.017,2026-03-29,00Z-ECE,GWUS
2026-03-30,8.263,-7.758,-0.078,0.062,0.096,2026-03-29,00Z-ECE,GWUS
2026-03-31,7.711,-8.221,-0.148,-0.401,-0.711,2026-03-29,00Z-ECE,GWUS
2026-04-01,10.912,-4.661,-0.288,-0.938,-1.936,2026-03-29,00Z-ECE,GWUS
2026-04-02,12.134,-2.889,-0.761,-2.255,-3.366,2026-03-29,00Z-ECE,GWUS
2026-04-03,10.119,-5.539,,-2.205,-3.248,2026-03-29,00Z-ECE,GWUS
2026-04-04,10.144,-5.949,,-1.072,-1.17,2026-03-29,00Z-ECE,GWUS
2026-04-05,11.436,-3.729,,-0.798,0.147,2026-03-29,00Z-ECE,GWUS
2026-04-06,12.662,-1.884,,-0.685,-0.623,2026-03-29,00Z-ECE,GWUS
2026-04-07,13.902,-0.646,,0.199,-0.64,2026-03-29,00Z-ECE,GWUS
2026-04-08,13.116,-1.689,,0.506,-0.534,2026-03-29,00Z-ECE,GWUS
2026-04-09,11.607,-2.684,,0.362,-0.329,2026-03-29,00Z-ECE,GWUS
2026-04-10,10.929,-2.727,,-0.058,-0.221,2026-03-29,00Z-ECE,GWUS
2026-04-11,11.082,-2.184,,0.27,,2026-03-29,00Z-ECE,GWUS
2026-03-30,8.018,-8.002,-0.068,-0.27,-0.245,2026-03-30,00Z-ECE,GWUS
2026-03-31,7.424,-8.509,-0.06,-0.202,-0.287,2026-03-30,00Z-ECE,GWUS
2026-04-01,10.457,-5.116,-0.089,-0.172,-0.455,2026-03-30,00Z-ECE,GWUS
2026-04-02,11.212,-3.81,-0.014,-0.101,-0.922,2026-03-30,00Z-ECE,GWUS
2026-04-03,9.531,-6.126,0.162,0.094,-0.587,2026-03-30,00Z-ECE,GWUS
2026-04-04,9.874,-6.218,,-0.45,-0.27,2026-03-30,00Z-ECE,GWUS
2026-04-05,12.195,-2.97,,-1.269,0.759,2026-03-30,00Z-ECE,GWUS
2026-04-06,14.076,-0.471,,-0.915,1.413,2026-03-30,00Z-ECE,GWUS
2026-04-07,13.85,-0.698,,-0.006,-0.052,2026-03-30,00Z-ECE,GWUS
2026-04-08,12.595,-2.21,,0.565,-0.521,2026-03-30,00Z-ECE,GWUS
2026-04-09,10.988,-3.303,,0.435,-0.619,2026-03-30,00Z-ECE,GWUS
2026-04-10,9.921,-3.735,,-0.246,-1.027,2026-03-30,00Z-ECE,GWUS
2026-04-11,9.824,-3.442,,-0.456,-1.24,2026-03-30,00Z-ECE,GWUS
2026-04-12,9.967,-3.361,,-0.608,,2026-03-30,00Z-ECE,GWUS
2026-03-31,7.414,-8.519,0.077,-0.006,-0.012,2026-03-31,00Z-ECE,GWUS
2026-04-01,9.881,-5.692,-0.133,-0.179,-0.576,2026-03-31,00Z-ECE,GWUS
2026-04-02,10.116,-4.907,-0.291,-0.354,-1.096,2026-03-31,00Z-ECE,GWUS
2026-04-03,8.795,-6.862,-0.055,-0.181,-0.736,2026-03-31,00Z-ECE,GWUS
2026-04-04,9.628,-6.465,0.059,0.13,-0.255,2026-03-31,00Z-ECE,GWUS
2026-04-05,13.049,-2.115,,1.153,0.855,2026-03-31,00Z-ECE,GWUS
2026-04-06,15.241,0.695,,0.789,1.166,2026-03-31,00Z-ECE,GWUS
2026-04-07,14.943,0.394,,-0.611,1.092,2026-03-31,00Z-ECE,GWUS
2026-04-08,14.066,-0.74,,-0.76,1.471,2026-03-31,00Z-ECE,GWUS
2026-04-09,12.309,-1.981,,-0.251,1.322,2026-03-31,00Z-ECE,GWUS
2026-04-10,10.438,-3.218,,0.417,0.517,2026-03-31,00Z-ECE,GWUS
2026-04-11,9.614,-3.653,,0.939,-0.182,2026-03-31,00Z-ECE,GWUS
2026-04-12,9.648,-3.68,,0.789,-0.319,2026-03-31,00Z-ECE,GWUS
2026-04-13,9.578,-3.591,,0.288,,2026-03-31,00Z-ECE,GWUS
2026-04-01,10.269,-5.304,0.152,0.315,0.388,2026-04-01,00Z-ECE,GWUS
2026-04-02,10.507,-4.516,0.009,0.01,0.391,2026-04-01,00Z-ECE,GWUS
2026-04-03,8.72,-6.937,0.204,-0.058,-0.075,2026-04-01,00Z-ECE,GWUS
2026-04-04,8.818,-7.275,0.071,-0.104,-0.805,2026-04-01,00Z-ECE,GWUS
2026-04-05,11.454,-3.71,-0.48,-0.378,-1.595,2026-04-01,00Z-ECE,GWUS
2026-04-06,14.185,-0.361,,-0.649,-1.057,2026-04-01,00Z-ECE,GWUS
2026-04-07,15.851,1.302,,0.188,0.908,2026-04-01,00Z-ECE,GWUS
2026-04-08,15.077,0.271,,0.833,1.011,2026-04-01,00Z-ECE,GWUS
2026-04-09,11.947,-2.343,,0.475,-0.362,2026-04-01,00Z-ECE,GWUS
2026-04-10,10.159,-3.497,,0.291,-0.279,2026-04-01,00Z-ECE,GWUS
2026-04-11,9.684,-3.582,,0.186,0.07,2026-04-01,00Z-ECE,GWUS
2026-04-12,9.704,-3.624,,0.246,0.056,2026-04-01,00Z-ECE,GWUS
2026-04-13,10.091,-3.079,,0.177,0.512,2026-04-01,00Z-ECE,GWUS
2026-04-14,10.092,-2.815,,-0.514,,2026-04-01,00Z-ECE,GWUS
2026-04-02,11.072,-3.951,0.166,0.239,0.565,2026-04-02,00Z-ECE,GWUS
2026-04-03,9.149,-6.508,-0.052,0.017,0.429,2026-04-02,00Z-ECE,GWUS
2026-04-04,9.154,-6.939,-0.094,-0.004,0.336,2026-04-02,00Z-ECE,GWUS
2026-04-05,11.616,-3.549,-0.06,-0.168,0.161,2026-04-02,00Z-ECE,GWUS
2026-04-06,14.618,0.072,0.202,0.193,0.433,2026-04-02,00Z-ECE,GWUS
2026-04-07,16.879,2.33,,0.408,1.028,2026-04-02,00Z-ECE,GWUS
2026-04-08,14.762,-0.044,,0.183,-0.315,2026-04-02,00Z-ECE,GWUS
2026-04-09,10.972,-3.318,,-0.18,-0.975,2026-04-02,00Z-ECE,GWUS
2026-04-10,10.142,-3.514,,0.075,-0.017,2026-04-02,00Z-ECE,GWUS
2026-04-11,9.551,-3.715,,-0.003,-0.133,2026-04-02,00Z-ECE,GWUS
2026-04-12,9.046,-4.282,,-0.307,-0.658,2026-04-02,00Z-ECE,GWUS
2026-04-13,8.947,-4.222,,-0.604,-1.143,2026-04-02,00Z-ECE,GWUS
2026-04-14,9.186,-3.721,,-0.831,-0.906,2026-04-02,00Z-ECE,GWUS
2026-04-15,9.755,-2.94,,-0.48,,2026-04-02,00Z-ECE,GWUS
2026-04-03,9.528,-6.129,0.046,0.207,0.379,2026-04-03,00Z-ECE,GWUS
2026-04-04,9.59,-6.503,0.097,0.18,0.436,2026-04-03,00Z-ECE,GWUS
2026-04-05,11.903,-3.261,-0.015,0.121,0.288,2026-04-03,00Z-ECE,GWUS
2026-04-06,14.554,0.008,-0.251,-0.322,-0.064,2026-04-03,00Z-ECE,GWUS
2026-04-07,17.125,2.577,-0.032,0.096,0.247,2026-04-03,00Z-ECE,GWUS
2026-04-08,13.945,-0.86,,-0.059,-0.816,2026-04-03,00Z-ECE,GWUS
2026-04-09,10.738,-3.553,,-0.222,-0.234,2026-04-03,00Z-ECE,GWUS
2026-04-10,10.715,-2.941,,-0.132,0.573,2026-04-03,00Z-ECE,GWUS
2026-04-11,9.584,-3.682,,-0.2,0.033,2026-04-03,00Z-ECE,GWUS
2026-04-12,8.515,-4.813,,-0.578,-0.531,2026-04-03,00Z-ECE,GWUS
2026-04-13,8.333,-4.836,,-0.842,-0.614,2026-04-03,00Z-ECE,GWUS
2026-04-14,8.692,-4.215,,-0.88,-0.494,2026-04-03,00Z-ECE,GWUS
2026-04-15,9.389,-3.306,,-0.623,-0.366,2026-04-03,00Z-ECE,GWUS
2026-04-16,9.681,-2.871,,-0.17,,2026-04-03,00Z-ECE,GWUS
2026-04-04,9.954,-6.139,0.037,0.388,0.355,2026-04-04,00Z-ECE,GWUS
2026-04-05,11.913,-3.251,-0.086,0.211,0.01,2026-04-04,00Z-ECE,GWUS
2026-04-06,14.776,0.23,0.02,0.302,0.222,2026-04-04,00Z-ECE,GWUS
2026-04-07,18.004,3.455,0.373,1.053,0.879,2026-04-04,00Z-ECE,GWUS
2026-04-08,14.78,-0.026,0.314,1.034,0.834,2026-04-04,00Z-ECE,GWUS
2026-04-09,10.378,-3.912,,0.522,-0.36,2026-04-04,00Z-ECE,GWUS
2026-04-10,8.674,-4.982,,0.006,-2.041,2026-04-04,00Z-ECE,GWUS
2026-04-11,8.595,-4.671,,0.273,-0.989,2026-04-04,00Z-ECE,GWUS
2026-04-12,8.24,-5.088,,0.005,-0.275,2026-04-04,00Z-ECE,GWUS
2026-04-13,7.843,-5.326,,-0.571,-0.49,2026-04-04,00Z-ECE,GWUS
2026-04-14,8.907,-4.001,,0.089,0.215,2026-04-04,00Z-ECE,GWUS
2026-04-15,9.854,-2.841,,0.517,0.465,2026-04-04,00Z-ECE,GWUS
2026-04-16,10.308,-2.244,,0.996,0.627,2026-04-04,00Z-ECE,GWUS
2026-04-17,10.299,-1.811,,1.075,,2026-04-04,00Z-ECE,GWUS
2026-04-05,11.994,-3.17,-0.003,0.013,0.081,2026-04-05,00Z-ECE,GWUS
2026-04-06,14.723,0.177,-0.086,-0.171,-0.053,2026-04-05,00Z-ECE,GWUS
2026-04-07,18.326,3.778,0.059,-0.026,0.323,2026-04-05,00Z-ECE,GWUS
2026-04-08,14.96,0.155,0.045,0.129,0.18,2026-04-05,00Z-ECE,GWUS
2026-04-09,10.486,-3.804,-0.009,0.078,0.1,2026-04-05,00Z-ECE,GWUS
2026-04-10,8.886,-4.77,,-0.15,0.212,2026-04-05,00Z-ECE,GWUS
2026-04-11,8.69,-4.576,,-0.156,0.095,2026-04-05,00Z-ECE,GWUS
2026-04-12,8.161,-5.167,,-0.109,-0.079,2026-04-05,00Z-ECE,GWUS
2026-04-13,7.489,-5.983,,-0.028,-0.354,2026-04-05,00Z-ECE,GWUS
2026-04-14,9.153,-3.754,,0.446,0.247,2026-04-05,00Z-ECE,GWUS
2026-04-15,11.25,-1.445,,0.673,1.396,2026-04-05,00Z-ECE,GWUS
2026-04-16,11.974,-0.578,,0.659,1.666,2026-04-05,00Z-ECE,GWUS
2026-04-17,11.357,-0.753,,0.512,1.058,2026-04-05,00Z-ECE,GWUS
2026-04-18,10.342,-0.949,,0.138,,2026-04-05,00Z-ECE,GWUS
2026-04-06,14.535,-0.011,-0.347,-0.268,-0.188,2026-04-06,00Z-ECE,GWUS
2026-04-07,18.121,3.573,-0.39,-0.464,-0.205,2026-04-06,00Z-ECE,GWUS
2026-04-08,15.05,0.245,-0.088,-0.084,0.09,2026-04-06,00Z-ECE,GWUS
2026-04-09,10.902,-3.389,0.142,0.441,0.414,2026-04-06,00Z-ECE,GWUS
2026-04-10,9.407,-4.249,0.14,0.544,0.521,2026-04-06,00Z-ECE,GWUS
2026-04-11,9.232,-4.035,,0.254,0.541,2026-04-06,00Z-ECE,GWUS
2026-04-12,8.705,-4.623,,0.568,0.545,2026-04-06,00Z-ECE,GWUS
2026-04-13,7.139,-6.03,,0.212,-0.35,2026-04-06,00Z-ECE,GWUS
2026-04-14,7.923,-4.984,,-0.717,-1.231,2026-04-06,00Z-ECE,GWUS
2026-04-15,9.407,-3.288,,-1.347,-1.843,2026-04-06,00Z-ECE,GWUS
2026-04-16,10.279,-2.272,,-0.885,-1.695,2026-04-06,00Z-ECE,GWUS
2026-04-17,10.08,-2.031,,-0.268,-1.277,2026-04-06,00Z-ECE,GWUS
2026-04-18,9.602,-1.689,,-0.332,-0.74,2026-04-06,00Z-ECE,GWUS
2026-04-19,9.486,-1.846,,-0.284,,2026-04-06,00Z-ECE,GWUS
2026-04-07,17.48,2.931,-0.367,-0.395,-0.641,2026-04-07,00Z-ECE,GWUS
2026-04-08,14.361,-0.444,-0.339,-0.479,-0.689,2026-04-07,00Z-ECE,GWUS
2026-04-09,10.735,-3.556,-0.207,-0.143,-0.167,2026-04-07,00Z-ECE,GWUS
2026-04-10,9.628,-4.028,-0.074,0.248,0.221,2026-04-07,00Z-ECE,GWUS
2026-04-11,10.043,-3.223,0.165,0.551,0.812,2026-04-07,00Z-ECE,GWUS
2026-04-12,9.17,-4.158,,0.552,0.465,2026-04-07,00Z-ECE,GWUS
2026-04-13,7.183,-5.986,,0.039,0.044,2026-04-07,00Z-ECE,GWUS
2026-04-14,7.858,-5.049,,-0.536,-0.065,2026-04-07,00Z-ECE,GWUS
2026-04-15,9.813,-2.881,,-0.246,0.406,2026-04-07,00Z-ECE,GWUS
2026-04-16,10.872,-1.68,,0.021,0.592,2026-04-07,00Z-ECE,GWUS
2026-04-17,10.519,-1.592,,-0.132,0.425,2026-04-07,00Z-ECE,GWUS
2026-04-18,9.59,-1.702,,-0.34,-0.013,2026-04-07,00Z-ECE,GWUS
2026-04-19,8.913,-2.419,,-0.488,-0.573,2026-04-07,00Z-ECE,GWUS
2026-04-20,8.73,-2.781,,-0.241,,2026-04-07,00Z-ECE,GWUS
2026-04-08,13.965,-0.84,-0.316,-0.291,-0.396,2026-04-08,00Z-ECE,GWUS
2026-04-09,10.612,-3.678,-0.231,-0.191,-0.122,2026-04-08,00Z-ECE,GWUS
2026-04-10,9.718,-3.938,-0.092,0.011,0.09,2026-04-08,00Z-ECE,GWUS
2026-04-11,9.887,-3.379,0.267,0.218,-0.156,2026-04-08,00Z-ECE,GWUS
2026-04-12,9.222,-4.105,0.333,0.152,0.052,2026-04-08,00Z-ECE,GWUS
2026-04-13,7.071,-6.098,,-0.054,-0.112,2026-04-08,00Z-ECE,GWUS
2026-04-14,7.334,-5.573,,-0.592,-0.524,2026-04-08,00Z-ECE,GWUS
2026-04-15,8.864,-3.831,,-0.976,-0.95,2026-04-08,00Z-ECE,GWUS
2026-04-16,9.696,-2.856,,-0.463,-1.176,2026-04-08,00Z-ECE,GWUS
2026-04-17,9.28,-2.83,,0.075,-1.239,2026-04-08,00Z-ECE,GWUS
2026-04-18,9.028,-2.263,,0.357,-0.562,2026-04-08,00Z-ECE,GWUS
2026-04-19,9.066,-2.266,,0.284,0.152,2026-04-08,00Z-ECE,GWUS
2026-04-20,9.065,-2.446,,0.385,0.397,2026-04-08,00Z-ECE,GWUS
2026-04-21,9.142,-2.562,,0.063,,2026-04-08,00Z-ECE,GWUS
2026-04-09,10.336,-3.955,0.017,-0.17,-0.276,2026-04-09,00Z-ECE,GWUS
2026-04-10,9.42,-4.236,0.031,-0.053,-0.298,2026-04-09,00Z-ECE,GWUS
2026-04-11,9.854,-3.412,-0.06,0.123,-0.033,2026-04-09,00Z-ECE,GWUS
2026-04-12,8.8,-4.528,-0.156,-0.05,-0.422,2026-04-09,00Z-ECE,GWUS
2026-04-13,6.758,-6.411,-0.066,-0.181,-0.313,2026-04-09,00Z-ECE,GWUS
2026-04-14,6.708,-6.199,,-0.136,-0.626,2026-04-09,00Z-ECE,GWUS
2026-04-15,7.128,-5.567,,-0.062,-1.736,2026-04-09,00Z-ECE,GWUS
2026-04-16,7.554,-4.997,,0.226,-2.141,2026-04-09,00Z-ECE,GWUS
2026-04-17,8.293,-3.817,,0.561,-0.987,2026-04-09,00Z-ECE,GWUS
2026-04-18,9.428,-1.864,,0.77,0.399,2026-04-09,00Z-ECE,GWUS
2026-04-19,9.931,-1.401,,0.811,0.865,2026-04-09,00Z-ECE,GWUS
2026-04-20,9.552,-1.959,,0.684,0.529,2026-04-09,00Z-ECE,GWUS
2026-04-21,8.989,-2.715,,0.16,-0.153,2026-04-09,00Z-ECE,GWUS
2026-04-22,9.1,-2.722,,0.224,,2026-04-09,00Z-ECE,GWUS
2026-04-10,9.243,-4.413,-0.213,-0.068,-0.177,2026-04-10,00Z-ECE,GWUS
2026-04-11,10.06,-3.206,-0.074,0.067,0.206,2026-04-10,00Z-ECE,GWUS
2026-04-12,8.724,-4.604,-0.113,-0.097,-0.076,2026-04-10,00Z-ECE,GWUS
2026-04-13,6.689,-6.48,-0.025,-0.04,-0.069,2026-04-10,00Z-ECE,GWUS
2026-04-14,6.59,-6.317,-0.059,-0.119,-0.118,2026-04-10,00Z-ECE,GWUS
2026-04-15,6.53,-6.165,,-0.2,-0.598,2026-04-10,00Z-ECE,GWUS
2026-04-16,6.891,-5.661,,-0.4,-0.664,2026-04-10,00Z-ECE,GWUS
2026-04-17,8.111,-4.0,,-0.63,-0.182,2026-04-10,00Z-ECE,GWUS
2026-04-18,9.673,-1.618,,-0.846,0.246,2026-04-10,00Z-ECE,GWUS
2026-04-19,10.504,-0.828,,-0.179,0.573,2026-04-10,00Z-ECE,GWUS
2026-04-20,10.074,-1.437,,0.508,0.522,2026-04-10,00Z-ECE,GWUS
2026-04-21,9.333,-2.371,,0.134,0.344,2026-04-10,00Z-ECE,GWUS
2026-04-22,9.347,-2.476,,-0.588,0.246,2026-04-10,00Z-ECE,GWUS
2026-04-23,9.852,-1.546,,-1.13,,2026-04-10,00Z-ECE,GWUS
2026-04-11,10.121,-3.145,-0.168,-0.01,0.061,2026-04-11,00Z-ECE,GWUS
2026-04-12,8.707,-4.62,-0.16,0.075,-0.017,2026-04-11,00Z-ECE,GWUS
2026-04-13,6.806,-6.364,-0.028,0.052,0.117,2026-04-11,00Z-ECE,GWUS
2026-04-14,6.671,-6.236,0.116,0.137,0.081,2026-04-11,00Z-ECE,GWUS
2026-04-15,6.554,-6.141,0.142,0.116,0.024,2026-04-11,00Z-ECE,GWUS
2026-04-16,7.094,-5.458,,0.344,0.203,2026-04-11,00Z-ECE,GWUS
2026-04-17,8.282,-3.829,,0.387,0.171,2026-04-11,00Z-ECE,GWUS
2026-04-18,9.952,-1.339,,0.312,0.279,2026-04-11,00Z-ECE,GWUS
2026-04-19,11.6,0.268,,0.465,1.097,2026-04-11,00Z-ECE,GWUS
2026-04-20,12.274,0.763,,0.563,2.2,2026-04-11,00Z-ECE,GWUS
2026-04-21,10.779,-0.925,,0.354,1.446,2026-04-11,00Z-ECE,GWUS
2026-04-22,9.12,-2.702,,-0.147,-0.226,2026-04-11,00Z-ECE,GWUS
2026-04-23,8.651,-2.747,,-0.354,-1.201,2026-04-11,00Z-ECE,GWUS
2026-04-24,8.816,-2.274,,-0.239,,2026-04-11,00Z-ECE,GWUS
2026-04-12,8.636,-4.692,-0.077,0.004,-0.072,2026-04-12,00Z-ECE,GWUS
2026-04-13,6.844,-6.325,-0.001,0.036,0.039,2026-04-12,00Z-ECE,GWUS
2026-04-14,6.613,-6.295,-0.027,0.031,-0.059,2026-04-12,00Z-ECE,GWUS
2026-04-15,6.385,-6.31,-0.03,-0.043,-0.169,2026-04-12,00Z-ECE,GWUS
2026-04-16,6.918,-5.633,0.02,-0.036,-0.176,2026-04-12,00Z-ECE,GWUS
2026-04-17,8.071,-4.04,,-0.015,-0.211,2026-04-12,00Z-ECE,GWUS
2026-04-18,9.758,-1.534,,-0.052,-0.194,2026-04-12,00Z-ECE,GWUS
2026-04-19,11.4,0.068,,-0.26,-0.201,2026-04-12,00Z-ECE,GWUS
2026-04-20,12.477,0.966,,-0.362,0.203,2026-04-12,00Z-ECE,GWUS
2026-04-21,11.691,-0.013,,-0.029,0.912,2026-04-12,00Z-ECE,GWUS
2026-04-22,9.748,-2.074,,0.152,0.628,2026-04-12,00Z-ECE,GWUS
2026-04-23,9.116,-2.281,,0.494,0.465,2026-04-12,00Z-ECE,GWUS
2026-04-24,9.187,-1.903,,0.379,0.371,2026-04-12,00Z-ECE,GWUS
2026-04-25,9.491,-1.854,,0.461,,2026-04-12,00Z-ECE,GWUS
2026-04-13,6.747,-6.422,0.053,0.0,-0.097,2026-04-13,00Z-ECE,GWUS
2026-04-14,6.52,-6.387,-0.012,-0.068,-0.092,2026-04-13,00Z-ECE,GWUS
2026-04-15,6.203,-6.492,-0.053,-0.039,-0.182,2026-04-13,00Z-ECE,GWUS
2026-04-16,6.668,-5.884,-0.069,-0.016,-0.25,2026-04-13,00Z-ECE,GWUS
2026-04-17,7.825,-4.286,-0.1,-0.02,-0.246,2026-04-13,00Z-ECE,GWUS
2026-04-18,9.628,-1.663,,0.111,-0.129,2026-04-13,00Z-ECE,GWUS
2026-04-19,11.963,0.631,,0.462,0.563,2026-04-13,00Z-ECE,GWUS
2026-04-20,13.323,1.812,,0.589,0.846,2026-04-13,00Z-ECE,GWUS
2026-04-21,10.987,-0.718,,0.084,-0.704,2026-04-13,00Z-ECE,GWUS
2026-04-22,9.122,-2.7,,-0.258,-0.626,2026-04-13,00Z-ECE,GWUS
2026-04-23,9.625,-1.773,,-0.012,0.509,2026-04-13,00Z-ECE,GWUS
2026-04-24,10.183,-0.906,,-0.398,0.997,2026-04-13,00Z-ECE,GWUS
2026-04-25,10.868,-0.477,,-0.346,1.377,2026-04-13,00Z-ECE,GWUS
2026-04-26,11.381,-0.25,,-0.04,,2026-04-13,00Z-ECE,GWUS
2026-04-14,6.537,-6.37,-0.082,-0.089,0.017,2026-04-14,00Z-ECE,GWUS
2026-04-15,6.178,-6.517,-0.074,-0.111,-0.025,2026-04-14,00Z-ECE,GWUS
2026-04-16,6.702,-5.85,-0.091,-0.095,0.034,2026-04-14,00Z-ECE,GWUS
2026-04-17,8.039,-4.072,0.033,0.071,0.214,2026-04-14,00Z-ECE,GWUS
2026-04-18,9.816,-1.476,-0.056,-0.166,0.187,2026-04-14,00Z-ECE,GWUS
2026-04-19,12.402,1.07,,0.063,0.439,2026-04-14,00Z-ECE,GWUS
2026-04-20,14.492,2.981,,0.675,1.169,2026-04-14,00Z-ECE,GWUS
2026-04-21,12.296,0.591,,0.236,1.28,2026-04-14,00Z-ECE,GWUS
2026-04-22,9.212,-2.61,,-0.784,0.09,2026-04-14,00Z-ECE,GWUS
2026-04-23,8.666,-2.732,,-1.233,-0.959,2026-04-14,00Z-ECE,GWUS
2026-04-24,9.269,-1.821,,-0.932,-0.939,2026-04-14,00Z-ECE,GWUS
2026-04-25,9.903,-1.442,,-0.505,-0.965,2026-04-14,00Z-ECE,GWUS
2026-04-26,10.186,-1.445,,-0.501,-1.195,2026-04-14,00Z-ECE,GWUS
2026-04-27,10.097,-1.276,,-0.717,,2026-04-14,00Z-ECE,GWUS
2026-04-15,6.142,-6.553,-0.05,-0.085,-0.036,2026-04-15,00Z-ECE,GWUS
2026-04-16,6.753,-5.799,-0.003,0.038,0.051,2026-04-15,00Z-ECE,GWUS
2026-04-17,8.062,-4.048,-0.149,-0.06,0.023,2026-04-15,00Z-ECE,GWUS
2026-04-18,9.983,-1.309,-0.179,-0.14,0.167,2026-04-15,00Z-ECE,GWUS
2026-04-19,12.843,1.511,-0.132,0.02,0.441,2026-04-15,00Z-ECE,GWUS
2026-04-20,13.999,2.487,,-0.123,-0.494,2026-04-15,00Z-ECE,GWUS
2026-04-21,11.096,-0.608,,-0.098,-1.21,2026-04-15,00Z-ECE,GWUS
2026-04-22,8.039,-3.784,,-0.215,-1.145,2026-04-15,00Z-ECE,GWUS
2026-04-23,8.452,-2.945,,-0.072,-0.214,2026-04-15,00Z-ECE,GWUS
2026-04-24,9.937,-1.153,,0.554,0.623,2026-04-15,00Z-ECE,GWUS
2026-04-25,11.029,-0.315,,1.103,1.127,2026-04-15,00Z-ECE,GWUS
2026-04-26,11.291,-0.341,,1.028,1.105,2026-04-15,00Z-ECE,GWUS
2026-04-27,11.001,-0.372,,0.376,0.904,2026-04-15,00Z-ECE,GWUS
2026-04-28,10.693,-0.237,,0.209,,2026-04-15,00Z-ECE,GWUS
2026-04-16,6.81,-5.741,0.089,0.067,0.057,2026-04-16,00Z-ECE,GWUS
2026-04-17,8.118,-3.992,0.096,0.174,0.056,2026-04-16,00Z-ECE,GWUS
2026-04-18,9.964,-1.328,0.15,0.116,-0.019,2026-04-16,00Z-ECE,GWUS
2026-04-19,12.943,1.611,0.258,0.095,0.1,2026-04-16,00Z-ECE,GWUS
2026-04-20,14.396,2.885,0.12,-0.106,0.398,2026-04-16,00Z-ECE,GWUS
2026-04-21,11.364,-0.34,,-0.515,0.268,2026-04-16,00Z-ECE,GWUS
2026-04-22,7.842,-3.98,,-0.462,-0.2,2026-04-16,00Z-ECE,GWUS
2026-04-23,8.034,-3.363,,-0.186,-0.418,2026-04-16,00Z-ECE,GWUS
2026-04-24,9.047,-2.042,,-0.436,-0.889,2026-04-16,00Z-ECE,GWUS
2026-04-25,10.363,-0.982,,-0.089,-0.667,2026-04-16,00Z-ECE,GWUS
2026-04-26,11.501,-0.13,,0.353,0.21,2026-04-16,00Z-ECE,GWUS
2026-04-27,11.814,0.441,,0.58,0.813,2026-04-16,00Z-ECE,GWUS
2026-04-28,11.337,0.406,,0.369,0.691,2026-04-16,00Z-ECE,GWUS
2026-04-29,10.888,0.488,,0.372,,2026-04-16,00Z-ECE,GWUS
2026-04-17,8.032,-4.079,-0.037,-0.101,-0.087,2026-04-17,00Z-ECE,GWUS
2026-04-18,10.129,-1.163,-0.021,-0.07,0.165,2026-04-17,00Z-ECE,GWUS
2026-04-19,13.112,1.78,-0.096,-0.148,0.168,2026-04-17,00Z-ECE,GWUS
2026-04-20,14.37,2.859,0.089,-0.253,-0.027,2026-04-17,00Z-ECE,GWUS
2026-04-21,11.571,-0.133,0.219,-0.39,0.208,2026-04-17,00Z-ECE,GWUS
2026-04-22,8.149,-3.673,,0.01,0.334,2026-04-17,00Z-ECE,GWUS
2026-04-23,8.471,-2.927,,0.512,0.436,2026-04-17,00Z-ECE,GWUS
2026-04-24,8.664,-2.425,,-0.058,-0.383,2026-04-17,00Z-ECE,GWUS
2026-04-25,9.353,-1.992,,-0.448,-1.01,2026-04-17,00Z-ECE,GWUS
2026-04-26,10.346,-1.285,,-0.437,-1.155,2026-04-17,00Z-ECE,GWUS
2026-04-27,10.509,-0.864,,-0.74,-1.305,2026-04-17,00Z-ECE,GWUS
2026-04-28,10.315,-0.615,,-0.611,-1.022,2026-04-17,00Z-ECE,GWUS
2026-04-29,10.218,-0.182,,-0.244,-0.645,2026-04-17,00Z-ECE,GWUS
2026-04-30,10.265,0.304,,0.068,,2026-04-17,00Z-ECE,GWUS
2026-04-18,10.225,-1.067,0.039,0.186,0.096,2026-04-18,00Z-ECE,GWUS
2026-04-19,13.136,1.804,-0.123,0.117,0.025,2026-04-18,00Z-ECE,GWUS
2026-04-20,14.476,2.965,-0.205,0.067,0.107,2026-04-18,00Z-ECE,GWUS
2026-04-21,12.079,0.375,0.001,0.246,0.508,2026-04-18,00Z-ECE,GWUS
2026-04-22,8.245,-3.578,-0.095,-0.023,0.068,2026-04-18,00Z-ECE,GWUS
2026-04-23,7.844,-3.554,,-0.425,-0.627,2026-04-18,00Z-ECE,GWUS
2026-04-24,8.315,-2.774,,-0.381,-0.35,2026-04-18,00Z-ECE,GWUS
2026-04-25,9.713,-1.632,,-0.172,0.361,2026-04-18,00Z-ECE,GWUS
2026-04-26,10.889,-0.742,,0.132,0.543,2026-04-18,00Z-ECE,GWUS
2026-04-27,11.382,0.01,,0.569,0.873,2026-04-18,00Z-ECE,GWUS
2026-04-28,10.995,0.065,,0.538,0.68,2026-04-18,00Z-ECE,GWUS
2026-04-29,10.94,0.539,,0.411,0.77,2026-04-18,00Z-ECE,GWUS
2026-04-30,11.082,1.121,,0.43,0.817,2026-04-18,00Z-ECE,GWUS
2026-05-01,11.024,1.15,,0.5,,2026-04-18,00Z-ECE,GWUS
2026-04-19,13.458,2.126,-0.086,0.067,0.322,2026-04-19,00Z-ECE,GWUS
2026-04-20,14.279,2.768,-0.268,-0.217,-0.198,2026-04-19,00Z-ECE,GWUS
2026-04-21,11.778,0.074,-0.237,-0.212,-0.301,2026-04-19,00Z-ECE,GWUS
2026-04-22,8.004,-3.818,-0.173,0.046,-0.24,2026-04-19,00Z-ECE,GWUS
2026-04-23,7.578,-3.819,0.132,0.445,-0.265,2026-04-19,00Z-ECE,GWUS
2026-04-24,8.001,-3.089,,0.27,-0.314,2026-04-19,00Z-ECE,GWUS
2026-04-25,9.315,-2.03,,0.097,-0.399,2026-04-19,00Z-ECE,GWUS
2026-04-26,10.304,-1.328,,-0.028,-0.585,2026-04-19,00Z-ECE,GWUS
2026-04-27,10.676,-0.697,,-0.025,-0.707,2026-04-19,00Z-ECE,GWUS
2026-04-28,10.823,-0.107,,0.358,-0.172,2026-04-19,00Z-ECE,GWUS
2026-04-29,10.869,0.468,,0.659,-0.071,2026-04-19,00Z-ECE,GWUS
2026-04-30,10.68,0.72,,0.556,-0.429,2026-04-19,00Z-ECE,GWUS
2026-05-01,10.641,0.767,,0.57,-0.383,2026-04-19,00Z-ECE,GWUS
2026-05-02,10.679,0.762,,0.567,,2026-04-19,00Z-ECE,GWUS
2026-04-20,13.654,2.143,-0.298,-0.415,-0.624,2026-04-20,00Z-ECE,GWUS
2026-04-21,11.435,-0.269,-0.167,-0.195,-0.343,2026-04-20,00Z-ECE,GWUS
2026-04-22,7.887,-3.936,-0.064,0.006,-0.118,2026-04-20,00Z-ECE,GWUS
2026-04-23,7.302,-4.095,-0.042,-0.078,-0.276,2026-04-20,00Z-ECE,GWUS
2026-04-24,7.7,-3.389,-0.123,-0.206,-0.301,2026-04-20,00Z-ECE,GWUS
2026-04-25,8.955,-2.39,,-0.175,-0.36,2026-04-20,00Z-ECE,GWUS
2026-04-26,9.894,-1.737,,-0.373,-0.409,2026-04-20,00Z-ECE,GWUS
2026-04-27,10.203,-1.17,,-0.57,-0.473,2026-04-20,00Z-ECE,GWUS
2026-04-28,10.352,-0.578,,-0.493,-0.471,2026-04-20,00Z-ECE,GWUS
2026-04-29,10.954,0.554,,-0.234,0.085,2026-04-20,00Z-ECE,GWUS
2026-04-30,11.411,1.45,,0.186,0.708,2026-04-20,00Z-ECE,GWUS
2026-05-01,11.327,1.452,,0.318,0.685,2026-04-20,00Z-ECE,GWUS
2026-05-02,11.227,1.31,,0.423,0.548,2026-04-20,00Z-ECE,GWUS
2026-05-03,10.827,1.04,,0.081,,2026-04-20,00Z-ECE,GWUS
2026-04-21,11.126,-0.578,-0.298,-0.308,-0.309,2026-04-21,00Z-ECE,GWUS
2026-04-22,7.859,-3.964,-0.231,-0.132,-0.028,2026-04-21,00Z-ECE,GWUS
2026-04-23,7.511,-3.886,0.019,0.156,0.209,2026-04-21,00Z-ECE,GWUS
2026-04-24,8.145,-2.944,0.275,0.205,0.445,2026-04-21,00Z-ECE,GWUS
2026-04-25,9.735,-1.61,0.469,0.185,0.781,2026-04-21,00Z-ECE,GWUS
2026-04-26,10.398,-1.234,,0.212,0.503,2026-04-21,00Z-ECE,GWUS
2026-04-27,10.257,-1.115,,0.228,0.055,2026-04-21,00Z-ECE,GWUS
2026-04-28,10.009,-0.922,,0.043,-0.343,2026-04-21,00Z-ECE,GWUS
2026-04-29,10.018,-0.382,,-0.195,-0.936,2026-04-21,00Z-ECE,GWUS
2026-04-30,10.129,0.168,,-0.539,-1.282,2026-04-21,00Z-ECE,GWUS
2026-05-01,10.41,0.535,,-0.54,-0.917,2026-04-21,00Z-ECE,GWUS
2026-05-02,10.548,0.63,,-0.206,-0.679,2026-04-21,00Z-ECE,GWUS
2026-05-03,10.405,0.617,,-0.181,-0.422,2026-04-21,00Z-ECE,GWUS
2026-05-04,10.09,0.599,,-0.272,,2026-04-21,00Z-ECE,GWUS
2026-04-22,7.689,-4.133,-0.003,-0.046,-0.169,2026-04-22,00Z-ECE,GWUS
2026-04-23,7.434,-3.964,-0.013,-0.012,-0.078,2026-04-22,00Z-ECE,GWUS
2026-04-24,8.026,-3.063,-0.098,-0.141,-0.119,2026-04-22,00Z-ECE,GWUS
2026-04-25,9.423,-1.922,-0.055,-0.007,-0.312,2026-04-22,00Z-ECE,GWUS
2026-04-26,10.03,-1.602,0.134,0.14,-0.368,2026-04-22,00Z-ECE,GWUS
2026-04-27,9.685,-1.688,,0.103,-0.573,2026-04-22,00Z-ECE,GWUS
2026-04-28,9.403,-1.528,,-0.129,-0.606,2026-04-22,00Z-ECE,GWUS
2026-04-29,9.783,-0.618,,0.217,-0.235,2026-04-22,00Z-ECE,GWUS
2026-04-30,11.037,1.077,,0.719,0.909,2026-04-22,00Z-ECE,GWUS
2026-05-01,11.971,2.096,,0.678,1.561,2026-04-22,00Z-ECE,GWUS
2026-05-02,12.008,2.09,,0.286,1.459,2026-04-22,00Z-ECE,GWUS
2026-05-03,11.183,1.396,,0.019,0.779,2026-04-22,00Z-ECE,GWUS
2026-05-04,10.215,0.724,,0.103,0.116,2026-04-22,00Z-ECE,GWUS
2026-05-05,9.685,0.319,,0.424,,2026-04-22,00Z-ECE,GWUS
2026-04-23,7.453,-3.944,-0.08,0.005,0.02,2026-04-23,00Z-ECE,GWUS
2026-04-24,7.887,-3.202,-0.148,-0.149,-0.139,2026-04-23,00Z-ECE,GWUS
2026-04-25,9.624,-1.721,-0.13,0.016,0.2,2026-04-23,00Z-ECE,GWUS
2026-04-26,10.484,-1.148,0.162,0.417,0.454,2026-04-23,00Z-ECE,GWUS
2026-04-27,10.025,-1.348,0.322,0.308,0.34,2026-04-23,00Z-ECE,GWUS
2026-04-28,9.365,-1.565,,-0.146,-0.037,2026-04-23,00Z-ECE,GWUS
2026-04-29,9.207,-1.194,,-0.471,-0.576,2026-04-23,00Z-ECE,GWUS
2026-04-30,10.423,0.463,,-0.165,-0.614,2026-04-23,00Z-ECE,GWUS
2026-05-01,11.484,1.609,,0.061,-0.487,2026-04-23,00Z-ECE,GWUS
2026-05-02,11.916,1.999,,0.095,-0.091,2026-04-23,00Z-ECE,GWUS
2026-05-03,11.344,1.557,,-0.181,0.161,2026-04-23,00Z-ECE,GWUS
2026-05-04,10.407,0.916,,-0.655,0.241,2026-04-23,00Z-ECE,GWUS
2026-05-05,9.711,0.346,,-0.726,0.027,2026-04-23,00Z-ECE,GWUS
2026-05-06,9.753,0.403,,-0.093,,2026-04-23,00Z-ECE,GWUS
2026-04-24,8.079,-3.01,0.097,0.111,0.193,2026-04-24,00Z-ECE,GWUS
2026-04-25,10.01,-1.335,0.163,0.067,0.386,2026-04-24,00Z-ECE,GWUS
2026-04-26,10.273,-1.359,-0.002,-0.142,-0.211,2026-04-24,00Z-ECE,GWUS
2026-04-27,9.875,-1.498,0.055,-0.09,-0.15,2026-04-24,00Z-ECE,GWUS
2026-04-28,9.085,-1.846,-0.093,-0.179,-0.28,2026-04-24,00Z-ECE,GWUS
2026-04-29,8.702,-1.698,,-0.214,-0.504,2026-04-24,00Z-ECE,GWUS
2026-04-30,9.649,-0.312,,-0.283,-0.774,2026-04-24,00Z-ECE,GWUS
2026-05-01,11.216,1.342,,0.159,-0.252,2026-04-24,00Z-ECE,GWUS
2026-05-02,11.954,2.036,,0.306,0.037,2026-04-24,00Z-ECE,GWUS
2026-05-03,11.465,1.678,,-0.287,0.121,2026-04-24,00Z-ECE,GWUS
2026-05-04,10.128,0.637,,-0.869,-0.279,2026-04-24,00Z-ECE,GWUS
2026-05-05,8.963,-0.402,,-1.109,-0.748,2026-04-24,00Z-ECE,GWUS
2026-05-06,8.823,-0.527,,-0.824,-0.93,2026-04-24,00Z-ECE,GWUS
2026-05-07,9.222,-0.015,,-0.254,,2026-04-24,00Z-ECE,GWUS
2026-04-25,10.027,-1.318,0.202,0.099,0.017,2026-04-25,00Z-ECE,GWUS
2026-04-26,10.333,-1.299,0.071,-0.057,0.06,2026-04-25,00Z-ECE,GWUS
2026-04-27,9.773,-1.6,0.116,-0.134,-0.102,2026-04-25,00Z-ECE,GWUS
2026-04-28,9.412,-1.518,0.205,0.161,0.328,2026-04-25,00Z-ECE,GWUS
2026-04-29,9.42,-0.98,0.159,0.354,0.717,2026-04-25,00Z-ECE,GWUS
2026-04-30,10.182,0.221,,0.283,0.533,2026-04-25,00Z-ECE,GWUS
2026-05-01,11.871,1.996,,0.213,0.642,2026-04-25,00Z-ECE,GWUS
2026-05-02,12.152,2.235,,-0.103,0.199,2026-04-25,00Z-ECE,GWUS
2026-05-03,11.004,1.217,,-0.775,-0.461,2026-04-25,00Z-ECE,GWUS
2026-05-04,9.692,0.201,,-0.476,-0.436,2026-04-25,00Z-ECE,GWUS
2026-05-05,9.38,0.014,,0.152,0.416,2026-04-25,00Z-ECE,GWUS
2026-05-06,9.642,0.292,,0.6,0.819,2026-04-25,00Z-ECE,GWUS
2026-05-07,9.758,0.52,,0.678,0.536,2026-04-25,00Z-ECE,GWUS
2026-05-08,9.471,0.422,,0.293,,2026-04-25,00Z-ECE,GWUS
2026-04-26,10.339,-1.292,0.183,0.126,0.007,2026-04-26,00Z-ECE,GWUS
2026-04-27,9.52,-1.852,0.044,-0.131,-0.253,2026-04-26,00Z-ECE,GWUS
2026-04-28,9.366,-1.564,-0.076,-0.168,-0.046,2026-04-26,00Z-ECE,GWUS
2026-04-29,9.325,-1.075,-0.178,-0.388,-0.095,2026-04-26,00Z-ECE,GWUS
2026-04-30,10.427,0.467,-0.166,-0.414,0.245,2026-04-26,00Z-ECE,GWUS
2026-05-01,12.464,2.589,,0.037,0.593,2026-04-26,00Z-ECE,GWUS
2026-05-02,12.921,3.003,,0.151,0.768,2026-04-26,00Z-ECE,GWUS
2026-05-03,11.502,1.715,,0.064,0.498,2026-04-26,00Z-ECE,GWUS
2026-05-04,9.833,0.342,,-0.313,0.141,2026-04-26,00Z-ECE,GWUS
2026-05-05,9.276,-0.089,,-0.666,-0.104,2026-04-26,00Z-ECE,GWUS
2026-05-06,9.337,-0.013,,-0.672,-0.305,2026-04-26,00Z-ECE,GWUS
2026-05-07,9.799,0.562,,-0.407,0.041,2026-04-26,00Z-ECE,GWUS
2026-05-08,10.072,1.023,,0.067,0.601,2026-04-26,00Z-ECE,GWUS
2026-05-09,9.826,0.82,,0.231,,2026-04-26,00Z-ECE,GWUS
2026-04-27,9.674,-1.699,-0.04,0.035,0.154,2026-04-27,00Z-ECE,GWUS
2026-04-28,9.392,-1.538,-0.072,-0.089,0.026,2026-04-27,00Z-ECE,GWUS
2026-04-29,9.596,-0.804,-0.057,0.026,0.271,2026-04-27,00Z-ECE,GWUS
2026-04-30,10.812,0.851,-0.075,-0.046,0.385,2026-04-27,00Z-ECE,GWUS
2026-05-01,12.638,2.763,-0.381,-0.188,0.174,2026-04-27,00Z-ECE,GWUS
2026-05-02,13.155,3.237,,0.254,0.234,2026-04-27,00Z-ECE,GWUS
2026-05-03,11.642,1.855,,0.331,0.14,2026-04-27,00Z-ECE,GWUS
2026-05-04,9.728,0.237,,0.07,-0.106,2026-04-27,00Z-ECE,GWUS
2026-05-05,9.172,-0.193,,-0.061,-0.104,2026-04-27,00Z-ECE,GWUS
2026-05-06,9.091,-0.259,,-0.199,-0.246,2026-04-27,00Z-ECE,GWUS
2026-05-07,9.268,0.03,,-0.524,-0.532,2026-04-27,00Z-ECE,GWUS
2026-05-08,9.545,0.496,,-0.405,-0.526,2026-04-27,00Z-ECE,GWUS
2026-05-09,9.702,0.696,,-0.148,-0.124,2026-04-27,00Z-ECE,GWUS
2026-05-10,9.672,0.562,,0.144,,2026-04-27,00Z-ECE,GWUS
2026-04-28,9.414,-1.517,-0.34,-0.3,0.022,2026-04-28,00Z-ECE,GWUS
2026-04-29,10.154,-0.247,-0.062,0.213,0.557,2026-04-28,00Z-ECE,GWUS
2026-04-30,11.127,1.166,-0.166,0.065,0.315,2026-04-28,00Z-ECE,GWUS
2026-05-01,12.964,3.09,-0.333,-0.124,0.326,2026-04-28,00Z-ECE,GWUS
2026-05-02,13.69,3.772,-0.047,0.077,0.56,2026-04-28,00Z-ECE,GWUS
2026-05-03,12.028,2.241,,0.064,0.386,2026-04-28,00Z-ECE,GWUS
2026-05-04,9.558,0.068,,-0.228,-0.169,2026-04-28,00Z-ECE,GWUS
2026-05-05,8.978,-0.387,,0.011,-0.194,2026-04-28,00Z-ECE,GWUS
2026-05-06,9.381,0.031,,0.34,0.29,2026-04-28,00Z-ECE,GWUS
2026-05-07,10.02,0.782,,0.485,0.752,2026-04-28,00Z-ECE,GWUS
2026-05-08,10.829,1.78,,0.942,1.284,2026-04-28,00Z-ECE,GWUS
2026-05-09,10.427,1.42,,0.353,0.724,2026-04-28,00Z-ECE,GWUS
2026-05-10,9.606,0.496,,-0.227,-0.066,2026-04-28,00Z-ECE,GWUS
2026-05-11,8.974,-0.558,,-0.37,,2026-04-28,00Z-ECE,GWUS
2026-04-29,9.949,-0.451,-0.142,-0.227,-0.204,2026-04-29,00Z-ECE,GWUS
2026-04-30,11.132,1.171,-0.008,-0.044,0.005,2026-04-29,00Z-ECE,GWUS
2026-05-01,12.952,3.078,0.074,0.017,-0.012,2026-04-29,00Z-ECE,GWUS
2026-05-02,13.427,3.51,0.25,0.039,-0.267,2026-04-29,00Z-ECE,GWUS
2026-05-03,11.801,2.014,0.255,0.206,-0.227,2026-04-29,00Z-ECE,GWUS
2026-05-04,9.141,-0.35,,0.035,-0.417,2026-04-29,00Z-ECE,GWUS
2026-05-05,8.375,-0.99,,-0.185,-0.603,2026-04-29,00Z-ECE,GWUS
2026-05-06,8.473,-0.877,,-0.49,-0.908,2026-04-29,00Z-ECE,GWUS
2026-05-07,9.238,0.0,,-0.288,-0.782,2026-04-29,00Z-ECE,GWUS
2026-05-08,11.032,1.984,,0.442,0.203,2026-04-29,00Z-ECE,GWUS
2026-05-09,10.634,1.628,,-0.184,0.208,2026-04-29,00Z-ECE,GWUS
2026-05-10,9.198,0.088,,-1.008,-0.408,2026-04-29,00Z-ECE,GWUS
2026-05-11,8.37,-1.161,,-1.197,-0.603,2026-04-29,00Z-ECE,GWUS
2026-05-12,8.151,-1.574,,-1.045,,2026-04-29,00Z-ECE,GWUS
2026-04-30,10.804,0.843,-0.12,-0.23,-0.328,2026-04-30,00Z-ECE,GWUS
2026-05-01,12.471,2.597,-0.189,-0.156,-0.481,2026-04-30,00Z-ECE,GWUS
2026-05-02,13.144,3.227,-0.086,0.021,-0.283,2026-04-30,00Z-ECE,GWUS
2026-05-03,11.67,1.883,0.058,0.117,-0.132,2026-04-30,00Z-ECE,GWUS
2026-05-04,8.533,-0.958,-0.012,-0.036,-0.609,2026-04-30,00Z-ECE,GWUS
2026-05-05,7.465,-1.9,,-0.114,-0.909,2026-04-30,00Z-ECE,GWUS
2026-05-06,8.519,-0.831,,-0.008,0.046,2026-04-30,00Z-ECE,GWUS
2026-05-07,10.169,0.931,,0.063,0.931,2026-04-30,00Z-ECE,GWUS
2026-05-08,11.206,2.157,,0.043,0.174,2026-04-30,00Z-ECE,GWUS
2026-05-09,9.913,0.907,,-0.059,-0.721,2026-04-30,00Z-ECE,GWUS
2026-05-10,8.488,-0.622,,-0.124,-0.71,2026-04-30,00Z-ECE,GWUS
2026-05-11,8.211,-1.32,,-0.115,-0.159,2026-04-30,00Z-ECE,GWUS
2026-05-12,8.128,-1.597,,-0.255,-0.023,2026-04-30,00Z-ECE,GWUS
2026-05-13,8.107,-1.129,,-0.179,,2026-04-30,00Z-ECE,GWUS
2026-05-01,12.218,2.344,-0.259,-0.222,-0.253,2026-05-01,00Z-ECE,GWUS
2026-05-02,12.95,3.033,-0.093,-0.037,-0.194,2026-05-01,00Z-ECE,GWUS
2026-05-03,11.248,1.461,-0.261,-0.242,-0.422,2026-05-01,00Z-ECE,GWUS
2026-05-04,8.186,-1.305,-0.193,-0.189,-0.346,2026-05-01,00Z-ECE,GWUS
2026-05-05,8.24,-1.125,0.284,0.113,0.775,2026-05-01,00Z-ECE,GWUS
2026-05-06,9.42,0.07,,0.074,0.901,2026-05-01,00Z-ECE,GWUS
2026-05-07,10.651,1.413,,-0.31,0.482,2026-05-01,00Z-ECE,GWUS
2026-05-08,10.986,1.937,,-0.235,-0.22,2026-05-01,00Z-ECE,GWUS
2026-05-09,9.66,0.654,,0.004,-0.252,2026-05-01,00Z-ECE,GWUS
2026-05-10,8.604,-0.506,,-0.109,0.117,2026-05-01,00Z-ECE,GWUS
2026-05-11,8.337,-1.194,,-0.495,0.126,2026-05-01,00Z-ECE,GWUS
2026-05-12,8.262,-1.462,,-0.584,0.135,2026-05-01,00Z-ECE,GWUS
2026-05-13,8.035,-1.201,,-0.565,-0.072,2026-05-01,00Z-ECE,GWUS
2026-05-14,7.617,-0.86,,-0.861,,2026-05-01,00Z-ECE,GWUS
2026-05-02,12.865,2.948,-0.146,0.02,-0.085,2026-05-02,00Z-ECE,GWUS
2026-05-03,11.164,1.377,-0.046,0.024,-0.084,2026-05-02,00Z-ECE,GWUS
2026-05-04,8.004,-1.487,-0.095,-0.152,-0.183,2026-05-02,00Z-ECE,GWUS
2026-05-05,8.283,-1.082,0.109,-0.024,0.043,2026-05-02,00Z-ECE,GWUS
2026-05-06,9.731,0.38,0.111,-0.04,0.311,2026-05-02,00Z-ECE,GWUS
2026-05-07,10.661,1.423,,-0.329,0.01,2026-05-02,00Z-ECE,GWUS
2026-05-08,11.178,2.129,,-0.262,0.192,2026-05-02,00Z-ECE,GWUS
2026-05-09,10.091,1.084,,-0.091,0.43,2026-05-02,00Z-ECE,GWUS
2026-05-10,9.104,-0.006,,0.147,0.5,2026-05-02,00Z-ECE,GWUS
2026-05-11,8.22,-1.311,,0.092,-0.117,2026-05-02,00Z-ECE,GWUS
2026-05-12,7.72,-2.004,,-0.297,-0.542,2026-05-02,00Z-ECE,GWUS
2026-05-13,7.457,-1.779,,-0.678,-0.578,2026-05-02,00Z-ECE,GWUS
2026-05-14,7.392,-1.085,,-0.293,-0.224,2026-05-02,00Z-ECE,GWUS
2026-05-15,7.567,-0.988,,0.144,,2026-05-02,00Z-ECE,GWUS
2026-05-03,10.86,1.073,-0.068,-0.116,-0.304,2026-05-03,00Z-ECE,GWUS
2026-05-04,7.671,-1.82,-0.06,-0.137,-0.333,2026-05-03,00Z-ECE,GWUS
2026-05-05,8.442,-0.923,0.161,0.055,0.159,2026-05-03,00Z-ECE,GWUS
2026-05-06,9.984,0.634,0.225,0.243,0.254,2026-05-03,00Z-ECE,GWUS
2026-05-07,11.114,1.876,0.204,0.139,0.452,2026-05-03,00Z-ECE,GWUS
2026-05-08,10.828,1.779,,-0.345,-0.35,2026-05-03,00Z-ECE,GWUS
2026-05-09,10.064,1.058,,-0.056,-0.027,2026-05-03,00Z-ECE,GWUS
2026-05-10,9.504,0.394,,0.168,0.4,2026-05-03,00Z-ECE,GWUS
2026-05-11,8.728,-0.804,,0.404,0.508,2026-05-03,00Z-ECE,GWUS
2026-05-12,7.993,-1.731,,0.172,0.273,2026-05-03,00Z-ECE,GWUS
2026-05-13,7.549,-1.687,,-0.065,0.092,2026-05-03,00Z-ECE,GWUS
2026-05-14,7.488,-0.989,,0.094,0.096,2026-05-03,00Z-ECE,GWUS
2026-05-15,7.816,-0.739,,0.441,0.249,2026-05-03,00Z-ECE,GWUS
2026-05-16,7.931,-0.576,,0.24,,2026-05-03,00Z-ECE,GWUS
2026-05-04,7.566,-1.924,0.074,-0.079,-0.104,2026-05-04,00Z-ECE,GWUS
2026-05-05,8.515,-0.85,0.269,0.134,0.073,2026-05-04,00Z-ECE,GWUS
2026-05-06,10.001,0.651,0.226,-0.037,0.017,2026-05-04,00Z-ECE,GWUS
2026-05-07,10.826,1.588,0.129,-0.372,-0.288,2026-05-04,00Z-ECE,GWUS
2026-05-08,10.391,1.342,-0.081,-0.79,-0.437,2026-05-04,00Z-ECE,GWUS
2026-05-09,9.123,0.117,,-0.865,-0.941,2026-05-04,00Z-ECE,GWUS
2026-05-10,8.647,-0.463,,0.003,-0.857,2026-05-04,00Z-ECE,GWUS
2026-05-11,8.759,-0.772,,0.665,0.032,2026-05-04,00Z-ECE,GWUS
2026-05-12,9.608,-0.116,,1.098,1.615,2026-05-04,00Z-ECE,GWUS
2026-05-13,9.154,-0.081,,0.96,1.605,2026-05-04,00Z-ECE,GWUS
2026-05-14,7.863,-0.614,,0.045,0.375,2026-05-04,00Z-ECE,GWUS
2026-05-15,7.465,-1.089,,-0.217,-0.351,2026-05-04,00Z-ECE,GWUS
2026-05-16,7.528,-0.979,,-0.153,-0.403,2026-05-04,00Z-ECE,GWUS
2026-05-17,7.372,-1.345,,-0.179,,2026-05-04,00Z-ECE,GWUS
2026-05-05,8.099,-1.266,-0.135,-0.108,-0.416,2026-05-05,00Z-ECE,GWUS
2026-05-06,9.75,0.399,-0.231,-0.123,-0.252,2026-05-05,00Z-ECE,GWUS
2026-05-07,10.69,1.452,-0.322,-0.12,-0.136,2026-05-05,00Z-ECE,GWUS
2026-05-08,9.786,0.737,-0.452,-0.483,-0.606,2026-05-05,00Z-ECE,GWUS
2026-05-09,8.31,-0.696,-0.317,-0.554,-0.813,2026-05-05,00Z-ECE,GWUS
2026-05-10,8.074,-1.036,,-0.411,-0.573,2026-05-05,00Z-ECE,GWUS
2026-05-11,8.928,-0.603,,0.056,0.169,2026-05-05,00Z-ECE,GWUS
2026-05-12,9.601,-0.124,,-0.378,0.005,2026-05-05,00Z-ECE,GWUS
2026-05-13,8.496,-0.739,,-0.843,-0.658,2026-05-05,00Z-ECE,GWUS
2026-05-14,7.421,-1.057,,-0.639,-0.442,2026-05-05,00Z-ECE,GWUS
2026-05-15,7.091,-1.463,,-0.496,-0.374,2026-05-05,00Z-ECE,GWUS
2026-05-16,7.202,-1.305,,-0.098,-0.326,2026-05-05,00Z-ECE,GWUS
2026-05-17,7.38,-1.337,,0.186,0.008,2026-05-05,00Z-ECE,GWUS
2026-05-18,7.342,-1.53,,0.233,,2026-05-05,00Z-ECE,GWUS
2026-05-06,9.777,0.427,-0.1,-0.183,0.027,2026-05-06,00Z-ECE,GWUS
2026-05-07,10.344,1.106,-0.11,-0.34,-0.346,2026-05-06,00Z-ECE,GWUS
2026-05-08,9.4,0.351,-0.106,-0.315,-0.385,2026-05-06,00Z-ECE,GWUS
2026-05-09,7.885,-1.121,-0.21,-0.345,-0.425,2026-05-06,00Z-ECE,GWUS
2026-05-10,7.998,-1.112,-0.192,-0.207,-0.076,2026-05-06,00Z-ECE,GWUS
2026-05-11,9.257,-0.274,,-0.505,0.329,2026-05-06,00Z-ECE,GWUS
2026-05-12,9.888,0.164,,-0.201,0.304,2026-05-06,00Z-ECE,GWUS
2026-05-13,8.497,-0.738,,0.149,0.001,2026-05-06,00Z-ECE,GWUS
2026-05-14,7.668,-0.809,,0.805,0.247,2026-05-06,00Z-ECE,GWUS
2026-05-15,6.873,-1.681,,0.579,-0.218,2026-05-06,00Z-ECE,GWUS
2026-05-16,6.823,-1.684,,0.323,-0.373,2026-05-06,00Z-ECE,GWUS
2026-05-17,7.174,-1.543,,0.231,-0.206,2026-05-06,00Z-ECE,GWUS
2026-05-18,6.898,-1.973,,-0.152,-0.427,2026-05-06,00Z-ECE,GWUS
2026-05-19,6.784,-2.042,,-0.235,,2026-05-06,00Z-ECE,GWUS
2026-05-07,10.241,1.003,-0.183,-0.212,-0.103,2026-05-07,00Z-ECE,GWUS
2026-05-08,9.275,0.226,-0.112,-0.24,-0.126,2026-05-07,00Z-ECE,GWUS
2026-05-09,8.091,-0.915,-0.026,-0.035,0.205,2026-05-07,00Z-ECE,GWUS
2026-05-10,8.375,-0.735,0.074,-0.228,0.377,2026-05-07,00Z-ECE,GWUS
2026-05-11,10.022,0.491,0.207,-0.133,0.765,2026-05-07,00Z-ECE,GWUS
2026-05-12,10.408,0.683,,0.183,0.519,2026-05-07,00Z-ECE,GWUS
2026-05-13,9.333,0.097,,0.51,0.836,2026-05-07,00Z-ECE,GWUS
2026-05-14,8.424,-0.053,,0.356,0.756,2026-05-07,00Z-ECE,GWUS
2026-05-15,7.178,-1.376,,-0.05,0.305,2026-05-07,00Z-ECE,GWUS
2026-05-16,6.656,-1.851,,-0.181,-0.168,2026-05-07,00Z-ECE,GWUS
2026-05-17,6.876,-1.841,,-0.227,-0.298,2026-05-07,00Z-ECE,GWUS
2026-05-18,6.938,-1.933,,-0.151,0.031,2026-05-07,00Z-ECE,GWUS
2026-05-19,6.683,-2.143,,0.0,-0.101,2026-05-07,00Z-ECE,GWUS
2026-05-20,6.459,-2.087,,-0.242,,2026-05-07,00Z-ECE,GWUS
2026-05-08,9.029,-0.02,-0.167,-0.182,-0.245,2026-05-08,00Z-ECE,GWUS
2026-05-09,7.862,-1.144,-0.095,-0.31,-0.229,2026-05-08,00Z-ECE,GWUS
2026-05-10,8.256,-0.854,0.035,-0.194,-0.119,2026-05-08,00Z-ECE,GWUS
2026-05-11,9.92,0.389,-0.163,-0.215,-0.102,2026-05-08,00Z-ECE,GWUS
2026-05-12,9.904,0.179,-0.582,-0.478,-0.504,2026-05-08,00Z-ECE,GWUS
2026-05-13,9.109,-0.126,,-0.184,-0.224,2026-05-08,00Z-ECE,GWUS
2026-05-14,8.989,0.512,,0.327,0.572,2026-05-08,00Z-ECE,GWUS
2026-05-15,8.157,-0.397,,0.507,0.979,2026-05-08,00Z-ECE,GWUS
2026-05-16,7.215,-1.292,,0.195,0.559,2026-05-08,00Z-ECE,GWUS
2026-05-17,6.723,-1.993,,-0.026,-0.17,2026-05-08,00Z-ECE,GWUS
2026-05-18,6.352,-2.52,,-0.19,-0.586,2026-05-08,00Z-ECE,GWUS
2026-05-19,6.257,-2.569,,-0.185,-0.426,2026-05-08,00Z-ECE,GWUS
2026-05-20,6.524,-2.022,,-0.02,0.065,2026-05-08,00Z-ECE,GWUS
2026-05-21,6.678,-1.622,,0.056,,2026-05-08,00Z-ECE,GWUS
2026-05-09,7.799,-1.208,-0.054,-0.099,-0.064,2026-05-09,00Z-ECE,GWUS
2026-05-10,8.287,-0.823,0.098,0.009,0.031,2026-05-09,00Z-ECE,GWUS
2026-05-11,9.73,0.199,-0.109,-0.066,-0.19,2026-05-09,00Z-ECE,GWUS
2026-05-12,9.373,-0.352,-0.069,-0.154,-0.531,2026-05-09,00Z-ECE,GWUS
2026-05-13,8.393,-0.843,0.131,-0.175,-0.717,2026-05-09,00Z-ECE,GWUS
2026-05-14,8.354,-0.123,,-0.055,-0.644,2026-05-09,00Z-ECE,GWUS
2026-05-15,8.091,-0.464,,-0.008,-0.066,2026-05-09,00Z-ECE,GWUS
2026-05-16,7.23,-1.277,,0.04,0.015,2026-05-09,00Z-ECE,GWUS
2026-05-17,6.936,-1.781,,0.17,0.187,2026-05-09,00Z-ECE,GWUS
2026-05-18,6.641,-2.23,,0.071,0.289,2026-05-09,00Z-ECE,GWUS
2026-05-19,6.562,-2.264,,-0.2,0.305,2026-05-09,00Z-ECE,GWUS
2026-05-20,6.748,-1.798,,-0.069,0.224,2026-05-09,00Z-ECE,GWUS
2026-05-21,6.781,-1.518,,-0.015,0.103,2026-05-09,00Z-ECE,GWUS
2026-05-22,6.757,-1.513,,-0.14,,2026-05-09,00Z-ECE,GWUS
2026-05-10,8.308,-0.802,0.01,0.058,0.021,2026-05-10,00Z-ECE,GWUS
2026-05-11,9.115,-0.417,0.033,-0.235,-0.615,2026-05-10,00Z-ECE,GWUS
2026-05-12,8.863,-0.861,0.062,-0.151,-0.51,2026-05-10,00Z-ECE,GWUS
2026-05-13,7.747,-1.489,0.033,-0.213,-0.646,2026-05-10,00Z-ECE,GWUS
2026-05-14,8.232,-0.245,0.031,0.1,-0.122,2026-05-10,00Z-ECE,GWUS
2026-05-15,8.26,-0.294,,0.352,0.169,2026-05-10,00Z-ECE,GWUS
2026-05-16,7.221,-1.286,,0.287,-0.01,2026-05-10,00Z-ECE,GWUS
2026-05-17,7.0,-1.717,,0.305,0.064,2026-05-10,00Z-ECE,GWUS
2026-05-18,6.673,-2.199,,-0.084,0.032,2026-05-10,00Z-ECE,GWUS
2026-05-19,6.42,-2.407,,-0.268,-0.143,2026-05-10,00Z-ECE,GWUS
2026-05-20,6.479,-2.067,,-0.193,-0.269,2026-05-10,00Z-ECE,GWUS
2026-05-21,6.485,-1.815,,-0.204,-0.296,2026-05-10,00Z-ECE,GWUS
2026-05-22,6.425,-1.846,,-0.343,-0.333,2026-05-10,00Z-ECE,GWUS
2026-05-23,6.515,-1.638,,-0.295,,2026-05-10,00Z-ECE,GWUS
2026-05-11,9.022,-0.51,-0.134,-0.082,-0.093,2026-05-11,00Z-ECE,GWUS
2026-05-12,8.802,-0.923,-0.004,-0.035,-0.061,2026-05-11,00Z-ECE,GWUS
2026-05-13,7.772,-1.463,-0.019,-0.007,0.026,2026-05-11,00Z-ECE,GWUS
2026-05-14,8.358,-0.119,0.002,0.166,0.126,2026-05-11,00Z-ECE,GWUS
2026-05-15,8.127,-0.427,0.06,0.033,-0.133,2026-05-11,00Z-ECE,GWUS
2026-05-16,6.82,-1.687,,-0.138,-0.401,2026-05-11,00Z-ECE,GWUS
2026-05-17,6.847,-1.869,,0.049,-0.152,2026-05-11,00Z-ECE,GWUS
2026-05-18,6.938,-1.934,,0.101,0.264,2026-05-11,00Z-ECE,GWUS
2026-05-19,6.709,-2.117,,0.072,0.289,2026-05-11,00Z-ECE,GWUS
2026-05-20,6.654,-1.893,,-0.132,0.175,2026-05-11,00Z-ECE,GWUS
2026-05-21,6.618,-1.682,,-0.086,0.133,2026-05-11,00Z-ECE,GWUS
2026-05-22,6.347,-1.924,,-0.332,-0.078,2026-05-11,00Z-ECE,GWUS
2026-05-23,6.275,-1.878,,-0.35,-0.24,2026-05-11,00Z-ECE,GWUS
2026-05-24,6.211,-1.938,,-0.397,,2026-05-11,00Z-ECE,GWUS
2026-05-12,8.551,-1.173,-0.146,-0.18,-0.252,2026-05-12,00Z-ECE,GWUS
2026-05-13,7.578,-1.658,-0.149,-0.142,-0.195,2026-05-12,00Z-ECE,GWUS
2026-05-14,8.465,-0.012,-0.043,0.062,0.107,2026-05-12,00Z-ECE,GWUS
2026-05-15,8.277,-0.277,0.063,0.051,0.15,2026-05-12,00Z-ECE,GWUS
2026-05-16,6.84,-1.667,-0.038,-0.131,0.02,2026-05-12,00Z-ECE,GWUS
2026-05-17,6.771,-1.946,,-0.138,-0.076,2026-05-12,00Z-ECE,GWUS
2026-05-18,6.799,-2.073,,-0.06,-0.139,2026-05-12,00Z-ECE,GWUS
2026-05-19,6.513,-2.313,,-0.31,-0.195,2026-05-12,00Z-ECE,GWUS
2026-05-20,6.519,-2.028,,-0.107,-0.135,2026-05-12,00Z-ECE,GWUS
2026-05-21,6.556,-1.744,,0.19,-0.062,2026-05-12,00Z-ECE,GWUS
2026-05-22,6.431,-1.84,,0.263,0.084,2026-05-12,00Z-ECE,GWUS
2026-05-23,6.594,-1.559,,0.299,0.319,2026-05-12,00Z-ECE,GWUS
2026-05-24,6.64,-1.51,,0.409,0.429,2026-05-12,00Z-ECE,GWUS
2026-05-25,6.355,-1.839,,0.267,,2026-05-12,00Z-ECE,GWUS
2026-05-13,7.39,-1.845,-0.142,-0.05,-0.188,2026-05-13,00Z-ECE,GWUS
2026-05-14,8.449,-0.028,-0.009,0.074,-0.021,2026-05-13,00Z-ECE,GWUS
2026-05-15,8.225,-0.329,0.157,0.102,-0.052,2026-05-13,00Z-ECE,GWUS
2026-05-16,6.766,-1.741,0.161,0.124,-0.073,2026-05-13,00Z-ECE,GWUS
2026-05-17,6.563,-2.154,-0.044,-0.011,-0.21,2026-05-13,00Z-ECE,GWUS
2026-05-18,6.958,-1.914,,0.134,0.166,2026-05-13,00Z-ECE,GWUS
2026-05-19,6.844,-1.982,,0.212,0.338,2026-05-13,00Z-ECE,GWUS
2026-05-20,6.805,-1.742,,0.237,,2026-05-13,00Z-ECE,GWUS
2026-05-21,6.946,-1.354,,0.194,,2026-05-13,00Z-ECE,GWUS
2026-05-22,6.878,-1.393,,0.281,,2026-05-13,00Z-ECE,GWUS
2026-05-23,6.443,-1.71,,-0.054,,2026-05-13,00Z-ECE,GWUS
2026-05-24,6.088,-2.061,,-0.193,,2026-05-13,00Z-ECE,GWUS
2026-05-25,5.771,-2.423,,-0.351,,2026-05-13,00Z-ECE,GWUS
2026-05-26,5.668,-2.472,,-0.195,,2026-05-13,00Z-ECE,GWUS
2026-05-14,8.514,0.037,0.017,0.161,0.061,2026-05-14,00Z-ECE,GWUS
2026-05-15,8.218,-0.336,0.072,0.147,-0.007,2026-05-14,00Z-ECE,GWUS
2026-05-16,6.72,-1.787,0.005,0.016,-0.046,2026-05-14,00Z-ECE,GWUS
2026-05-17,6.605,-2.112,0.01,-0.118,0.042,2026-05-14,00Z-ECE,GWUS
2026-05-18,7.125,-1.747,0.01,-0.195,0.167,2026-05-14,00Z-ECE,GWUS
2026-05-19,7.259,-1.568,,0.324,0.415,2026-05-14,00Z-ECE,GWUS
2026-05-20,7.109,-1.437,,0.327,0.305,2026-05-14,00Z-ECE,GWUS
2026-05-21,7.089,-1.211,,0.035,0.141,2026-05-14,00Z-ECE,GWUS
2026-05-22,6.948,-1.322,,0.178,0.07,2026-05-14,00Z-ECE,GWUS
2026-05-23,6.409,-1.745,,0.131,-0.035,2026-05-14,00Z-ECE,GWUS
2026-05-24,6.014,-2.135,,0.076,-0.074,2026-05-14,00Z-ECE,GWUS
2026-05-25,5.717,-2.478,,-0.114,-0.062,2026-05-14,00Z-ECE,GWUS
2026-05-26,5.633,-2.507,,-0.048,-0.057,2026-05-14,00Z-ECE,GWUS
2026-05-27,5.74,-2.358,,0.177,,2026-05-14,00Z-ECE,GWUS
2026-05-15,8.126,-0.428,-0.022,-0.019,-0.092,2026-05-15,00Z-ECE,GWUS
2026-05-16,6.631,-1.876,-0.034,-0.017,-0.089,2026-05-15,00Z-ECE,GWUS
2026-05-17,6.798,-1.918,0.177,0.206,0.193,2026-05-15,00Z-ECE,GWUS
2026-05-18,7.421,-1.451,0.202,0.168,0.296,2026-05-15,00Z-ECE,GWUS
2026-05-19,7.278,-1.548,0.096,-0.015,0.019,2026-05-15,00Z-ECE,GWUS
2026-05-20,7.079,-1.467,,-0.098,-0.03,2026-05-15,00Z-ECE,GWUS
2026-05-21,7.237,-1.063,,0.114,0.148,2026-05-15,00Z-ECE,GWUS
2026-05-22,6.881,-1.39,,0.061,-0.067,2026-05-15,00Z-ECE,GWUS
2026-05-23,6.249,-1.904,,0.129,-0.159,2026-05-15,00Z-ECE,GWUS
2026-05-24,5.818,-2.331,,0.242,-0.196,2026-05-15,00Z-ECE,GWUS
2026-05-25,5.722,-2.472,,0.308,0.001,2026-05-15,00Z-ECE,GWUS
2026-05-26,5.893,-2.248,,0.34,0.259,2026-05-15,00Z-ECE,GWUS
2026-05-27,6.05,-2.048,,0.398,0.31,2026-05-15,00Z-ECE,GWUS
2026-05-28,5.943,-1.945,,0.267,,2026-05-15,00Z-ECE,GWUS
2026-05-16,6.655,-1.852,0.031,0.022,0.025,2026-05-16,00Z-ECE,GWUS
2026-05-17,6.749,-1.968,0.111,0.149,-0.049,2026-05-16,00Z-ECE,GWUS
2026-05-18,7.15,-1.722,0.034,-0.084,-0.271,2026-05-16,00Z-ECE,GWUS
2026-05-19,7.439,-1.388,0.124,0.035,0.161,2026-05-16,00Z-ECE,GWUS
2026-05-20,7.31,-1.237,0.026,0.056,0.23,2026-05-16,00Z-ECE,GWUS
2026-05-21,7.316,-0.984,,0.109,0.079,2026-05-16,00Z-ECE,GWUS
2026-05-22,7.049,-1.222,,0.108,0.168,2026-05-16,00Z-ECE,GWUS
2026-05-23,6.307,-1.846,,0.06,0.058,2026-05-16,00Z-ECE,GWUS
2026-05-24,5.792,-2.357,,0.061,-0.025,2026-05-16,00Z-ECE,GWUS
2026-05-25,5.559,-2.635,,0.024,-0.163,2026-05-16,00Z-ECE,GWUS
2026-05-26,5.397,-2.744,,-0.133,-0.496,2026-05-16,00Z-ECE,GWUS
2026-05-27,5.367,-2.731,,-0.151,-0.683,2026-05-16,00Z-ECE,GWUS
2026-05-28,5.458,-2.43,,0.01,-0.472,2026-05-16,00Z-ECE,GWUS
2026-05-29,5.419,-2.504,,-0.103,,2026-05-16,00Z-ECE,GWUS
2026-05-17,6.595,-2.122,-0.069,-0.175,-0.154,2026-05-17,00Z-ECE,GWUS
2026-05-18,6.971,-1.9,-0.1,-0.178,-0.179,2026-05-17,00Z-ECE,GWUS
2026-05-19,7.186,-1.64,-0.173,-0.24,-0.253,2026-05-17,00Z-ECE,GWUS
2026-05-20,7.136,-1.411,-0.222,-0.031,-0.174,2026-05-17,00Z-ECE,GWUS
2026-05-21,7.288,-1.012,-0.103,-0.033,-0.028,2026-05-17,00Z-ECE,GWUS
2026-05-22,6.805,-1.466,,-0.101,-0.244,2026-05-17,00Z-ECE,GWUS
2026-05-23,5.955,-2.198,,-0.135,-0.353,2026-05-17,00Z-ECE,GWUS
2026-05-24,5.434,-2.715,,-0.124,-0.358,2026-05-17,00Z-ECE,GWUS
2026-05-25,5.222,-2.973,,-0.172,-0.338,2026-05-17,00Z-ECE,GWUS
2026-05-26,5.172,-2.968,,-0.175,-0.225,2026-05-17,00Z-ECE,GWUS
2026-05-27,5.237,-2.862,,-0.166,-0.131,2026-05-17,00Z-ECE,GWUS
2026-05-28,5.397,-2.491,,-0.106,-0.06,2026-05-17,00Z-ECE,GWUS
2026-05-29,5.608,-2.315,,0.1,0.183,2026-05-17,00Z-ECE,GWUS
2026-05-30,5.646,-2.229,,0.028,,2026-05-17,00Z-ECE,GWUS
2026-05-18,7.204,-1.668,0.237,0.249,0.232,2026-05-18,00Z-ECE,GWUS
2026-05-19,7.551,-1.275,0.121,0.263,0.365,2026-05-18,00Z-ECE,GWUS
2026-05-20,7.195,-1.351,0.121,0.107,0.059,2026-05-18,00Z-ECE,GWUS
2026-05-21,7.078,-1.222,0.078,-0.003,-0.21,2026-05-18,00Z-ECE,GWUS
2026-05-22,6.741,-1.53,-0.1,0.067,-0.064,2026-05-18,00Z-ECE,GWUS
2026-05-23,6.055,-2.098,,0.024,0.1,2026-05-18,00Z-ECE,GWUS
2026-05-24,5.571,-2.578,,-0.055,0.137,2026-05-18,00Z-ECE,GWUS
2026-05-25,5.287,-2.908,,-0.004,0.065,2026-05-18,00Z-ECE,GWUS
2026-05-26,5.174,-2.966,,0.018,0.002,2026-05-18,00Z-ECE,GWUS
2026-05-27,5.181,-2.918,,-0.072,-0.056,2026-05-18,00Z-ECE,GWUS
2026-05-28,5.256,-2.632,,-0.039,-0.141,2026-05-18,00Z-ECE,GWUS
2026-05-29,5.45,-2.473,,0.083,-0.162,2026-05-18,00Z-ECE,GWUS
2026-05-30,5.449,-2.427,,0.032,-0.197,2026-05-18,00Z-ECE,GWUS
2026-05-31,5.491,-2.41,,0.101,,2026-05-18,00Z-ECE,GWUS
2026-05-19,7.437,-1.39,0.103,-0.109,-0.114,2026-05-19,00Z-ECE,GWUS
2026-05-20,7.252,-1.294,0.005,-0.001,0.057,2026-05-19,00Z-ECE,GWUS
2026-05-21,7.118,-1.182,0.0,0.077,0.04,2026-05-19,00Z-ECE,GWUS
2026-05-22,6.967,-1.304,0.108,0.268,0.226,2026-05-19,00Z-ECE,GWUS
2026-05-23,6.403,-1.75,0.024,0.264,0.348,2026-05-19,00Z-ECE,GWUS
2026-05-24,5.55,-2.599,,0.055,-0.021,2026-05-19,00Z-ECE,GWUS
2026-05-25,5.152,-3.042,,-0.093,-0.134,2026-05-19,00Z-ECE,GWUS
2026-05-26,5.039,-3.101,,-0.06,-0.135,2026-05-19,00Z-ECE,GWUS
2026-05-27,4.994,-3.105,,0.006,-0.187,2026-05-19,00Z-ECE,GWUS
2026-05-28,5.096,-2.792,,-0.064,-0.16,2026-05-19,00Z-ECE,GWUS
2026-05-29,5.161,-2.762,,-0.221,-0.289,2026-05-19,00Z-ECE,GWUS
2026-05-30,5.168,-2.707,,-0.302,-0.281,2026-05-19,00Z-ECE,GWUS
2026-05-31,5.288,-2.613,,-0.266,-0.203,2026-05-19,00Z-ECE,GWUS
2026-06-01,5.377,-2.614,,-0.202,,2026-05-19,00Z-ECE,GWUS
